{
  "type": "FeatureCollection",
  "features": [
    {
      "type": "Feature",
      "properties": {
        "creator": "BRouter-1.7.0",
        "name": "[Amtrak] Carl Sandburg",
        "track-length": "830668",
        "filtered ascend": "695",
        "plain-ascend": "11",
        "total-time": "66455",
        "total-energy": "36539387",
        "cost": "830668",
        "messages": [
          [
            "Longitude",
            "Latitude",
            "Elevation",
            "Distance",
            "CostPerKm",
            "ElevCost",
            "TurnCost",
            "NodeCost",
            "InitialCost",
            "WayTags",
            "NodeTags",
            "Time",
            "Energy"
          ],
          [
            "-87639039",
            "41878289",
            "-8192",
            "3",
            "1000",
            "0",
            "0",
            "0",
            "0",
            "railway=rail",
            "railway=unknown",
            "0",
            "131"
          ],
          [
            "-87638971",
            "41875498",
            "183",
            "310",
            "1000",
            "0",
            "0",
            "0",
            "0",
            "railway=rail",
            "railway=signal",
            "25",
            "14593"
          ],
          [
            "-87638960",
            "41875346",
            "183",
            "17",
            "1000",
            "0",
            "0",
            "0",
            "0",
            "railway=rail",
            "railway=switch",
            "26",
            "15349"
          ],
          [
            "-87638891",
            "41875045",
            "183",
            "34",
            "1000",
            "0",
            "0",
            "0",
            "0",
            "railway=rail",
            "railway=switch",
            "29",
            "16859"
          ],
          [
            "-87638763",
            "41874797",
            "183",
            "30",
            "1000",
            "0",
            "0",
            "0",
            "0",
            "railway=rail",
            "railway=signal",
            "31",
            "18187"
          ],
          [
            "-87638755",
            "41874781",
            "183",
            "2",
            "1000",
            "0",
            "0",
            "0",
            "0",
            "railway=rail",
            "railway=signal",
            "31",
            "18276"
          ],
          [
            "-87638632",
            "41874541",
            "183",
            "29",
            "1000",
            "0",
            "0",
            "0",
            "0",
            "railway=rail",
            "railway=switch",
            "34",
            "19558"
          ],
          [
            "-87638590",
            "41874392",
            "184",
            "17",
            "1000",
            "0",
            "0",
            "0",
            "0",
            "railway=rail",
            "railway=switch",
            "35",
            "20308"
          ],
          [
            "-87638455",
            "41873958",
            "184",
            "49",
            "1000",
            "0",
            "0",
            "0",
            "0",
            "railway=rail",
            "railway=signal",
            "39",
            "22470"
          ],
          [
            "-87638448",
            "41873929",
            "184",
            "3",
            "1000",
            "0",
            "0",
            "0",
            "0",
            "railway=rail",
            "railway=signal",
            "39",
            "22602"
          ],
          [
            "-87638381",
            "41873590",
            "184",
            "38",
            "1000",
            "0",
            "0",
            "0",
            "0",
            "railway=rail",
            "railway=switch",
            "42",
            "24276"
          ],
          [
            "-87638333",
            "41873478",
            "184",
            "13",
            "1000",
            "0",
            "0",
            "0",
            "0",
            "railway=rail",
            "railway=unknown",
            "43",
            "24849"
          ],
          [
            "-87638284",
            "41873365",
            "184",
            "13",
            "1000",
            "0",
            "0",
            "0",
            "0",
            "railway=rail",
            "railway=switch",
            "44",
            "25421"
          ],
          [
            "-87638238",
            "41873240",
            "184",
            "14",
            "1000",
            "0",
            "0",
            "0",
            "0",
            "railway=rail",
            "railway=unknown",
            "45",
            "26038"
          ],
          [
            "-87638191",
            "41873119",
            "184",
            "14",
            "1000",
            "0",
            "0",
            "0",
            "0",
            "railway=rail",
            "railway=switch",
            "46",
            "26654"
          ],
          [
            "-87638129",
            "41872672",
            "184",
            "50",
            "1000",
            "0",
            "0",
            "0",
            "0",
            "railway=rail",
            "railway=signal",
            "50",
            "28855"
          ],
          [
            "-87638128",
            "41872663",
            "184",
            "1",
            "1000",
            "0",
            "0",
            "0",
            "0",
            "railway=rail",
            "railway=signal",
            "50",
            "28899"
          ],
          [
            "-87637738",
            "41869949",
            "184",
            "304",
            "1000",
            "0",
            "0",
            "0",
            "0",
            "railway=rail",
            "railway=signal",
            "75",
            "43127"
          ],
          [
            "-87637689",
            "41869615",
            "182",
            "37",
            "1000",
            "0",
            "0",
            "0",
            "0",
            "railway=rail",
            "railway=signal",
            "78",
            "44081"
          ],
          [
            "-87637684",
            "41869566",
            "182",
            "5",
            "1000",
            "0",
            "0",
            "0",
            "0",
            "railway=rail",
            "railway=switch",
            "78",
            "44206"
          ],
          [
            "-87637624",
            "41869164",
            "179",
            "45",
            "1000",
            "0",
            "0",
            "0",
            "0",
            "railway=rail",
            "railway=switch",
            "82",
            "45754"
          ],
          [
            "-87637578",
            "41868847",
            "179",
            "35",
            "1000",
            "0",
            "0",
            "0",
            "0",
            "railway=rail",
            "railway=switch",
            "85",
            "47069"
          ],
          [
            "-87637533",
            "41868534",
            "179",
            "35",
            "1000",
            "0",
            "0",
            "0",
            "0",
            "railway=rail",
            "railway=switch",
            "87",
            "48451"
          ],
          [
            "-87637375",
            "41867475",
            "179",
            "118",
            "1000",
            "0",
            "0",
            "0",
            "0",
            "railway=rail",
            "railway=signal",
            "97",
            "53381"
          ],
          [
            "-87637307",
            "41866998",
            "179",
            "53",
            "1000",
            "0",
            "0",
            "0",
            "0",
            "railway=rail",
            "railway=signal",
            "101",
            "55483"
          ],
          [
            "-87637020",
            "41863706",
            "180",
            "367",
            "1000",
            "0",
            "0",
            "0",
            "0",
            "railway=rail",
            "railway=unknown",
            "130",
            "69632"
          ],
          [
            "-87636981",
            "41862144",
            "181",
            "174",
            "1000",
            "0",
            "0",
            "0",
            "0",
            "railway=rail",
            "railway=signal",
            "144",
            "77748"
          ],
          [
            "-87636977",
            "41862049",
            "180",
            "11",
            "1000",
            "0",
            "0",
            "0",
            "0",
            "railway=rail",
            "railway=switch",
            "145",
            "78220"
          ],
          [
            "-87637053",
            "41861387",
            "180",
            "74",
            "1000",
            "0",
            "0",
            "0",
            "0",
            "railway=rail",
            "railway=signal",
            "151",
            "81102"
          ],
          [
            "-87638236",
            "41860357",
            "181",
            "156",
            "1000",
            "0",
            "0",
            "0",
            "0",
            "railway=rail",
            "railway=signal",
            "164",
            "88003"
          ],
          [
            "-87639170",
            "41860261",
            "180",
            "79",
            "1000",
            "0",
            "0",
            "0",
            "0",
            "railway=rail",
            "railway=switch",
            "170",
            "91681"
          ],
          [
            "-87640105",
            "41860296",
            "181",
            "78",
            "1000",
            "0",
            "0",
            "0",
            "0",
            "railway=rail",
            "railway=switch",
            "176",
            "95242"
          ],
          [
            "-87641758",
            "41860364",
            "180",
            "137",
            "1000",
            "0",
            "0",
            "0",
            "0",
            "railway=rail",
            "railway=signal",
            "187",
            "101186"
          ],
          [
            "-87643044",
            "41860407",
            "182",
            "107",
            "1000",
            "0",
            "0",
            "0",
            "0",
            "railway=rail",
            "railway=switch",
            "196",
            "106599"
          ],
          [
            "-87643182",
            "41860409",
            "182",
            "11",
            "1000",
            "0",
            "0",
            "0",
            "0",
            "railway=rail",
            "railway=switch",
            "197",
            "107122"
          ],
          [
            "-87647253",
            "41860336",
            "183",
            "275",
            "1000",
            "0",
            "0",
            "0",
            "0",
            "railway=rail",
            "",
            "219",
            "121099"
          ],
          [
            "-87647253",
            "41860336",
            "183",
            "63",
            "1000",
            "0",
            "0",
            "0",
            "0",
            "railway=rail",
            "railway=signal",
            "5",
            "2564"
          ],
          [
            "-87648970",
            "41860303",
            "183",
            "143",
            "1000",
            "0",
            "0",
            "0",
            "0",
            "railway=rail",
            "railway=switch",
            "16",
            "8843"
          ],
          [
            "-87654417",
            "41860274",
            "185",
            "452",
            "1000",
            "0",
            "0",
            "0",
            "0",
            "railway=rail",
            "railway=switch",
            "52",
            "30425"
          ],
          [
            "-87654648",
            "41860263",
            "185",
            "19",
            "1000",
            "0",
            "0",
            "0",
            "0",
            "railway=rail",
            "railway=switch",
            "54",
            "31233"
          ],
          [
            "-87656032",
            "41860158",
            "183",
            "116",
            "1000",
            "0",
            "0",
            "0",
            "0",
            "railway=rail",
            "railway=switch",
            "63",
            "35033"
          ],
          [
            "-87656477",
            "41860138",
            "184",
            "37",
            "1000",
            "0",
            "0",
            "0",
            "0",
            "reversedirection=yes railway=rail",
            "railway=unknown",
            "66",
            "36733"
          ],
          [
            "-87657017",
            "41860115",
            "185",
            "45",
            "1000",
            "0",
            "0",
            "0",
            "0",
            "reversedirection=yes railway=rail",
            "railway=signal",
            "69",
            "39351"
          ],
          [
            "-87671570",
            "41859889",
            "186",
            "1209",
            "1000",
            "0",
            "0",
            "0",
            "0",
            "reversedirection=yes railway=rail",
            "railway=unknown",
            "166",
            "94292"
          ],
          [
            "-87688967",
            "41856688",
            "186",
            "1500",
            "1000",
            "0",
            "0",
            "0",
            "0",
            "reversedirection=yes railway=rail",
            "railway=unknown",
            "286",
            "158763"
          ],
          [
            "-87690507",
            "41856343",
            "184",
            "134",
            "1000",
            "0",
            "0",
            "0",
            "0",
            "reversedirection=yes railway=rail",
            "railway=switch",
            "297",
            "164319"
          ],
          [
            "-87691521",
            "41856114",
            "183",
            "88",
            "1000",
            "0",
            "0",
            "0",
            "0",
            "reversedirection=yes railway=rail",
            "railway=switch",
            "304",
            "167473"
          ],
          [
            "-87691865",
            "41856036",
            "182",
            "30",
            "1000",
            "0",
            "0",
            "0",
            "0",
            "reversedirection=yes railway=rail",
            "railway=switch",
            "306",
            "168604"
          ],
          [
            "-87704242",
            "41853265",
            "184",
            "1072",
            "1000",
            "0",
            "0",
            "0",
            "0",
            "reversedirection=yes railway=rail",
            "railway=switch",
            "392",
            "216733"
          ],
          [
            "-87704993",
            "41853135",
            "183",
            "64",
            "1000",
            "0",
            "0",
            "0",
            "0",
            "reversedirection=yes railway=rail",
            "railway=switch",
            "397",
            "219249"
          ],
          [
            "-87705941",
            "41852925",
            "183",
            "82",
            "1000",
            "0",
            "0",
            "0",
            "0",
            "reversedirection=yes railway=rail",
            "railway=switch",
            "404",
            "222356"
          ],
          [
            "-87707809",
            "41852507",
            "182",
            "162",
            "1000",
            "0",
            "0",
            "0",
            "0",
            "reversedirection=yes railway=rail",
            "railway=unknown",
            "417",
            "229615"
          ],
          [
            "-87726265",
            "41848381",
            "185",
            "1597",
            "1000",
            "0",
            "0",
            "0",
            "0",
            "reversedirection=yes railway=rail",
            "railway=unknown",
            "545",
            "300787"
          ],
          [
            "-87734164",
            "41846610",
            "184",
            "685",
            "1000",
            "0",
            "0",
            "0",
            "0",
            "reversedirection=yes railway=rail",
            "railway=switch",
            "599",
            "330252"
          ],
          [
            "-87735812",
            "41846240",
            "185",
            "143",
            "1000",
            "0",
            "0",
            "0",
            "0",
            "reversedirection=yes railway=rail",
            "railway=switch",
            "611",
            "337542"
          ],
          [
            "-87735961",
            "41846206",
            "185",
            "13",
            "1000",
            "0",
            "0",
            "0",
            "0",
            "reversedirection=yes railway=rail",
            "railway=switch",
            "612",
            "338125"
          ],
          [
            "-87736889",
            "41845999",
            "184",
            "80",
            "1000",
            "0",
            "0",
            "0",
            "0",
            "reversedirection=yes railway=rail",
            "railway=switch",
            "618",
            "341082"
          ],
          [
            "-87738222",
            "41845738",
            "186",
            "114",
            "1000",
            "0",
            "0",
            "0",
            "0",
            "reversedirection=yes railway=rail",
            "railway=switch",
            "627",
            "346985"
          ],
          [
            "-87738359",
            "41845708",
            "186",
            "12",
            "1000",
            "0",
            "0",
            "0",
            "0",
            "reversedirection=yes railway=rail",
            "railway=switch",
            "628",
            "347585"
          ],
          [
            "-87745004",
            "41844263",
            "183",
            "574",
            "1000",
            "0",
            "0",
            "0",
            "0",
            "reversedirection=yes railway=rail",
            "railway=unknown",
            "674",
            "370447"
          ],
          [
            "-87746366",
            "41844072",
            "183",
            "80",
            "1000",
            "0",
            "0",
            "0",
            "0",
            "reversedirection=yes railway=rail",
            "",
            "681",
            "374275"
          ],
          [
            "-87748491",
            "41843867",
            "184",
            "213",
            "1000",
            "0",
            "0",
            "0",
            "0",
            "reversedirection=yes railway=rail",
            "railway=signal",
            "17",
            "10051"
          ],
          [
            "-87750592",
            "41843670",
            "184",
            "175",
            "1000",
            "0",
            "0",
            "0",
            "0",
            "reversedirection=yes railway=rail",
            "railway=switch",
            "31",
            "17836"
          ],
          [
            "-87750734",
            "41843656",
            "184",
            "12",
            "1000",
            "0",
            "0",
            "0",
            "0",
            "reversedirection=yes railway=rail",
            "railway=switch",
            "32",
            "18377"
          ],
          [
            "-87754118",
            "41843321",
            "185",
            "283",
            "1000",
            "0",
            "0",
            "0",
            "0",
            "reversedirection=yes railway=rail",
            "railway=signal",
            "54",
            "31331"
          ],
          [
            "-87765252",
            "41840936",
            "185",
            "961",
            "1000",
            "0",
            "0",
            "0",
            "0",
            "reversedirection=yes railway=rail",
            "railway=signal",
            "131",
            "74077"
          ],
          [
            "-87765592",
            "41840845",
            "185",
            "30",
            "1000",
            "0",
            "0",
            "0",
            "0",
            "reversedirection=yes railway=rail",
            "railway=unknown",
            "133",
            "75396"
          ],
          [
            "-87779173",
            "41836578",
            "186",
            "1226",
            "1000",
            "0",
            "0",
            "0",
            "0",
            "reversedirection=yes railway=rail",
            "railway=switch",
            "232",
            "129988"
          ],
          [
            "-87782078",
            "41835878",
            "186",
            "254",
            "1000",
            "0",
            "0",
            "0",
            "0",
            "reversedirection=yes railway=rail",
            "railway=unknown",
            "252",
            "141361"
          ],
          [
            "-87783130",
            "41835639",
            "186",
            "91",
            "1000",
            "0",
            "0",
            "0",
            "0",
            "reversedirection=yes railway=rail",
            "railway=level_crossing",
            "259",
            "145242"
          ],
          [
            "-87783258",
            "41835611",
            "186",
            "11",
            "1000",
            "0",
            "0",
            "0",
            "0",
            "reversedirection=yes railway=rail",
            "railway=crossing",
            "260",
            "145717"
          ],
          [
            "-87784918",
            "41835238",
            "185",
            "144",
            "1000",
            "0",
            "0",
            "0",
            "0",
            "reversedirection=yes railway=rail",
            "railway=switch",
            "272",
            "151826"
          ],
          [
            "-87786075",
            "41834975",
            "186",
            "100",
            "1000",
            "0",
            "0",
            "0",
            "0",
            "reversedirection=yes railway=rail",
            "railway=switch",
            "280",
            "156739"
          ],
          [
            "-87787519",
            "41834689",
            "185",
            "124",
            "1000",
            "0",
            "0",
            "0",
            "0",
            "reversedirection=yes railway=rail",
            "railway=switch",
            "289",
            "161621"
          ],
          [
            "-87787709",
            "41834646",
            "185",
            "16",
            "1000",
            "0",
            "0",
            "0",
            "0",
            "railway=rail",
            "railway=signal",
            "291",
            "162323"
          ],
          [
            "-87787892",
            "41834604",
            "185",
            "16",
            "1000",
            "0",
            "0",
            "0",
            "0",
            "railway=rail",
            "railway=crossing",
            "292",
            "163026"
          ],
          [
            "-87787973",
            "41834586",
            "186",
            "7",
            "1000",
            "0",
            "0",
            "0",
            "0",
            "railway=rail",
            "railway=level_crossing",
            "293",
            "163348"
          ],
          [
            "-87788105",
            "41834557",
            "186",
            "11",
            "1000",
            "0",
            "0",
            "0",
            "0",
            "railway=rail",
            "railway=crossing",
            "293",
            "163852"
          ],
          [
            "-87788462",
            "41834481",
            "186",
            "31",
            "1000",
            "0",
            "0",
            "0",
            "0",
            "railway=rail",
            "railway=switch",
            "296",
            "165381"
          ],
          [
            "-87790066",
            "41834080",
            "186",
            "140",
            "1000",
            "0",
            "0",
            "0",
            "0",
            "reversedirection=yes railway=rail",
            "railway=switch",
            "307",
            "171548"
          ],
          [
            "-87790620",
            "41833958",
            "187",
            "48",
            "1000",
            "0",
            "0",
            "0",
            "0",
            "reversedirection=yes railway=rail",
            "railway=switch",
            "311",
            "173997"
          ],
          [
            "-87792732",
            "41833483",
            "187",
            "183",
            "1000",
            "0",
            "0",
            "0",
            "0",
            "reversedirection=yes railway=rail",
            "railway=crossing",
            "326",
            "182692"
          ],
          [
            "-87792840",
            "41833459",
            "187",
            "9",
            "1000",
            "0",
            "0",
            "0",
            "0",
            "reversedirection=yes railway=rail",
            "railway=level_crossing",
            "326",
            "183098"
          ],
          [
            "-87792939",
            "41833436",
            "187",
            "9",
            "1000",
            "0",
            "0",
            "0",
            "0",
            "reversedirection=yes railway=rail",
            "railway=crossing",
            "327",
            "183504"
          ],
          [
            "-87793950",
            "41833206",
            "187",
            "87",
            "1000",
            "0",
            "0",
            "0",
            "0",
            "reversedirection=yes railway=rail",
            "railway=crossing",
            "334",
            "187262"
          ],
          [
            "-87794036",
            "41833187",
            "187",
            "7",
            "1000",
            "0",
            "0",
            "0",
            "0",
            "reversedirection=yes railway=rail",
            "railway=level_crossing",
            "335",
            "187567"
          ],
          [
            "-87794159",
            "41833160",
            "187",
            "11",
            "1000",
            "0",
            "0",
            "0",
            "0",
            "reversedirection=yes railway=rail",
            "railway=crossing",
            "335",
            "188046"
          ],
          [
            "-87797546",
            "41832403",
            "186",
            "294",
            "1000",
            "0",
            "0",
            "0",
            "0",
            "reversedirection=yes railway=rail",
            "railway=crossing",
            "359",
            "200311"
          ],
          [
            "-87797644",
            "41832381",
            "186",
            "8",
            "1000",
            "0",
            "0",
            "0",
            "0",
            "reversedirection=yes railway=rail",
            "railway=level_crossing",
            "360",
            "200660"
          ],
          [
            "-87797750",
            "41832360",
            "186",
            "9",
            "1000",
            "0",
            "0",
            "0",
            "0",
            "reversedirection=yes railway=rail",
            "railway=crossing",
            "360",
            "201072"
          ],
          [
            "-87800093",
            "41831833",
            "188",
            "203",
            "1000",
            "0",
            "0",
            "0",
            "0",
            "reversedirection=yes railway=rail",
            "railway=unknown",
            "377",
            "211299"
          ],
          [
            "-87802809",
            "41831223",
            "187",
            "149",
            "1000",
            "0",
            "0",
            "0",
            "0",
            "reversedirection=yes railway=rail",
            "",
            "388",
            "217492"
          ],
          [
            "-87802809",
            "41831223",
            "187",
            "86",
            "1000",
            "0",
            "0",
            "0",
            "0",
            "reversedirection=yes railway=rail",
            "railway=crossing",
            "6",
            "3655"
          ],
          [
            "-87802938",
            "41831193",
            "187",
            "11",
            "1000",
            "0",
            "0",
            "0",
            "0",
            "reversedirection=yes railway=rail",
            "railway=level_crossing",
            "7",
            "4129"
          ],
          [
            "-87803076",
            "41831162",
            "187",
            "12",
            "1000",
            "0",
            "0",
            "0",
            "0",
            "reversedirection=yes railway=rail",
            "railway=crossing",
            "8",
            "4647"
          ],
          [
            "-87805764",
            "41830557",
            "187",
            "233",
            "1000",
            "0",
            "0",
            "0",
            "0",
            "reversedirection=yes railway=rail",
            "railway=crossing",
            "27",
            "15427"
          ],
          [
            "-87805862",
            "41830535",
            "188",
            "8",
            "1000",
            "0",
            "0",
            "0",
            "0",
            "reversedirection=yes railway=rail",
            "railway=level_crossing",
            "28",
            "15800"
          ],
          [
            "-87805957",
            "41830514",
            "188",
            "8",
            "1000",
            "0",
            "0",
            "0",
            "0",
            "reversedirection=yes railway=rail",
            "railway=crossing",
            "28",
            "16172"
          ],
          [
            "-87809385",
            "41829742",
            "189",
            "297",
            "1000",
            "0",
            "0",
            "0",
            "0",
            "reversedirection=yes railway=rail",
            "railway=crossing",
            "52",
            "30507"
          ],
          [
            "-87814014",
            "41828699",
            "190",
            "402",
            "1000",
            "0",
            "0",
            "0",
            "0",
            "reversedirection=yes railway=rail",
            "railway=crossing",
            "84",
            "49340"
          ],
          [
            "-87814101",
            "41828680",
            "190",
            "8",
            "1000",
            "0",
            "0",
            "0",
            "0",
            "reversedirection=yes railway=rail",
            "railway=level_crossing",
            "85",
            "49694"
          ],
          [
            "-87814194",
            "41828659",
            "190",
            "8",
            "1000",
            "0",
            "0",
            "0",
            "0",
            "reversedirection=yes railway=rail",
            "railway=crossing",
            "85",
            "50047"
          ],
          [
            "-87819323",
            "41827509",
            "190",
            "445",
            "1000",
            "0",
            "0",
            "0",
            "0",
            "reversedirection=yes railway=rail",
            "railway=unknown",
            "121",
            "69626"
          ],
          [
            "-87819361",
            "41827500",
            "190",
            "3",
            "1000",
            "0",
            "0",
            "0",
            "0",
            "reversedirection=yes railway=rail",
            "railway=crossing",
            "121",
            "69758"
          ],
          [
            "-87819474",
            "41827475",
            "191",
            "10",
            "1000",
            "0",
            "0",
            "0",
            "0",
            "reversedirection=yes railway=rail",
            "railway=level_crossing",
            "122",
            "70241"
          ],
          [
            "-87819595",
            "41827448",
            "191",
            "10",
            "1000",
            "0",
            "0",
            "0",
            "0",
            "reversedirection=yes railway=rail",
            "railway=crossing",
            "123",
            "70741"
          ],
          [
            "-87827798",
            "41825606",
            "193",
            "712",
            "1000",
            "0",
            "0",
            "0",
            "0",
            "reversedirection=yes railway=rail",
            "railway=signal",
            "180",
            "104304"
          ],
          [
            "-87834254",
            "41824149",
            "190",
            "560",
            "1000",
            "0",
            "0",
            "0",
            "0",
            "reversedirection=yes railway=rail",
            "railway=crossing",
            "225",
            "126181"
          ],
          [
            "-87834346",
            "41824128",
            "190",
            "8",
            "1000",
            "0",
            "0",
            "0",
            "0",
            "reversedirection=yes railway=rail",
            "railway=level_crossing",
            "225",
            "126548"
          ],
          [
            "-87834431",
            "41824109",
            "190",
            "7",
            "1000",
            "0",
            "0",
            "0",
            "0",
            "reversedirection=yes railway=rail",
            "railway=crossing",
            "226",
            "126869"
          ],
          [
            "-87837805",
            "41823353",
            "190",
            "293",
            "1000",
            "0",
            "0",
            "0",
            "0",
            "reversedirection=yes railway=rail",
            "railway=unknown",
            "249",
            "139917"
          ],
          [
            "-87843871",
            "41821993",
            "190",
            "526",
            "1000",
            "0",
            "0",
            "0",
            "0",
            "reversedirection=yes railway=rail",
            "railway=crossing",
            "291",
            "162952"
          ],
          [
            "-87843969",
            "41821970",
            "190",
            "9",
            "1000",
            "0",
            "0",
            "0",
            "0",
            "reversedirection=yes railway=rail",
            "railway=level_crossing",
            "292",
            "163338"
          ],
          [
            "-87844072",
            "41821946",
            "190",
            "9",
            "1000",
            "0",
            "0",
            "0",
            "0",
            "reversedirection=yes railway=rail",
            "railway=crossing",
            "293",
            "163725"
          ],
          [
            "-87846237",
            "41821458",
            "189",
            "188",
            "1000",
            "0",
            "0",
            "0",
            "0",
            "reversedirection=yes railway=rail",
            "railway=switch",
            "308",
            "171730"
          ],
          [
            "-87846765",
            "41821340",
            "190",
            "46",
            "1000",
            "0",
            "0",
            "0",
            "0",
            "reversedirection=yes railway=rail",
            "railway=switch",
            "311",
            "173980"
          ],
          [
            "-87850520",
            "41820497",
            "191",
            "325",
            "1000",
            "0",
            "0",
            "0",
            "0",
            "reversedirection=yes railway=rail",
            "railway=switch",
            "337",
            "189756"
          ],
          [
            "-87851114",
            "41820363",
            "193",
            "52",
            "1000",
            "0",
            "0",
            "0",
            "0",
            "reversedirection=yes railway=rail",
            "railway=crossing",
            "342",
            "192495"
          ],
          [
            "-87851253",
            "41820332",
            "193",
            "12",
            "1000",
            "0",
            "0",
            "0",
            "0",
            "reversedirection=yes railway=rail",
            "railway=level_crossing",
            "343",
            "193147"
          ],
          [
            "-87851395",
            "41820300",
            "194",
            "12",
            "1000",
            "0",
            "0",
            "0",
            "0",
            "reversedirection=yes railway=rail",
            "railway=crossing",
            "344",
            "193836"
          ],
          [
            "-87852105",
            "41820140",
            "194",
            "62",
            "1000",
            "0",
            "0",
            "0",
            "0",
            "reversedirection=yes railway=rail",
            "railway=switch",
            "348",
            "197145"
          ],
          [
            "-87856279",
            "41819197",
            "193",
            "362",
            "1000",
            "0",
            "0",
            "0",
            "0",
            "reversedirection=yes railway=rail",
            "railway=unknown",
            "377",
            "213083"
          ],
          [
            "-87869554",
            "41816215",
            "198",
            "1151",
            "1000",
            "0",
            "0",
            "0",
            "0",
            "reversedirection=yes railway=rail",
            "railway=crossing",
            "470",
            "265202"
          ],
          [
            "-87869711",
            "41816180",
            "198",
            "14",
            "1000",
            "0",
            "0",
            "0",
            "0",
            "reversedirection=yes railway=rail",
            "railway=level_crossing",
            "471",
            "265825"
          ],
          [
            "-87869854",
            "41816149",
            "198",
            "12",
            "1000",
            "0",
            "0",
            "0",
            "0",
            "reversedirection=yes railway=rail",
            "railway=crossing",
            "472",
            "266383"
          ],
          [
            "-87872222",
            "41815616",
            "197",
            "205",
            "1000",
            "0",
            "0",
            "0",
            "0",
            "reversedirection=yes railway=rail",
            "railway=crossing",
            "488",
            "277529"
          ],
          [
            "-87872340",
            "41815590",
            "197",
            "10",
            "1000",
            "0",
            "0",
            "0",
            "0",
            "reversedirection=yes railway=rail",
            "railway=level_crossing",
            "489",
            "277999"
          ],
          [
            "-87872434",
            "41815569",
            "197",
            "8",
            "1000",
            "0",
            "0",
            "0",
            "0",
            "reversedirection=yes railway=rail",
            "railway=crossing",
            "489",
            "278373"
          ],
          [
            "-87874346",
            "41815136",
            "198",
            "166",
            "1000",
            "0",
            "0",
            "0",
            "0",
            "reversedirection=yes railway=rail",
            "railway=unknown",
            "503",
            "286245"
          ],
          [
            "-87874534",
            "41815094",
            "198",
            "16",
            "1000",
            "0",
            "0",
            "0",
            "0",
            "reversedirection=yes railway=rail",
            "railway=crossing",
            "504",
            "286936"
          ],
          [
            "-87874627",
            "41815073",
            "198",
            "8",
            "1000",
            "0",
            "0",
            "0",
            "0",
            "reversedirection=yes railway=rail",
            "railway=level_crossing",
            "505",
            "287282"
          ],
          [
            "-87874734",
            "41815049",
            "198",
            "9",
            "1000",
            "0",
            "0",
            "0",
            "0",
            "reversedirection=yes railway=rail",
            "railway=crossing",
            "505",
            "287672"
          ],
          [
            "-87879451",
            "41813987",
            "198",
            "409",
            "1000",
            "0",
            "0",
            "0",
            "0",
            "reversedirection=yes railway=rail",
            "railway=crossing",
            "538",
            "305600"
          ],
          [
            "-87879562",
            "41813963",
            "198",
            "10",
            "1000",
            "0",
            "0",
            "0",
            "0",
            "reversedirection=yes railway=rail",
            "railway=level_crossing",
            "539",
            "306040"
          ],
          [
            "-87879663",
            "41813940",
            "198",
            "9",
            "1000",
            "0",
            "0",
            "0",
            "0",
            "reversedirection=yes railway=rail",
            "railway=crossing",
            "540",
            "306455"
          ],
          [
            "-87889008",
            "41811834",
            "202",
            "811",
            "1000",
            "0",
            "0",
            "0",
            "0",
            "reversedirection=yes railway=rail",
            "railway=crossing",
            "604",
            "343416"
          ],
          [
            "-87889107",
            "41811812",
            "202",
            "9",
            "1000",
            "0",
            "0",
            "0",
            "0",
            "reversedirection=yes railway=rail",
            "railway=level_crossing",
            "605",
            "344003"
          ],
          [
            "-87889221",
            "41811786",
            "202",
            "10",
            "1000",
            "0",
            "0",
            "0",
            "0",
            "reversedirection=yes railway=rail",
            "railway=crossing",
            "606",
            "344636"
          ],
          [
            "-87893130",
            "41810904",
            "201",
            "339",
            "1000",
            "0",
            "0",
            "0",
            "0",
            "reversedirection=yes railway=rail",
            "railway=unknown",
            "633",
            "360601"
          ],
          [
            "-87898549",
            "41809684",
            "207",
            "470",
            "1000",
            "0",
            "0",
            "0",
            "0",
            "reversedirection=yes railway=rail",
            "railway=crossing",
            "671",
            "384020"
          ],
          [
            "-87898661",
            "41809659",
            "207",
            "10",
            "1000",
            "0",
            "0",
            "0",
            "0",
            "reversedirection=yes railway=rail",
            "railway=level_crossing",
            "671",
            "384462"
          ],
          [
            "-87898784",
            "41809631",
            "207",
            "11",
            "1000",
            "0",
            "0",
            "0",
            "0",
            "reversedirection=yes railway=rail",
            "railway=crossing",
            "672",
            "384971"
          ],
          [
            "-87900400",
            "41809265",
            "206",
            "140",
            "1000",
            "0",
            "0",
            "0",
            "0",
            "reversedirection=yes railway=rail",
            "railway=crossing",
            "684",
            "392458"
          ],
          [
            "-87900501",
            "41809242",
            "206",
            "9",
            "1000",
            "0",
            "0",
            "0",
            "0",
            "reversedirection=yes railway=rail",
            "railway=level_crossing",
            "684",
            "392891"
          ],
          [
            "-87900606",
            "41809218",
            "206",
            "9",
            "1000",
            "0",
            "0",
            "0",
            "0",
            "reversedirection=yes railway=rail",
            "railway=crossing",
            "685",
            "393302"
          ],
          [
            "-87901802",
            "41808948",
            "205",
            "104",
            "1000",
            "0",
            "0",
            "0",
            "0",
            "reversedirection=yes railway=rail",
            "railway=crossing",
            "693",
            "397553"
          ],
          [
            "-87901905",
            "41808925",
            "205",
            "9",
            "1000",
            "0",
            "0",
            "0",
            "0",
            "reversedirection=yes railway=rail",
            "railway=level_crossing",
            "694",
            "397933"
          ],
          [
            "-87902009",
            "41808901",
            "205",
            "9",
            "1000",
            "0",
            "0",
            "0",
            "0",
            "reversedirection=yes railway=rail",
            "railway=crossing",
            "695",
            "398296"
          ],
          [
            "-87911954",
            "41806659",
            "208",
            "863",
            "1000",
            "0",
            "0",
            "0",
            "0",
            "reversedirection=yes railway=rail",
            "railway=unknown",
            "764",
            "433258"
          ],
          [
            "-87918690",
            "41805140",
            "209",
            "584",
            "1000",
            "0",
            "0",
            "0",
            "0",
            "reversedirection=yes railway=rail",
            "railway=crossing",
            "811",
            "462460"
          ],
          [
            "-87919402",
            "41804979",
            "211",
            "62",
            "1000",
            "0",
            "0",
            "0",
            "0",
            "reversedirection=yes railway=rail",
            "railway=signal",
            "815",
            "466011"
          ],
          [
            "-87921237",
            "41804565",
            "215",
            "159",
            "1000",
            "0",
            "0",
            "0",
            "0",
            "reversedirection=yes railway=rail",
            "railway=switch",
            "828",
            "476359"
          ],
          [
            "-87922641",
            "41804247",
            "214",
            "122",
            "1000",
            "0",
            "0",
            "0",
            "0",
            "reversedirection=yes railway=rail",
            "railway=switch",
            "838",
            "482370"
          ],
          [
            "-87924591",
            "41803808",
            "213",
            "169",
            "1000",
            "0",
            "0",
            "0",
            "0",
            "reversedirection=yes railway=rail",
            "railway=signal",
            "851",
            "491464"
          ],
          [
            "-87924967",
            "41803723",
            "213",
            "33",
            "1000",
            "0",
            "0",
            "0",
            "0",
            "reversedirection=yes railway=rail",
            "railway=crossing",
            "854",
            "492897"
          ],
          [
            "-87927123",
            "41803231",
            "213",
            "187",
            "1000",
            "0",
            "0",
            "0",
            "0",
            "reversedirection=yes railway=rail",
            "railway=crossing",
            "869",
            "500895"
          ],
          [
            "-87927239",
            "41803204",
            "213",
            "10",
            "1000",
            "0",
            "0",
            "0",
            "0",
            "reversedirection=yes railway=rail",
            "railway=level_crossing",
            "870",
            "501352"
          ],
          [
            "-87927363",
            "41803177",
            "213",
            "11",
            "1000",
            "0",
            "0",
            "0",
            "0",
            "reversedirection=yes railway=rail",
            "railway=crossing",
            "871",
            "501853"
          ],
          [
            "-87929181",
            "41802766",
            "213",
            "157",
            "1000",
            "0",
            "0",
            "0",
            "0",
            "reversedirection=yes railway=rail",
            "railway=crossing",
            "883",
            "509478"
          ],
          [
            "-87929296",
            "41802740",
            "213",
            "10",
            "1000",
            "0",
            "0",
            "0",
            "0",
            "reversedirection=yes railway=rail",
            "railway=level_crossing",
            "884",
            "509905"
          ],
          [
            "-87929424",
            "41802711",
            "213",
            "11",
            "1000",
            "0",
            "0",
            "0",
            "0",
            "reversedirection=yes railway=rail",
            "railway=crossing",
            "885",
            "510377"
          ],
          [
            "-87930525",
            "41802462",
            "213",
            "96",
            "1000",
            "0",
            "0",
            "0",
            "0",
            "reversedirection=yes railway=rail",
            "railway=unknown",
            "893",
            "514397"
          ],
          [
            "-87930699",
            "41802423",
            "213",
            "15",
            "1000",
            "0",
            "0",
            "0",
            "0",
            "reversedirection=yes railway=rail",
            "railway=crossing",
            "894",
            "515008"
          ],
          [
            "-87930806",
            "41802399",
            "213",
            "9",
            "1000",
            "0",
            "0",
            "0",
            "0",
            "reversedirection=yes railway=rail",
            "railway=level_crossing",
            "895",
            "515378"
          ],
          [
            "-87930911",
            "41802375",
            "213",
            "9",
            "1000",
            "0",
            "0",
            "0",
            "0",
            "reversedirection=yes railway=rail",
            "railway=crossing",
            "895",
            "515751"
          ],
          [
            "-87933970",
            "41801684",
            "213",
            "265",
            "1000",
            "0",
            "0",
            "0",
            "0",
            "reversedirection=yes railway=rail",
            "railway=crossing",
            "917",
            "527381"
          ],
          [
            "-87939159",
            "41800515",
            "217",
            "450",
            "1000",
            "0",
            "0",
            "0",
            "0",
            "reversedirection=yes railway=rail",
            "railway=crossing",
            "953",
            "547609"
          ],
          [
            "-87939245",
            "41800496",
            "217",
            "7",
            "1000",
            "0",
            "0",
            "0",
            "0",
            "reversedirection=yes railway=rail",
            "railway=level_crossing",
            "953",
            "547917"
          ],
          [
            "-87939338",
            "41800475",
            "217",
            "8",
            "1000",
            "0",
            "0",
            "0",
            "0",
            "reversedirection=yes railway=rail",
            "railway=crossing",
            "954",
            "548286"
          ],
          [
            "-87939688",
            "41800395",
            "218",
            "30",
            "1000",
            "0",
            "0",
            "0",
            "0",
            "reversedirection=yes railway=rail",
            "railway=switch",
            "956",
            "549888"
          ],
          [
            "-87941650",
            "41799950",
            "219",
            "170",
            "1000",
            "0",
            "0",
            "0",
            "0",
            "reversedirection=yes railway=rail",
            "railway=switch",
            "970",
            "559109"
          ],
          [
            "-87945198",
            "41799151",
            "220",
            "308",
            "1000",
            "0",
            "0",
            "0",
            "0",
            "reversedirection=yes railway=rail",
            "railway=level_crossing",
            "994",
            "573238"
          ],
          [
            "-87948882",
            "41798319",
            "223",
            "320",
            "1000",
            "0",
            "0",
            "0",
            "0",
            "reversedirection=yes railway=rail",
            "railway=unknown",
            "1020",
            "589881"
          ],
          [
            "-87953063",
            "41797376",
            "223",
            "327",
            "1000",
            "0",
            "0",
            "0",
            "0",
            "reversedirection=yes railway=rail",
            "",
            "1046",
            "604369"
          ],
          [
            "-87954537",
            "41797043",
            "222",
            "165",
            "1000",
            "0",
            "0",
            "0",
            "0",
            "reversedirection=yes railway=rail",
            "railway=crossing",
            "13",
            "6639"
          ],
          [
            "-87954684",
            "41797009",
            "222",
            "13",
            "1000",
            "0",
            "0",
            "0",
            "0",
            "reversedirection=yes railway=rail",
            "railway=level_crossing",
            "14",
            "7205"
          ],
          [
            "-87962070",
            "41795704",
            "225",
            "631",
            "1000",
            "0",
            "0",
            "0",
            "0",
            "reversedirection=yes railway=rail",
            "railway=signal",
            "64",
            "37717"
          ],
          [
            "-87967728",
            "41795626",
            "226",
            "471",
            "1000",
            "0",
            "0",
            "0",
            "0",
            "reversedirection=yes railway=rail",
            "railway=unknown",
            "102",
            "59614"
          ],
          [
            "-87975324",
            "41795597",
            "230",
            "632",
            "1000",
            "0",
            "0",
            "0",
            "0",
            "reversedirection=yes railway=rail",
            "railway=level_crossing",
            "152",
            "90179"
          ],
          [
            "-87975430",
            "41795597",
            "230",
            "9",
            "1000",
            "0",
            "0",
            "0",
            "0",
            "reversedirection=yes railway=rail",
            "railway=crossing",
            "153",
            "90602"
          ],
          [
            "-87986880",
            "41795573",
            "228",
            "953",
            "1000",
            "0",
            "0",
            "0",
            "0",
            "reversedirection=yes railway=rail",
            "railway=unknown",
            "229",
            "134140"
          ],
          [
            "-87994694",
            "41795558",
            "224",
            "650",
            "1000",
            "0",
            "0",
            "0",
            "0",
            "reversedirection=yes railway=rail",
            "railway=level_crossing",
            "281",
            "158541"
          ],
          [
            "-87994916",
            "41795557",
            "223",
            "18",
            "1000",
            "0",
            "0",
            "0",
            "0",
            "reversedirection=yes railway=rail",
            "railway=signal",
            "283",
            "159259"
          ],
          [
            "-87996576",
            "41795553",
            "224",
            "138",
            "1000",
            "0",
            "0",
            "0",
            "0",
            "reversedirection=yes railway=rail",
            "railway=switch",
            "294",
            "163870"
          ],
          [
            "-87997987",
            "41795549",
            "223",
            "117",
            "1000",
            "0",
            "0",
            "0",
            "0",
            "reversedirection=yes railway=rail",
            "railway=switch",
            "303",
            "168090"
          ],
          [
            "-87998468",
            "41795549",
            "223",
            "40",
            "1000",
            "0",
            "0",
            "0",
            "0",
            "reversedirection=yes railway=rail",
            "railway=level_crossing",
            "306",
            "169712"
          ],
          [
            "-87999076",
            "41795548",
            "223",
            "51",
            "1000",
            "0",
            "0",
            "0",
            "0",
            "reversedirection=yes railway=rail",
            "railway=switch",
            "311",
            "171756"
          ],
          [
            "-88000562",
            "41795544",
            "221",
            "124",
            "1000",
            "0",
            "0",
            "0",
            "0",
            "reversedirection=yes railway=rail",
            "railway=switch",
            "320",
            "175899"
          ],
          [
            "-88002210",
            "41795543",
            "221",
            "137",
            "1000",
            "0",
            "0",
            "0",
            "0",
            "reversedirection=yes railway=rail",
            "railway=signal",
            "331",
            "181526"
          ],
          [
            "-88006450",
            "41795534",
            "222",
            "27",
            "1000",
            "0",
            "0",
            "0",
            "0",
            "reversedirection=yes railway=rail",
            "",
            "334",
            "182682"
          ],
          [
            "-88006450",
            "41795534",
            "222",
            "325",
            "1000",
            "0",
            "0",
            "0",
            "0",
            "reversedirection=yes railway=rail",
            "railway=unknown",
            "26",
            "14507"
          ],
          [
            "-88006874",
            "41795531",
            "222",
            "35",
            "1000",
            "0",
            "0",
            "0",
            "0",
            "reversedirection=yes railway=rail",
            "railway=level_crossing",
            "28",
            "16049"
          ],
          [
            "-88010411",
            "41795523",
            "220",
            "294",
            "1000",
            "0",
            "0",
            "0",
            "0",
            "reversedirection=yes railway=rail",
            "railway=level_crossing",
            "52",
            "27314"
          ],
          [
            "-88011903",
            "41795521",
            "219",
            "124",
            "1000",
            "0",
            "0",
            "0",
            "0",
            "reversedirection=yes railway=rail",
            "railway=level_crossing",
            "62",
            "32545"
          ],
          [
            "-88025825",
            "41795487",
            "217",
            "1158",
            "1000",
            "0",
            "0",
            "0",
            "0",
            "reversedirection=yes railway=rail",
            "railway=unknown",
            "154",
            "84274"
          ],
          [
            "-88045422",
            "41796039",
            "218",
            "1635",
            "1000",
            "0",
            "0",
            "0",
            "0",
            "reversedirection=yes railway=rail",
            "railway=unknown",
            "285",
            "153996"
          ],
          [
            "-88064404",
            "41798296",
            "209",
            "1598",
            "1000",
            "0",
            "0",
            "0",
            "0",
            "reversedirection=yes railway=rail",
            "railway=unknown",
            "413",
            "217319"
          ],
          [
            "-88082748",
            "41796078",
            "207",
            "1553",
            "1000",
            "0",
            "0",
            "0",
            "0",
            "reversedirection=yes railway=rail",
            "railway=unknown",
            "537",
            "283127"
          ],
          [
            "-88085327",
            "41795640",
            "208",
            "220",
            "1000",
            "0",
            "0",
            "0",
            "0",
            "reversedirection=yes railway=rail",
            "railway=signal",
            "555",
            "293357"
          ],
          [
            "-88087425",
            "41795280",
            "210",
            "179",
            "1000",
            "0",
            "0",
            "0",
            "0",
            "reversedirection=yes railway=rail",
            "railway=switch",
            "569",
            "302759"
          ],
          [
            "-88087972",
            "41795185",
            "210",
            "47",
            "1000",
            "0",
            "0",
            "0",
            "0",
            "reversedirection=yes railway=rail",
            "railway=switch",
            "573",
            "304941"
          ],
          [
            "-88089933",
            "41794848",
            "213",
            "167",
            "1000",
            "0",
            "0",
            "0",
            "0",
            "reversedirection=yes railway=rail",
            "railway=switch",
            "586",
            "312621"
          ],
          [
            "-88091859",
            "41794519",
            "216",
            "164",
            "1000",
            "0",
            "0",
            "0",
            "0",
            "reversedirection=yes railway=rail",
            "railway=switch",
            "599",
            "321676"
          ],
          [
            "-88092402",
            "41794426",
            "215",
            "46",
            "1000",
            "0",
            "0",
            "0",
            "0",
            "reversedirection=yes railway=rail",
            "railway=switch",
            "603",
            "323700"
          ],
          [
            "-88094244",
            "41794111",
            "216",
            "157",
            "1000",
            "0",
            "0",
            "0",
            "0",
            "reversedirection=yes railway=rail",
            "railway=signal",
            "616",
            "331131"
          ],
          [
            "-88102198",
            "41792681",
            "222",
            "680",
            "1000",
            "0",
            "0",
            "0",
            "0",
            "reversedirection=yes railway=rail",
            "railway=unknown",
            "670",
            "366005"
          ],
          [
            "-88107899",
            "41790216",
            "218",
            "549",
            "1000",
            "0",
            "0",
            "0",
            "0",
            "reversedirection=yes railway=rail",
            "railway=signal",
            "714",
            "389740"
          ],
          [
            "-88117618",
            "41785216",
            "218",
            "980",
            "1000",
            "0",
            "0",
            "0",
            "0",
            "reversedirection=yes railway=rail",
            "railway=unknown",
            "792",
            "433069"
          ],
          [
            "-88119370",
            "41784310",
            "220",
            "177",
            "1000",
            "0",
            "0",
            "0",
            "0",
            "reversedirection=yes railway=rail",
            "railway=signal",
            "807",
            "442502"
          ],
          [
            "-88136042",
            "41780017",
            "224",
            "1494",
            "1000",
            "0",
            "0",
            "0",
            "0",
            "reversedirection=yes railway=rail",
            "railway=unknown",
            "926",
            "508789"
          ],
          [
            "-88136097",
            "41780016",
            "224",
            "5",
            "1000",
            "0",
            "0",
            "0",
            "0",
            "reversedirection=yes railway=rail",
            "railway=signal",
            "926",
            "509040"
          ],
          [
            "-88136283",
            "41780012",
            "225",
            "15",
            "1000",
            "0",
            "0",
            "0",
            "0",
            "reversedirection=yes railway=rail",
            "railway=switch",
            "928",
            "509817"
          ],
          [
            "-88137771",
            "41780010",
            "224",
            "124",
            "1000",
            "0",
            "0",
            "0",
            "0",
            "reversedirection=yes railway=rail",
            "railway=switch",
            "938",
            "517038"
          ],
          [
            "-88139478",
            "41779967",
            "223",
            "142",
            "1000",
            "0",
            "0",
            "0",
            "0",
            "railway=rail",
            "railway=signal",
            "949",
            "523494"
          ],
          [
            "-88142081",
            "41779909",
            "220",
            "217",
            "1000",
            "0",
            "0",
            "0",
            "0",
            "railway=rail",
            "railway=level_crossing",
            "966",
            "530948"
          ],
          [
            "-88142204",
            "41779907",
            "220",
            "10",
            "1000",
            "0",
            "0",
            "0",
            "0",
            "railway=rail",
            "railway=crossing",
            "967",
            "531362"
          ],
          [
            "-88147850",
            "41779757",
            "216",
            "437",
            "1000",
            "0",
            "0",
            "0",
            "0",
            "railway=rail",
            "",
            "1002",
            "549471"
          ],
          [
            "-88147850",
            "41779757",
            "216",
            "33",
            "1000",
            "0",
            "0",
            "0",
            "0",
            "railway=rail",
            "railway=unknown",
            "2",
            "1389"
          ],
          [
            "-88148723",
            "41779735",
            "217",
            "73",
            "1000",
            "0",
            "0",
            "0",
            "0",
            "railway=rail",
            "railway=signal",
            "8",
            "4975"
          ],
          [
            "-88150240",
            "41779696",
            "215",
            "126",
            "1000",
            "0",
            "0",
            "0",
            "0",
            "railway=rail",
            "railway=switch",
            "18",
            "9186"
          ],
          [
            "-88151696",
            "41779621",
            "215",
            "121",
            "1000",
            "0",
            "0",
            "0",
            "0",
            "reversedirection=yes railway=rail",
            "railway=switch",
            "28",
            "14138"
          ],
          [
            "-88151995",
            "41779613",
            "215",
            "25",
            "1000",
            "0",
            "0",
            "0",
            "0",
            "reversedirection=yes railway=rail",
            "railway=signal",
            "30",
            "15203"
          ],
          [
            "-88154836",
            "41779537",
            "214",
            "236",
            "1000",
            "0",
            "0",
            "0",
            "0",
            "reversedirection=yes railway=rail",
            "railway=unknown",
            "49",
            "24673"
          ],
          [
            "-88175765",
            "41778964",
            "213",
            "1742",
            "1000",
            "0",
            "0",
            "0",
            "0",
            "reversedirection=yes railway=rail",
            "railway=unknown",
            "188",
            "101118"
          ],
          [
            "-88177991",
            "41778893",
            "215",
            "185",
            "1000",
            "0",
            "0",
            "0",
            "0",
            "reversedirection=yes railway=rail",
            "railway=crossing",
            "203",
            "110627"
          ],
          [
            "-88178178",
            "41778888",
            "215",
            "16",
            "1000",
            "0",
            "0",
            "0",
            "0",
            "reversedirection=yes railway=rail",
            "railway=level_crossing",
            "204",
            "111369"
          ],
          [
            "-88178356",
            "41778883",
            "216",
            "15",
            "1000",
            "0",
            "0",
            "0",
            "0",
            "reversedirection=yes railway=rail",
            "railway=crossing",
            "205",
            "112090"
          ],
          [
            "-88194149",
            "41778456",
            "214",
            "1314",
            "1000",
            "0",
            "0",
            "0",
            "0",
            "reversedirection=yes railway=rail",
            "railway=signal",
            "310",
            "169160"
          ],
          [
            "-88194198",
            "41778454",
            "214",
            "4",
            "1000",
            "0",
            "0",
            "0",
            "0",
            "reversedirection=yes railway=rail",
            "railway=unknown",
            "311",
            "169336"
          ],
          [
            "-88213531",
            "41777927",
            "216",
            "1609",
            "1000",
            "0",
            "0",
            "0",
            "0",
            "reversedirection=yes railway=rail",
            "railway=unknown",
            "439",
            "239004"
          ],
          [
            "-88232662",
            "41776505",
            "221",
            "1603",
            "1000",
            "0",
            "0",
            "0",
            "0",
            "reversedirection=yes railway=rail",
            "railway=unknown",
            "568",
            "316385"
          ],
          [
            "-88237773",
            "41775743",
            "219",
            "433",
            "1000",
            "0",
            "0",
            "0",
            "0",
            "reversedirection=yes railway=rail",
            "railway=signal",
            "602",
            "334095"
          ],
          [
            "-88238112",
            "41775694",
            "219",
            "29",
            "1000",
            "0",
            "0",
            "0",
            "0",
            "reversedirection=yes railway=rail",
            "railway=switch",
            "605",
            "335310"
          ],
          [
            "-88241678",
            "41775162",
            "218",
            "302",
            "1000",
            "0",
            "0",
            "0",
            "0",
            "reversedirection=yes railway=rail",
            "railway=switch",
            "629",
            "347374"
          ],
          [
            "-88241972",
            "41775118",
            "218",
            "25",
            "1000",
            "0",
            "0",
            "0",
            "0",
            "reversedirection=yes railway=rail",
            "railway=switch",
            "631",
            "348509"
          ],
          [
            "-88243055",
            "41775001",
            "219",
            "91",
            "1000",
            "0",
            "0",
            "0",
            "0",
            "railway=rail",
            "railway=switch",
            "638",
            "353046"
          ],
          [
            "-88243209",
            "41774978",
            "219",
            "13",
            "1000",
            "0",
            "0",
            "0",
            "0",
            "railway=rail",
            "railway=switch",
            "639",
            "353702"
          ],
          [
            "-88243885",
            "41774876",
            "218",
            "57",
            "1000",
            "0",
            "0",
            "0",
            "0",
            "railway=rail",
            "railway=switch",
            "644",
            "355994"
          ],
          [
            "-88245436",
            "41774650",
            "218",
            "131",
            "1000",
            "0",
            "0",
            "0",
            "0",
            "railway=rail",
            "railway=signal",
            "654",
            "361552"
          ],
          [
            "-88251773",
            "41773706",
            "217",
            "537",
            "1000",
            "0",
            "0",
            "0",
            "0",
            "railway=rail",
            "railway=unknown",
            "697",
            "383688"
          ],
          [
            "-88270830",
            "41770879",
            "214",
            "1616",
            "1000",
            "0",
            "0",
            "0",
            "0",
            "railway=rail",
            "railway=unknown",
            "826",
            "452207"
          ],
          [
            "-88272819",
            "41770584",
            "214",
            "169",
            "1000",
            "0",
            "0",
            "0",
            "0",
            "railway=rail",
            "railway=level_crossing",
            "840",
            "460177"
          ],
          [
            "-88274063",
            "41770402",
            "213",
            "105",
            "1000",
            "0",
            "0",
            "0",
            "0",
            "railway=rail",
            "railway=signal",
            "848",
            "464157"
          ],
          [
            "-88275335",
            "41770216",
            "212",
            "108",
            "1000",
            "0",
            "0",
            "0",
            "0",
            "railway=rail",
            "railway=switch",
            "857",
            "468243"
          ],
          [
            "-88275503",
            "41770189",
            "212",
            "14",
            "1000",
            "0",
            "0",
            "0",
            "0",
            "railway=rail",
            "railway=switch",
            "858",
            "468815"
          ],
          [
            "-88276541",
            "41769991",
            "212",
            "89",
            "1000",
            "0",
            "0",
            "0",
            "0",
            "railway=rail",
            "railway=switch",
            "865",
            "472164"
          ],
          [
            "-88277194",
            "41769893",
            "212",
            "55",
            "1000",
            "0",
            "0",
            "0",
            "0",
            "reversedirection=yes railway=rail",
            "railway=switch",
            "870",
            "474603"
          ],
          [
            "-88277452",
            "41769858",
            "212",
            "22",
            "1000",
            "0",
            "0",
            "0",
            "0",
            "reversedirection=yes railway=rail",
            "railway=switch",
            "871",
            "475620"
          ],
          [
            "-88279200",
            "41769599",
            "214",
            "148",
            "1000",
            "0",
            "0",
            "0",
            "0",
            "reversedirection=yes railway=rail",
            "railway=switch",
            "883",
            "483477"
          ],
          [
            "-88279337",
            "41769578",
            "214",
            "12",
            "1000",
            "0",
            "0",
            "0",
            "0",
            "reversedirection=yes railway=rail",
            "railway=switch",
            "884",
            "484025"
          ],
          [
            "-88280811",
            "41769396",
            "214",
            "124",
            "1000",
            "0",
            "0",
            "0",
            "0",
            "railway=rail",
            "railway=switch",
            "894",
            "489747"
          ],
          [
            "-88280892",
            "41769385",
            "214",
            "7",
            "1000",
            "0",
            "0",
            "0",
            "0",
            "reversedirection=yes railway=rail",
            "railway=switch",
            "895",
            "490047"
          ],
          [
            "-88282930",
            "41769076",
            "211",
            "173",
            "1000",
            "0",
            "0",
            "0",
            "0",
            "reversedirection=yes railway=rail",
            "railway=signal",
            "908",
            "497571"
          ],
          [
            "-88289829",
            "41768062",
            "208",
            "584",
            "1000",
            "0",
            "0",
            "0",
            "0",
            "reversedirection=yes railway=rail",
            "railway=unknown",
            "955",
            "521369"
          ],
          [
            "-88306434",
            "41762042",
            "202",
            "1596",
            "1000",
            "0",
            "0",
            "0",
            "0",
            "reversedirection=yes railway=rail",
            "railway=unknown",
            "1083",
            "582861"
          ],
          [
            "-88309512",
            "41758662",
            "200",
            "457",
            "1000",
            "0",
            "0",
            "0",
            "0",
            "reversedirection=yes railway=rail",
            "railway=signal",
            "1119",
            "601886"
          ],
          [
            "-88317463",
            "41753566",
            "198",
            "845",
            "1000",
            "0",
            "0",
            "0",
            "0",
            "reversedirection=yes railway=rail",
            "",
            "1187",
            "636770"
          ],
          [
            "-88320290",
            "41752252",
            "195",
            "307",
            "1000",
            "0",
            "0",
            "0",
            "0",
            "reversedirection=yes railway=rail",
            "railway=unknown",
            "24",
            "11543"
          ],
          [
            "-88321208",
            "41751830",
            "193",
            "90",
            "1000",
            "0",
            "0",
            "0",
            "0",
            "reversedirection=yes railway=rail",
            "railway=switch",
            "31",
            "14045"
          ],
          [
            "-88322431",
            "41751214",
            "193",
            "122",
            "1000",
            "0",
            "0",
            "0",
            "0",
            "reversedirection=yes railway=rail",
            "railway=switch",
            "41",
            "18864"
          ],
          [
            "-88325468",
            "41749764",
            "195",
            "299",
            "1000",
            "0",
            "0",
            "0",
            "0",
            "reversedirection=yes railway=rail",
            "railway=switch",
            "65",
            "33972"
          ],
          [
            "-88326766",
            "41749204",
            "193",
            "124",
            "1000",
            "0",
            "0",
            "0",
            "0",
            "reversedirection=yes railway=rail",
            "railway=switch",
            "75",
            "38657"
          ],
          [
            "-88327573",
            "41748832",
            "193",
            "78",
            "1000",
            "0",
            "0",
            "0",
            "0",
            "reversedirection=yes railway=rail",
            "railway=switch",
            "81",
            "41320"
          ],
          [
            "-88333826",
            "41744254",
            "196",
            "740",
            "1000",
            "0",
            "0",
            "0",
            "0",
            "reversedirection=yes railway=rail",
            "railway=unknown",
            "140",
            "75667"
          ],
          [
            "-88343198",
            "41732105",
            "194",
            "1558",
            "1000",
            "0",
            "0",
            "0",
            "0",
            "reversedirection=yes railway=rail",
            "railway=unknown",
            "265",
            "142622"
          ],
          [
            "-88343792",
            "41731337",
            "194",
            "99",
            "1000",
            "0",
            "0",
            "0",
            "0",
            "reversedirection=yes railway=rail",
            "railway=switch",
            "273",
            "146982"
          ],
          [
            "-88344409",
            "41730531",
            "195",
            "103",
            "1000",
            "0",
            "0",
            "0",
            "0",
            "reversedirection=yes railway=rail",
            "railway=signal",
            "281",
            "152225"
          ],
          [
            "-88344931",
            "41729859",
            "196",
            "86",
            "1000",
            "0",
            "0",
            "0",
            "0",
            "reversedirection=yes railway=rail",
            "railway=level_crossing",
            "288",
            "156363"
          ],
          [
            "-88345089",
            "41729648",
            "196",
            "27",
            "1000",
            "0",
            "0",
            "0",
            "0",
            "reversedirection=yes railway=rail",
            "railway=switch",
            "290",
            "157665"
          ],
          [
            "-88346423",
            "41727922",
            "195",
            "221",
            "1000",
            "0",
            "0",
            "0",
            "0",
            "reversedirection=yes railway=rail",
            "railway=signal",
            "308",
            "167123"
          ],
          [
            "-88347305",
            "41726780",
            "196",
            "147",
            "1000",
            "0",
            "0",
            "0",
            "0",
            "reversedirection=yes railway=rail",
            "railway=switch",
            "320",
            "174074"
          ],
          [
            "-88348176",
            "41725657",
            "195",
            "144",
            "1000",
            "0",
            "0",
            "0",
            "0",
            "reversedirection=yes railway=rail",
            "railway=level_crossing",
            "331",
            "180013"
          ],
          [
            "-88348251",
            "41725563",
            "195",
            "12",
            "1000",
            "0",
            "0",
            "0",
            "0",
            "reversedirection=yes railway=rail",
            "railway=level_crossing",
            "332",
            "180527"
          ],
          [
            "-88352861",
            "41719593",
            "196",
            "766",
            "1000",
            "0",
            "0",
            "0",
            "0",
            "reversedirection=yes railway=rail",
            "railway=unknown",
            "393",
            "214773"
          ],
          [
            "-88358482",
            "41712297",
            "199",
            "936",
            "1000",
            "0",
            "0",
            "0",
            "0",
            "reversedirection=yes railway=rail",
            "railway=switch",
            "468",
            "255943"
          ],
          [
            "-88362989",
            "41707241",
            "201",
            "676",
            "1000",
            "0",
            "0",
            "0",
            "0",
            "reversedirection=yes railway=rail",
            "railway=unknown",
            "522",
            "289784"
          ],
          [
            "-88368223",
            "41703201",
            "200",
            "625",
            "1000",
            "0",
            "0",
            "0",
            "0",
            "reversedirection=yes railway=rail",
            "railway=level_crossing",
            "572",
            "316728"
          ],
          [
            "-88378460",
            "41698357",
            "198",
            "1013",
            "1000",
            "0",
            "0",
            "0",
            "0",
            "reversedirection=yes railway=rail",
            "railway=unknown",
            "653",
            "359559"
          ],
          [
            "-88392234",
            "41695010",
            "199",
            "1207",
            "1000",
            "0",
            "0",
            "0",
            "0",
            "reversedirection=yes railway=rail",
            "railway=level_crossing",
            "750",
            "413243"
          ],
          [
            "-88397118",
            "41693913",
            "197",
            "425",
            "1000",
            "0",
            "0",
            "0",
            "0",
            "reversedirection=yes railway=rail",
            "railway=unknown",
            "784",
            "430849"
          ],
          [
            "-88406102",
            "41691899",
            "199",
            "781",
            "1000",
            "0",
            "0",
            "0",
            "0",
            "reversedirection=yes railway=rail",
            "railway=crossing",
            "846",
            "466951"
          ],
          [
            "-88406207",
            "41691875",
            "200",
            "9",
            "1000",
            "0",
            "0",
            "0",
            "0",
            "reversedirection=yes railway=rail",
            "railway=level_crossing",
            "847",
            "467366"
          ],
          [
            "-88415081",
            "41689883",
            "197",
            "773",
            "1000",
            "0",
            "0",
            "0",
            "0",
            "reversedirection=yes railway=rail",
            "railway=unknown",
            "909",
            "499588"
          ],
          [
            "-88427859",
            "41687008",
            "199",
            "1111",
            "1000",
            "0",
            "0",
            "0",
            "0",
            "reversedirection=yes railway=rail",
            "railway=level_crossing",
            "998",
            "549527"
          ],
          [
            "-88431329",
            "41686231",
            "196",
            "302",
            "1000",
            "0",
            "0",
            "0",
            "0",
            "reversedirection=yes railway=rail",
            "railway=switch",
            "1022",
            "560317"
          ],
          [
            "-88433673",
            "41685703",
            "194",
            "204",
            "1000",
            "0",
            "0",
            "0",
            "0",
            "reversedirection=yes railway=rail",
            "railway=unknown",
            "1038",
            "567834"
          ],
          [
            "-88451877",
            "41681609",
            "196",
            "1584",
            "1000",
            "0",
            "0",
            "0",
            "0",
            "reversedirection=yes railway=rail",
            "railway=unknown",
            "1165",
            "639490"
          ],
          [
            "-88453922",
            "41681150",
            "196",
            "178",
            "1000",
            "0",
            "0",
            "0",
            "0",
            "reversedirection=yes railway=rail",
            "railway=switch",
            "1179",
            "646774"
          ],
          [
            "-88470564",
            "41677404",
            "197",
            "1448",
            "1000",
            "0",
            "0",
            "0",
            "0",
            "reversedirection=yes railway=rail",
            "railway=unknown",
            "1295",
            "711402"
          ],
          [
            "-88472132",
            "41677051",
            "196",
            "136",
            "1000",
            "0",
            "0",
            "0",
            "0",
            "reversedirection=yes railway=rail",
            "railway=level_crossing",
            "1306",
            "717097"
          ],
          [
            "-88479551",
            "41675383",
            "196",
            "645",
            "1000",
            "0",
            "0",
            "0",
            "0",
            "reversedirection=yes railway=rail",
            "railway=crossing",
            "1358",
            "745180"
          ],
          [
            "-88488357",
            "41673404",
            "198",
            "766",
            "1000",
            "0",
            "0",
            "0",
            "0",
            "reversedirection=yes railway=rail",
            "railway=level_crossing",
            "1419",
            "780826"
          ],
          [
            "-88489052",
            "41673248",
            "198",
            "60",
            "1000",
            "0",
            "0",
            "0",
            "0",
            "reversedirection=yes railway=rail",
            "railway=unknown",
            "1424",
            "783167"
          ],
          [
            "-88507504",
            "41669083",
            "196",
            "1605",
            "1000",
            "0",
            "0",
            "0",
            "0",
            "reversedirection=yes railway=rail",
            "railway=unknown",
            "1552",
            "852297"
          ],
          [
            "-88511555",
            "41668169",
            "195",
            "352",
            "1000",
            "0",
            "0",
            "0",
            "0",
            "reversedirection=yes railway=rail",
            "railway=switch",
            "1580",
            "866495"
          ],
          [
            "-88516648",
            "41667020",
            "196",
            "443",
            "1000",
            "0",
            "0",
            "0",
            "0",
            "reversedirection=yes railway=rail",
            "railway=level_crossing",
            "1616",
            "887250"
          ],
          [
            "-88526233",
            "41664859",
            "193",
            "834",
            "1000",
            "0",
            "0",
            "0",
            "0",
            "reversedirection=yes railway=rail",
            "railway=unknown",
            "1682",
            "917863"
          ],
          [
            "-88532675",
            "41663412",
            "200",
            "560",
            "1000",
            "0",
            "0",
            "0",
            "0",
            "reversedirection=yes railway=rail",
            "railway=crossing",
            "1727",
            "948998"
          ],
          [
            "-88532762",
            "41663392",
            "200",
            "8",
            "1000",
            "0",
            "0",
            "0",
            "0",
            "reversedirection=yes railway=rail",
            "railway=level_crossing",
            "1728",
            "949352"
          ],
          [
            "-88535033",
            "41662882",
            "199",
            "197",
            "1000",
            "0",
            "0",
            "0",
            "0",
            "reversedirection=yes railway=rail",
            "railway=level_crossing",
            "1744",
            "959556"
          ],
          [
            "-88535132",
            "41662859",
            "199",
            "9",
            "1000",
            "0",
            "0",
            "0",
            "0",
            "reversedirection=yes railway=rail",
            "railway=crossing",
            "1744",
            "959973"
          ],
          [
            "-88537048",
            "41662416",
            "199",
            "167",
            "1000",
            "0",
            "0",
            "0",
            "0",
            "reversedirection=yes railway=rail",
            "railway=crossing",
            "1758",
            "967503"
          ],
          [
            "-88537141",
            "41662395",
            "199",
            "8",
            "1000",
            "0",
            "0",
            "0",
            "0",
            "reversedirection=yes railway=rail",
            "railway=level_crossing",
            "1758",
            "967859"
          ],
          [
            "-88537235",
            "41662373",
            "199",
            "8",
            "1000",
            "0",
            "0",
            "0",
            "0",
            "reversedirection=yes railway=rail",
            "railway=crossing",
            "1759",
            "968230"
          ],
          [
            "-88538403",
            "41662100",
            "198",
            "102",
            "1000",
            "0",
            "0",
            "0",
            "0",
            "reversedirection=yes railway=rail",
            "railway=unknown",
            "1767",
            "972306"
          ],
          [
            "-88539134",
            "41661923",
            "199",
            "64",
            "1000",
            "0",
            "0",
            "0",
            "0",
            "reversedirection=yes railway=rail",
            "railway=crossing",
            "1772",
            "975325"
          ],
          [
            "-88539238",
            "41661897",
            "199",
            "9",
            "1000",
            "0",
            "0",
            "0",
            "0",
            "reversedirection=yes railway=rail",
            "railway=level_crossing",
            "1773",
            "975740"
          ],
          [
            "-88542252",
            "41661116",
            "197",
            "266",
            "1000",
            "0",
            "0",
            "0",
            "0",
            "reversedirection=yes railway=rail",
            "railway=level_crossing",
            "1794",
            "986261"
          ],
          [
            "-88542351",
            "41661090",
            "197",
            "9",
            "1000",
            "0",
            "0",
            "0",
            "0",
            "reversedirection=yes railway=rail",
            "railway=crossing",
            "1795",
            "986644"
          ],
          [
            "-88544430",
            "41660544",
            "198",
            "184",
            "1000",
            "0",
            "0",
            "0",
            "0",
            "reversedirection=yes railway=rail",
            "railway=unknown",
            "1810",
            "995357"
          ],
          [
            "-88559096",
            "41656677",
            "200",
            "1295",
            "1000",
            "0",
            "0",
            "0",
            "0",
            "reversedirection=yes railway=rail",
            "railway=level_crossing",
            "1913",
            "1054422"
          ],
          [
            "-88562662",
            "41655737",
            "199",
            "315",
            "1000",
            "0",
            "0",
            "0",
            "0",
            "reversedirection=yes railway=rail",
            "railway=unknown",
            "1938",
            "1067432"
          ],
          [
            "-88580742",
            "41650971",
            "193",
            "1596",
            "1000",
            "0",
            "0",
            "0",
            "0",
            "reversedirection=yes railway=rail",
            "railway=unknown",
            "2066",
            "1134284"
          ],
          [
            "-88584364",
            "41650029",
            "197",
            "320",
            "1000",
            "0",
            "0",
            "0",
            "0",
            "reversedirection=yes railway=rail",
            "railway=level_crossing",
            "2092",
            "1149069"
          ],
          [
            "-88598784",
            "41647936",
            "199",
            "1225",
            "1000",
            "0",
            "0",
            "0",
            "0",
            "reversedirection=yes railway=rail",
            "railway=switch",
            "2190",
            "1205101"
          ],
          [
            "-88599379",
            "41647874",
            "199",
            "50",
            "1000",
            "0",
            "0",
            "0",
            "0",
            "reversedirection=yes railway=rail",
            "railway=unknown",
            "2194",
            "1207217"
          ],
          [
            "-88600168",
            "41647791",
            "199",
            "66",
            "1000",
            "0",
            "0",
            "0",
            "0",
            "reversedirection=yes railway=rail",
            "railway=level_crossing",
            "2199",
            "1210272"
          ],
          [
            "-88612003",
            "41646541",
            "202",
            "996",
            "1000",
            "0",
            "0",
            "0",
            "0",
            "reversedirection=yes railway=rail",
            "railway=crossing",
            "2279",
            "1254243"
          ],
          [
            "-88612085",
            "41646532",
            "202",
            "7",
            "1000",
            "0",
            "0",
            "0",
            "0",
            "reversedirection=yes railway=rail",
            "railway=level_crossing",
            "2279",
            "1254551"
          ],
          [
            "-88616932",
            "41646023",
            "202",
            "408",
            "1000",
            "0",
            "0",
            "0",
            "0",
            "reversedirection=yes railway=rail",
            "railway=switch",
            "2312",
            "1274884"
          ],
          [
            "-88617256",
            "41645989",
            "202",
            "27",
            "1000",
            "0",
            "0",
            "0",
            "0",
            "reversedirection=yes railway=rail",
            "railway=level_crossing",
            "2314",
            "1276029"
          ],
          [
            "-88618787",
            "41645829",
            "203",
            "129",
            "1000",
            "0",
            "0",
            "0",
            "0",
            "reversedirection=yes railway=rail",
            "railway=unknown",
            "2324",
            "1282563"
          ],
          [
            "-88620592",
            "41645626",
            "204",
            "152",
            "1000",
            "0",
            "0",
            "0",
            "0",
            "reversedirection=yes railway=rail",
            "railway=level_crossing",
            "2337",
            "1289811"
          ],
          [
            "-88621751",
            "41645470",
            "203",
            "98",
            "1000",
            "0",
            "0",
            "0",
            "0",
            "reversedirection=yes railway=rail",
            "railway=level_crossing",
            "2344",
            "1293837"
          ],
          [
            "-88624155",
            "41645075",
            "203",
            "205",
            "1000",
            "0",
            "0",
            "0",
            "0",
            "reversedirection=yes railway=rail",
            "railway=level_crossing",
            "2361",
            "1302456"
          ],
          [
            "-88632353",
            "41643595",
            "204",
            "702",
            "1000",
            "0",
            "0",
            "0",
            "0",
            "reversedirection=yes railway=rail",
            "railway=level_crossing",
            "2417",
            "1334663"
          ],
          [
            "-88632529",
            "41643563",
            "204",
            "15",
            "1000",
            "0",
            "0",
            "0",
            "0",
            "reversedirection=yes railway=rail",
            "railway=level_crossing",
            "2418",
            "1335323"
          ],
          [
            "-88637683",
            "41642623",
            "205",
            "442",
            "1000",
            "0",
            "0",
            "0",
            "0",
            "reversedirection=yes railway=rail",
            "railway=unknown",
            "2453",
            "1355313"
          ],
          [
            "-88655190",
            "41639465",
            "209",
            "1500",
            "1000",
            "0",
            "0",
            "0",
            "0",
            "reversedirection=yes railway=rail",
            "railway=level_crossing",
            "2573",
            "1422285"
          ],
          [
            "-88656757",
            "41639181",
            "208",
            "134",
            "1000",
            "0",
            "0",
            "0",
            "0",
            "reversedirection=yes railway=rail",
            "railway=unknown",
            "2584",
            "1429811"
          ],
          [
            "-88670116",
            "41636760",
            "207",
            "1145",
            "1000",
            "0",
            "0",
            "0",
            "0",
            "reversedirection=yes railway=rail",
            "railway=level_crossing",
            "2676",
            "1479870"
          ],
          [
            "-88675616",
            "41635762",
            "210",
            "471",
            "1000",
            "0",
            "0",
            "0",
            "0",
            "reversedirection=yes railway=rail",
            "railway=unknown",
            "2713",
            "1502774"
          ],
          [
            "-88679933",
            "41634985",
            "212",
            "370",
            "1000",
            "0",
            "0",
            "0",
            "0",
            "reversedirection=yes railway=rail",
            "railway=level_crossing",
            "2743",
            "1520575"
          ],
          [
            "-88680048",
            "41634963",
            "211",
            "10",
            "1000",
            "0",
            "0",
            "0",
            "0",
            "reversedirection=yes railway=rail",
            "railway=crossing",
            "2744",
            "1520997"
          ],
          [
            "-88681074",
            "41634772",
            "211",
            "88",
            "1000",
            "0",
            "0",
            "0",
            "0",
            "reversedirection=yes railway=rail",
            "railway=level_crossing",
            "2751",
            "1524384"
          ],
          [
            "-88681185",
            "41634757",
            "211",
            "9",
            "1000",
            "0",
            "0",
            "0",
            "0",
            "reversedirection=yes railway=rail",
            "railway=crossing",
            "2752",
            "1524751"
          ],
          [
            "-88684214",
            "41634208",
            "209",
            "260",
            "1000",
            "0",
            "0",
            "0",
            "0",
            "reversedirection=yes railway=rail",
            "railway=level_crossing",
            "2772",
            "1534875"
          ],
          [
            "-88684310",
            "41634191",
            "209",
            "8",
            "1000",
            "0",
            "0",
            "0",
            "0",
            "reversedirection=yes railway=rail",
            "railway=crossing",
            "2773",
            "1535219"
          ],
          [
            "-88686133",
            "41633861",
            "210",
            "156",
            "1000",
            "0",
            "0",
            "0",
            "0",
            "reversedirection=yes railway=rail",
            "railway=switch",
            "2786",
            "1542701"
          ],
          [
            "-88686642",
            "41633767",
            "211",
            "44",
            "1000",
            "0",
            "0",
            "0",
            "0",
            "reversedirection=yes railway=rail",
            "railway=switch",
            "2789",
            "1544852"
          ],
          [
            "-88687969",
            "41633484",
            "210",
            "115",
            "1000",
            "0",
            "0",
            "0",
            "0",
            "railway=rail",
            "railway=switch",
            "2798",
            "1549765"
          ],
          [
            "-88692102",
            "41632740",
            "210",
            "354",
            "1000",
            "0",
            "0",
            "0",
            "0",
            "reversedirection=yes railway=rail",
            "railway=level_crossing",
            "2827",
            "1564785"
          ],
          [
            "-88694096",
            "41632380",
            "208",
            "171",
            "1000",
            "0",
            "0",
            "0",
            "0",
            "reversedirection=yes railway=rail",
            "railway=unknown",
            "2840",
            "1570846"
          ],
          [
            "-88706137",
            "41630192",
            "208",
            "1032",
            "1000",
            "0",
            "0",
            "0",
            "0",
            "reversedirection=yes railway=rail",
            "railway=level_crossing",
            "2923",
            "1616358"
          ],
          [
            "-88731455",
            "41625597",
            "208",
            "2170",
            "1000",
            "0",
            "0",
            "0",
            "0",
            "reversedirection=yes railway=rail",
            "railway=level_crossing",
            "3096",
            "1711365"
          ],
          [
            "-88770054",
            "41618586",
            "209",
            "3309",
            "1000",
            "0",
            "0",
            "0",
            "0",
            "reversedirection=yes railway=rail",
            "railway=level_crossing",
            "3361",
            "1858016"
          ],
          [
            "-88786313",
            "41615626",
            "211",
            "1395",
            "1000",
            "0",
            "0",
            "0",
            "0",
            "reversedirection=yes railway=rail",
            "railway=switch",
            "3473",
            "1918933"
          ],
          [
            "-88787760",
            "41615364",
            "214",
            "124",
            "1000",
            "0",
            "0",
            "0",
            "0",
            "reversedirection=yes railway=rail",
            "railway=unknown",
            "3483",
            "1925799"
          ],
          [
            "-88789493",
            "41615048",
            "213",
            "149",
            "1000",
            "0",
            "0",
            "0",
            "0",
            "reversedirection=yes railway=rail",
            "railway=level_crossing",
            "3495",
            "1934166"
          ],
          [
            "-88796989",
            "41613684",
            "215",
            "643",
            "1000",
            "0",
            "0",
            "0",
            "0",
            "reversedirection=yes railway=rail",
            "railway=crossing",
            "3546",
            "1962755"
          ],
          [
            "-88799183",
            "41613286",
            "215",
            "188",
            "1000",
            "0",
            "0",
            "0",
            "0",
            "reversedirection=yes railway=rail",
            "railway=level_crossing",
            "3561",
            "1972708"
          ],
          [
            "-88817924",
            "41609907",
            "212",
            "1605",
            "1000",
            "0",
            "0",
            "0",
            "0",
            "reversedirection=yes railway=rail",
            "railway=level_crossing",
            "3689",
            "2041249"
          ],
          [
            "-88837363",
            "41606357",
            "213",
            "1667",
            "1000",
            "0",
            "0",
            "0",
            "0",
            "reversedirection=yes railway=rail",
            "railway=level_crossing",
            "3823",
            "2115828"
          ],
          [
            "-88866232",
            "41601086",
            "216",
            "2475",
            "1000",
            "0",
            "0",
            "0",
            "0",
            "reversedirection=yes railway=rail",
            "railway=level_crossing",
            "4021",
            "2226678"
          ],
          [
            "-88881509",
            "41598294",
            "212",
            "1312",
            "1000",
            "0",
            "0",
            "0",
            "0",
            "reversedirection=yes railway=rail",
            "railway=unknown",
            "4126",
            "2283945"
          ],
          [
            "-88896260",
            "41595601",
            "215",
            "1267",
            "1000",
            "0",
            "0",
            "0",
            "0",
            "reversedirection=yes railway=rail",
            "railway=level_crossing",
            "4227",
            "2339674"
          ],
          [
            "-88907049",
            "41593621",
            "212",
            "926",
            "1000",
            "0",
            "0",
            "0",
            "0",
            "reversedirection=yes railway=rail",
            "railway=level_crossing",
            "4301",
            "2377981"
          ],
          [
            "-88912875",
            "41592553",
            "209",
            "500",
            "1000",
            "0",
            "0",
            "0",
            "0",
            "reversedirection=yes railway=rail",
            "railway=level_crossing",
            "4341",
            "2399531"
          ],
          [
            "-88920833",
            "41591098",
            "213",
            "683",
            "1000",
            "0",
            "0",
            "0",
            "0",
            "reversedirection=yes railway=rail",
            "railway=level_crossing",
            "4396",
            "2430816"
          ],
          [
            "-88923134",
            "41590675",
            "214",
            "198",
            "1000",
            "0",
            "0",
            "0",
            "0",
            "reversedirection=yes railway=rail",
            "railway=level_crossing",
            "4412",
            "2439782"
          ],
          [
            "-88923258",
            "41590649",
            "213",
            "11",
            "1000",
            "0",
            "0",
            "0",
            "0",
            "reversedirection=yes railway=rail",
            "railway=crossing",
            "4413",
            "2440248"
          ],
          [
            "-88925501",
            "41590239",
            "215",
            "193",
            "1000",
            "0",
            "0",
            "0",
            "0",
            "reversedirection=yes railway=rail",
            "railway=level_crossing",
            "4428",
            "2449731"
          ],
          [
            "-88928312",
            "41589719",
            "215",
            "242",
            "1000",
            "0",
            "0",
            "0",
            "0",
            "reversedirection=yes railway=rail",
            "railway=switch",
            "4447",
            "2460530"
          ],
          [
            "-88929296",
            "41589539",
            "212",
            "84",
            "1000",
            "0",
            "0",
            "0",
            "0",
            "reversedirection=yes railway=rail",
            "railway=unknown",
            "4454",
            "2464107"
          ],
          [
            "-88929439",
            "41589513",
            "211",
            "12",
            "1000",
            "0",
            "0",
            "0",
            "0",
            "reversedirection=yes railway=rail",
            "railway=switch",
            "4455",
            "2464600"
          ],
          [
            "-88930823",
            "41589297",
            "211",
            "118",
            "1000",
            "0",
            "0",
            "0",
            "0",
            "reversedirection=yes railway=rail",
            "railway=switch",
            "4465",
            "2468395"
          ],
          [
            "-88930966",
            "41589273",
            "212",
            "12",
            "1000",
            "0",
            "0",
            "0",
            "0",
            "reversedirection=yes railway=rail",
            "railway=switch",
            "4466",
            "2468775"
          ],
          [
            "-88937874",
            "41588001",
            "213",
            "594",
            "1000",
            "0",
            "0",
            "0",
            "0",
            "reversedirection=yes railway=rail",
            "railway=level_crossing",
            "4513",
            "2494849"
          ],
          [
            "-88957112",
            "41584468",
            "214",
            "1652",
            "1000",
            "0",
            "0",
            "0",
            "0",
            "reversedirection=yes railway=rail",
            "railway=level_crossing",
            "4645",
            "2568835"
          ],
          [
            "-88975550",
            "41581072",
            "216",
            "1584",
            "1000",
            "0",
            "0",
            "0",
            "0",
            "reversedirection=yes railway=rail",
            "railway=unknown",
            "4772",
            "2639611"
          ],
          [
            "-88976413",
            "41580913",
            "216",
            "74",
            "1000",
            "0",
            "0",
            "0",
            "0",
            "reversedirection=yes railway=rail",
            "railway=level_crossing",
            "4778",
            "2642866"
          ],
          [
            "-88995715",
            "41577358",
            "215",
            "1659",
            "1000",
            "0",
            "0",
            "0",
            "0",
            "reversedirection=yes railway=rail",
            "railway=level_crossing",
            "4911",
            "2715172"
          ],
          [
            "-89019589",
            "41572949",
            "220",
            "2051",
            "1000",
            "0",
            "0",
            "0",
            "0",
            "reversedirection=yes railway=rail",
            "railway=level_crossing",
            "5075",
            "2806934"
          ],
          [
            "-89034026",
            "41570282",
            "222",
            "1240",
            "1000",
            "0",
            "0",
            "0",
            "0",
            "reversedirection=yes railway=rail",
            "railway=level_crossing",
            "5174",
            "2863683"
          ],
          [
            "-89039668",
            "41569240",
            "222",
            "485",
            "1000",
            "0",
            "0",
            "0",
            "0",
            "reversedirection=yes railway=rail",
            "railway=switch",
            "5213",
            "2885235"
          ],
          [
            "-89044726",
            "41568306",
            "223",
            "435",
            "1000",
            "0",
            "0",
            "0",
            "0",
            "reversedirection=yes railway=rail",
            "railway=level_crossing",
            "5247",
            "2904806"
          ],
          [
            "-89069297",
            "41563764",
            "222",
            "2111",
            "1000",
            "0",
            "0",
            "0",
            "0",
            "reversedirection=yes railway=rail",
            "railway=unknown",
            "5416",
            "2999208"
          ],
          [
            "-89070011",
            "41563631",
            "222",
            "61",
            "1000",
            "0",
            "0",
            "0",
            "0",
            "reversedirection=yes railway=rail",
            "railway=level_crossing",
            "5421",
            "3001892"
          ],
          [
            "-89076089",
            "41562507",
            "224",
            "522",
            "1000",
            "0",
            "0",
            "0",
            "0",
            "reversedirection=yes railway=rail",
            "railway=switch",
            "5463",
            "3026609"
          ],
          [
            "-89077457",
            "41562210",
            "223",
            "119",
            "1000",
            "0",
            "0",
            "0",
            "0",
            "railway=rail",
            "railway=switch",
            "5472",
            "3031697"
          ],
          [
            "-89077634",
            "41562178",
            "223",
            "15",
            "1000",
            "0",
            "0",
            "0",
            "0",
            "reversedirection=yes railway=rail",
            "railway=switch",
            "5474",
            "3032347"
          ],
          [
            "-89078283",
            "41562056",
            "223",
            "56",
            "1000",
            "0",
            "0",
            "0",
            "0",
            "reversedirection=yes railway=rail",
            "railway=switch",
            "5478",
            "3034598"
          ],
          [
            "-89079684",
            "41561841",
            "224",
            "119",
            "1000",
            "0",
            "0",
            "0",
            "0",
            "reversedirection=yes railway=rail",
            "railway=switch",
            "5488",
            "3040402"
          ],
          [
            "-89089262",
            "41560062",
            "222",
            "823",
            "1000",
            "0",
            "0",
            "0",
            "0",
            "reversedirection=yes railway=rail",
            "railway=level_crossing",
            "5554",
            "3075086"
          ],
          [
            "-89100952",
            "41557895",
            "224",
            "1004",
            "1000",
            "0",
            "0",
            "0",
            "0",
            "reversedirection=yes railway=rail",
            "railway=switch",
            "5634",
            "3118364"
          ],
          [
            "-89108559",
            "41556486",
            "228",
            "654",
            "1000",
            "0",
            "0",
            "0",
            "0",
            "reversedirection=yes railway=rail",
            "railway=level_crossing",
            "5686",
            "3150087"
          ],
          [
            "-89117728",
            "41549984",
            "228",
            "1130",
            "1000",
            "0",
            "0",
            "0",
            "0",
            "reversedirection=yes railway=rail",
            "railway=level_crossing",
            "5777",
            "3202441"
          ],
          [
            "-89117728",
            "41548571",
            "227",
            "157",
            "1000",
            "0",
            "0",
            "0",
            "0",
            "reversedirection=yes railway=rail",
            "railway=unknown",
            "5789",
            "3209295"
          ],
          [
            "-89117870",
            "41547592",
            "228",
            "109",
            "1000",
            "0",
            "0",
            "0",
            "0",
            "reversedirection=yes railway=rail",
            "railway=level_crossing",
            "5798",
            "3214344"
          ],
          [
            "-89118396",
            "41546378",
            "228",
            "143",
            "1000",
            "0",
            "0",
            "0",
            "0",
            "reversedirection=yes railway=rail",
            "railway=level_crossing",
            "5809",
            "3221179"
          ],
          [
            "-89121389",
            "41544182",
            "228",
            "355",
            "1000",
            "0",
            "0",
            "0",
            "0",
            "reversedirection=yes railway=rail",
            "railway=level_crossing",
            "5838",
            "3236535"
          ],
          [
            "-89147923",
            "41529427",
            "226",
            "2755",
            "1000",
            "0",
            "0",
            "0",
            "0",
            "reversedirection=yes railway=rail",
            "railway=unknown",
            "6058",
            "3356030"
          ],
          [
            "-89156414",
            "41524697",
            "226",
            "882",
            "1000",
            "0",
            "0",
            "0",
            "0",
            "reversedirection=yes railway=rail",
            "railway=level_crossing",
            "6129",
            "3394603"
          ],
          [
            "-89166524",
            "41519079",
            "226",
            "1049",
            "1000",
            "0",
            "0",
            "0",
            "0",
            "reversedirection=yes railway=rail",
            "railway=level_crossing",
            "6213",
            "3440528"
          ],
          [
            "-89178962",
            "41512154",
            "226",
            "1292",
            "1000",
            "0",
            "0",
            "0",
            "0",
            "reversedirection=yes railway=rail",
            "railway=level_crossing",
            "6316",
            "3498019"
          ],
          [
            "-89183290",
            "41509742",
            "228",
            "450",
            "1000",
            "0",
            "0",
            "0",
            "0",
            "reversedirection=yes railway=rail",
            "railway=level_crossing",
            "6352",
            "3518903"
          ],
          [
            "-89192425",
            "41504665",
            "227",
            "948",
            "1000",
            "0",
            "0",
            "0",
            "0",
            "reversedirection=yes railway=rail",
            "railway=level_crossing",
            "6428",
            "3559952"
          ],
          [
            "-89208963",
            "41495445",
            "223",
            "1720",
            "1000",
            "0",
            "0",
            "0",
            "0",
            "reversedirection=yes railway=rail",
            "railway=level_crossing",
            "6565",
            "3634503"
          ],
          [
            "-89225396",
            "41486281",
            "227",
            "1709",
            "1000",
            "0",
            "0",
            "0",
            "0",
            "reversedirection=yes railway=rail",
            "railway=unknown",
            "6702",
            "3710556"
          ],
          [
            "-89227853",
            "41484912",
            "228",
            "255",
            "1000",
            "0",
            "0",
            "0",
            "0",
            "reversedirection=yes railway=rail",
            "railway=level_crossing",
            "6722",
            "3722790"
          ],
          [
            "-89234727",
            "41481079",
            "225",
            "715",
            "1000",
            "0",
            "0",
            "0",
            "0",
            "reversedirection=yes railway=rail",
            "railway=level_crossing",
            "6780",
            "3754105"
          ],
          [
            "-89246770",
            "41474347",
            "232",
            "1254",
            "1000",
            "0",
            "0",
            "0",
            "0",
            "reversedirection=yes railway=rail",
            "railway=level_crossing",
            "6880",
            "3810366"
          ],
          [
            "-89248610",
            "41473322",
            "231",
            "191",
            "1000",
            "0",
            "0",
            "0",
            "0",
            "reversedirection=yes railway=rail",
            "railway=level_crossing",
            "6895",
            "3820648"
          ],
          [
            "-89286464",
            "41456059",
            "230",
            "3709",
            "1000",
            "0",
            "0",
            "0",
            "0",
            "reversedirection=yes railway=rail",
            "railway=level_crossing",
            "7192",
            "3985882"
          ],
          [
            "-89297874",
            "41451559",
            "226",
            "1076",
            "1000",
            "0",
            "0",
            "0",
            "0",
            "reversedirection=yes railway=rail",
            "railway=level_crossing",
            "7278",
            "4029016"
          ],
          [
            "-89307231",
            "41447855",
            "224",
            "884",
            "1000",
            "0",
            "0",
            "0",
            "0",
            "reversedirection=yes railway=rail",
            "railway=unknown",
            "7349",
            "4066354"
          ],
          [
            "-89312631",
            "41445718",
            "227",
            "510",
            "1000",
            "0",
            "0",
            "0",
            "0",
            "reversedirection=yes railway=rail",
            "railway=switch",
            "7390",
            "4088688"
          ],
          [
            "-89313832",
            "41445198",
            "225",
            "116",
            "1000",
            "0",
            "0",
            "0",
            "0",
            "reversedirection=yes railway=rail",
            "railway=switch",
            "7399",
            "4092949"
          ],
          [
            "-89313964",
            "41445146",
            "225",
            "12",
            "1000",
            "0",
            "0",
            "0",
            "0",
            "reversedirection=yes railway=rail",
            "railway=switch",
            "7400",
            "4093433"
          ],
          [
            "-89315212",
            "41444696",
            "224",
            "116",
            "1000",
            "0",
            "0",
            "0",
            "0",
            "reversedirection=yes railway=rail",
            "railway=switch",
            "7409",
            "4097241"
          ],
          [
            "-89315831",
            "41444451",
            "223",
            "58",
            "1000",
            "0",
            "0",
            "0",
            "0",
            "reversedirection=yes railway=rail",
            "railway=level_crossing",
            "7414",
            "4099319"
          ],
          [
            "-89325624",
            "41440585",
            "225",
            "924",
            "1000",
            "0",
            "0",
            "0",
            "0",
            "reversedirection=yes railway=rail",
            "railway=level_crossing",
            "7488",
            "4141168"
          ],
          [
            "-89341030",
            "41434485",
            "218",
            "1455",
            "1000",
            "0",
            "0",
            "0",
            "0",
            "reversedirection=yes railway=rail",
            "railway=level_crossing",
            "7604",
            "4201856"
          ],
          [
            "-89345220",
            "41432832",
            "215",
            "395",
            "1000",
            "0",
            "0",
            "0",
            "0",
            "reversedirection=yes railway=rail",
            "railway=level_crossing",
            "7636",
            "4216632"
          ],
          [
            "-89364645",
            "41425137",
            "213",
            "1834",
            "1000",
            "0",
            "0",
            "0",
            "0",
            "reversedirection=yes railway=rail",
            "railway=level_crossing",
            "7782",
            "4289745"
          ],
          [
            "-89368514",
            "41423608",
            "214",
            "365",
            "1000",
            "0",
            "0",
            "0",
            "0",
            "reversedirection=yes railway=rail",
            "railway=crossing",
            "7812",
            "4306660"
          ],
          [
            "-89370421",
            "41422851",
            "214",
            "180",
            "1000",
            "0",
            "0",
            "0",
            "0",
            "reversedirection=yes railway=rail",
            "railway=level_crossing",
            "7826",
            "4314781"
          ],
          [
            "-89375168",
            "41420976",
            "214",
            "448",
            "1000",
            "0",
            "0",
            "0",
            "0",
            "reversedirection=yes railway=rail",
            "railway=level_crossing",
            "7862",
            "4334744"
          ],
          [
            "-89376983",
            "41420256",
            "213",
            "171",
            "1000",
            "0",
            "0",
            "0",
            "0",
            "reversedirection=yes railway=rail",
            "railway=switch",
            "7875",
            "4343534"
          ],
          [
            "-89386974",
            "41416294",
            "211",
            "944",
            "1000",
            "0",
            "0",
            "0",
            "0",
            "reversedirection=yes railway=rail",
            "railway=level_crossing",
            "7951",
            "4383129"
          ],
          [
            "-89392507",
            "41414101",
            "214",
            "523",
            "1000",
            "0",
            "0",
            "0",
            "0",
            "reversedirection=yes railway=rail",
            "railway=unknown",
            "7993",
            "4408767"
          ],
          [
            "-89393569",
            "41413680",
            "215",
            "100",
            "1000",
            "0",
            "0",
            "0",
            "0",
            "reversedirection=yes railway=rail",
            "railway=level_crossing",
            "8001",
            "4413872"
          ],
          [
            "-89408961",
            "41407579",
            "219",
            "1454",
            "1000",
            "0",
            "0",
            "0",
            "0",
            "reversedirection=yes railway=rail",
            "railway=level_crossing",
            "8117",
            "4479342"
          ],
          [
            "-89460361",
            "41387154",
            "214",
            "4860",
            "1000",
            "0",
            "0",
            "0",
            "0",
            "reversedirection=yes railway=rail",
            "railway=level_crossing",
            "8506",
            "4693552"
          ],
          [
            "-89465102",
            "41385599",
            "212",
            "435",
            "1000",
            "0",
            "0",
            "0",
            "0",
            "reversedirection=yes railway=rail",
            "railway=level_crossing",
            "8541",
            "4709536"
          ],
          [
            "-89466796",
            "41385414",
            "211",
            "143",
            "1000",
            "0",
            "0",
            "0",
            "0",
            "reversedirection=yes railway=rail",
            "railway=crossing",
            "8552",
            "4714570"
          ],
          [
            "-89466870",
            "41385408",
            "211",
            "6",
            "1000",
            "0",
            "0",
            "0",
            "0",
            "reversedirection=yes railway=rail",
            "railway=unknown",
            "8553",
            "4714795"
          ],
          [
            "-89467844",
            "41385322",
            "210",
            "68",
            "1000",
            "0",
            "0",
            "0",
            "0",
            "reversedirection=yes railway=rail",
            "",
            "8558",
            "4716930"
          ],
          [
            "-89474142",
            "41386129",
            "206",
            "556",
            "1000",
            "0",
            "0",
            "0",
            "0",
            "reversedirection=yes railway=rail",
            "railway=level_crossing",
            "44",
            "21980"
          ],
          [
            "-89478545",
            "41387435",
            "206",
            "396",
            "1000",
            "0",
            "0",
            "0",
            "0",
            "reversedirection=yes railway=rail",
            "railway=unknown",
            "76",
            "38362"
          ],
          [
            "-89482854",
            "41388713",
            "204",
            "388",
            "1000",
            "0",
            "0",
            "0",
            "0",
            "reversedirection=yes railway=rail",
            "railway=level_crossing",
            "107",
            "54112"
          ],
          [
            "-89494482",
            "41392157",
            "204",
            "1046",
            "1000",
            "0",
            "0",
            "0",
            "0",
            "reversedirection=yes railway=rail",
            "railway=level_crossing",
            "190",
            "99651"
          ],
          [
            "-89520096",
            "41387244",
            "204",
            "2311",
            "1000",
            "0",
            "0",
            "0",
            "0",
            "reversedirection=yes railway=rail",
            "railway=level_crossing",
            "375",
            "200486"
          ],
          [
            "-89540974",
            "41379696",
            "201",
            "1938",
            "1000",
            "0",
            "0",
            "0",
            "0",
            "reversedirection=yes railway=rail",
            "railway=level_crossing",
            "530",
            "285292"
          ],
          [
            "-89548818",
            "41376862",
            "201",
            "728",
            "1000",
            "0",
            "0",
            "0",
            "0",
            "reversedirection=yes railway=rail",
            "railway=level_crossing",
            "589",
            "317314"
          ],
          [
            "-89558392",
            "41373399",
            "200",
            "889",
            "1000",
            "0",
            "0",
            "0",
            "0",
            "reversedirection=yes railway=rail",
            "railway=level_crossing",
            "660",
            "355317"
          ],
          [
            "-89566607",
            "41370429",
            "201",
            "763",
            "1000",
            "0",
            "0",
            "0",
            "0",
            "reversedirection=yes railway=rail",
            "railway=unknown",
            "721",
            "389977"
          ],
          [
            "-89580853",
            "41365259",
            "200",
            "1323",
            "1000",
            "0",
            "0",
            "0",
            "0",
            "reversedirection=yes railway=rail",
            "railway=level_crossing",
            "827",
            "444416"
          ],
          [
            "-89583691",
            "41364238",
            "202",
            "263",
            "1000",
            "0",
            "0",
            "0",
            "0",
            "reversedirection=yes railway=rail",
            "railway=level_crossing",
            "848",
            "458033"
          ],
          [
            "-89584439",
            "41363965",
            "202",
            "70",
            "1000",
            "0",
            "0",
            "0",
            "0",
            "reversedirection=yes railway=rail",
            "railway=switch",
            "853",
            "462415"
          ],
          [
            "-89601451",
            "41357317",
            "195",
            "1608",
            "1000",
            "0",
            "0",
            "0",
            "0",
            "reversedirection=yes railway=rail",
            "railway=level_crossing",
            "982",
            "528156"
          ],
          [
            "-89610550",
            "41352832",
            "194",
            "910",
            "1000",
            "0",
            "0",
            "0",
            "0",
            "reversedirection=yes railway=rail",
            "railway=level_crossing",
            "1055",
            "567388"
          ],
          [
            "-89626973",
            "41344842",
            "204",
            "1637",
            "1000",
            "0",
            "0",
            "0",
            "0",
            "reversedirection=yes railway=rail",
            "railway=level_crossing",
            "1186",
            "645755"
          ],
          [
            "-89635624",
            "41343366",
            "213",
            "750",
            "1000",
            "0",
            "0",
            "0",
            "0",
            "reversedirection=yes railway=rail",
            "railway=level_crossing",
            "1246",
            "685006"
          ],
          [
            "-89646927",
            "41341298",
            "218",
            "987",
            "1000",
            "0",
            "0",
            "0",
            "0",
            "reversedirection=yes railway=rail",
            "railway=level_crossing",
            "1325",
            "733941"
          ],
          [
            "-89652431",
            "41339304",
            "219",
            "511",
            "1000",
            "0",
            "0",
            "0",
            "0",
            "reversedirection=yes railway=rail",
            "railway=unknown",
            "1365",
            "757471"
          ],
          [
            "-89663103",
            "41336040",
            "224",
            "967",
            "1000",
            "0",
            "0",
            "0",
            "0",
            "reversedirection=yes railway=rail",
            "railway=level_crossing",
            "1443",
            "808002"
          ],
          [
            "-89677546",
            "41327275",
            "229",
            "1636",
            "1000",
            "0",
            "0",
            "0",
            "0",
            "reversedirection=yes railway=rail",
            "railway=switch",
            "1574",
            "886589"
          ],
          [
            "-89677911",
            "41326753",
            "230",
            "66",
            "1000",
            "0",
            "0",
            "0",
            "0",
            "reversedirection=yes railway=rail",
            "railway=level_crossing",
            "1579",
            "888721"
          ],
          [
            "-89678007",
            "41326618",
            "231",
            "17",
            "1000",
            "0",
            "0",
            "0",
            "0",
            "reversedirection=yes railway=rail",
            "railway=switch",
            "1580",
            "889409"
          ],
          [
            "-89678627",
            "41325650",
            "232",
            "119",
            "1000",
            "0",
            "0",
            "0",
            "0",
            "reversedirection=yes railway=rail",
            "railway=switch",
            "1590",
            "895186"
          ],
          [
            "-89732043",
            "41302860",
            "230",
            "5229",
            "1000",
            "0",
            "0",
            "0",
            "0",
            "reversedirection=yes railway=rail",
            "railway=level_crossing",
            "2008",
            "1120273"
          ],
          [
            "-89732224",
            "41302859",
            "230",
            "15",
            "1000",
            "0",
            "0",
            "0",
            "0",
            "reversedirection=yes railway=rail",
            "railway=unknown",
            "2009",
            "1121004"
          ],
          [
            "-89750461",
            "41303703",
            "239",
            "1529",
            "1000",
            "0",
            "0",
            "0",
            "0",
            "reversedirection=yes railway=rail",
            "railway=level_crossing",
            "2132",
            "1196642"
          ],
          [
            "-89769798",
            "41304006",
            "242",
            "1622",
            "1000",
            "0",
            "0",
            "0",
            "0",
            "reversedirection=yes railway=rail",
            "railway=level_crossing",
            "2261",
            "1273357"
          ],
          [
            "-89785501",
            "41300049",
            "249",
            "1393",
            "1000",
            "0",
            "0",
            "0",
            "0",
            "reversedirection=yes railway=rail",
            "railway=switch",
            "2373",
            "1340731"
          ],
          [
            "-89788877",
            "41298769",
            "253",
            "317",
            "1000",
            "0",
            "0",
            "0",
            "0",
            "reversedirection=yes railway=rail",
            "railway=level_crossing",
            "2398",
            "1355317"
          ],
          [
            "-89790808",
            "41298038",
            "253",
            "181",
            "1000",
            "0",
            "0",
            "0",
            "0",
            "reversedirection=yes railway=rail",
            "railway=level_crossing",
            "2413",
            "1363671"
          ],
          [
            "-89799558",
            "41294723",
            "249",
            "820",
            "1000",
            "0",
            "0",
            "0",
            "0",
            "reversedirection=yes railway=rail",
            "railway=level_crossing",
            "2478",
            "1398761"
          ],
          [
            "-89807698",
            "41291644",
            "249",
            "763",
            "1000",
            "0",
            "0",
            "0",
            "0",
            "reversedirection=yes railway=rail",
            "railway=level_crossing",
            "2539",
            "1432052"
          ],
          [
            "-89811799",
            "41290088",
            "248",
            "385",
            "1000",
            "0",
            "0",
            "0",
            "0",
            "reversedirection=yes railway=rail",
            "railway=level_crossing",
            "2570",
            "1448122"
          ],
          [
            "-89818500",
            "41287556",
            "246",
            "628",
            "1000",
            "0",
            "0",
            "0",
            "0",
            "reversedirection=yes railway=rail",
            "railway=level_crossing",
            "2620",
            "1473964"
          ],
          [
            "-89822804",
            "41285920",
            "242",
            "404",
            "1000",
            "0",
            "0",
            "0",
            "0",
            "reversedirection=yes railway=rail",
            "railway=unknown",
            "2653",
            "1491080"
          ],
          [
            "-89825875",
            "41284757",
            "243",
            "288",
            "1000",
            "0",
            "0",
            "0",
            "0",
            "reversedirection=yes railway=rail",
            "railway=level_crossing",
            "2676",
            "1502487"
          ],
          [
            "-89838017",
            "41280163",
            "246",
            "1138",
            "1000",
            "0",
            "0",
            "0",
            "0",
            "reversedirection=yes railway=rail",
            "railway=level_crossing",
            "2767",
            "1554895"
          ],
          [
            "-89857219",
            "41272877",
            "247",
            "1801",
            "1000",
            "0",
            "0",
            "0",
            "0",
            "reversedirection=yes railway=rail",
            "railway=level_crossing",
            "2911",
            "1634775"
          ],
          [
            "-89869192",
            "41268335",
            "248",
            "1123",
            "1000",
            "0",
            "0",
            "0",
            "0",
            "reversedirection=yes railway=rail",
            "railway=level_crossing",
            "3001",
            "1685494"
          ],
          [
            "-89875150",
            "41266076",
            "247",
            "559",
            "1000",
            "0",
            "0",
            "0",
            "0",
            "reversedirection=yes railway=rail",
            "railway=switch",
            "3045",
            "1709203"
          ],
          [
            "-89881487",
            "41263666",
            "247",
            "595",
            "1000",
            "0",
            "0",
            "0",
            "0",
            "reversedirection=yes railway=rail",
            "railway=level_crossing",
            "3093",
            "1735150"
          ],
          [
            "-89900341",
            "41256511",
            "248",
            "1769",
            "1000",
            "0",
            "0",
            "0",
            "0",
            "reversedirection=yes railway=rail",
            "railway=switch",
            "3235",
            "1813622"
          ],
          [
            "-89908421",
            "41253438",
            "251",
            "758",
            "1000",
            "0",
            "0",
            "0",
            "0",
            "reversedirection=yes railway=rail",
            "railway=unknown",
            "3295",
            "1849387"
          ],
          [
            "-89909339",
            "41253088",
            "253",
            "86",
            "1000",
            "0",
            "0",
            "0",
            "0",
            "reversedirection=yes railway=rail",
            "railway=level_crossing",
            "3302",
            "1854318"
          ],
          [
            "-89912383",
            "41251944",
            "252",
            "285",
            "1000",
            "0",
            "0",
            "0",
            "0",
            "reversedirection=yes railway=rail",
            "railway=switch",
            "3325",
            "1867231"
          ],
          [
            "-89924872",
            "41247199",
            "259",
            "1172",
            "1000",
            "0",
            "0",
            "0",
            "0",
            "reversedirection=yes railway=rail",
            "railway=level_crossing",
            "3419",
            "1921742"
          ],
          [
            "-89926391",
            "41246616",
            "261",
            "143",
            "1000",
            "0",
            "0",
            "0",
            "0",
            "reversedirection=yes railway=rail",
            "railway=level_crossing",
            "3430",
            "1929827"
          ],
          [
            "-89927628",
            "41246146",
            "259",
            "116",
            "1000",
            "0",
            "0",
            "0",
            "0",
            "reversedirection=yes railway=rail",
            "railway=unknown",
            "3439",
            "1935772"
          ],
          [
            "-89930736",
            "41244965",
            "260",
            "292",
            "1000",
            "0",
            "0",
            "0",
            "0",
            "reversedirection=yes railway=rail",
            "railway=level_crossing",
            "3463",
            "1949815"
          ],
          [
            "-89933629",
            "41243866",
            "259",
            "271",
            "1000",
            "0",
            "0",
            "0",
            "0",
            "reversedirection=yes railway=rail",
            "railway=level_crossing",
            "3484",
            "1960974"
          ],
          [
            "-89935989",
            "41242968",
            "262",
            "222",
            "1000",
            "0",
            "0",
            "0",
            "0",
            "reversedirection=yes railway=rail",
            "railway=level_crossing",
            "3502",
            "1972855"
          ],
          [
            "-89939887",
            "41241484",
            "263",
            "366",
            "1000",
            "0",
            "0",
            "0",
            "0",
            "reversedirection=yes railway=rail",
            "railway=level_crossing",
            "3531",
            "1990280"
          ],
          [
            "-89943382",
            "41240049",
            "264",
            "333",
            "1000",
            "0",
            "0",
            "0",
            "0",
            "reversedirection=yes railway=rail",
            "railway=level_crossing",
            "3558",
            "2005693"
          ],
          [
            "-89955363",
            "41229585",
            "263",
            "1542",
            "1000",
            "0",
            "0",
            "0",
            "0",
            "reversedirection=yes railway=rail",
            "railway=level_crossing",
            "3681",
            "2072346"
          ],
          [
            "-89959190",
            "41225803",
            "259",
            "528",
            "1000",
            "0",
            "0",
            "0",
            "0",
            "reversedirection=yes railway=rail",
            "railway=switch",
            "3724",
            "2094692"
          ],
          [
            "-89962753",
            "41222276",
            "258",
            "493",
            "1000",
            "0",
            "0",
            "0",
            "0",
            "reversedirection=yes railway=rail",
            "railway=level_crossing",
            "3763",
            "2115934"
          ],
          [
            "-89964737",
            "41220318",
            "257",
            "274",
            "1000",
            "0",
            "0",
            "0",
            "0",
            "reversedirection=yes railway=rail",
            "railway=level_crossing",
            "3785",
            "2127157"
          ],
          [
            "-89978634",
            "41206572",
            "257",
            "1920",
            "1000",
            "0",
            "0",
            "0",
            "0",
            "reversedirection=yes railway=rail",
            "railway=unknown",
            "3939",
            "2209124"
          ],
          [
            "-89984018",
            "41201242",
            "258",
            "744",
            "1000",
            "0",
            "0",
            "0",
            "0",
            "reversedirection=yes railway=rail",
            "railway=level_crossing",
            "3998",
            "2242731"
          ],
          [
            "-89992209",
            "41193133",
            "256",
            "1133",
            "1000",
            "0",
            "0",
            "0",
            "0",
            "reversedirection=yes railway=rail",
            "railway=level_crossing",
            "4089",
            "2290360"
          ],
          [
            "-90022793",
            "41175601",
            "253",
            "3256",
            "1000",
            "0",
            "0",
            "0",
            "0",
            "reversedirection=yes railway=rail",
            "railway=level_crossing",
            "4349",
            "2428278"
          ],
          [
            "-90024792",
            "41174714",
            "254",
            "195",
            "1000",
            "0",
            "0",
            "0",
            "0",
            "reversedirection=yes railway=rail",
            "railway=switch",
            "4365",
            "2437612"
          ],
          [
            "-90026175",
            "41174016",
            "254",
            "140",
            "1000",
            "0",
            "0",
            "0",
            "0",
            "railway=rail",
            "railway=switch",
            "4376",
            "2444885"
          ],
          [
            "-90026576",
            "41173836",
            "254",
            "39",
            "1000",
            "0",
            "0",
            "0",
            "0",
            "railway=rail",
            "railway=switch",
            "4379",
            "2447208"
          ],
          [
            "-90028053",
            "41173261",
            "256",
            "139",
            "1000",
            "0",
            "0",
            "0",
            "0",
            "railway=rail",
            "railway=switch",
            "4390",
            "2455097"
          ],
          [
            "-90030846",
            "41172012",
            "255",
            "272",
            "1000",
            "0",
            "0",
            "0",
            "0",
            "reversedirection=yes railway=rail",
            "railway=level_crossing",
            "4412",
            "2467210"
          ],
          [
            "-90034894",
            "41170210",
            "257",
            "394",
            "1000",
            "0",
            "0",
            "0",
            "0",
            "reversedirection=yes railway=rail",
            "railway=level_crossing",
            "4444",
            "2486715"
          ],
          [
            "-90039870",
            "41167992",
            "258",
            "485",
            "1000",
            "0",
            "0",
            "0",
            "0",
            "reversedirection=yes railway=rail",
            "railway=level_crossing",
            "4482",
            "2508967"
          ],
          [
            "-90041006",
            "41167488",
            "261",
            "111",
            "1000",
            "0",
            "0",
            "0",
            "0",
            "reversedirection=yes railway=rail",
            "railway=switch",
            "4491",
            "2513854"
          ],
          [
            "-90041921",
            "41167081",
            "260",
            "89",
            "1000",
            "0",
            "0",
            "0",
            "0",
            "reversedirection=yes railway=rail",
            "railway=level_crossing",
            "4498",
            "2518681"
          ],
          [
            "-90045532",
            "41165464",
            "261",
            "352",
            "1000",
            "0",
            "0",
            "0",
            "0",
            "reversedirection=yes railway=rail",
            "railway=level_crossing",
            "4527",
            "2535208"
          ],
          [
            "-90046530",
            "41165020",
            "260",
            "97",
            "1000",
            "0",
            "0",
            "0",
            "0",
            "reversedirection=yes railway=rail",
            "railway=switch",
            "4534",
            "2539358"
          ],
          [
            "-90047136",
            "41164751",
            "261",
            "59",
            "1000",
            "0",
            "0",
            "0",
            "0",
            "reversedirection=yes railway=rail",
            "railway=level_crossing",
            "4539",
            "2542118"
          ],
          [
            "-90049218",
            "41163821",
            "264",
            "203",
            "1000",
            "0",
            "0",
            "0",
            "0",
            "reversedirection=yes railway=rail",
            "railway=switch",
            "4555",
            "2553334"
          ],
          [
            "-90049652",
            "41163628",
            "262",
            "42",
            "1000",
            "0",
            "0",
            "0",
            "0",
            "reversedirection=yes railway=rail",
            "railway=level_crossing",
            "4559",
            "2554694"
          ],
          [
            "-90052828",
            "41162210",
            "254",
            "310",
            "1000",
            "0",
            "0",
            "0",
            "0",
            "reversedirection=yes railway=rail",
            "railway=unknown",
            "4583",
            "2563856"
          ],
          [
            "-90073870",
            "41152817",
            "246",
            "2051",
            "1000",
            "0",
            "0",
            "0",
            "0",
            "reversedirection=yes railway=rail",
            "railway=level_crossing",
            "4748",
            "2646574"
          ],
          [
            "-90096471",
            "41142725",
            "242",
            "2204",
            "1000",
            "0",
            "0",
            "0",
            "0",
            "reversedirection=yes railway=rail",
            "railway=level_crossing",
            "4924",
            "2737329"
          ],
          [
            "-90112497",
            "41135557",
            "236",
            "1563",
            "1000",
            "0",
            "0",
            "0",
            "0",
            "reversedirection=yes railway=rail",
            "railway=level_crossing",
            "5049",
            "2803438"
          ],
          [
            "-90134794",
            "41125582",
            "234",
            "2175",
            "1000",
            "0",
            "0",
            "0",
            "0",
            "reversedirection=yes railway=rail",
            "railway=level_crossing",
            "5223",
            "2897340"
          ],
          [
            "-90135488",
            "41125273",
            "234",
            "68",
            "1000",
            "0",
            "0",
            "0",
            "0",
            "reversedirection=yes railway=rail",
            "railway=unknown",
            "5228",
            "2899133"
          ],
          [
            "-90152239",
            "41117772",
            "226",
            "1634",
            "1000",
            "0",
            "0",
            "0",
            "0",
            "reversedirection=yes railway=rail",
            "railway=level_crossing",
            "5359",
            "2964919"
          ],
          [
            "-90159721",
            "41114394",
            "231",
            "732",
            "1000",
            "0",
            "0",
            "0",
            "0",
            "reversedirection=yes railway=rail",
            "railway=level_crossing",
            "5418",
            "2997918"
          ],
          [
            "-90161462",
            "41113429",
            "233",
            "181",
            "1000",
            "0",
            "0",
            "0",
            "0",
            "reversedirection=yes railway=rail",
            "railway=level_crossing",
            "5432",
            "3008274"
          ],
          [
            "-90162243",
            "41112945",
            "236",
            "85",
            "1000",
            "0",
            "0",
            "0",
            "0",
            "reversedirection=yes railway=rail",
            "railway=switch",
            "5439",
            "3012078"
          ],
          [
            "-90164051",
            "41111828",
            "231",
            "196",
            "1000",
            "0",
            "0",
            "0",
            "0",
            "reversedirection=yes railway=rail",
            "railway=level_crossing",
            "5455",
            "3019604"
          ],
          [
            "-90202210",
            "41088316",
            "233",
            "4133",
            "1000",
            "0",
            "0",
            "0",
            "0",
            "reversedirection=yes railway=rail",
            "railway=level_crossing",
            "5785",
            "3203202"
          ],
          [
            "-90212254",
            "41082129",
            "240",
            "1089",
            "1000",
            "0",
            "0",
            "0",
            "0",
            "reversedirection=yes railway=rail",
            "railway=unknown",
            "5872",
            "3254412"
          ],
          [
            "-90213176",
            "41081560",
            "241",
            "100",
            "1000",
            "0",
            "0",
            "0",
            "0",
            "reversedirection=yes railway=rail",
            "railway=signal",
            "5880",
            "3259230"
          ],
          [
            "-90213187",
            "41081553",
            "241",
            "1",
            "1000",
            "0",
            "0",
            "0",
            "0",
            "reversedirection=yes railway=rail",
            "railway=signal",
            "5880",
            "3259276"
          ],
          [
            "-90222013",
            "41076108",
            "247",
            "957",
            "1000",
            "0",
            "0",
            "0",
            "0",
            "reversedirection=yes railway=rail",
            "railway=level_crossing",
            "5957",
            "3307302"
          ],
          [
            "-90223377",
            "41075273",
            "247",
            "147",
            "1000",
            "0",
            "0",
            "0",
            "0",
            "reversedirection=yes railway=rail",
            "railway=crossing",
            "5969",
            "3315335"
          ],
          [
            "-90224894",
            "41074332",
            "247",
            "165",
            "1000",
            "0",
            "0",
            "0",
            "0",
            "reversedirection=yes railway=rail",
            "railway=level_crossing",
            "5982",
            "3322970"
          ],
          [
            "-90226566",
            "41073299",
            "248",
            "181",
            "1000",
            "0",
            "0",
            "0",
            "0",
            "reversedirection=yes railway=rail",
            "railway=crossing",
            "5996",
            "3331745"
          ],
          [
            "-90227083",
            "41072980",
            "247",
            "56",
            "1000",
            "0",
            "0",
            "0",
            "0",
            "reversedirection=yes railway=rail",
            "railway=unknown",
            "6001",
            "3334182"
          ],
          [
            "-90241688",
            "41063900",
            "245",
            "1589",
            "1000",
            "0",
            "0",
            "0",
            "0",
            "reversedirection=yes railway=rail",
            "railway=unknown",
            "6128",
            "3401906"
          ],
          [
            "-90250854",
            "41055743",
            "250",
            "1191",
            "1000",
            "0",
            "0",
            "0",
            "0",
            "reversedirection=yes railway=rail",
            "railway=level_crossing",
            "6223",
            "3456191"
          ],
          [
            "-90252251",
            "41054365",
            "248",
            "193",
            "1000",
            "0",
            "0",
            "0",
            "0",
            "reversedirection=yes railway=rail",
            "railway=signal",
            "6239",
            "3465258"
          ],
          [
            "-90252257",
            "41054358",
            "248",
            "1",
            "1000",
            "0",
            "0",
            "0",
            "0",
            "reversedirection=yes railway=rail",
            "railway=signal",
            "6239",
            "3465303"
          ],
          [
            "-90253696",
            "41052938",
            "249",
            "199",
            "1000",
            "0",
            "0",
            "0",
            "0",
            "reversedirection=yes railway=rail",
            "railway=unknown",
            "6255",
            "3474902"
          ],
          [
            "-90262170",
            "41044575",
            "250",
            "1171",
            "1000",
            "0",
            "0",
            "0",
            "0",
            "reversedirection=yes railway=rail",
            "railway=level_crossing",
            "6348",
            "3527646"
          ],
          [
            "-90265626",
            "41041163",
            "249",
            "477",
            "1000",
            "0",
            "0",
            "0",
            "0",
            "reversedirection=yes railway=rail",
            "railway=unknown",
            "6387",
            "3547533"
          ],
          [
            "-90276769",
            "41030164",
            "252",
            "1539",
            "1000",
            "0",
            "0",
            "0",
            "0",
            "reversedirection=yes railway=rail",
            "railway=switch",
            "6510",
            "3614983"
          ],
          [
            "-90277156",
            "41029783",
            "252",
            "53",
            "1000",
            "0",
            "0",
            "0",
            "0",
            "reversedirection=yes railway=rail",
            "railway=unknown",
            "6514",
            "3617411"
          ],
          [
            "-90280434",
            "41026550",
            "253",
            "453",
            "1000",
            "0",
            "0",
            "0",
            "0",
            "reversedirection=yes railway=rail",
            "railway=crossing",
            "6550",
            "3638127"
          ],
          [
            "-90281614",
            "41025385",
            "253",
            "163",
            "1000",
            "0",
            "0",
            "0",
            "0",
            "reversedirection=yes railway=rail",
            "railway=switch",
            "6563",
            "3645836"
          ],
          [
            "-90281706",
            "41025292",
            "253",
            "13",
            "1000",
            "0",
            "0",
            "0",
            "0",
            "reversedirection=yes railway=rail",
            "railway=level_crossing",
            "6564",
            "3646720"
          ],
          [
            "-90282205",
            "41024799",
            "252",
            "69",
            "1000",
            "0",
            "0",
            "0",
            "0",
            "reversedirection=yes railway=rail",
            "railway=switch",
            "6570",
            "3650545"
          ],
          [
            "-90288542",
            "41018543",
            "252",
            "876",
            "1000",
            "0",
            "0",
            "0",
            "0",
            "reversedirection=yes railway=rail",
            "railway=unknown",
            "6640",
            "3689209"
          ],
          [
            "-90299928",
            "41007291",
            "253",
            "1574",
            "1000",
            "0",
            "0",
            "0",
            "0",
            "reversedirection=yes railway=rail",
            "railway=unknown",
            "6766",
            "3759766"
          ],
          [
            "-90301834",
            "41005409",
            "252",
            "263",
            "1000",
            "0",
            "0",
            "0",
            "0",
            "reversedirection=yes railway=rail",
            "railway=level_crossing",
            "6787",
            "3770310"
          ],
          [
            "-90311284",
            "40996047",
            "253",
            "1308",
            "1000",
            "0",
            "0",
            "0",
            "0",
            "reversedirection=yes railway=rail",
            "railway=unknown",
            "6891",
            "3828426"
          ],
          [
            "-90323859",
            "40983616",
            "248",
            "1739",
            "1000",
            "0",
            "0",
            "0",
            "0",
            "reversedirection=yes railway=rail",
            "railway=unknown",
            "7031",
            "3903592"
          ],
          [
            "-90325798",
            "40981699",
            "247",
            "268",
            "1000",
            "0",
            "0",
            "0",
            "0",
            "reversedirection=yes railway=rail",
            "railway=switch",
            "7052",
            "3914146"
          ],
          [
            "-90326870",
            "40980703",
            "246",
            "143",
            "1000",
            "0",
            "0",
            "0",
            "0",
            "reversedirection=yes railway=rail",
            "railway=switch",
            "7063",
            "3919695"
          ],
          [
            "-90327110",
            "40980465",
            "246",
            "33",
            "1000",
            "0",
            "0",
            "0",
            "0",
            "reversedirection=yes railway=rail",
            "railway=level_crossing",
            "7066",
            "3921081"
          ],
          [
            "-90335534",
            "40972141",
            "244",
            "1166",
            "1000",
            "0",
            "0",
            "0",
            "0",
            "reversedirection=yes railway=rail",
            "railway=unknown",
            "7159",
            "3968063"
          ],
          [
            "-90345708",
            "40962084",
            "238",
            "1408",
            "1000",
            "0",
            "0",
            "0",
            "0",
            "reversedirection=yes railway=rail",
            "",
            "7272",
            "4024523"
          ],
          [
            "-90347257",
            "40960552",
            "238",
            "215",
            "1000",
            "0",
            "0",
            "0",
            "0",
            "railway=rail",
            "railway=unknown",
            "7289",
            "4033727"
          ],
          [
            "-90352582",
            "40955288",
            "235",
            "736",
            "1000",
            "0",
            "0",
            "0",
            "0",
            "railway=rail",
            "",
            "7348",
            "4064354"
          ],
          [
            "-90352984",
            "40954884",
            "235",
            "56",
            "1000",
            "0",
            "0",
            "0",
            "0",
            "reversedirection=yes railway=rail",
            "",
            "7353",
            "4066779"
          ],
          [
            "-90353198",
            "40954676",
            "235",
            "29",
            "1000",
            "0",
            "0",
            "0",
            "0",
            "railway=rail",
            "",
            "7355",
            "4067986"
          ],
          [
            "-90355484",
            "40952420",
            "234",
            "316",
            "1000",
            "0",
            "0",
            "0",
            "0",
            "reversedirection=yes railway=rail",
            "",
            "7380",
            "4080422"
          ],
          [
            "-90355636",
            "40952267",
            "234",
            "21",
            "1000",
            "0",
            "0",
            "0",
            "0",
            "railway=rail",
            "",
            "7382",
            "4081375"
          ],
          [
            "-90356247",
            "40951654",
            "236",
            "85",
            "1000",
            "0",
            "0",
            "0",
            "0",
            "reversedirection=yes railway=rail",
            "railway=switch",
            "7389",
            "4086071"
          ],
          [
            "-90358468",
            "40949458",
            "237",
            "307",
            "1000",
            "0",
            "0",
            "0",
            "0",
            "reversedirection=yes railway=rail",
            "railway=switch",
            "7413",
            "4101012"
          ],
          [
            "-90358565",
            "40949361",
            "237",
            "14",
            "1000",
            "0",
            "0",
            "0",
            "0",
            "reversedirection=yes railway=rail",
            "railway=unknown",
            "7414",
            "4101677"
          ],
          [
            "-90359176",
            "40948755",
            "238",
            "85",
            "1000",
            "0",
            "0",
            "0",
            "0",
            "reversedirection=yes railway=rail",
            "railway=switch",
            "7421",
            "4105985"
          ],
          [
            "-90362382",
            "40945623",
            "238",
            "440",
            "1000",
            "0",
            "0",
            "0",
            "0",
            "reversedirection=yes railway=rail",
            "railway=level_crossing",
            "7456",
            "4125922"
          ],
          [
            "-90362612",
            "40945394",
            "238",
            "32",
            "1000",
            "0",
            "0",
            "0",
            "0",
            "reversedirection=yes railway=rail",
            "",
            "7459",
            "4127467"
          ],
          [
            "-90363592",
            "40944422",
            "239",
            "136",
            "1000",
            "0",
            "0",
            "0",
            "0",
            "railway=rail",
            "railway=unknown",
            "7470",
            "4134049"
          ],
          [
            "-90364736",
            "40943301",
            "239",
            "64",
            "1000",
            "0",
            "0",
            "0",
            "0",
            "railway=rail",
            "",
            "7475",
            "4136962"
          ],
          [
            "-90365516",
            "40942482",
            "238",
            "206",
            "1000",
            "0",
            "0",
            "0",
            "0",
            "railway=rail",
            "railway=switch",
            "16",
            "8510"
          ],
          [
            "-90365605",
            "40942392",
            "238",
            "12",
            "1000",
            "0",
            "0",
            "0",
            "0",
            "railway=rail",
            "railway=switch",
            "17",
            "8975"
          ],
          [
            "-90366254",
            "40941675",
            "238",
            "97",
            "1000",
            "0",
            "0",
            "0",
            "0",
            "reversedirection=yes railway=rail",
            "railway=switch",
            "25",
            "12937"
          ],
          [
            "-90366366",
            "40941564",
            "238",
            "16",
            "1000",
            "0",
            "0",
            "0",
            "0",
            "reversedirection=yes railway=rail",
            "railway=switch",
            "26",
            "13613"
          ],
          [
            "-90367226",
            "40940723",
            "239",
            "119",
            "1000",
            "0",
            "0",
            "0",
            "0",
            "reversedirection=yes railway=rail",
            "railway=switch",
            "36",
            "19460"
          ],
          [
            "-90370038",
            "40936465",
            "236",
            "531",
            "1000",
            "0",
            "0",
            "0",
            "0",
            "railway=rail",
            "railway=level_crossing",
            "78",
            "40923"
          ],
          [
            "-90370266",
            "40936008",
            "237",
            "54",
            "1000",
            "0",
            "0",
            "0",
            "0",
            "railway=rail",
            "railway=switch",
            "82",
            "43398"
          ],
          [
            "-90370443",
            "40935629",
            "237",
            "44",
            "1000",
            "0",
            "0",
            "0",
            "0",
            "railway=rail",
            "railway=switch",
            "86",
            "45462"
          ],
          [
            "-90370675",
            "40935044",
            "236",
            "68",
            "1000",
            "0",
            "0",
            "0",
            "0",
            "reversedirection=yes railway=rail",
            "railway=switch",
            "91",
            "48132"
          ],
          [
            "-90370877",
            "40934611",
            "237",
            "51",
            "1000",
            "0",
            "0",
            "0",
            "0",
            "reversedirection=yes railway=rail",
            "railway=switch",
            "95",
            "50508"
          ],
          [
            "-90370928",
            "40934499",
            "237",
            "13",
            "1000",
            "0",
            "0",
            "0",
            "0",
            "reversedirection=yes railway=rail",
            "railway=switch",
            "96",
            "51131"
          ],
          [
            "-90371147",
            "40934066",
            "238",
            "51",
            "1000",
            "0",
            "0",
            "0",
            "0",
            "railway=rail",
            "railway=switch",
            "100",
            "53786"
          ],
          [
            "-90372164",
            "40931966",
            "237",
            "248",
            "1000",
            "0",
            "0",
            "0",
            "0",
            "railway=rail",
            "railway=switch",
            "120",
            "64857"
          ],
          [
            "-90372497",
            "40931279",
            "237",
            "81",
            "1000",
            "0",
            "0",
            "0",
            "0",
            "railway=rail",
            "railway=switch",
            "127",
            "68551"
          ],
          [
            "-90372532",
            "40931210",
            "238",
            "8",
            "1000",
            "0",
            "0",
            "0",
            "0",
            "railway=rail",
            "railway=switch",
            "127",
            "68928"
          ],
          [
            "-90372765",
            "40930735",
            "238",
            "56",
            "1000",
            "0",
            "0",
            "0",
            "0",
            "railway=rail",
            "railway=switch",
            "132",
            "71614"
          ],
          [
            "-90386609",
            "40905436",
            "236",
            "3053",
            "1000",
            "0",
            "0",
            "0",
            "0",
            "reversedirection=yes railway=rail",
            "railway=switch",
            "376",
            "204666"
          ],
          [
            "-90386678",
            "40904955",
            "236",
            "54",
            "1000",
            "0",
            "0",
            "0",
            "0",
            "reversedirection=yes railway=rail",
            "railway=switch",
            "380",
            "207128"
          ],
          [
            "-90386736",
            "40904551",
            "236",
            "45",
            "1000",
            "0",
            "0",
            "0",
            "0",
            "reversedirection=yes railway=rail",
            "railway=level_crossing",
            "384",
            "208992"
          ],
          [
            "-90386889",
            "40903522",
            "235",
            "115",
            "1000",
            "0",
            "0",
            "0",
            "0",
            "reversedirection=yes railway=rail",
            "railway=switch",
            "393",
            "213458"
          ],
          [
            "-90386901",
            "40903443",
            "235",
            "9",
            "1000",
            "0",
            "0",
            "0",
            "0",
            "reversedirection=yes railway=rail",
            "railway=switch",
            "394",
            "213830"
          ],
          [
            "-90387056",
            "40902781",
            "237",
            "75",
            "1000",
            "0",
            "0",
            "0",
            "0",
            "railway=rail",
            "railway=switch",
            "400",
            "217929"
          ],
          [
            "-90387074",
            "40902665",
            "238",
            "13",
            "1000",
            "0",
            "0",
            "0",
            "0",
            "railway=rail",
            "railway=switch",
            "401",
            "218642"
          ],
          [
            "-90387494",
            "40901040",
            "239",
            "184",
            "1000",
            "0",
            "0",
            "0",
            "0",
            "railway=rail",
            "railway=switch",
            "416",
            "228408"
          ],
          [
            "-90390538",
            "40893345",
            "234",
            "714",
            "1000",
            "0",
            "0",
            "0",
            "0",
            "railway=rail",
            "",
            "473",
            "255460"
          ],
          [
            "-90391782",
            "40890301",
            "232",
            "534",
            "1000",
            "0",
            "0",
            "0",
            "0",
            "railway=rail",
            "railway=switch",
            "42",
            "22505"
          ],
          [
            "-90394772",
            "40869733",
            "232",
            "2323",
            "1000",
            "0",
            "0",
            "0",
            "0",
            "reversedirection=yes railway=rail",
            "railway=switch",
            "228",
            "124454"
          ],
          [
            "-90394624",
            "40867845",
            "228",
            "210",
            "1000",
            "0",
            "0",
            "0",
            "0",
            "reversedirection=yes railway=rail",
            "railway=switch",
            "245",
            "130935"
          ],
          [
            "-90394631",
            "40867646",
            "228",
            "22",
            "1000",
            "0",
            "0",
            "0",
            "0",
            "reversedirection=yes railway=rail",
            "railway=level_crossing",
            "247",
            "131727"
          ],
          [
            "-90394786",
            "40849332",
            "228",
            "2034",
            "1000",
            "0",
            "0",
            "0",
            "0",
            "reversedirection=yes railway=rail",
            "railway=level_crossing",
            "409",
            "220710"
          ],
          [
            "-90394896",
            "40838340",
            "224",
            "1221",
            "1000",
            "0",
            "0",
            "0",
            "0",
            "reversedirection=yes railway=rail",
            "railway=level_crossing",
            "507",
            "273524"
          ],
          [
            "-90394961",
            "40831011",
            "222",
            "814",
            "1000",
            "0",
            "0",
            "0",
            "0",
            "reversedirection=yes railway=rail",
            "railway=level_crossing",
            "572",
            "307563"
          ],
          [
            "-90395121",
            "40816248",
            "220",
            "1639",
            "1000",
            "0",
            "0",
            "0",
            "0",
            "reversedirection=yes railway=rail",
            "railway=level_crossing",
            "703",
            "377667"
          ],
          [
            "-90395121",
            "40813630",
            "223",
            "291",
            "1000",
            "0",
            "0",
            "0",
            "0",
            "reversedirection=yes railway=rail",
            "railway=switch",
            "727",
            "390258"
          ],
          [
            "-90395198",
            "40805603",
            "230",
            "891",
            "1000",
            "0",
            "0",
            "0",
            "0",
            "reversedirection=yes railway=rail",
            "railway=switch",
            "798",
            "432731"
          ],
          [
            "-90395324",
            "40796787",
            "222",
            "979",
            "1000",
            "0",
            "0",
            "0",
            "0",
            "reversedirection=yes railway=rail",
            "railway=switch",
            "876",
            "474044"
          ],
          [
            "-90395357",
            "40794436",
            "219",
            "261",
            "1000",
            "0",
            "0",
            "0",
            "0",
            "reversedirection=yes railway=rail",
            "railway=level_crossing",
            "897",
            "483274"
          ],
          [
            "-90396788",
            "40772549",
            "210",
            "2437",
            "1000",
            "0",
            "0",
            "0",
            "0",
            "reversedirection=yes railway=rail",
            "railway=level_crossing",
            "1092",
            "579464"
          ],
          [
            "-90398549",
            "40764489",
            "209",
            "907",
            "1000",
            "0",
            "0",
            "0",
            "0",
            "reversedirection=yes railway=rail",
            "railway=switch",
            "1165",
            "619168"
          ],
          [
            "-90399882",
            "40758059",
            "207",
            "723",
            "1000",
            "0",
            "0",
            "0",
            "0",
            "reversedirection=yes railway=rail",
            "railway=level_crossing",
            "1222",
            "649183"
          ],
          [
            "-90402541",
            "40741453",
            "201",
            "1859",
            "1000",
            "0",
            "0",
            "0",
            "0",
            "reversedirection=yes railway=rail",
            "railway=level_crossing",
            "1371",
            "725297"
          ],
          [
            "-90409681",
            "40724403",
            "195",
            "2011",
            "1000",
            "0",
            "0",
            "0",
            "0",
            "reversedirection=yes railway=rail",
            "railway=unknown",
            "1532",
            "809951"
          ],
          [
            "-90411480",
            "40718154",
            "198",
            "709",
            "1000",
            "0",
            "0",
            "0",
            "0",
            "reversedirection=yes railway=rail",
            "railway=level_crossing",
            "1589",
            "842144"
          ],
          [
            "-90425188",
            "40688164",
            "178",
            "3543",
            "1000",
            "0",
            "0",
            "0",
            "0",
            "reversedirection=yes railway=rail",
            "railway=switch",
            "1872",
            "981439"
          ],
          [
            "-90427662",
            "40683702",
            "186",
            "538",
            "1000",
            "0",
            "0",
            "0",
            "0",
            "railway=rail",
            "",
            "1915",
            "1008126"
          ],
          [
            "-90435661",
            "40664205",
            "195",
            "2291",
            "1000",
            "0",
            "0",
            "0",
            "0",
            "reversedirection=yes railway=rail",
            "railway=level_crossing",
            "2098",
            "1119953"
          ],
          [
            "-90437508",
            "40661294",
            "195",
            "359",
            "1000",
            "0",
            "0",
            "0",
            "0",
            "reversedirection=yes railway=rail",
            "railway=switch",
            "2127",
            "1135840"
          ],
          [
            "-90437909",
            "40660659",
            "197",
            "78",
            "1000",
            "0",
            "0",
            "0",
            "0",
            "reversedirection=yes railway=rail",
            "railway=level_crossing",
            "2133",
            "1140107"
          ],
          [
            "-90449568",
            "40642283",
            "198",
            "2267",
            "1000",
            "0",
            "0",
            "0",
            "0",
            "reversedirection=yes railway=rail",
            "railway=level_crossing",
            "2315",
            "1241633"
          ],
          [
            "-90456348",
            "40631597",
            "200",
            "1318",
            "1000",
            "0",
            "0",
            "0",
            "0",
            "reversedirection=yes railway=rail",
            "railway=unknown",
            "2420",
            "1300930"
          ],
          [
            "-90460324",
            "40625316",
            "201",
            "775",
            "1000",
            "0",
            "0",
            "0",
            "0",
            "reversedirection=yes railway=rail",
            "railway=level_crossing",
            "2482",
            "1336003"
          ],
          [
            "-90462995",
            "40621104",
            "204",
            "520",
            "1000",
            "0",
            "0",
            "0",
            "0",
            "reversedirection=yes railway=rail",
            "railway=level_crossing",
            "2524",
            "1361738"
          ],
          [
            "-90467523",
            "40613977",
            "205",
            "879",
            "1000",
            "0",
            "0",
            "0",
            "0",
            "reversedirection=yes railway=rail",
            "railway=level_crossing",
            "2594",
            "1401456"
          ],
          [
            "-90476611",
            "40599617",
            "198",
            "1771",
            "1000",
            "0",
            "0",
            "0",
            "0",
            "reversedirection=yes railway=rail",
            "railway=level_crossing",
            "2736",
            "1472688"
          ],
          [
            "-90485703",
            "40585264",
            "195",
            "1770",
            "1000",
            "0",
            "0",
            "0",
            "0",
            "reversedirection=yes railway=rail",
            "railway=level_crossing",
            "2877",
            "1548333"
          ],
          [
            "-90488683",
            "40580654",
            "195",
            "571",
            "1000",
            "0",
            "0",
            "0",
            "0",
            "reversedirection=yes railway=rail",
            "railway=switch",
            "2923",
            "1573469"
          ],
          [
            "-90495197",
            "40570924",
            "201",
            "1213",
            "1000",
            "0",
            "0",
            "0",
            "0",
            "reversedirection=yes railway=rail",
            "railway=level_crossing",
            "3020",
            "1632069"
          ],
          [
            "-90498259",
            "40566853",
            "201",
            "521",
            "1000",
            "0",
            "0",
            "0",
            "0",
            "reversedirection=yes railway=rail",
            "railway=unknown",
            "3062",
            "1655236"
          ],
          [
            "-90505837",
            "40556796",
            "201",
            "1287",
            "1000",
            "0",
            "0",
            "0",
            "0",
            "reversedirection=yes railway=rail",
            "railway=level_crossing",
            "3165",
            "1711142"
          ],
          [
            "-90508110",
            "40553793",
            "201",
            "385",
            "1000",
            "0",
            "0",
            "0",
            "0",
            "reversedirection=yes railway=rail",
            "railway=level_crossing",
            "3196",
            "1728118"
          ],
          [
            "-90508864",
            "40552796",
            "202",
            "128",
            "1000",
            "0",
            "0",
            "0",
            "0",
            "reversedirection=yes railway=rail",
            "railway=level_crossing",
            "3206",
            "1734545"
          ],
          [
            "-90509613",
            "40551796",
            "200",
            "128",
            "1000",
            "0",
            "0",
            "0",
            "0",
            "reversedirection=yes railway=rail",
            "railway=level_crossing",
            "3216",
            "1739441"
          ],
          [
            "-90510571",
            "40550521",
            "200",
            "163",
            "1000",
            "0",
            "0",
            "0",
            "0",
            "reversedirection=yes railway=rail",
            "railway=switch",
            "3229",
            "1746028"
          ],
          [
            "-90511125",
            "40549794",
            "201",
            "93",
            "1000",
            "0",
            "0",
            "0",
            "0",
            "reversedirection=yes railway=rail",
            "railway=level_crossing",
            "3237",
            "1750567"
          ],
          [
            "-90511875",
            "40548794",
            "201",
            "128",
            "1000",
            "0",
            "0",
            "0",
            "0",
            "reversedirection=yes railway=rail",
            "railway=unknown",
            "3247",
            "1756408"
          ],
          [
            "-90512607",
            "40547793",
            "200",
            "127",
            "1000",
            "0",
            "0",
            "0",
            "0",
            "reversedirection=yes railway=rail",
            "railway=level_crossing",
            "3257",
            "1761418"
          ],
          [
            "-90512709",
            "40547644",
            "200",
            "19",
            "1000",
            "0",
            "0",
            "0",
            "0",
            "reversedirection=yes railway=rail",
            "railway=switch",
            "3258",
            "1762215"
          ],
          [
            "-90513144",
            "40547128",
            "199",
            "68",
            "1000",
            "0",
            "0",
            "0",
            "0",
            "railway=rail",
            "railway=switch",
            "3264",
            "1764896"
          ],
          [
            "-90513536",
            "40546586",
            "199",
            "69",
            "1000",
            "0",
            "0",
            "0",
            "0",
            "railway=rail",
            "railway=switch",
            "3269",
            "1767553"
          ],
          [
            "-90519668",
            "40538456",
            "196",
            "1041",
            "1000",
            "0",
            "0",
            "0",
            "0",
            "railway=rail",
            "railway=switch",
            "3353",
            "1810576"
          ],
          [
            "-90520226",
            "40537561",
            "196",
            "110",
            "1000",
            "0",
            "0",
            "0",
            "0",
            "railway=rail",
            "railway=switch",
            "3362",
            "1815405"
          ],
          [
            "-90520304",
            "40537457",
            "196",
            "13",
            "1000",
            "0",
            "0",
            "0",
            "0",
            "reversedirection=yes railway=rail",
            "railway=switch",
            "3363",
            "1815973"
          ],
          [
            "-90521681",
            "40535642",
            "196",
            "233",
            "1000",
            "0",
            "0",
            "0",
            "0",
            "reversedirection=yes railway=rail",
            "railway=switch",
            "3381",
            "1826081"
          ],
          [
            "-90523649",
            "40533114",
            "195",
            "327",
            "1000",
            "0",
            "0",
            "0",
            "0",
            "reversedirection=yes railway=rail",
            "railway=level_crossing",
            "3407",
            "1839938"
          ],
          [
            "-90527282",
            "40528331",
            "191",
            "613",
            "1000",
            "0",
            "0",
            "0",
            "0",
            "reversedirection=yes railway=rail",
            "railway=level_crossing",
            "3456",
            "1863857"
          ],
          [
            "-90548244",
            "40506737",
            "199",
            "3009",
            "1000",
            "0",
            "0",
            "0",
            "0",
            "reversedirection=yes railway=rail",
            "railway=level_crossing",
            "3697",
            "2000098"
          ],
          [
            "-90549420",
            "40505852",
            "200",
            "140",
            "1000",
            "0",
            "0",
            "0",
            "0",
            "reversedirection=yes railway=rail",
            "railway=unknown",
            "3708",
            "2006930"
          ],
          [
            "-90559691",
            "40498136",
            "204",
            "1221",
            "1000",
            "0",
            "0",
            "0",
            "0",
            "reversedirection=yes railway=rail",
            "railway=switch",
            "3806",
            "2066491"
          ],
          [
            "-90563026",
            "40495629",
            "206",
            "397",
            "1000",
            "0",
            "0",
            "0",
            "0",
            "reversedirection=yes railway=rail",
            "railway=level_crossing",
            "3838",
            "2083093"
          ],
          [
            "-90564112",
            "40494819",
            "204",
            "129",
            "1000",
            "0",
            "0",
            "0",
            "0",
            "reversedirection=yes railway=rail",
            "railway=level_crossing",
            "3848",
            "2089659"
          ],
          [
            "-90570386",
            "40490096",
            "200",
            "747",
            "1000",
            "0",
            "0",
            "0",
            "0",
            "reversedirection=yes railway=rail",
            "railway=level_crossing",
            "3908",
            "2119525"
          ],
          [
            "-90580151",
            "40482803",
            "202",
            "1159",
            "1000",
            "0",
            "0",
            "0",
            "0",
            "reversedirection=yes railway=rail",
            "railway=level_crossing",
            "4001",
            "2171528"
          ],
          [
            "-90599411",
            "40476990",
            "205",
            "1775",
            "1000",
            "0",
            "0",
            "0",
            "0",
            "reversedirection=yes railway=rail",
            "railway=level_crossing",
            "4143",
            "2253470"
          ],
          [
            "-90628318",
            "40470711",
            "210",
            "2549",
            "1000",
            "0",
            "0",
            "0",
            "0",
            "reversedirection=yes railway=rail",
            "railway=level_crossing",
            "4346",
            "2368753"
          ],
          [
            "-90628788",
            "40470609",
            "209",
            "41",
            "1000",
            "0",
            "0",
            "0",
            "0",
            "reversedirection=yes railway=rail",
            "railway=unknown",
            "4350",
            "2370436"
          ],
          [
            "-90633653",
            "40469549",
            "210",
            "429",
            "1000",
            "0",
            "0",
            "0",
            "0",
            "reversedirection=yes railway=rail",
            "railway=level_crossing",
            "4384",
            "2389506"
          ],
          [
            "-90638004",
            "40468604",
            "212",
            "383",
            "1000",
            "0",
            "0",
            "0",
            "0",
            "reversedirection=yes railway=rail",
            "railway=level_crossing",
            "4415",
            "2408482"
          ],
          [
            "-90647533",
            "40466541",
            "214",
            "840",
            "1000",
            "0",
            "0",
            "0",
            "0",
            "reversedirection=yes railway=rail",
            "railway=level_crossing",
            "4482",
            "2446595"
          ],
          [
            "-90647627",
            "40466521",
            "214",
            "8",
            "1000",
            "0",
            "0",
            "0",
            "0",
            "reversedirection=yes railway=rail",
            "railway=crossing",
            "4483",
            "2446965"
          ],
          [
            "-90649341",
            "40466160",
            "215",
            "151",
            "1000",
            "0",
            "0",
            "0",
            "0",
            "reversedirection=yes railway=rail",
            "railway=switch",
            "4495",
            "2454708"
          ],
          [
            "-90657887",
            "40464295",
            "217",
            "754",
            "1000",
            "0",
            "0",
            "0",
            "0",
            "reversedirection=yes railway=rail",
            "railway=switch",
            "4555",
            "2489827"
          ],
          [
            "-90658125",
            "40464243",
            "217",
            "21",
            "1000",
            "0",
            "0",
            "0",
            "0",
            "reversedirection=yes railway=rail",
            "railway=level_crossing",
            "4557",
            "2490841"
          ],
          [
            "-90660719",
            "40463683",
            "217",
            "229",
            "1000",
            "0",
            "0",
            "0",
            "0",
            "reversedirection=yes railway=rail",
            "railway=level_crossing",
            "4575",
            "2500864"
          ],
          [
            "-90664624",
            "40462836",
            "218",
            "344",
            "1000",
            "0",
            "0",
            "0",
            "0",
            "reversedirection=yes railway=rail",
            "railway=level_crossing",
            "4602",
            "2516631"
          ],
          [
            "-90667124",
            "40462290",
            "216",
            "221",
            "1000",
            "0",
            "0",
            "0",
            "0",
            "reversedirection=yes railway=rail",
            "railway=level_crossing",
            "4620",
            "2524798"
          ],
          [
            "-90670174",
            "40461631",
            "215",
            "269",
            "1000",
            "0",
            "0",
            "0",
            "0",
            "reversedirection=yes railway=rail",
            "railway=level_crossing",
            "4642",
            "2535629"
          ],
          [
            "-90670989",
            "40461456",
            "215",
            "72",
            "1000",
            "0",
            "0",
            "0",
            "0",
            "reversedirection=yes railway=rail",
            "railway=unknown",
            "4647",
            "2538985"
          ],
          [
            "-90671586",
            "40461328",
            "215",
            "53",
            "1000",
            "0",
            "0",
            "0",
            "0",
            "reversedirection=yes railway=rail",
            "railway=level_crossing",
            "4652",
            "2541299"
          ],
          [
            "-90671689",
            "40461306",
            "215",
            "9",
            "1000",
            "0",
            "0",
            "0",
            "0",
            "reversedirection=yes railway=rail",
            "railway=level_crossing",
            "4652",
            "2541693"
          ],
          [
            "-90671775",
            "40461287",
            "215",
            "8",
            "1000",
            "0",
            "0",
            "0",
            "0",
            "reversedirection=yes railway=rail",
            "railway=level_crossing",
            "4653",
            "2542026"
          ],
          [
            "-90673209",
            "40460976",
            "215",
            "126",
            "1000",
            "0",
            "0",
            "0",
            "0",
            "reversedirection=yes railway=rail",
            "railway=level_crossing",
            "4663",
            "2547724"
          ],
          [
            "-90674753",
            "40460638",
            "215",
            "136",
            "1000",
            "0",
            "0",
            "0",
            "0",
            "reversedirection=yes railway=rail",
            "railway=level_crossing",
            "4674",
            "2553424"
          ],
          [
            "-90677701",
            "40459993",
            "214",
            "260",
            "1000",
            "0",
            "0",
            "0",
            "0",
            "reversedirection=yes railway=rail",
            "railway=level_crossing",
            "4695",
            "2564566"
          ],
          [
            "-90681687",
            "40458887",
            "214",
            "359",
            "1000",
            "0",
            "0",
            "0",
            "0",
            "reversedirection=yes railway=rail",
            "railway=level_crossing",
            "4724",
            "2580165"
          ],
          [
            "-90685217",
            "40457883",
            "214",
            "320",
            "1000",
            "0",
            "0",
            "0",
            "0",
            "reversedirection=yes railway=rail",
            "railway=level_crossing",
            "4749",
            "2593766"
          ],
          [
            "-90685614",
            "40457775",
            "213",
            "36",
            "1000",
            "0",
            "0",
            "0",
            "0",
            "reversedirection=yes railway=rail",
            "railway=switch",
            "4752",
            "2595143"
          ],
          [
            "-90688279",
            "40457023",
            "212",
            "241",
            "1000",
            "0",
            "0",
            "0",
            "0",
            "reversedirection=yes railway=rail",
            "railway=switch",
            "4771",
            "2604348"
          ],
          [
            "-90704807",
            "40452334",
            "211",
            "1496",
            "1000",
            "0",
            "0",
            "0",
            "0",
            "reversedirection=yes railway=rail",
            "railway=level_crossing",
            "4891",
            "2669304"
          ],
          [
            "-90711883",
            "40450511",
            "210",
            "634",
            "1000",
            "0",
            "0",
            "0",
            "0",
            "reversedirection=yes railway=rail",
            "railway=switch",
            "4942",
            "2696686"
          ],
          [
            "-90714527",
            "40449863",
            "211",
            "236",
            "1000",
            "0",
            "0",
            "0",
            "0",
            "reversedirection=yes railway=rail",
            "railway=level_crossing",
            "4961",
            "2707923"
          ],
          [
            "-90719178",
            "40448709",
            "208",
            "414",
            "1000",
            "0",
            "0",
            "0",
            "0",
            "reversedirection=yes railway=rail",
            "railway=unknown",
            "4994",
            "2723935"
          ],
          [
            "-90724177",
            "40447481",
            "209",
            "445",
            "1000",
            "0",
            "0",
            "0",
            "0",
            "reversedirection=yes railway=rail",
            "railway=level_crossing",
            "5029",
            "2744024"
          ],
          [
            "-90733917",
            "40445091",
            "208",
            "868",
            "1000",
            "0",
            "0",
            "0",
            "0",
            "reversedirection=yes railway=rail",
            "railway=level_crossing",
            "5099",
            "2780885"
          ],
          [
            "-90744278",
            "40442560",
            "209",
            "923",
            "1000",
            "0",
            "0",
            "0",
            "0",
            "reversedirection=yes railway=rail",
            "railway=level_crossing",
            "5173",
            "2822804"
          ],
          [
            "-90747690",
            "40441695",
            "207",
            "305",
            "1000",
            "0",
            "0",
            "0",
            "0",
            "reversedirection=yes railway=rail",
            "railway=level_crossing",
            "5197",
            "2834728"
          ],
          [
            "-90753286",
            "40439791",
            "209",
            "520",
            "1000",
            "0",
            "0",
            "0",
            "0",
            "reversedirection=yes railway=rail",
            "railway=level_crossing",
            "5239",
            "2858563"
          ],
          [
            "-90762764",
            "40435933",
            "207",
            "911",
            "1000",
            "0",
            "0",
            "0",
            "0",
            "reversedirection=yes railway=rail",
            "railway=level_crossing",
            "5311",
            "2896746"
          ],
          [
            "-90772383",
            "40432009",
            "209",
            "925",
            "1000",
            "0",
            "0",
            "0",
            "0",
            "reversedirection=yes railway=rail",
            "railway=level_crossing",
            "5385",
            "2939189"
          ],
          [
            "-90780748",
            "40428606",
            "211",
            "804",
            "1000",
            "0",
            "0",
            "0",
            "0",
            "reversedirection=yes railway=rail",
            "railway=level_crossing",
            "5450",
            "2976591"
          ],
          [
            "-90791608",
            "40425274",
            "214",
            "994",
            "1000",
            "0",
            "0",
            "0",
            "0",
            "reversedirection=yes railway=rail",
            "railway=level_crossing",
            "5529",
            "3022688"
          ],
          [
            "-90792671",
            "40424972",
            "213",
            "96",
            "1000",
            "0",
            "0",
            "0",
            "0",
            "reversedirection=yes railway=rail",
            "railway=level_crossing",
            "5537",
            "3026776"
          ],
          [
            "-90794194",
            "40424539",
            "213",
            "138",
            "1000",
            "0",
            "0",
            "0",
            "0",
            "reversedirection=yes railway=rail",
            "railway=switch",
            "5548",
            "3032288"
          ],
          [
            "-90796926",
            "40423757",
            "211",
            "247",
            "1000",
            "0",
            "0",
            "0",
            "0",
            "reversedirection=yes railway=rail",
            "railway=level_crossing",
            "5568",
            "3041970"
          ],
          [
            "-90806677",
            "40420967",
            "209",
            "883",
            "1000",
            "0",
            "0",
            "0",
            "0",
            "reversedirection=yes railway=rail",
            "railway=unknown",
            "5638",
            "3079248"
          ],
          [
            "-90819972",
            "40417162",
            "207",
            "1204",
            "1000",
            "0",
            "0",
            "0",
            "0",
            "reversedirection=yes railway=rail",
            "railway=switch",
            "5735",
            "3129767"
          ],
          [
            "-90820139",
            "40417115",
            "207",
            "15",
            "1000",
            "0",
            "0",
            "0",
            "0",
            "reversedirection=yes railway=rail",
            "railway=level_crossing",
            "5736",
            "3130415"
          ],
          [
            "-90834334",
            "40413045",
            "210",
            "1287",
            "1000",
            "0",
            "0",
            "0",
            "0",
            "reversedirection=yes railway=rail",
            "railway=level_crossing",
            "5839",
            "3189747"
          ],
          [
            "-90839330",
            "40411590",
            "208",
            "453",
            "1000",
            "0",
            "0",
            "0",
            "0",
            "reversedirection=yes railway=rail",
            "railway=level_crossing",
            "5875",
            "3207709"
          ],
          [
            "-90844926",
            "40409132",
            "206",
            "548",
            "1000",
            "0",
            "0",
            "0",
            "0",
            "reversedirection=yes railway=rail",
            "railway=level_crossing",
            "5919",
            "3230602"
          ],
          [
            "-90863854",
            "40399213",
            "195",
            "1951",
            "1000",
            "0",
            "0",
            "0",
            "0",
            "reversedirection=yes railway=rail",
            "railway=level_crossing",
            "6075",
            "3309346"
          ],
          [
            "-90864659",
            "40398514",
            "197",
            "103",
            "1000",
            "0",
            "0",
            "0",
            "0",
            "reversedirection=yes railway=rail",
            "railway=level_crossing",
            "6083",
            "3313133"
          ],
          [
            "-90868561",
            "40393081",
            "196",
            "691",
            "1000",
            "0",
            "0",
            "0",
            "0",
            "reversedirection=yes railway=rail",
            "railway=level_crossing",
            "6139",
            "3341853"
          ],
          [
            "-90870656",
            "40389231",
            "195",
            "463",
            "1000",
            "0",
            "0",
            "0",
            "0",
            "reversedirection=yes railway=rail",
            "railway=level_crossing",
            "6176",
            "3361334"
          ],
          [
            "-90876466",
            "40378583",
            "188",
            "1282",
            "1000",
            "0",
            "0",
            "0",
            "0",
            "reversedirection=yes railway=rail",
            "railway=unknown",
            "6278",
            "3414795"
          ],
          [
            "-90883726",
            "40365003",
            "179",
            "1629",
            "1000",
            "0",
            "0",
            "0",
            "0",
            "reversedirection=yes railway=rail",
            "railway=unknown",
            "6408",
            "3476667"
          ],
          [
            "-90885650",
            "40357580",
            "172",
            "840",
            "1000",
            "0",
            "0",
            "0",
            "0",
            "reversedirection=yes railway=rail",
            "railway=level_crossing",
            "6476",
            "3506978"
          ],
          [
            "-90890617",
            "40345115",
            "169",
            "1457",
            "1000",
            "0",
            "0",
            "0",
            "0",
            "reversedirection=yes railway=rail",
            "railway=level_crossing",
            "6592",
            "3564410"
          ],
          [
            "-90891670",
            "40343505",
            "167",
            "200",
            "1000",
            "0",
            "0",
            "0",
            "0",
            "reversedirection=yes railway=rail",
            "railway=switch",
            "6608",
            "3574640"
          ],
          [
            "-90902923",
            "40322770",
            "171",
            "2503",
            "1000",
            "0",
            "0",
            "0",
            "0",
            "reversedirection=yes railway=rail",
            "railway=level_crossing",
            "6808",
            "3685099"
          ],
          [
            "-90906624",
            "40311677",
            "177",
            "1271",
            "1000",
            "0",
            "0",
            "0",
            "0",
            "reversedirection=yes railway=rail",
            "railway=level_crossing",
            "6910",
            "3752516"
          ],
          [
            "-90907085",
            "40310276",
            "178",
            "160",
            "1000",
            "0",
            "0",
            "0",
            "0",
            "reversedirection=yes railway=rail",
            "railway=unknown",
            "6923",
            "3757654"
          ],
          [
            "-90914982",
            "40291788",
            "196",
            "2163",
            "1000",
            "0",
            "0",
            "0",
            "0",
            "reversedirection=yes railway=rail",
            "railway=level_crossing",
            "7096",
            "3865148"
          ],
          [
            "-90915321",
            "40290689",
            "195",
            "126",
            "1000",
            "0",
            "0",
            "0",
            "0",
            "reversedirection=yes railway=rail",
            "railway=level_crossing",
            "7106",
            "3872228"
          ],
          [
            "-90915881",
            "40287160",
            "196",
            "395",
            "1000",
            "0",
            "0",
            "0",
            "0",
            "reversedirection=yes railway=rail",
            "railway=switch",
            "7138",
            "3891029"
          ],
          [
            "-90928091",
            "40270561",
            "197",
            "2192",
            "1000",
            "0",
            "0",
            "0",
            "0",
            "reversedirection=yes railway=rail",
            "railway=level_crossing",
            "7313",
            "3985971"
          ],
          [
            "-90935392",
            "40262480",
            "197",
            "1094",
            "1000",
            "0",
            "0",
            "0",
            "0",
            "reversedirection=yes railway=rail",
            "railway=level_crossing",
            "7401",
            "4037202"
          ],
          [
            "-90937252",
            "40260224",
            "194",
            "296",
            "1000",
            "0",
            "0",
            "0",
            "0",
            "reversedirection=yes railway=rail",
            "railway=unknown",
            "7424",
            "4047711"
          ],
          [
            "-90941046",
            "40255615",
            "203",
            "605",
            "1000",
            "0",
            "0",
            "0",
            "0",
            "reversedirection=yes railway=rail",
            "railway=switch",
            "7473",
            "4078805"
          ],
          [
            "-90946289",
            "40248602",
            "205",
            "898",
            "1000",
            "0",
            "0",
            "0",
            "0",
            "reversedirection=yes railway=rail",
            "railway=level_crossing",
            "7544",
            "4123255"
          ],
          [
            "-90949615",
            "40241100",
            "206",
            "881",
            "1000",
            "0",
            "0",
            "0",
            "0",
            "reversedirection=yes railway=rail",
            "railway=level_crossing",
            "7615",
            "4162273"
          ],
          [
            "-90951041",
            "40237451",
            "205",
            "423",
            "1000",
            "0",
            "0",
            "0",
            "0",
            "reversedirection=yes railway=rail",
            "railway=switch",
            "7649",
            "4180426"
          ],
          [
            "-90951693",
            "40235981",
            "206",
            "173",
            "1000",
            "0",
            "0",
            "0",
            "0",
            "reversedirection=yes railway=rail",
            "railway=switch",
            "7663",
            "4188828"
          ],
          [
            "-90952890",
            "40232880",
            "205",
            "359",
            "1000",
            "0",
            "0",
            "0",
            "0",
            "reversedirection=yes railway=rail",
            "railway=level_crossing",
            "7691",
            "4203521"
          ],
          [
            "-90959711",
            "40215489",
            "202",
            "2017",
            "1000",
            "0",
            "0",
            "0",
            "0",
            "reversedirection=yes railway=rail",
            "railway=level_crossing",
            "7853",
            "4289560"
          ],
          [
            "-90971323",
            "40193763",
            "207",
            "2613",
            "1000",
            "0",
            "0",
            "0",
            "0",
            "reversedirection=yes railway=rail",
            "railway=level_crossing",
            "8062",
            "4409542"
          ],
          [
            "-90980783",
            "40180294",
            "205",
            "1699",
            "1000",
            "0",
            "0",
            "0",
            "0",
            "reversedirection=yes railway=rail",
            "railway=unknown",
            "8198",
            "4482862"
          ],
          [
            "-90981549",
            "40179215",
            "205",
            "136",
            "1000",
            "0",
            "0",
            "0",
            "0",
            "reversedirection=yes railway=rail",
            "railway=level_crossing",
            "8209",
            "4488601"
          ],
          [
            "-90988389",
            "40169479",
            "210",
            "1228",
            "1000",
            "0",
            "0",
            "0",
            "0",
            "reversedirection=yes railway=rail",
            "railway=level_crossing",
            "8307",
            "4544075"
          ],
          [
            "-90991731",
            "40164710",
            "210",
            "601",
            "1000",
            "0",
            "0",
            "0",
            "0",
            "reversedirection=yes railway=rail",
            "railway=level_crossing",
            "8355",
            "4570511"
          ],
          [
            "-90998265",
            "40155409",
            "214",
            "1173",
            "1000",
            "0",
            "0",
            "0",
            "0",
            "reversedirection=yes railway=rail",
            "railway=level_crossing",
            "8449",
            "4625192"
          ],
          [
            "-91001710",
            "40147642",
            "216",
            "913",
            "1000",
            "0",
            "0",
            "0",
            "0",
            "reversedirection=yes railway=rail",
            "railway=level_crossing",
            "8522",
            "4669972"
          ],
          [
            "-91002370",
            "40145854",
            "215",
            "206",
            "1000",
            "0",
            "0",
            "0",
            "0",
            "reversedirection=yes railway=rail",
            "railway=switch",
            "8538",
            "4678663"
          ],
          [
            "-91006133",
            "40135677",
            "216",
            "1175",
            "1000",
            "0",
            "0",
            "0",
            "0",
            "reversedirection=yes railway=rail",
            "railway=level_crossing",
            "8632",
            "4730655"
          ],
          [
            "-91008215",
            "40130039",
            "218",
            "651",
            "1000",
            "0",
            "0",
            "0",
            "0",
            "reversedirection=yes railway=rail",
            "railway=switch",
            "8684",
            "4761535"
          ],
          [
            "-91008475",
            "40129341",
            "218",
            "81",
            "1000",
            "0",
            "0",
            "0",
            "0",
            "reversedirection=yes railway=rail",
            "railway=level_crossing",
            "8691",
            "4765120"
          ],
          [
            "-91011534",
            "40121056",
            "219",
            "956",
            "1000",
            "0",
            "0",
            "0",
            "0",
            "reversedirection=yes railway=rail",
            "railway=level_crossing",
            "8767",
            "4807846"
          ],
          [
            "-91014528",
            "40112946",
            "218",
            "936",
            "1000",
            "0",
            "0",
            "0",
            "0",
            "reversedirection=yes railway=rail",
            "railway=unknown",
            "8842",
            "4847917"
          ],
          [
            "-91015360",
            "40110706",
            "220",
            "259",
            "1000",
            "0",
            "0",
            "0",
            "0",
            "reversedirection=yes railway=rail",
            "railway=switch",
            "8863",
            "4860942"
          ],
          [
            "-91015891",
            "40109308",
            "220",
            "162",
            "1000",
            "0",
            "0",
            "0",
            "0",
            "reversedirection=yes railway=rail",
            "railway=level_crossing",
            "8876",
            "4867997"
          ],
          [
            "-91015935",
            "40109192",
            "220",
            "13",
            "1000",
            "0",
            "0",
            "0",
            "0",
            "reversedirection=yes railway=rail",
            "railway=switch",
            "8877",
            "4868567"
          ],
          [
            "-91016958",
            "40106405",
            "221",
            "321",
            "1000",
            "0",
            "0",
            "0",
            "0",
            "reversedirection=yes railway=rail",
            "railway=level_crossing",
            "8903",
            "4883528"
          ],
          [
            "-91025760",
            "40092378",
            "216",
            "1732",
            "1000",
            "0",
            "0",
            "0",
            "0",
            "reversedirection=yes railway=rail",
            "railway=level_crossing",
            "9041",
            "4955335"
          ],
          [
            "-91030814",
            "40084776",
            "212",
            "947",
            "1000",
            "0",
            "0",
            "0",
            "0",
            "reversedirection=yes railway=rail",
            "railway=level_crossing",
            "9117",
            "4994306"
          ],
          [
            "-91035516",
            "40077694",
            "213",
            "883",
            "1000",
            "0",
            "0",
            "0",
            "0",
            "reversedirection=yes railway=rail",
            "railway=level_crossing",
            "9188",
            "5033397"
          ],
          [
            "-91040261",
            "40070522",
            "217",
            "894",
            "1000",
            "0",
            "0",
            "0",
            "0",
            "reversedirection=yes railway=rail",
            "railway=level_crossing",
            "9259",
            "5073687"
          ],
          [
            "-91049769",
            "40056165",
            "222",
            "1788",
            "1000",
            "0",
            "0",
            "0",
            "0",
            "reversedirection=yes railway=rail",
            "railway=level_crossing",
            "9402",
            "5157091"
          ],
          [
            "-91054672",
            "40048770",
            "224",
            "922",
            "1000",
            "0",
            "0",
            "0",
            "0",
            "reversedirection=yes railway=rail",
            "railway=level_crossing",
            "9476",
            "5201267"
          ],
          [
            "-91055287",
            "40047840",
            "224",
            "116",
            "1000",
            "0",
            "0",
            "0",
            "0",
            "reversedirection=yes railway=rail",
            "railway=unknown",
            "9485",
            "5206764"
          ],
          [
            "-91064618",
            "40041540",
            "227",
            "1116",
            "1000",
            "0",
            "0",
            "0",
            "0",
            "reversedirection=yes railway=rail",
            "railway=level_crossing",
            "9574",
            "5258255"
          ],
          [
            "-91066181",
            "40041491",
            "226",
            "133",
            "1000",
            "0",
            "0",
            "0",
            "0",
            "reversedirection=yes railway=rail",
            "railway=level_crossing",
            "9585",
            "5264198"
          ],
          [
            "-91068451",
            "40041522",
            "223",
            "194",
            "1000",
            "0",
            "0",
            "0",
            "0",
            "reversedirection=yes railway=rail",
            "railway=switch",
            "9601",
            "5269903"
          ],
          [
            "-91069505",
            "40041534",
            "224",
            "90",
            "1000",
            "0",
            "0",
            "0",
            "0",
            "reversedirection=yes railway=rail",
            "railway=level_crossing",
            "9608",
            "5273904"
          ],
          [
            "-91079133",
            "40041678",
            "222",
            "822",
            "1000",
            "0",
            "0",
            "0",
            "0",
            "reversedirection=yes railway=rail",
            "railway=level_crossing",
            "9674",
            "5308985"
          ],
          [
            "-91088760",
            "40041294",
            "221",
            "824",
            "1000",
            "0",
            "0",
            "0",
            "0",
            "reversedirection=yes railway=rail",
            "railway=level_crossing",
            "9739",
            "5344274"
          ],
          [
            "-91097688",
            "40040272",
            "223",
            "771",
            "1000",
            "0",
            "0",
            "0",
            "0",
            "reversedirection=yes railway=rail",
            "railway=switch",
            "9801",
            "5379360"
          ],
          [
            "-91108316",
            "40039057",
            "224",
            "917",
            "1000",
            "0",
            "0",
            "0",
            "0",
            "reversedirection=yes railway=rail",
            "railway=level_crossing",
            "9874",
            "5421021"
          ],
          [
            "-91128004",
            "40030839",
            "227",
            "1983",
            "1000",
            "0",
            "0",
            "0",
            "0",
            "reversedirection=yes railway=rail",
            "railway=level_crossing",
            "10033",
            "5510459"
          ],
          [
            "-91138518",
            "40030136",
            "231",
            "910",
            "1000",
            "0",
            "0",
            "0",
            "0",
            "reversedirection=yes railway=rail",
            "railway=level_crossing",
            "10106",
            "5554005"
          ],
          [
            "-91141799",
            "40030244",
            "231",
            "281",
            "1000",
            "0",
            "0",
            "0",
            "0",
            "reversedirection=yes railway=rail",
            "railway=unknown",
            "10128",
            "5566897"
          ],
          [
            "-91147502",
            "40031003",
            "231",
            "494",
            "1000",
            "0",
            "0",
            "0",
            "0",
            "reversedirection=yes railway=rail",
            "railway=level_crossing",
            "10168",
            "5588740"
          ],
          [
            "-91158922",
            "40032516",
            "231",
            "989",
            "1000",
            "0",
            "0",
            "0",
            "0",
            "reversedirection=yes railway=rail",
            "railway=level_crossing",
            "10247",
            "5631315"
          ],
          [
            "-91162221",
            "40032430",
            "232",
            "283",
            "1000",
            "0",
            "0",
            "0",
            "0",
            "reversedirection=yes railway=rail",
            "railway=level_crossing",
            "10270",
            "5645245"
          ],
          [
            "-91176674",
            "40028694",
            "222",
            "1306",
            "1000",
            "0",
            "0",
            "0",
            "0",
            "reversedirection=yes railway=rail",
            "railway=level_crossing",
            "10374",
            "5696869"
          ],
          [
            "-91196055",
            "40023002",
            "226",
            "1770",
            "1000",
            "0",
            "0",
            "0",
            "0",
            "reversedirection=yes railway=rail",
            "railway=level_crossing",
            "10516",
            "5772279"
          ],
          [
            "-91196617",
            "40022833",
            "227",
            "51",
            "1000",
            "0",
            "0",
            "0",
            "0",
            "reversedirection=yes railway=rail",
            "railway=switch",
            "10520",
            "5774876"
          ],
          [
            "-91200073",
            "40021813",
            "226",
            "316",
            "1000",
            "0",
            "0",
            "0",
            "0",
            "reversedirection=yes railway=rail",
            "railway=level_crossing",
            "10545",
            "5790976"
          ],
          [
            "-91204742",
            "40020440",
            "227",
            "426",
            "1000",
            "0",
            "0",
            "0",
            "0",
            "reversedirection=yes railway=rail",
            "railway=level_crossing",
            "10579",
            "5811001"
          ],
          [
            "-91223719",
            "40014266",
            "224",
            "1759",
            "1000",
            "0",
            "0",
            "0",
            "0",
            "reversedirection=yes railway=rail",
            "railway=level_crossing",
            "10720",
            "5885408"
          ],
          [
            "-91230830",
            "40012060",
            "223",
            "655",
            "1000",
            "0",
            "0",
            "0",
            "0",
            "reversedirection=yes railway=rail",
            "railway=unknown",
            "10772",
            "5914617"
          ],
          [
            "-91255543",
            "40006757",
            "220",
            "2197",
            "1000",
            "0",
            "0",
            "0",
            "0",
            "reversedirection=yes railway=rail",
            "railway=level_crossing",
            "10948",
            "6008044"
          ],
          [
            "-91262961",
            "40006398",
            "220",
            "635",
            "1000",
            "0",
            "0",
            "0",
            "0",
            "reversedirection=yes railway=rail",
            "railway=level_crossing",
            "10999",
            "6035263"
          ],
          [
            "-91281802",
            "40001522",
            "216",
            "1703",
            "1000",
            "0",
            "0",
            "0",
            "0",
            "reversedirection=yes railway=rail",
            "railway=level_crossing",
            "11135",
            "6106669"
          ],
          [
            "-91297079",
            "39993060",
            "218",
            "1622",
            "1000",
            "0",
            "0",
            "0",
            "0",
            "reversedirection=yes railway=rail",
            "railway=level_crossing",
            "11265",
            "6179885"
          ],
          [
            "-91297200",
            "39992977",
            "218",
            "14",
            "1000",
            "0",
            "0",
            "0",
            "0",
            "reversedirection=yes railway=rail",
            "railway=switch",
            "11266",
            "6180569"
          ],
          [
            "-91300875",
            "39990342",
            "219",
            "429",
            "1000",
            "0",
            "0",
            "0",
            "0",
            "railway=rail",
            "railway=level_crossing",
            "11300",
            "6200315"
          ],
          [
            "-91317205",
            "39978891",
            "219",
            "1888",
            "1000",
            "0",
            "0",
            "0",
            "0",
            "railway=rail",
            "railway=switch",
            "11451",
            "6284934"
          ],
          [
            "-91357982",
            "39963510",
            "203",
            "3924",
            "1000",
            "0",
            "0",
            "0",
            "0",
            "reversedirection=yes railway=rail",
            "railway=level_crossing",
            "11765",
            "6441118"
          ],
          [
            "-91361887",
            "39961006",
            "197",
            "435",
            "1000",
            "0",
            "0",
            "0",
            "0",
            "reversedirection=yes railway=rail",
            "railway=switch",
            "11800",
            "6456437"
          ],
          [
            "-91367449",
            "39957409",
            "191",
            "621",
            "1000",
            "0",
            "0",
            "0",
            "0",
            "reversedirection=yes railway=rail",
            "railway=level_crossing",
            "11850",
            "6480604"
          ],
          [
            "-91367534",
            "39957354",
            "191",
            "9",
            "1000",
            "0",
            "0",
            "0",
            "0",
            "reversedirection=yes railway=rail",
            "railway=level_crossing",
            "11850",
            "6480998"
          ],
          [
            "-91367712",
            "39957242",
            "191",
            "20",
            "1000",
            "0",
            "0",
            "0",
            "0",
            "reversedirection=yes railway=rail",
            "railway=level_crossing",
            "11852",
            "6481432"
          ],
          [
            "-91368590",
            "39956680",
            "192",
            "98",
            "1000",
            "0",
            "0",
            "0",
            "0",
            "reversedirection=yes railway=rail",
            "railway=unknown",
            "11860",
            "6484625"
          ],
          [
            "-91369210",
            "39956336",
            "188",
            "2",
            "1000",
            "0",
            "0",
            "0",
            "0",
            "reversedirection=yes railway=rail",
            "",
            "11860",
            "6484696"
          ],
          [
            "-91368590",
            "39956680",
            "192",
            "2",
            "1000",
            "0",
            "0",
            "0",
            "0",
            "railway=rail",
            "railway=unknown",
            "0",
            "92"
          ],
          [
            "-91367712",
            "39957242",
            "191",
            "98",
            "1000",
            "0",
            "0",
            "0",
            "0",
            "railway=rail",
            "railway=level_crossing",
            "8",
            "4400"
          ],
          [
            "-91367534",
            "39957354",
            "191",
            "20",
            "1000",
            "0",
            "0",
            "0",
            "0",
            "railway=rail",
            "railway=level_crossing",
            "9",
            "5239"
          ],
          [
            "-91367449",
            "39957409",
            "191",
            "9",
            "1000",
            "0",
            "0",
            "0",
            "0",
            "railway=rail",
            "railway=level_crossing",
            "10",
            "5619"
          ],
          [
            "-91361887",
            "39961006",
            "197",
            "621",
            "1000",
            "0",
            "0",
            "0",
            "0",
            "railway=rail",
            "railway=switch",
            "60",
            "36348"
          ],
          [
            "-91357982",
            "39963510",
            "203",
            "435",
            "1000",
            "0",
            "0",
            "0",
            "0",
            "railway=rail",
            "railway=level_crossing",
            "94",
            "58737"
          ],
          [
            "-91317205",
            "39978891",
            "219",
            "3924",
            "1000",
            "0",
            "0",
            "0",
            "0",
            "railway=rail",
            "railway=switch",
            "408",
            "249683"
          ],
          [
            "-91300875",
            "39990342",
            "219",
            "1888",
            "1000",
            "0",
            "0",
            "0",
            "0",
            "reversedirection=yes railway=rail",
            "railway=level_crossing",
            "559",
            "334693"
          ],
          [
            "-91297200",
            "39992977",
            "218",
            "429",
            "1000",
            "0",
            "0",
            "0",
            "0",
            "reversedirection=yes railway=rail",
            "railway=switch",
            "594",
            "353220"
          ],
          [
            "-91297079",
            "39993060",
            "218",
            "14",
            "1000",
            "0",
            "0",
            "0",
            "0",
            "railway=rail",
            "railway=level_crossing",
            "595",
            "353794"
          ],
          [
            "-91281802",
            "40001522",
            "216",
            "1622",
            "1000",
            "0",
            "0",
            "0",
            "0",
            "railway=rail",
            "railway=level_crossing",
            "724",
            "422916"
          ],
          [
            "-91262961",
            "40006398",
            "220",
            "1703",
            "1000",
            "0",
            "0",
            "0",
            "0",
            "railway=rail",
            "railway=level_crossing",
            "861",
            "498312"
          ],
          [
            "-91255543",
            "40006757",
            "220",
            "635",
            "1000",
            "0",
            "0",
            "0",
            "0",
            "railway=rail",
            "railway=level_crossing",
            "912",
            "526842"
          ],
          [
            "-91230830",
            "40012060",
            "223",
            "2197",
            "1000",
            "0",
            "0",
            "0",
            "0",
            "railway=rail",
            "railway=unknown",
            "1087",
            "624938"
          ],
          [
            "-91223719",
            "40014266",
            "224",
            "655",
            "1000",
            "0",
            "0",
            "0",
            "0",
            "railway=rail",
            "railway=level_crossing",
            "1140",
            "655437"
          ],
          [
            "-91204742",
            "40020440",
            "227",
            "1759",
            "1000",
            "0",
            "0",
            "0",
            "0",
            "railway=rail",
            "railway=level_crossing",
            "1280",
            "733028"
          ],
          [
            "-91200073",
            "40021813",
            "226",
            "426",
            "1000",
            "0",
            "0",
            "0",
            "0",
            "railway=rail",
            "railway=level_crossing",
            "1314",
            "753172"
          ],
          [
            "-91196617",
            "40022833",
            "227",
            "316",
            "1000",
            "0",
            "0",
            "0",
            "0",
            "railway=rail",
            "railway=switch",
            "1340",
            "767967"
          ],
          [
            "-91196055",
            "40023002",
            "226",
            "51",
            "1000",
            "0",
            "0",
            "0",
            "0",
            "railway=rail",
            "railway=level_crossing",
            "1344",
            "769873"
          ],
          [
            "-91176674",
            "40028694",
            "222",
            "1770",
            "1000",
            "0",
            "0",
            "0",
            "0",
            "railway=rail",
            "railway=level_crossing",
            "1485",
            "844346"
          ],
          [
            "-91162221",
            "40032430",
            "232",
            "1306",
            "1000",
            "0",
            "0",
            "0",
            "0",
            "railway=rail",
            "railway=level_crossing",
            "1590",
            "909421"
          ],
          [
            "-91158922",
            "40032516",
            "231",
            "283",
            "1000",
            "0",
            "0",
            "0",
            "0",
            "railway=rail",
            "railway=level_crossing",
            "1613",
            "922278"
          ],
          [
            "-91147502",
            "40031003",
            "231",
            "989",
            "1000",
            "0",
            "0",
            "0",
            "0",
            "railway=rail",
            "railway=level_crossing",
            "1692",
            "965663"
          ],
          [
            "-91141799",
            "40030244",
            "231",
            "494",
            "1000",
            "0",
            "0",
            "0",
            "0",
            "railway=rail",
            "railway=unknown",
            "1731",
            "987019"
          ],
          [
            "-91138518",
            "40030136",
            "231",
            "281",
            "1000",
            "0",
            "0",
            "0",
            "0",
            "railway=rail",
            "railway=level_crossing",
            "1754",
            "999434"
          ],
          [
            "-91128004",
            "40030839",
            "227",
            "910",
            "1000",
            "0",
            "0",
            "0",
            "0",
            "railway=rail",
            "railway=level_crossing",
            "1826",
            "1036134"
          ],
          [
            "-91108316",
            "40039057",
            "224",
            "1983",
            "1000",
            "0",
            "0",
            "0",
            "0",
            "railway=rail",
            "railway=level_crossing",
            "1985",
            "1120631"
          ],
          [
            "-91097688",
            "40040272",
            "223",
            "917",
            "1000",
            "0",
            "0",
            "0",
            "0",
            "railway=rail",
            "railway=switch",
            "2058",
            "1159639"
          ],
          [
            "-91088760",
            "40041294",
            "221",
            "771",
            "1000",
            "0",
            "0",
            "0",
            "0",
            "railway=rail",
            "railway=level_crossing",
            "2120",
            "1192517"
          ],
          [
            "-91079133",
            "40041678",
            "222",
            "824",
            "1000",
            "0",
            "0",
            "0",
            "0",
            "railway=rail",
            "railway=level_crossing",
            "2186",
            "1226922"
          ],
          [
            "-91069505",
            "40041534",
            "224",
            "822",
            "1000",
            "0",
            "0",
            "0",
            "0",
            "railway=rail",
            "railway=level_crossing",
            "2252",
            "1264185"
          ],
          [
            "-91068451",
            "40041522",
            "223",
            "90",
            "1000",
            "0",
            "0",
            "0",
            "0",
            "railway=rail",
            "railway=switch",
            "2259",
            "1269322"
          ],
          [
            "-91066181",
            "40041491",
            "226",
            "194",
            "1000",
            "0",
            "0",
            "0",
            "0",
            "railway=rail",
            "railway=level_crossing",
            "2275",
            "1280176"
          ],
          [
            "-91064618",
            "40041540",
            "227",
            "133",
            "1000",
            "0",
            "0",
            "0",
            "0",
            "railway=rail",
            "railway=level_crossing",
            "2285",
            "1286839"
          ],
          [
            "-91055287",
            "40047840",
            "224",
            "1116",
            "1000",
            "0",
            "0",
            "0",
            "0",
            "railway=rail",
            "railway=unknown",
            "2374",
            "1337395"
          ],
          [
            "-91054672",
            "40048770",
            "224",
            "116",
            "1000",
            "0",
            "0",
            "0",
            "0",
            "railway=rail",
            "railway=level_crossing",
            "2384",
            "1342166"
          ],
          [
            "-91049769",
            "40056165",
            "222",
            "922",
            "1000",
            "0",
            "0",
            "0",
            "0",
            "railway=rail",
            "railway=level_crossing",
            "2458",
            "1379077"
          ],
          [
            "-91040261",
            "40070522",
            "217",
            "1788",
            "1000",
            "0",
            "0",
            "0",
            "0",
            "railway=rail",
            "railway=level_crossing",
            "2601",
            "1453048"
          ],
          [
            "-91035516",
            "40077694",
            "213",
            "894",
            "1000",
            "0",
            "0",
            "0",
            "0",
            "railway=rail",
            "railway=level_crossing",
            "2672",
            "1488690"
          ],
          [
            "-91030814",
            "40084776",
            "212",
            "883",
            "1000",
            "0",
            "0",
            "0",
            "0",
            "railway=rail",
            "railway=level_crossing",
            "2743",
            "1526864"
          ],
          [
            "-91025760",
            "40092378",
            "216",
            "947",
            "1000",
            "0",
            "0",
            "0",
            "0",
            "railway=rail",
            "railway=level_crossing",
            "2818",
            "1571324"
          ],
          [
            "-91016958",
            "40106405",
            "221",
            "1732",
            "1000",
            "0",
            "0",
            "0",
            "0",
            "railway=rail",
            "railway=level_crossing",
            "2957",
            "1651201"
          ],
          [
            "-91015935",
            "40109192",
            "220",
            "321",
            "1000",
            "0",
            "0",
            "0",
            "0",
            "railway=rail",
            "railway=switch",
            "2983",
            "1665588"
          ],
          [
            "-91015891",
            "40109308",
            "220",
            "13",
            "1000",
            "0",
            "0",
            "0",
            "0",
            "railway=rail",
            "railway=level_crossing",
            "2984",
            "1666107"
          ],
          [
            "-91015360",
            "40110706",
            "220",
            "162",
            "1000",
            "0",
            "0",
            "0",
            "0",
            "railway=rail",
            "railway=switch",
            "2997",
            "1673102"
          ],
          [
            "-91011595",
            "40121059",
            "219",
            "1194",
            "1000",
            "0",
            "0",
            "0",
            "0",
            "railway=rail",
            "railway=level_crossing",
            "3092",
            "1724926"
          ],
          [
            "-91008503",
            "40129406",
            "218",
            "964",
            "1000",
            "0",
            "0",
            "0",
            "0",
            "railway=rail",
            "railway=level_crossing",
            "3169",
            "1766492"
          ],
          [
            "-91008215",
            "40130039",
            "218",
            "74",
            "1000",
            "0",
            "0",
            "0",
            "0",
            "railway=rail",
            "railway=switch",
            "3175",
            "1769837"
          ],
          [
            "-91006133",
            "40135677",
            "216",
            "651",
            "1000",
            "0",
            "0",
            "0",
            "0",
            "railway=rail",
            "railway=level_crossing",
            "3227",
            "1796360"
          ],
          [
            "-91002370",
            "40145854",
            "215",
            "1175",
            "1000",
            "0",
            "0",
            "0",
            "0",
            "railway=rail",
            "railway=switch",
            "3321",
            "1847634"
          ],
          [
            "-91001710",
            "40147642",
            "216",
            "206",
            "1000",
            "0",
            "0",
            "0",
            "0",
            "railway=rail",
            "railway=level_crossing",
            "3338",
            "1857040"
          ],
          [
            "-90998265",
            "40155409",
            "214",
            "913",
            "1000",
            "0",
            "0",
            "0",
            "0",
            "railway=rail",
            "railway=level_crossing",
            "3411",
            "1895704"
          ],
          [
            "-90991731",
            "40164710",
            "210",
            "1173",
            "1000",
            "0",
            "0",
            "0",
            "0",
            "railway=rail",
            "railway=level_crossing",
            "3505",
            "1943771"
          ],
          [
            "-90988389",
            "40169479",
            "210",
            "601",
            "1000",
            "0",
            "0",
            "0",
            "0",
            "railway=rail",
            "railway=level_crossing",
            "3553",
            "1970203"
          ],
          [
            "-90981549",
            "40179215",
            "205",
            "1228",
            "1000",
            "0",
            "0",
            "0",
            "0",
            "railway=rail",
            "railway=level_crossing",
            "3651",
            "2022674"
          ],
          [
            "-90980783",
            "40180294",
            "205",
            "136",
            "1000",
            "0",
            "0",
            "0",
            "0",
            "railway=rail",
            "railway=unknown",
            "3662",
            "2028326"
          ],
          [
            "-90971323",
            "40193763",
            "207",
            "1699",
            "1000",
            "0",
            "0",
            "0",
            "0",
            "railway=rail",
            "railway=level_crossing",
            "3798",
            "2102312"
          ],
          [
            "-90959711",
            "40215489",
            "202",
            "2613",
            "1000",
            "0",
            "0",
            "0",
            "0",
            "railway=rail",
            "railway=level_crossing",
            "4007",
            "2209703"
          ],
          [
            "-90952890",
            "40232880",
            "205",
            "2017",
            "1000",
            "0",
            "0",
            "0",
            "0",
            "railway=rail",
            "railway=level_crossing",
            "4168",
            "2303387"
          ],
          [
            "-90951693",
            "40235981",
            "206",
            "359",
            "1000",
            "0",
            "0",
            "0",
            "0",
            "railway=rail",
            "railway=switch",
            "4197",
            "2320998"
          ],
          [
            "-90949656",
            "40241150",
            "205",
            "599",
            "1000",
            "0",
            "0",
            "0",
            "0",
            "railway=rail",
            "railway=level_crossing",
            "4245",
            "2346539"
          ],
          [
            "-90947152",
            "40247169",
            "204",
            "702",
            "1000",
            "0",
            "0",
            "0",
            "0",
            "railway=rail",
            "railway=unknown",
            "4301",
            "2376273"
          ],
          [
            "-90946383",
            "40248604",
            "205",
            "173",
            "1000",
            "0",
            "0",
            "0",
            "0",
            "railway=rail",
            "railway=level_crossing",
            "4315",
            "2384736"
          ],
          [
            "-90943284",
            "40252871",
            "203",
            "542",
            "1000",
            "0",
            "0",
            "0",
            "0",
            "railway=rail",
            "railway=unknown",
            "4358",
            "2406799"
          ],
          [
            "-90941046",
            "40255615",
            "203",
            "359",
            "1000",
            "0",
            "0",
            "0",
            "0",
            "railway=rail",
            "railway=switch",
            "4387",
            "2422226"
          ],
          [
            "-90937252",
            "40260224",
            "194",
            "605",
            "1000",
            "0",
            "0",
            "0",
            "0",
            "railway=rail",
            "railway=unknown",
            "4435",
            "2444356"
          ],
          [
            "-90935392",
            "40262480",
            "197",
            "296",
            "1000",
            "0",
            "0",
            "0",
            "0",
            "railway=rail",
            "railway=level_crossing",
            "4459",
            "2457220"
          ],
          [
            "-90928091",
            "40270561",
            "197",
            "1094",
            "1000",
            "0",
            "0",
            "0",
            "0",
            "railway=rail",
            "railway=level_crossing",
            "4547",
            "2505023"
          ],
          [
            "-90915881",
            "40287160",
            "196",
            "2192",
            "1000",
            "0",
            "0",
            "0",
            "0",
            "railway=rail",
            "railway=switch",
            "4722",
            "2600394"
          ],
          [
            "-90915321",
            "40290689",
            "195",
            "395",
            "1000",
            "0",
            "0",
            "0",
            "0",
            "railway=rail",
            "railway=level_crossing",
            "4754",
            "2617153"
          ],
          [
            "-90914982",
            "40291788",
            "196",
            "126",
            "1000",
            "0",
            "0",
            "0",
            "0",
            "railway=rail",
            "railway=level_crossing",
            "4764",
            "2623314"
          ],
          [
            "-90907085",
            "40310276",
            "178",
            "2163",
            "1000",
            "0",
            "0",
            "0",
            "0",
            "railway=rail",
            "railway=unknown",
            "4937",
            "2705156"
          ],
          [
            "-90906624",
            "40311677",
            "177",
            "160",
            "1000",
            "0",
            "0",
            "0",
            "0",
            "railway=rail",
            "railway=level_crossing",
            "4949",
            "2711375"
          ],
          [
            "-90902923",
            "40322770",
            "171",
            "1271",
            "1000",
            "0",
            "0",
            "0",
            "0",
            "railway=rail",
            "railway=level_crossing",
            "5051",
            "2761975"
          ],
          [
            "-90891670",
            "40343505",
            "167",
            "2503",
            "1000",
            "0",
            "0",
            "0",
            "0",
            "railway=rail",
            "railway=switch",
            "5251",
            "2866065"
          ],
          [
            "-90890617",
            "40345115",
            "169",
            "200",
            "1000",
            "0",
            "0",
            "0",
            "0",
            "railway=rail",
            "railway=level_crossing",
            "5267",
            "2876256"
          ],
          [
            "-90885650",
            "40357580",
            "172",
            "1457",
            "1000",
            "0",
            "0",
            "0",
            "0",
            "railway=rail",
            "railway=level_crossing",
            "5384",
            "2943109"
          ],
          [
            "-90883726",
            "40365003",
            "179",
            "840",
            "1000",
            "0",
            "0",
            "0",
            "0",
            "railway=rail",
            "railway=unknown",
            "5451",
            "2983302"
          ],
          [
            "-90876466",
            "40378583",
            "188",
            "1629",
            "1000",
            "0",
            "0",
            "0",
            "0",
            "railway=rail",
            "railway=unknown",
            "5581",
            "3066336"
          ],
          [
            "-90870656",
            "40389231",
            "195",
            "1282",
            "1000",
            "0",
            "0",
            "0",
            "0",
            "railway=rail",
            "railway=level_crossing",
            "5684",
            "3125539"
          ],
          [
            "-90868561",
            "40393081",
            "196",
            "463",
            "1000",
            "0",
            "0",
            "0",
            "0",
            "railway=rail",
            "railway=level_crossing",
            "5721",
            "3149082"
          ],
          [
            "-90864659",
            "40398514",
            "197",
            "691",
            "1000",
            "0",
            "0",
            "0",
            "0",
            "railway=rail",
            "railway=level_crossing",
            "5776",
            "3181119"
          ],
          [
            "-90863854",
            "40399213",
            "195",
            "103",
            "1000",
            "0",
            "0",
            "0",
            "0",
            "railway=rail",
            "railway=level_crossing",
            "5785",
            "3184598"
          ],
          [
            "-90844926",
            "40409132",
            "206",
            "1951",
            "1000",
            "0",
            "0",
            "0",
            "0",
            "railway=rail",
            "railway=level_crossing",
            "5941",
            "3279731"
          ],
          [
            "-90839330",
            "40411590",
            "208",
            "548",
            "1000",
            "0",
            "0",
            "0",
            "0",
            "railway=rail",
            "railway=level_crossing",
            "5984",
            "3305441"
          ],
          [
            "-90834334",
            "40413045",
            "210",
            "453",
            "1000",
            "0",
            "0",
            "0",
            "0",
            "railway=rail",
            "railway=level_crossing",
            "6021",
            "3326678"
          ],
          [
            "-90820139",
            "40417115",
            "207",
            "1287",
            "1000",
            "0",
            "0",
            "0",
            "0",
            "railway=rail",
            "railway=level_crossing",
            "6124",
            "3380843"
          ],
          [
            "-90819972",
            "40417162",
            "207",
            "15",
            "1000",
            "0",
            "0",
            "0",
            "0",
            "railway=rail",
            "railway=switch",
            "6125",
            "3381503"
          ],
          [
            "-90806677",
            "40420967",
            "209",
            "1204",
            "1000",
            "0",
            "0",
            "0",
            "0",
            "railway=rail",
            "railway=unknown",
            "6221",
            "3436665"
          ],
          [
            "-90796926",
            "40423757",
            "211",
            "883",
            "1000",
            "0",
            "0",
            "0",
            "0",
            "railway=rail",
            "railway=level_crossing",
            "6292",
            "3477543"
          ],
          [
            "-90794194",
            "40424539",
            "213",
            "247",
            "1000",
            "0",
            "0",
            "0",
            "0",
            "railway=rail",
            "railway=switch",
            "6312",
            "3489170"
          ],
          [
            "-90792671",
            "40424972",
            "213",
            "138",
            "1000",
            "0",
            "0",
            "0",
            "0",
            "railway=rail",
            "railway=level_crossing",
            "6323",
            "3495789"
          ],
          [
            "-90791608",
            "40425274",
            "214",
            "96",
            "1000",
            "0",
            "0",
            "0",
            "0",
            "railway=rail",
            "railway=level_crossing",
            "6330",
            "3500261"
          ],
          [
            "-90780748",
            "40428606",
            "211",
            "994",
            "1000",
            "0",
            "0",
            "0",
            "0",
            "railway=rail",
            "railway=level_crossing",
            "6410",
            "3541982"
          ],
          [
            "-90772383",
            "40432009",
            "209",
            "804",
            "1000",
            "0",
            "0",
            "0",
            "0",
            "railway=rail",
            "railway=level_crossing",
            "6474",
            "3575090"
          ],
          [
            "-90762764",
            "40435933",
            "207",
            "925",
            "1000",
            "0",
            "0",
            "0",
            "0",
            "railway=rail",
            "railway=level_crossing",
            "6548",
            "3614057"
          ],
          [
            "-90753286",
            "40439791",
            "209",
            "911",
            "1000",
            "0",
            "0",
            "0",
            "0",
            "railway=rail",
            "railway=level_crossing",
            "6621",
            "3655600"
          ],
          [
            "-90747690",
            "40441695",
            "207",
            "520",
            "1000",
            "0",
            "0",
            "0",
            "0",
            "railway=rail",
            "railway=level_crossing",
            "6663",
            "3677757"
          ],
          [
            "-90744278",
            "40442560",
            "209",
            "305",
            "1000",
            "0",
            "0",
            "0",
            "0",
            "railway=rail",
            "railway=level_crossing",
            "6687",
            "3692647"
          ],
          [
            "-90733917",
            "40445091",
            "208",
            "923",
            "1000",
            "0",
            "0",
            "0",
            "0",
            "railway=rail",
            "railway=level_crossing",
            "6761",
            "3732198"
          ],
          [
            "-90724177",
            "40447481",
            "209",
            "868",
            "1000",
            "0",
            "0",
            "0",
            "0",
            "railway=rail",
            "railway=level_crossing",
            "6830",
            "3771571"
          ],
          [
            "-90719178",
            "40448709",
            "208",
            "445",
            "1000",
            "0",
            "0",
            "0",
            "0",
            "railway=rail",
            "railway=unknown",
            "6866",
            "3790272"
          ],
          [
            "-90714527",
            "40449863",
            "211",
            "414",
            "1000",
            "0",
            "0",
            "0",
            "0",
            "railway=rail",
            "railway=level_crossing",
            "6899",
            "3810968"
          ],
          [
            "-90711883",
            "40450511",
            "210",
            "236",
            "1000",
            "0",
            "0",
            "0",
            "0",
            "railway=rail",
            "railway=switch",
            "6918",
            "3820687"
          ],
          [
            "-90704807",
            "40452334",
            "211",
            "634",
            "1000",
            "0",
            "0",
            "0",
            "0",
            "railway=rail",
            "railway=level_crossing",
            "6969",
            "3848953"
          ],
          [
            "-90688279",
            "40457023",
            "212",
            "1496",
            "1000",
            "0",
            "0",
            "0",
            "0",
            "railway=rail",
            "railway=switch",
            "7088",
            "3915914"
          ],
          [
            "-90685614",
            "40457775",
            "213",
            "241",
            "1000",
            "0",
            "0",
            "0",
            "0",
            "railway=rail",
            "railway=switch",
            "7108",
            "3926914"
          ],
          [
            "-90685217",
            "40457883",
            "214",
            "36",
            "1000",
            "0",
            "0",
            "0",
            "0",
            "railway=rail",
            "railway=level_crossing",
            "7110",
            "3928758"
          ],
          [
            "-90681687",
            "40458887",
            "214",
            "320",
            "1000",
            "0",
            "0",
            "0",
            "0",
            "railway=rail",
            "railway=level_crossing",
            "7136",
            "3944045"
          ],
          [
            "-90677701",
            "40459993",
            "214",
            "359",
            "1000",
            "0",
            "0",
            "0",
            "0",
            "railway=rail",
            "railway=level_crossing",
            "7165",
            "3959638"
          ],
          [
            "-90674753",
            "40460638",
            "215",
            "260",
            "1000",
            "0",
            "0",
            "0",
            "0",
            "railway=rail",
            "railway=level_crossing",
            "7186",
            "3971507"
          ],
          [
            "-90673209",
            "40460976",
            "215",
            "136",
            "1000",
            "0",
            "0",
            "0",
            "0",
            "railway=rail",
            "railway=level_crossing",
            "7196",
            "3977845"
          ],
          [
            "-90671775",
            "40461287",
            "215",
            "126",
            "1000",
            "0",
            "0",
            "0",
            "0",
            "railway=rail",
            "railway=level_crossing",
            "7207",
            "3983159"
          ],
          [
            "-90671689",
            "40461306",
            "215",
            "8",
            "1000",
            "0",
            "0",
            "0",
            "0",
            "railway=rail",
            "railway=level_crossing",
            "7207",
            "3983521"
          ],
          [
            "-90671586",
            "40461328",
            "215",
            "9",
            "1000",
            "0",
            "0",
            "0",
            "0",
            "railway=rail",
            "railway=level_crossing",
            "7208",
            "3983927"
          ],
          [
            "-90670989",
            "40461456",
            "215",
            "53",
            "1000",
            "0",
            "0",
            "0",
            "0",
            "railway=rail",
            "railway=unknown",
            "7212",
            "3986394"
          ],
          [
            "-90670174",
            "40461631",
            "215",
            "72",
            "1000",
            "0",
            "0",
            "0",
            "0",
            "railway=rail",
            "railway=level_crossing",
            "7218",
            "3989435"
          ],
          [
            "-90667124",
            "40462290",
            "216",
            "269",
            "1000",
            "0",
            "0",
            "0",
            "0",
            "railway=rail",
            "railway=level_crossing",
            "7239",
            "4001799"
          ],
          [
            "-90664624",
            "40462836",
            "218",
            "221",
            "1000",
            "0",
            "0",
            "0",
            "0",
            "railway=rail",
            "railway=level_crossing",
            "7257",
            "4013297"
          ],
          [
            "-90660719",
            "40463683",
            "217",
            "344",
            "1000",
            "0",
            "0",
            "0",
            "0",
            "railway=rail",
            "railway=level_crossing",
            "7285",
            "4027999"
          ],
          [
            "-90658125",
            "40464243",
            "217",
            "229",
            "1000",
            "0",
            "0",
            "0",
            "0",
            "railway=rail",
            "railway=level_crossing",
            "7303",
            "4038456"
          ],
          [
            "-90657887",
            "40464295",
            "217",
            "21",
            "1000",
            "0",
            "0",
            "0",
            "0",
            "railway=rail",
            "railway=switch",
            "7305",
            "4039388"
          ],
          [
            "-90649341",
            "40466160",
            "215",
            "754",
            "1000",
            "0",
            "0",
            "0",
            "0",
            "railway=rail",
            "railway=switch",
            "7365",
            "4070715"
          ],
          [
            "-90647627",
            "40466521",
            "214",
            "151",
            "1000",
            "0",
            "0",
            "0",
            "0",
            "railway=rail",
            "railway=crossing",
            "7377",
            "4076471"
          ],
          [
            "-90647533",
            "40466541",
            "214",
            "8",
            "1000",
            "0",
            "0",
            "0",
            "0",
            "railway=rail",
            "railway=level_crossing",
            "7378",
            "4076780"
          ],
          [
            "-90638004",
            "40468604",
            "212",
            "840",
            "1000",
            "0",
            "0",
            "0",
            "0",
            "railway=rail",
            "railway=level_crossing",
            "7445",
            "4111883"
          ],
          [
            "-90633653",
            "40469549",
            "210",
            "383",
            "1000",
            "0",
            "0",
            "0",
            "0",
            "railway=rail",
            "railway=level_crossing",
            "7476",
            "4127076"
          ],
          [
            "-90628788",
            "40470609",
            "209",
            "429",
            "1000",
            "0",
            "0",
            "0",
            "0",
            "railway=rail",
            "railway=unknown",
            "7510",
            "4144975"
          ],
          [
            "-90628318",
            "40470711",
            "210",
            "41",
            "1000",
            "0",
            "0",
            "0",
            "0",
            "railway=rail",
            "railway=level_crossing",
            "7513",
            "4146922"
          ],
          [
            "-90599411",
            "40476990",
            "205",
            "2549",
            "1000",
            "0",
            "0",
            "0",
            "0",
            "railway=rail",
            "railway=level_crossing",
            "7717",
            "4255647"
          ],
          [
            "-90580151",
            "40482803",
            "202",
            "1775",
            "1000",
            "0",
            "0",
            "0",
            "0",
            "railway=rail",
            "railway=level_crossing",
            "7859",
            "4330581"
          ],
          [
            "-90570386",
            "40490096",
            "200",
            "1159",
            "1000",
            "0",
            "0",
            "0",
            "0",
            "railway=rail",
            "railway=level_crossing",
            "7952",
            "4380415"
          ],
          [
            "-90564112",
            "40494819",
            "204",
            "747",
            "1000",
            "0",
            "0",
            "0",
            "0",
            "railway=rail",
            "railway=level_crossing",
            "8012",
            "4413509"
          ],
          [
            "-90563026",
            "40495629",
            "206",
            "129",
            "1000",
            "0",
            "0",
            "0",
            "0",
            "railway=rail",
            "railway=level_crossing",
            "8022",
            "4420316"
          ],
          [
            "-90559691",
            "40498136",
            "204",
            "397",
            "1000",
            "0",
            "0",
            "0",
            "0",
            "railway=rail",
            "railway=switch",
            "8054",
            "4439312"
          ],
          [
            "-90549420",
            "40505852",
            "200",
            "1221",
            "1000",
            "0",
            "0",
            "0",
            "0",
            "railway=rail",
            "railway=unknown",
            "8151",
            "4490150"
          ],
          [
            "-90548244",
            "40506737",
            "199",
            "140",
            "1000",
            "0",
            "0",
            "0",
            "0",
            "railway=rail",
            "railway=level_crossing",
            "8162",
            "4495462"
          ],
          [
            "-90527282",
            "40528331",
            "191",
            "3009",
            "1000",
            "0",
            "0",
            "0",
            "0",
            "railway=rail",
            "railway=level_crossing",
            "8403",
            "4620252"
          ],
          [
            "-90523649",
            "40533114",
            "195",
            "613",
            "1000",
            "0",
            "0",
            "0",
            "0",
            "railway=rail",
            "railway=level_crossing",
            "8452",
            "4650860"
          ],
          [
            "-90521681",
            "40535642",
            "196",
            "327",
            "1000",
            "0",
            "0",
            "0",
            "0",
            "railway=rail",
            "railway=switch",
            "8478",
            "4665950"
          ],
          [
            "-90520904",
            "40536580",
            "196",
            "123",
            "1000",
            "0",
            "0",
            "0",
            "0",
            "reversedirection=yes railway=rail",
            "railway=switch",
            "8488",
            "4671562"
          ],
          [
            "-90520853",
            "40536648",
            "196",
            "9",
            "1000",
            "0",
            "0",
            "0",
            "0",
            "railway=rail",
            "railway=switch",
            "8489",
            "4671965"
          ],
          [
            "-90520304",
            "40537457",
            "196",
            "101",
            "1000",
            "0",
            "0",
            "0",
            "0",
            "railway=rail",
            "railway=switch",
            "8497",
            "4676315"
          ],
          [
            "-90520226",
            "40537561",
            "196",
            "13",
            "1000",
            "0",
            "0",
            "0",
            "0",
            "railway=rail",
            "railway=switch",
            "8498",
            "4676881"
          ],
          [
            "-90519668",
            "40538456",
            "196",
            "110",
            "1000",
            "0",
            "0",
            "0",
            "0",
            "reversedirection=yes railway=rail",
            "railway=switch",
            "8507",
            "4681789"
          ],
          [
            "-90513536",
            "40546586",
            "199",
            "1041",
            "1000",
            "0",
            "0",
            "0",
            "0",
            "reversedirection=yes railway=rail",
            "railway=switch",
            "8590",
            "4729782"
          ],
          [
            "-90513144",
            "40547128",
            "199",
            "69",
            "1000",
            "0",
            "0",
            "0",
            "0",
            "reversedirection=yes railway=rail",
            "railway=switch",
            "8596",
            "4733090"
          ],
          [
            "-90512709",
            "40547644",
            "200",
            "68",
            "1000",
            "0",
            "0",
            "0",
            "0",
            "reversedirection=yes railway=rail",
            "railway=switch",
            "8601",
            "4736435"
          ],
          [
            "-90512607",
            "40547793",
            "200",
            "19",
            "1000",
            "0",
            "0",
            "0",
            "0",
            "railway=rail",
            "railway=level_crossing",
            "8603",
            "4737333"
          ],
          [
            "-90511875",
            "40548794",
            "201",
            "127",
            "1000",
            "0",
            "0",
            "0",
            "0",
            "railway=rail",
            "railway=unknown",
            "8613",
            "4743770"
          ],
          [
            "-90511125",
            "40549794",
            "201",
            "128",
            "1000",
            "0",
            "0",
            "0",
            "0",
            "railway=rail",
            "railway=level_crossing",
            "8623",
            "4749640"
          ],
          [
            "-90510571",
            "40550521",
            "200",
            "93",
            "1000",
            "0",
            "0",
            "0",
            "0",
            "railway=rail",
            "railway=switch",
            "8630",
            "4753252"
          ],
          [
            "-90509613",
            "40551796",
            "200",
            "163",
            "1000",
            "0",
            "0",
            "0",
            "0",
            "railway=rail",
            "railway=level_crossing",
            "8644",
            "4760526"
          ],
          [
            "-90508864",
            "40552796",
            "202",
            "128",
            "1000",
            "0",
            "0",
            "0",
            "0",
            "railway=rail",
            "railway=level_crossing",
            "8654",
            "4767131"
          ],
          [
            "-90508110",
            "40553793",
            "201",
            "128",
            "1000",
            "0",
            "0",
            "0",
            "0",
            "railway=rail",
            "railway=level_crossing",
            "8664",
            "4772235"
          ],
          [
            "-90505837",
            "40556796",
            "201",
            "385",
            "1000",
            "0",
            "0",
            "0",
            "0",
            "railway=rail",
            "railway=level_crossing",
            "8695",
            "4788971"
          ],
          [
            "-90498259",
            "40566853",
            "201",
            "1287",
            "1000",
            "0",
            "0",
            "0",
            "0",
            "railway=rail",
            "railway=unknown",
            "8798",
            "4846013"
          ],
          [
            "-90495197",
            "40570924",
            "201",
            "521",
            "1000",
            "0",
            "0",
            "0",
            "0",
            "railway=rail",
            "railway=level_crossing",
            "8839",
            "4868934"
          ],
          [
            "-90488683",
            "40580654",
            "195",
            "1213",
            "1000",
            "0",
            "0",
            "0",
            "0",
            "railway=rail",
            "railway=switch",
            "8936",
            "4919647"
          ],
          [
            "-90485703",
            "40585264",
            "195",
            "571",
            "1000",
            "0",
            "0",
            "0",
            "0",
            "railway=rail",
            "railway=level_crossing",
            "8982",
            "4942140"
          ],
          [
            "-90476611",
            "40599617",
            "198",
            "1770",
            "1000",
            "0",
            "0",
            "0",
            "0",
            "railway=rail",
            "railway=level_crossing",
            "9124",
            "5022162"
          ],
          [
            "-90467523",
            "40613977",
            "205",
            "1771",
            "1000",
            "0",
            "0",
            "0",
            "0",
            "railway=rail",
            "railway=level_crossing",
            "9265",
            "5104257"
          ],
          [
            "-90462995",
            "40621104",
            "204",
            "879",
            "1000",
            "0",
            "0",
            "0",
            "0",
            "railway=rail",
            "railway=level_crossing",
            "9336",
            "5144467"
          ],
          [
            "-90460324",
            "40625316",
            "201",
            "520",
            "1000",
            "0",
            "0",
            "0",
            "0",
            "railway=rail",
            "railway=level_crossing",
            "9377",
            "5164861"
          ],
          [
            "-90456348",
            "40631597",
            "200",
            "775",
            "1000",
            "0",
            "0",
            "0",
            "0",
            "railway=rail",
            "railway=unknown",
            "9439",
            "5197449"
          ],
          [
            "-90449568",
            "40642283",
            "198",
            "1318",
            "1000",
            "0",
            "0",
            "0",
            "0",
            "railway=rail",
            "railway=level_crossing",
            "9545",
            "5254102"
          ],
          [
            "-90437909",
            "40660659",
            "197",
            "2267",
            "1000",
            "0",
            "0",
            "0",
            "0",
            "railway=rail",
            "railway=level_crossing",
            "9726",
            "5352548"
          ],
          [
            "-90437508",
            "40661294",
            "195",
            "78",
            "1000",
            "0",
            "0",
            "0",
            "0",
            "railway=rail",
            "railway=switch",
            "9732",
            "5355351"
          ],
          [
            "-90435661",
            "40664205",
            "195",
            "359",
            "1000",
            "0",
            "0",
            "0",
            "0",
            "railway=rail",
            "railway=level_crossing",
            "9761",
            "5370502"
          ],
          [
            "-90427662",
            "40683702",
            "186",
            "2291",
            "1000",
            "0",
            "0",
            "0",
            "0",
            "railway=rail",
            "",
            "9944",
            "5463628"
          ],
          [
            "-90425188",
            "40688164",
            "178",
            "538",
            "1000",
            "0",
            "0",
            "0",
            "0",
            "reversedirection=yes railway=rail",
            "railway=switch",
            "9987",
            "5482545"
          ],
          [
            "-90411480",
            "40718154",
            "198",
            "3543",
            "1000",
            "0",
            "0",
            "0",
            "0",
            "railway=rail",
            "railway=level_crossing",
            "10271",
            "5650424"
          ],
          [
            "-90409681",
            "40724403",
            "195",
            "709",
            "1000",
            "0",
            "0",
            "0",
            "0",
            "railway=rail",
            "railway=unknown",
            "10328",
            "5681299"
          ],
          [
            "-90402541",
            "40741453",
            "201",
            "2011",
            "1000",
            "0",
            "0",
            "0",
            "0",
            "railway=rail",
            "railway=level_crossing",
            "10488",
            "5775378"
          ],
          [
            "-90399882",
            "40758059",
            "207",
            "1859",
            "1000",
            "0",
            "0",
            "0",
            "0",
            "railway=rail",
            "railway=level_crossing",
            "10637",
            "5860229"
          ],
          [
            "-90398549",
            "40764489",
            "209",
            "723",
            "1000",
            "0",
            "0",
            "0",
            "0",
            "railway=rail",
            "railway=switch",
            "10695",
            "5893583"
          ],
          [
            "-90396788",
            "40772549",
            "210",
            "907",
            "1000",
            "0",
            "0",
            "0",
            "0",
            "railway=rail",
            "railway=level_crossing",
            "10768",
            "5936656"
          ],
          [
            "-90395357",
            "40794436",
            "219",
            "2437",
            "1000",
            "0",
            "0",
            "0",
            "0",
            "railway=rail",
            "railway=level_crossing",
            "10963",
            "6049278"
          ],
          [
            "-90395324",
            "40796787",
            "222",
            "261",
            "1000",
            "0",
            "0",
            "0",
            "0",
            "railway=rail",
            "railway=switch",
            "10983",
            "6063007"
          ],
          [
            "-90395198",
            "40805603",
            "230",
            "979",
            "1000",
            "0",
            "0",
            "0",
            "0",
            "railway=rail",
            "railway=switch",
            "11062",
            "6113310"
          ],
          [
            "-90395121",
            "40813630",
            "223",
            "891",
            "1000",
            "0",
            "0",
            "0",
            "0",
            "railway=rail",
            "railway=switch",
            "11133",
            "6151839"
          ],
          [
            "-90395121",
            "40816248",
            "220",
            "291",
            "1000",
            "0",
            "0",
            "0",
            "0",
            "railway=rail",
            "railway=level_crossing",
            "11156",
            "6162343"
          ],
          [
            "-90394961",
            "40831011",
            "222",
            "1639",
            "1000",
            "0",
            "0",
            "0",
            "0",
            "railway=rail",
            "railway=level_crossing",
            "11287",
            "6233641"
          ],
          [
            "-90394896",
            "40838340",
            "224",
            "814",
            "1000",
            "0",
            "0",
            "0",
            "0",
            "railway=rail",
            "railway=level_crossing",
            "11353",
            "6271210"
          ],
          [
            "-90394786",
            "40849332",
            "228",
            "1221",
            "1000",
            "0",
            "0",
            "0",
            "0",
            "railway=rail",
            "railway=level_crossing",
            "11450",
            "6328425"
          ],
          [
            "-90394631",
            "40867646",
            "228",
            "2034",
            "1000",
            "0",
            "0",
            "0",
            "0",
            "railway=rail",
            "railway=level_crossing",
            "11613",
            "6417695"
          ],
          [
            "-90394624",
            "40867845",
            "228",
            "22",
            "1000",
            "0",
            "0",
            "0",
            "0",
            "railway=rail",
            "railway=switch",
            "11615",
            "6418706"
          ],
          [
            "-90394772",
            "40869733",
            "232",
            "210",
            "1000",
            "0",
            "0",
            "0",
            "0",
            "railway=rail",
            "railway=switch",
            "11632",
            "6430331"
          ],
          [
            "-90389957",
            "40894977",
            "234",
            "2865",
            "1000",
            "0",
            "0",
            "0",
            "0",
            "railway=rail",
            "",
            "11861",
            "6559713"
          ],
          [
            "-90389696",
            "40895749",
            "233",
            "58",
            "1000",
            "0",
            "0",
            "0",
            "0",
            "reversedirection=yes railway=rail",
            "",
            "11865",
            "6561839"
          ],
          [
            "-90389099",
            "40896982",
            "235",
            "178",
            "1000",
            "0",
            "0",
            "0",
            "0",
            "reversedirection=yes railway=rail",
            "railway=switch",
            "14",
            "9001"
          ],
          [
            "-90387718",
            "40899811",
            "236",
            "335",
            "1000",
            "0",
            "0",
            "0",
            "0",
            "reversedirection=yes railway=rail",
            "railway=switch",
            "41",
            "24732"
          ],
          [
            "-90387573",
            "40900128",
            "236",
            "37",
            "1000",
            "0",
            "0",
            "0",
            "0",
            "reversedirection=yes railway=rail",
            "railway=switch",
            "44",
            "26440"
          ],
          [
            "-90385799",
            "40903771",
            "236",
            "431",
            "1000",
            "0",
            "0",
            "0",
            "0",
            "reversedirection=yes railway=rail",
            "railway=switch",
            "78",
            "48227"
          ],
          [
            "-90385651",
            "40904065",
            "236",
            "35",
            "1000",
            "0",
            "0",
            "0",
            "0",
            "reversedirection=yes railway=rail",
            "railway=switch",
            "81",
            "49766"
          ],
          [
            "-90385601",
            "40904180",
            "236",
            "13",
            "1000",
            "0",
            "0",
            "0",
            "0",
            "reversedirection=yes railway=rail",
            "railway=switch",
            "82",
            "50338"
          ],
          [
            "-90385470",
            "40904444",
            "236",
            "31",
            "1000",
            "0",
            "0",
            "0",
            "0",
            "reversedirection=yes railway=rail",
            "railway=switch",
            "84",
            "51054"
          ],
          [
            "-90385174",
            "40905272",
            "237",
            "95",
            "1000",
            "0",
            "0",
            "0",
            "0",
            "reversedirection=yes railway=rail",
            "railway=switch",
            "92",
            "54350"
          ],
          [
            "-90385149",
            "40905353",
            "237",
            "9",
            "1000",
            "0",
            "0",
            "0",
            "0",
            "reversedirection=yes railway=rail",
            "railway=switch",
            "93",
            "54706"
          ],
          [
            "-90385061",
            "40905664",
            "237",
            "35",
            "1000",
            "0",
            "0",
            "0",
            "0",
            "reversedirection=yes railway=rail",
            "railway=switch",
            "95",
            "56188"
          ],
          [
            "-90384962",
            "40905997",
            "237",
            "38",
            "1000",
            "0",
            "0",
            "0",
            "0",
            "reversedirection=yes railway=rail",
            "railway=switch",
            "98",
            "57885"
          ],
          [
            "-90380931",
            "40914614",
            "237",
            "1016",
            "1000",
            "0",
            "0",
            "0",
            "0",
            "reversedirection=yes railway=rail",
            "railway=switch",
            "180",
            "102273"
          ],
          [
            "-90380858",
            "40914882",
            "237",
            "30",
            "1000",
            "0",
            "0",
            "0",
            "0",
            "reversedirection=yes railway=rail",
            "railway=switch",
            "182",
            "103513"
          ],
          [
            "-90380778",
            "40915149",
            "237",
            "30",
            "1000",
            "0",
            "0",
            "0",
            "0",
            "reversedirection=yes railway=rail",
            "railway=switch",
            "185",
            "104831"
          ],
          [
            "-90380703",
            "40915413",
            "237",
            "30",
            "1000",
            "0",
            "0",
            "0",
            "0",
            "reversedirection=yes railway=rail",
            "railway=switch",
            "187",
            "106207"
          ],
          [
            "-90380628",
            "40915675",
            "237",
            "30",
            "1000",
            "0",
            "0",
            "0",
            "0",
            "reversedirection=yes railway=rail",
            "railway=switch",
            "189",
            "107626"
          ],
          [
            "-90380559",
            "40915927",
            "238",
            "29",
            "1000",
            "0",
            "0",
            "0",
            "0",
            "reversedirection=yes railway=rail",
            "railway=switch",
            "192",
            "109028"
          ],
          [
            "-90380445",
            "40916230",
            "238",
            "35",
            "1000",
            "0",
            "0",
            "0",
            "0",
            "reversedirection=yes railway=rail",
            "railway=switch",
            "194",
            "110679"
          ],
          [
            "-90380035",
            "40917069",
            "238",
            "99",
            "1000",
            "0",
            "0",
            "0",
            "0",
            "railway=rail",
            "railway=switch",
            "202",
            "115339"
          ],
          [
            "-90379825",
            "40917510",
            "238",
            "52",
            "1000",
            "0",
            "0",
            "0",
            "0",
            "railway=rail",
            "railway=switch",
            "207",
            "117610"
          ],
          [
            "-90379534",
            "40918102",
            "238",
            "70",
            "1000",
            "0",
            "0",
            "0",
            "0",
            "railway=rail",
            "railway=switch",
            "212",
            "120676"
          ],
          [
            "-90379295",
            "40918595",
            "238",
            "58",
            "1000",
            "0",
            "0",
            "0",
            "0",
            "railway=rail",
            "railway=switch",
            "217",
            "123320"
          ],
          [
            "-90378955",
            "40919182",
            "238",
            "71",
            "1000",
            "0",
            "0",
            "0",
            "0",
            "reversedirection=yes railway=rail",
            "railway=switch",
            "222",
            "126502"
          ],
          [
            "-90378844",
            "40919413",
            "238",
            "27",
            "1000",
            "0",
            "0",
            "0",
            "0",
            "railway=rail",
            "railway=switch",
            "225",
            "127808"
          ],
          [
            "-90372327",
            "40931469",
            "237",
            "1449",
            "1000",
            "0",
            "0",
            "0",
            "0",
            "railway=rail",
            "railway=switch",
            "341",
            "191255"
          ],
          [
            "-90371270",
            "40933671",
            "238",
            "260",
            "1000",
            "0",
            "0",
            "0",
            "0",
            "railway=rail",
            "railway=switch",
            "361",
            "202867"
          ],
          [
            "-90371231",
            "40933758",
            "238",
            "10",
            "1000",
            "0",
            "0",
            "0",
            "0",
            "railway=rail",
            "railway=switch",
            "362",
            "203311"
          ],
          [
            "-90370928",
            "40934499",
            "237",
            "86",
            "1000",
            "0",
            "0",
            "0",
            "0",
            "railway=rail",
            "railway=switch",
            "369",
            "206612"
          ],
          [
            "-90370877",
            "40934611",
            "237",
            "13",
            "1000",
            "0",
            "0",
            "0",
            "0",
            "railway=rail",
            "railway=switch",
            "370",
            "207113"
          ],
          [
            "-90370545",
            "40935182",
            "236",
            "69",
            "1000",
            "0",
            "0",
            "0",
            "0",
            "railway=rail",
            "railway=switch",
            "376",
            "209787"
          ],
          [
            "-90370480",
            "40935313",
            "237",
            "16",
            "1000",
            "0",
            "0",
            "0",
            "0",
            "railway=rail",
            "railway=switch",
            "377",
            "210469"
          ],
          [
            "-90369933",
            "40936436",
            "237",
            "133",
            "1000",
            "0",
            "0",
            "0",
            "0",
            "railway=rail",
            "railway=level_crossing",
            "387",
            "216230"
          ],
          [
            "-90367390",
            "40940414",
            "238",
            "494",
            "1000",
            "0",
            "0",
            "0",
            "0",
            "railway=rail",
            "railway=switch",
            "427",
            "237968"
          ],
          [
            "-90367067",
            "40940800",
            "239",
            "51",
            "1000",
            "0",
            "0",
            "0",
            "0",
            "railway=rail",
            "railway=switch",
            "431",
            "240988"
          ],
          [
            "-90366960",
            "40940906",
            "239",
            "15",
            "1000",
            "0",
            "0",
            "0",
            "0",
            "railway=rail",
            "railway=switch",
            "432",
            "241841"
          ],
          [
            "-90365157",
            "40942702",
            "239",
            "251",
            "1000",
            "0",
            "0",
            "0",
            "0",
            "railway=rail",
            "railway=switch",
            "452",
            "253383"
          ],
          [
            "-90365046",
            "40942811",
            "239",
            "15",
            "1000",
            "0",
            "0",
            "0",
            "0",
            "railway=rail",
            "railway=switch",
            "454",
            "254109"
          ],
          [
            "-90364412",
            "40943485",
            "239",
            "92",
            "1000",
            "0",
            "0",
            "0",
            "0",
            "reversedirection=yes railway=rail",
            "railway=switch",
            "461",
            "258400"
          ],
          [
            "-90363499",
            "40944397",
            "239",
            "127",
            "1000",
            "0",
            "0",
            "0",
            "0",
            "railway=rail",
            "railway=unknown",
            "471",
            "263944"
          ],
          [
            "-90362541",
            "40945354",
            "239",
            "114",
            "1000",
            "0",
            "0",
            "0",
            "0",
            "railway=rail",
            "",
            "480",
            "268947"
          ],
          [
            "-90362276",
            "40945622",
            "238",
            "57",
            "1000",
            "0",
            "0",
            "0",
            "0",
            "railway=rail",
            "railway=level_crossing",
            "4",
            "2370"
          ],
          [
            "-90361076",
            "40946810",
            "235",
            "166",
            "1000",
            "0",
            "0",
            "0",
            "0",
            "railway=rail",
            "railway=switch",
            "17",
            "9603"
          ],
          [
            "-90360036",
            "40947835",
            "237",
            "143",
            "1000",
            "0",
            "0",
            "0",
            "0",
            "railway=rail",
            "railway=switch",
            "29",
            "15168"
          ],
          [
            "-90358514",
            "40949341",
            "237",
            "211",
            "1000",
            "0",
            "0",
            "0",
            "0",
            "railway=rail",
            "railway=unknown",
            "46",
            "23908"
          ],
          [
            "-90356705",
            "40951140",
            "235",
            "251",
            "1000",
            "0",
            "0",
            "0",
            "0",
            "railway=rail",
            "",
            "66",
            "33419"
          ],
          [
            "-90355574",
            "40952261",
            "234",
            "157",
            "1000",
            "0",
            "0",
            "0",
            "0",
            "reversedirection=yes railway=rail",
            "",
            "78",
            "39674"
          ],
          [
            "-90353135",
            "40954674",
            "235",
            "337",
            "1000",
            "0",
            "0",
            "0",
            "0",
            "railway=rail",
            "",
            "105",
            "55028"
          ],
          [
            "-90352793",
            "40955010",
            "235",
            "47",
            "1000",
            "0",
            "0",
            "0",
            "0",
            "reversedirection=yes railway=rail",
            "",
            "109",
            "57190"
          ],
          [
            "-90349047",
            "40958718",
            "238",
            "519",
            "1000",
            "0",
            "0",
            "0",
            "0",
            "railway=rail",
            "railway=switch",
            "151",
            "82120"
          ],
          [
            "-90347212",
            "40960528",
            "238",
            "254",
            "1000",
            "0",
            "0",
            "0",
            "0",
            "railway=rail",
            "railway=unknown",
            "171",
            "93330"
          ],
          [
            "-90335489",
            "40972113",
            "244",
            "1621",
            "1000",
            "0",
            "0",
            "0",
            "0",
            "railway=rail",
            "railway=unknown",
            "301",
            "167502"
          ],
          [
            "-90327364",
            "40980154",
            "246",
            "1124",
            "1000",
            "0",
            "0",
            "0",
            "0",
            "railway=rail",
            "railway=switch",
            "390",
            "221130"
          ],
          [
            "-90327090",
            "40980423",
            "246",
            "38",
            "1000",
            "0",
            "0",
            "0",
            "0",
            "railway=rail",
            "railway=level_crossing",
            "394",
            "222873"
          ],
          [
            "-90325798",
            "40981699",
            "247",
            "179",
            "1000",
            "0",
            "0",
            "0",
            "0",
            "railway=rail",
            "railway=switch",
            "408",
            "231427"
          ],
          [
            "-90323859",
            "40983616",
            "248",
            "268",
            "1000",
            "0",
            "0",
            "0",
            "0",
            "railway=rail",
            "railway=unknown",
            "429",
            "244576"
          ],
          [
            "-90311284",
            "40996047",
            "253",
            "1739",
            "1000",
            "0",
            "0",
            "0",
            "0",
            "railway=rail",
            "railway=unknown",
            "568",
            "322446"
          ],
          [
            "-90301834",
            "41005409",
            "252",
            "1308",
            "1000",
            "0",
            "0",
            "0",
            "0",
            "railway=rail",
            "railway=level_crossing",
            "673",
            "382010"
          ],
          [
            "-90299928",
            "41007291",
            "253",
            "263",
            "1000",
            "0",
            "0",
            "0",
            "0",
            "railway=rail",
            "railway=unknown",
            "694",
            "394602"
          ],
          [
            "-90288542",
            "41018543",
            "252",
            "1574",
            "1000",
            "0",
            "0",
            "0",
            "0",
            "railway=rail",
            "railway=unknown",
            "820",
            "462590"
          ],
          [
            "-90282205",
            "41024799",
            "252",
            "876",
            "1000",
            "0",
            "0",
            "0",
            "0",
            "railway=rail",
            "railway=switch",
            "890",
            "501783"
          ],
          [
            "-90281706",
            "41025292",
            "253",
            "69",
            "1000",
            "0",
            "0",
            "0",
            "0",
            "railway=rail",
            "railway=level_crossing",
            "896",
            "505148"
          ],
          [
            "-90281614",
            "41025385",
            "253",
            "13",
            "1000",
            "0",
            "0",
            "0",
            "0",
            "railway=rail",
            "railway=switch",
            "897",
            "505787"
          ],
          [
            "-90280434",
            "41026550",
            "253",
            "163",
            "1000",
            "0",
            "0",
            "0",
            "0",
            "railway=rail",
            "railway=crossing",
            "910",
            "512815"
          ],
          [
            "-90277156",
            "41029783",
            "252",
            "453",
            "1000",
            "0",
            "0",
            "0",
            "0",
            "railway=rail",
            "railway=unknown",
            "946",
            "532051"
          ],
          [
            "-90276769",
            "41030164",
            "252",
            "53",
            "1000",
            "0",
            "0",
            "0",
            "0",
            "railway=rail",
            "railway=switch",
            "950",
            "534288"
          ],
          [
            "-90265626",
            "41041163",
            "249",
            "1539",
            "1000",
            "0",
            "0",
            "0",
            "0",
            "railway=rail",
            "railway=unknown",
            "1073",
            "599419"
          ],
          [
            "-90262170",
            "41044575",
            "250",
            "477",
            "1000",
            "0",
            "0",
            "0",
            "0",
            "railway=rail",
            "railway=level_crossing",
            "1111",
            "621494"
          ],
          [
            "-90253696",
            "41052938",
            "249",
            "1171",
            "1000",
            "0",
            "0",
            "0",
            "0",
            "railway=rail",
            "railway=unknown",
            "1205",
            "671907"
          ],
          [
            "-90252257",
            "41054358",
            "248",
            "199",
            "1000",
            "0",
            "0",
            "0",
            "0",
            "railway=rail",
            "railway=signal",
            "1221",
            "679898"
          ],
          [
            "-90252251",
            "41054365",
            "248",
            "1",
            "1000",
            "0",
            "0",
            "0",
            "0",
            "railway=rail",
            "railway=signal",
            "1221",
            "679941"
          ],
          [
            "-90250854",
            "41055743",
            "250",
            "193",
            "1000",
            "0",
            "0",
            "0",
            "0",
            "railway=rail",
            "railway=level_crossing",
            "1237",
            "690026"
          ],
          [
            "-90241688",
            "41063900",
            "245",
            "1191",
            "1000",
            "0",
            "0",
            "0",
            "0",
            "railway=rail",
            "railway=unknown",
            "1332",
            "738217"
          ],
          [
            "-90227083",
            "41072980",
            "247",
            "1589",
            "1000",
            "0",
            "0",
            "0",
            "0",
            "railway=rail",
            "railway=unknown",
            "1459",
            "810148"
          ],
          [
            "-90226566",
            "41073299",
            "248",
            "56",
            "1000",
            "0",
            "0",
            "0",
            "0",
            "railway=rail",
            "railway=crossing",
            "1463",
            "812706"
          ],
          [
            "-90224894",
            "41074332",
            "247",
            "181",
            "1000",
            "0",
            "0",
            "0",
            "0",
            "railway=rail",
            "railway=level_crossing",
            "1478",
            "820034"
          ],
          [
            "-90223377",
            "41075273",
            "247",
            "165",
            "1000",
            "0",
            "0",
            "0",
            "0",
            "railway=rail",
            "railway=crossing",
            "1491",
            "827192"
          ],
          [
            "-90222013",
            "41076108",
            "247",
            "147",
            "1000",
            "0",
            "0",
            "0",
            "0",
            "railway=rail",
            "railway=level_crossing",
            "1503",
            "834149"
          ],
          [
            "-90213187",
            "41081553",
            "241",
            "957",
            "1000",
            "0",
            "0",
            "0",
            "0",
            "railway=rail",
            "railway=signal",
            "1579",
            "873302"
          ],
          [
            "-90213176",
            "41081560",
            "241",
            "1",
            "1000",
            "0",
            "0",
            "0",
            "0",
            "railway=rail",
            "railway=signal",
            "1580",
            "873346"
          ],
          [
            "-90212254",
            "41082129",
            "240",
            "100",
            "1000",
            "0",
            "0",
            "0",
            "0",
            "railway=rail",
            "railway=unknown",
            "1588",
            "877324"
          ],
          [
            "-90202210",
            "41088316",
            "233",
            "1089",
            "1000",
            "0",
            "0",
            "0",
            "0",
            "railway=rail",
            "railway=level_crossing",
            "1675",
            "919020"
          ],
          [
            "-90164051",
            "41111828",
            "231",
            "4133",
            "1000",
            "0",
            "0",
            "0",
            "0",
            "railway=rail",
            "railway=level_crossing",
            "2005",
            "1096304"
          ],
          [
            "-90162243",
            "41112945",
            "236",
            "196",
            "1000",
            "0",
            "0",
            "0",
            "0",
            "railway=rail",
            "railway=switch",
            "2021",
            "1105953"
          ],
          [
            "-90161462",
            "41113429",
            "233",
            "85",
            "1000",
            "0",
            "0",
            "0",
            "0",
            "railway=rail",
            "railway=level_crossing",
            "2028",
            "1110167"
          ],
          [
            "-90159721",
            "41114394",
            "231",
            "181",
            "1000",
            "0",
            "0",
            "0",
            "0",
            "railway=rail",
            "railway=level_crossing",
            "2042",
            "1116963"
          ],
          [
            "-90152239",
            "41117772",
            "226",
            "732",
            "1000",
            "0",
            "0",
            "0",
            "0",
            "railway=rail",
            "railway=level_crossing",
            "2101",
            "1146710"
          ],
          [
            "-90135488",
            "41125273",
            "234",
            "1634",
            "1000",
            "0",
            "0",
            "0",
            "0",
            "railway=rail",
            "railway=unknown",
            "2232",
            "1220787"
          ],
          [
            "-90134794",
            "41125582",
            "234",
            "68",
            "1000",
            "0",
            "0",
            "0",
            "0",
            "railway=rail",
            "railway=level_crossing",
            "2237",
            "1224976"
          ],
          [
            "-90112497",
            "41135557",
            "236",
            "2175",
            "1000",
            "0",
            "0",
            "0",
            "0",
            "railway=rail",
            "railway=level_crossing",
            "2411",
            "1320991"
          ],
          [
            "-90096471",
            "41142725",
            "242",
            "1563",
            "1000",
            "0",
            "0",
            "0",
            "0",
            "railway=rail",
            "railway=level_crossing",
            "2536",
            "1395037"
          ],
          [
            "-90073870",
            "41152817",
            "246",
            "2204",
            "1000",
            "0",
            "0",
            "0",
            "0",
            "railway=rail",
            "railway=level_crossing",
            "2712",
            "1495512"
          ],
          [
            "-90052828",
            "41162210",
            "254",
            "2051",
            "1000",
            "0",
            "0",
            "0",
            "0",
            "railway=rail",
            "railway=unknown",
            "2876",
            "1593010"
          ],
          [
            "-90049652",
            "41163628",
            "262",
            "310",
            "1000",
            "0",
            "0",
            "0",
            "0",
            "railway=rail",
            "railway=level_crossing",
            "2901",
            "1612758"
          ],
          [
            "-90049218",
            "41163821",
            "264",
            "42",
            "1000",
            "0",
            "0",
            "0",
            "0",
            "railway=rail",
            "railway=switch",
            "2905",
            "1615310"
          ],
          [
            "-90047136",
            "41164751",
            "261",
            "203",
            "1000",
            "0",
            "0",
            "0",
            "0",
            "railway=rail",
            "railway=level_crossing",
            "2921",
            "1625603"
          ],
          [
            "-90046530",
            "41165020",
            "260",
            "59",
            "1000",
            "0",
            "0",
            "0",
            "0",
            "railway=rail",
            "railway=switch",
            "2926",
            "1628093"
          ],
          [
            "-90045532",
            "41165464",
            "261",
            "97",
            "1000",
            "0",
            "0",
            "0",
            "0",
            "railway=rail",
            "railway=level_crossing",
            "2933",
            "1632416"
          ],
          [
            "-90041921",
            "41167081",
            "260",
            "352",
            "1000",
            "0",
            "0",
            "0",
            "0",
            "railway=rail",
            "railway=level_crossing",
            "2961",
            "1647504"
          ],
          [
            "-90041006",
            "41167488",
            "261",
            "89",
            "1000",
            "0",
            "0",
            "0",
            "0",
            "railway=rail",
            "railway=switch",
            "2969",
            "1652062"
          ],
          [
            "-90039870",
            "41167992",
            "258",
            "111",
            "1000",
            "0",
            "0",
            "0",
            "0",
            "railway=rail",
            "railway=level_crossing",
            "2977",
            "1655469"
          ],
          [
            "-90034894",
            "41170210",
            "257",
            "485",
            "1000",
            "0",
            "0",
            "0",
            "0",
            "railway=rail",
            "railway=level_crossing",
            "3016",
            "1675206"
          ],
          [
            "-90030846",
            "41172012",
            "255",
            "394",
            "1000",
            "0",
            "0",
            "0",
            "0",
            "railway=rail",
            "railway=level_crossing",
            "3048",
            "1690360"
          ],
          [
            "-90028053",
            "41173261",
            "256",
            "272",
            "1000",
            "0",
            "0",
            "0",
            "0",
            "railway=rail",
            "railway=switch",
            "3070",
            "1702902"
          ],
          [
            "-90026576",
            "41173836",
            "254",
            "139",
            "1000",
            "0",
            "0",
            "0",
            "0",
            "reversedirection=yes railway=rail",
            "railway=switch",
            "3081",
            "1708339"
          ],
          [
            "-90026175",
            "41174016",
            "254",
            "39",
            "1000",
            "0",
            "0",
            "0",
            "0",
            "reversedirection=yes railway=rail",
            "railway=switch",
            "3084",
            "1709716"
          ],
          [
            "-90024792",
            "41174714",
            "254",
            "140",
            "1000",
            "0",
            "0",
            "0",
            "0",
            "reversedirection=yes railway=rail",
            "railway=switch",
            "3095",
            "1715570"
          ],
          [
            "-90022793",
            "41175601",
            "253",
            "195",
            "1000",
            "0",
            "0",
            "0",
            "0",
            "railway=rail",
            "railway=level_crossing",
            "3111",
            "1723231"
          ],
          [
            "-89992209",
            "41193133",
            "256",
            "3256",
            "1000",
            "0",
            "0",
            "0",
            "0",
            "railway=rail",
            "railway=level_crossing",
            "3371",
            "1868814"
          ],
          [
            "-89984018",
            "41201242",
            "258",
            "1133",
            "1000",
            "0",
            "0",
            "0",
            "0",
            "railway=rail",
            "railway=level_crossing",
            "3462",
            "1920986"
          ],
          [
            "-89978634",
            "41206572",
            "257",
            "744",
            "1000",
            "0",
            "0",
            "0",
            "0",
            "railway=rail",
            "railway=unknown",
            "3521",
            "1952829"
          ],
          [
            "-89964737",
            "41220318",
            "257",
            "1920",
            "1000",
            "0",
            "0",
            "0",
            "0",
            "railway=rail",
            "railway=level_crossing",
            "3675",
            "2037060"
          ],
          [
            "-89962753",
            "41222276",
            "258",
            "274",
            "1000",
            "0",
            "0",
            "0",
            "0",
            "railway=rail",
            "railway=level_crossing",
            "3697",
            "2049937"
          ],
          [
            "-89959190",
            "41225803",
            "259",
            "493",
            "1000",
            "0",
            "0",
            "0",
            "0",
            "railway=rail",
            "railway=switch",
            "3736",
            "2072116"
          ],
          [
            "-89955363",
            "41229585",
            "263",
            "528",
            "1000",
            "0",
            "0",
            "0",
            "0",
            "railway=rail",
            "railway=level_crossing",
            "3778",
            "2096223"
          ],
          [
            "-89943382",
            "41240049",
            "264",
            "1542",
            "1000",
            "0",
            "0",
            "0",
            "0",
            "railway=rail",
            "railway=level_crossing",
            "3902",
            "2167748"
          ],
          [
            "-89939887",
            "41241484",
            "263",
            "333",
            "1000",
            "0",
            "0",
            "0",
            "0",
            "railway=rail",
            "railway=level_crossing",
            "3928",
            "2181869"
          ],
          [
            "-89935989",
            "41242968",
            "262",
            "366",
            "1000",
            "0",
            "0",
            "0",
            "0",
            "railway=rail",
            "railway=level_crossing",
            "3958",
            "2196816"
          ],
          [
            "-89933629",
            "41243866",
            "259",
            "222",
            "1000",
            "0",
            "0",
            "0",
            "0",
            "railway=rail",
            "railway=level_crossing",
            "3975",
            "2204389"
          ],
          [
            "-89930736",
            "41244965",
            "260",
            "271",
            "1000",
            "0",
            "0",
            "0",
            "0",
            "railway=rail",
            "railway=level_crossing",
            "3997",
            "2216884"
          ],
          [
            "-89927628",
            "41246146",
            "259",
            "292",
            "1000",
            "0",
            "0",
            "0",
            "0",
            "railway=rail",
            "railway=unknown",
            "4020",
            "2228931"
          ],
          [
            "-89926391",
            "41246616",
            "261",
            "116",
            "1000",
            "0",
            "0",
            "0",
            "0",
            "railway=rail",
            "railway=level_crossing",
            "4030",
            "2235366"
          ],
          [
            "-89924872",
            "41247199",
            "259",
            "143",
            "1000",
            "0",
            "0",
            "0",
            "0",
            "railway=rail",
            "railway=level_crossing",
            "4041",
            "2240776"
          ],
          [
            "-89912383",
            "41251944",
            "252",
            "1172",
            "1000",
            "0",
            "0",
            "0",
            "0",
            "railway=rail",
            "railway=switch",
            "4135",
            "2285978"
          ],
          [
            "-89909339",
            "41253088",
            "253",
            "285",
            "1000",
            "0",
            "0",
            "0",
            "0",
            "railway=rail",
            "railway=level_crossing",
            "4158",
            "2298827"
          ],
          [
            "-89908421",
            "41253438",
            "251",
            "86",
            "1000",
            "0",
            "0",
            "0",
            "0",
            "railway=rail",
            "railway=unknown",
            "4165",
            "2301475"
          ],
          [
            "-89900341",
            "41256511",
            "248",
            "758",
            "1000",
            "0",
            "0",
            "0",
            "0",
            "railway=rail",
            "railway=switch",
            "4225",
            "2334411"
          ],
          [
            "-89881487",
            "41263666",
            "247",
            "1769",
            "1000",
            "0",
            "0",
            "0",
            "0",
            "railway=rail",
            "railway=level_crossing",
            "4367",
            "2411352"
          ],
          [
            "-89875150",
            "41266076",
            "247",
            "595",
            "1000",
            "0",
            "0",
            "0",
            "0",
            "railway=rail",
            "railway=switch",
            "4414",
            "2435101"
          ],
          [
            "-89869192",
            "41268335",
            "248",
            "559",
            "1000",
            "0",
            "0",
            "0",
            "0",
            "railway=rail",
            "railway=level_crossing",
            "4459",
            "2460562"
          ],
          [
            "-89857219",
            "41272877",
            "247",
            "1123",
            "1000",
            "0",
            "0",
            "0",
            "0",
            "railway=rail",
            "railway=level_crossing",
            "4549",
            "2508637"
          ],
          [
            "-89838017",
            "41280163",
            "246",
            "1801",
            "1000",
            "0",
            "0",
            "0",
            "0",
            "railway=rail",
            "railway=level_crossing",
            "4693",
            "2587192"
          ],
          [
            "-89825875",
            "41284757",
            "243",
            "1138",
            "1000",
            "0",
            "0",
            "0",
            "0",
            "railway=rail",
            "railway=level_crossing",
            "4784",
            "2634819"
          ],
          [
            "-89822804",
            "41285920",
            "242",
            "288",
            "1000",
            "0",
            "0",
            "0",
            "0",
            "railway=rail",
            "railway=unknown",
            "4807",
            "2646237"
          ],
          [
            "-89818500",
            "41287556",
            "246",
            "404",
            "1000",
            "0",
            "0",
            "0",
            "0",
            "railway=rail",
            "railway=level_crossing",
            "4839",
            "2664585"
          ],
          [
            "-89811799",
            "41290088",
            "248",
            "628",
            "1000",
            "0",
            "0",
            "0",
            "0",
            "railway=rail",
            "railway=level_crossing",
            "4890",
            "2693980"
          ],
          [
            "-89807698",
            "41291644",
            "249",
            "385",
            "1000",
            "0",
            "0",
            "0",
            "0",
            "railway=rail",
            "railway=level_crossing",
            "4920",
            "2711782"
          ],
          [
            "-89799558",
            "41294723",
            "249",
            "763",
            "1000",
            "0",
            "0",
            "0",
            "0",
            "railway=rail",
            "railway=level_crossing",
            "4981",
            "2745582"
          ],
          [
            "-89790808",
            "41298038",
            "253",
            "820",
            "1000",
            "0",
            "0",
            "0",
            "0",
            "railway=rail",
            "railway=level_crossing",
            "5047",
            "2785398"
          ],
          [
            "-89788877",
            "41298769",
            "253",
            "181",
            "1000",
            "0",
            "0",
            "0",
            "0",
            "railway=rail",
            "railway=level_crossing",
            "5062",
            "2795209"
          ],
          [
            "-89785501",
            "41300049",
            "249",
            "317",
            "1000",
            "0",
            "0",
            "0",
            "0",
            "railway=rail",
            "railway=switch",
            "5087",
            "2809076"
          ],
          [
            "-89769798",
            "41304006",
            "242",
            "1393",
            "1000",
            "0",
            "0",
            "0",
            "0",
            "railway=rail",
            "railway=level_crossing",
            "5198",
            "2862265"
          ],
          [
            "-89750461",
            "41303703",
            "239",
            "1622",
            "1000",
            "0",
            "0",
            "0",
            "0",
            "railway=rail",
            "railway=level_crossing",
            "5328",
            "2929989"
          ],
          [
            "-89732224",
            "41302859",
            "230",
            "1529",
            "1000",
            "0",
            "0",
            "0",
            "0",
            "railway=rail",
            "railway=unknown",
            "5450",
            "2991979"
          ],
          [
            "-89732043",
            "41302860",
            "230",
            "15",
            "1000",
            "0",
            "0",
            "0",
            "0",
            "railway=rail",
            "railway=level_crossing",
            "5452",
            "2992296"
          ],
          [
            "-89678627",
            "41325650",
            "232",
            "5229",
            "1000",
            "0",
            "0",
            "0",
            "0",
            "railway=rail",
            "railway=switch",
            "5870",
            "3224645"
          ],
          [
            "-89677854",
            "41326756",
            "230",
            "139",
            "1000",
            "0",
            "0",
            "0",
            "0",
            "railway=rail",
            "railway=level_crossing",
            "5881",
            "3229777"
          ],
          [
            "-89677248",
            "41327611",
            "229",
            "108",
            "1000",
            "0",
            "0",
            "0",
            "0",
            "railway=rail",
            "railway=switch",
            "5890",
            "3233246"
          ],
          [
            "-89676851",
            "41328180",
            "229",
            "71",
            "1000",
            "0",
            "0",
            "0",
            "0",
            "railway=rail",
            "railway=switch",
            "5895",
            "3236146"
          ],
          [
            "-89663071",
            "41336005",
            "224",
            "1518",
            "1000",
            "0",
            "0",
            "0",
            "0",
            "railway=rail",
            "railway=level_crossing",
            "6017",
            "3295367"
          ],
          [
            "-89652410",
            "41339272",
            "219",
            "965",
            "1000",
            "0",
            "0",
            "0",
            "0",
            "railway=rail",
            "railway=unknown",
            "6094",
            "3335945"
          ],
          [
            "-89646908",
            "41341265",
            "218",
            "511",
            "1000",
            "0",
            "0",
            "0",
            "0",
            "railway=rail",
            "railway=level_crossing",
            "6135",
            "3357476"
          ],
          [
            "-89635625",
            "41343326",
            "213",
            "987",
            "1000",
            "0",
            "0",
            "0",
            "0",
            "railway=rail",
            "railway=level_crossing",
            "6214",
            "3393984"
          ],
          [
            "-89626943",
            "41344809",
            "204",
            "754",
            "1000",
            "0",
            "0",
            "0",
            "0",
            "railway=rail",
            "railway=level_crossing",
            "6274",
            "3418909"
          ],
          [
            "-89610521",
            "41352800",
            "194",
            "1636",
            "1000",
            "0",
            "0",
            "0",
            "0",
            "railway=rail",
            "railway=level_crossing",
            "6405",
            "3485039"
          ],
          [
            "-89601423",
            "41357279",
            "195",
            "910",
            "1000",
            "0",
            "0",
            "0",
            "0",
            "railway=rail",
            "railway=level_crossing",
            "6478",
            "3523277"
          ],
          [
            "-89583691",
            "41364198",
            "202",
            "1673",
            "1000",
            "0",
            "0",
            "0",
            "0",
            "railway=rail",
            "railway=level_crossing",
            "6612",
            "3600418"
          ],
          [
            "-89580748",
            "41365256",
            "200",
            "273",
            "1000",
            "0",
            "0",
            "0",
            "0",
            "railway=rail",
            "railway=level_crossing",
            "6634",
            "3613045"
          ],
          [
            "-89566584",
            "41370393",
            "201",
            "1316",
            "1000",
            "0",
            "0",
            "0",
            "0",
            "railway=rail",
            "railway=unknown",
            "6739",
            "3669465"
          ],
          [
            "-89558373",
            "41373363",
            "200",
            "762",
            "1000",
            "0",
            "0",
            "0",
            "0",
            "railway=rail",
            "railway=level_crossing",
            "6800",
            "3704489"
          ],
          [
            "-89548819",
            "41376824",
            "201",
            "887",
            "1000",
            "0",
            "0",
            "0",
            "0",
            "railway=rail",
            "railway=level_crossing",
            "6871",
            "3744633"
          ],
          [
            "-89540868",
            "41379694",
            "201",
            "738",
            "1000",
            "0",
            "0",
            "0",
            "0",
            "railway=rail",
            "railway=level_crossing",
            "6930",
            "3777070"
          ],
          [
            "-89520090",
            "41387206",
            "204",
            "1929",
            "1000",
            "0",
            "0",
            "0",
            "0",
            "railway=rail",
            "railway=level_crossing",
            "7084",
            "3862138"
          ],
          [
            "-89494481",
            "41392115",
            "204",
            "2312",
            "1000",
            "0",
            "0",
            "0",
            "0",
            "railway=rail",
            "railway=level_crossing",
            "7269",
            "3965807"
          ],
          [
            "-89482873",
            "41388678",
            "204",
            "1044",
            "1000",
            "0",
            "0",
            "0",
            "0",
            "railway=rail",
            "railway=level_crossing",
            "7353",
            "4012401"
          ],
          [
            "-89478564",
            "41387399",
            "206",
            "388",
            "1000",
            "0",
            "0",
            "0",
            "0",
            "railway=rail",
            "railway=unknown",
            "7384",
            "4030764"
          ],
          [
            "-89474259",
            "41386121",
            "206",
            "387",
            "1000",
            "0",
            "0",
            "0",
            "0",
            "railway=rail",
            "railway=level_crossing",
            "7415",
            "4048461"
          ],
          [
            "-89466866",
            "41385368",
            "211",
            "635",
            "1000",
            "0",
            "0",
            "0",
            "0",
            "railway=rail",
            "railway=unknown",
            "7465",
            "4079643"
          ],
          [
            "-89466789",
            "41385375",
            "211",
            "6",
            "1000",
            "0",
            "0",
            "0",
            "0",
            "railway=rail",
            "railway=crossing",
            "7466",
            "4079963"
          ],
          [
            "-89465999",
            "41385445",
            "212",
            "54",
            "1000",
            "0",
            "0",
            "0",
            "0",
            "railway=rail",
            "",
            "7470",
            "4082806"
          ],
          [
            "-89465099",
            "41385558",
            "212",
            "89",
            "1000",
            "0",
            "0",
            "0",
            "0",
            "railway=rail",
            "railway=level_crossing",
            "7",
            "4239"
          ],
          [
            "-89461748",
            "41386563",
            "213",
            "302",
            "1000",
            "0",
            "0",
            "0",
            "0",
            "railway=rail",
            "railway=switch",
            "31",
            "18351"
          ],
          [
            "-89460359",
            "41387109",
            "214",
            "131",
            "1000",
            "0",
            "0",
            "0",
            "0",
            "railway=rail",
            "railway=level_crossing",
            "41",
            "24721"
          ],
          [
            "-89408837",
            "41407579",
            "219",
            "4872",
            "1000",
            "0",
            "0",
            "0",
            "0",
            "railway=rail",
            "railway=level_crossing",
            "431",
            "244097"
          ],
          [
            "-89393570",
            "41413635",
            "215",
            "1442",
            "1000",
            "0",
            "0",
            "0",
            "0",
            "railway=rail",
            "railway=level_crossing",
            "546",
            "306422"
          ],
          [
            "-89392483",
            "41414066",
            "214",
            "103",
            "1000",
            "0",
            "0",
            "0",
            "0",
            "railway=rail",
            "railway=unknown",
            "555",
            "310242"
          ],
          [
            "-89386952",
            "41416258",
            "211",
            "522",
            "1000",
            "0",
            "0",
            "0",
            "0",
            "railway=rail",
            "railway=level_crossing",
            "596",
            "330176"
          ],
          [
            "-89375139",
            "41420937",
            "214",
            "1116",
            "1000",
            "0",
            "0",
            "0",
            "0",
            "railway=rail",
            "railway=level_crossing",
            "686",
            "379910"
          ],
          [
            "-89370397",
            "41422818",
            "214",
            "448",
            "1000",
            "0",
            "0",
            "0",
            "0",
            "railway=rail",
            "railway=level_crossing",
            "722",
            "399179"
          ],
          [
            "-89368464",
            "41423583",
            "214",
            "183",
            "1000",
            "0",
            "0",
            "0",
            "0",
            "railway=rail",
            "railway=crossing",
            "736",
            "407224"
          ],
          [
            "-89364644",
            "41425095",
            "213",
            "361",
            "1000",
            "0",
            "0",
            "0",
            "0",
            "railway=rail",
            "railway=level_crossing",
            "765",
            "422243"
          ],
          [
            "-89345205",
            "41432792",
            "215",
            "1836",
            "1000",
            "0",
            "0",
            "0",
            "0",
            "railway=rail",
            "railway=level_crossing",
            "912",
            "502534"
          ],
          [
            "-89340970",
            "41434464",
            "218",
            "400",
            "1000",
            "0",
            "0",
            "0",
            "0",
            "railway=rail",
            "railway=level_crossing",
            "944",
            "522728"
          ],
          [
            "-89325610",
            "41440547",
            "225",
            "1450",
            "1000",
            "0",
            "0",
            "0",
            "0",
            "railway=rail",
            "railway=level_crossing",
            "1060",
            "592736"
          ],
          [
            "-89315802",
            "41444418",
            "223",
            "925",
            "1000",
            "0",
            "0",
            "0",
            "0",
            "railway=rail",
            "railway=level_crossing",
            "1134",
            "633642"
          ],
          [
            "-89314895",
            "41444777",
            "224",
            "86",
            "1000",
            "0",
            "0",
            "0",
            "0",
            "railway=rail",
            "railway=switch",
            "1141",
            "638062"
          ],
          [
            "-89313964",
            "41445146",
            "225",
            "88",
            "1000",
            "0",
            "0",
            "0",
            "0",
            "railway=rail",
            "railway=switch",
            "1148",
            "642981"
          ],
          [
            "-89313832",
            "41445198",
            "225",
            "12",
            "1000",
            "0",
            "0",
            "0",
            "0",
            "railway=rail",
            "railway=switch",
            "1149",
            "643593"
          ],
          [
            "-89307205",
            "41447821",
            "224",
            "625",
            "1000",
            "0",
            "0",
            "0",
            "0",
            "railway=rail",
            "railway=unknown",
            "1199",
            "670449"
          ],
          [
            "-89297779",
            "41451551",
            "226",
            "890",
            "1000",
            "0",
            "0",
            "0",
            "0",
            "railway=rail",
            "railway=level_crossing",
            "1270",
            "711110"
          ],
          [
            "-89286465",
            "41456018",
            "230",
            "1068",
            "1000",
            "0",
            "0",
            "0",
            "0",
            "railway=rail",
            "railway=level_crossing",
            "1355",
            "759632"
          ],
          [
            "-89248575",
            "41473291",
            "231",
            "3712",
            "1000",
            "0",
            "0",
            "0",
            "0",
            "railway=rail",
            "railway=level_crossing",
            "1652",
            "926437"
          ],
          [
            "-89246741",
            "41474312",
            "232",
            "191",
            "1000",
            "0",
            "0",
            "0",
            "0",
            "railway=rail",
            "railway=level_crossing",
            "1668",
            "935214"
          ],
          [
            "-89234630",
            "41481077",
            "225",
            "1260",
            "1000",
            "0",
            "0",
            "0",
            "0",
            "railway=rail",
            "railway=level_crossing",
            "1768",
            "986949"
          ],
          [
            "-89227816",
            "41484876",
            "228",
            "709",
            "1000",
            "0",
            "0",
            "0",
            "0",
            "railway=rail",
            "railway=level_crossing",
            "1825",
            "1018134"
          ],
          [
            "-89225359",
            "41486247",
            "226",
            "256",
            "1000",
            "0",
            "0",
            "0",
            "0",
            "railway=rail",
            "railway=unknown",
            "1846",
            "1028376"
          ],
          [
            "-89208863",
            "41495444",
            "223",
            "1716",
            "1000",
            "0",
            "0",
            "0",
            "0",
            "railway=rail",
            "railway=level_crossing",
            "1983",
            "1100462"
          ],
          [
            "-89192395",
            "41504625",
            "227",
            "1713",
            "1000",
            "0",
            "0",
            "0",
            "0",
            "railway=rail",
            "railway=level_crossing",
            "2120",
            "1176768"
          ],
          [
            "-89183238",
            "41509722",
            "228",
            "951",
            "1000",
            "0",
            "0",
            "0",
            "0",
            "railway=rail",
            "railway=level_crossing",
            "2196",
            "1219401"
          ],
          [
            "-89178930",
            "41512121",
            "226",
            "447",
            "1000",
            "0",
            "0",
            "0",
            "0",
            "railway=rail",
            "railway=level_crossing",
            "2232",
            "1240590"
          ],
          [
            "-89166524",
            "41519030",
            "226",
            "1288",
            "1000",
            "0",
            "0",
            "0",
            "0",
            "railway=rail",
            "railway=level_crossing",
            "2335",
            "1296599"
          ],
          [
            "-89156413",
            "41524653",
            "226",
            "1050",
            "1000",
            "0",
            "0",
            "0",
            "0",
            "railway=rail",
            "railway=level_crossing",
            "2419",
            "1343004"
          ],
          [
            "-89147893",
            "41529396",
            "226",
            "885",
            "1000",
            "0",
            "0",
            "0",
            "0",
            "railway=rail",
            "railway=unknown",
            "2490",
            "1381927"
          ],
          [
            "-89121384",
            "41544135",
            "228",
            "2751",
            "1000",
            "0",
            "0",
            "0",
            "0",
            "railway=rail",
            "railway=level_crossing",
            "2710",
            "1504640"
          ],
          [
            "-89118338",
            "41546379",
            "228",
            "362",
            "1000",
            "0",
            "0",
            "0",
            "0",
            "railway=rail",
            "railway=level_crossing",
            "2739",
            "1520460"
          ],
          [
            "-89117803",
            "41547592",
            "228",
            "143",
            "1000",
            "0",
            "0",
            "0",
            "0",
            "railway=rail",
            "railway=level_crossing",
            "2750",
            "1527270"
          ],
          [
            "-89117660",
            "41549984",
            "228",
            "266",
            "1000",
            "0",
            "0",
            "0",
            "0",
            "railway=rail",
            "railway=level_crossing",
            "2771",
            "1538508"
          ],
          [
            "-89117601",
            "41550493",
            "227",
            "50",
            "1000",
            "0",
            "0",
            "0",
            "0",
            "railway=rail",
            "",
            "2775",
            "1540538"
          ],
          [
            "-89117601",
            "41550493",
            "227",
            "6",
            "1000",
            "0",
            "0",
            "0",
            "0",
            "railway=rail",
            "railway=unknown",
            "0",
            "263"
          ],
          [
            "-89108558",
            "41556450",
            "228",
            "1068",
            "1000",
            "0",
            "0",
            "0",
            "0",
            "railway=rail",
            "railway=level_crossing",
            "85",
            "47647"
          ],
          [
            "-89108233",
            "41556512",
            "228",
            "28",
            "1000",
            "0",
            "0",
            "0",
            "0",
            "railway=rail",
            "railway=switch",
            "88",
            "48887"
          ],
          [
            "-89089260",
            "41560020",
            "222",
            "1630",
            "1000",
            "0",
            "0",
            "0",
            "0",
            "railway=rail",
            "railway=level_crossing",
            "218",
            "115908"
          ],
          [
            "-89078283",
            "41562056",
            "223",
            "943",
            "1000",
            "0",
            "0",
            "0",
            "0",
            "railway=rail",
            "railway=switch",
            "294",
            "157893"
          ],
          [
            "-89077634",
            "41562178",
            "223",
            "56",
            "1000",
            "0",
            "0",
            "0",
            "0",
            "railway=rail",
            "railway=switch",
            "298",
            "160545"
          ],
          [
            "-89077457",
            "41562210",
            "223",
            "15",
            "1000",
            "0",
            "0",
            "0",
            "0",
            "railway=rail",
            "railway=switch",
            "299",
            "161240"
          ],
          [
            "-89076089",
            "41562507",
            "224",
            "119",
            "1000",
            "0",
            "0",
            "0",
            "0",
            "reversedirection=yes railway=rail",
            "railway=switch",
            "309",
            "166695"
          ],
          [
            "-89070011",
            "41563631",
            "222",
            "522",
            "1000",
            "0",
            "0",
            "0",
            "0",
            "railway=rail",
            "railway=level_crossing",
            "350",
            "188115"
          ],
          [
            "-89069297",
            "41563764",
            "222",
            "61",
            "1000",
            "0",
            "0",
            "0",
            "0",
            "railway=rail",
            "railway=unknown",
            "355",
            "190795"
          ],
          [
            "-89044726",
            "41568306",
            "223",
            "2111",
            "1000",
            "0",
            "0",
            "0",
            "0",
            "railway=rail",
            "railway=level_crossing",
            "524",
            "284746"
          ],
          [
            "-89039668",
            "41569240",
            "222",
            "435",
            "1000",
            "0",
            "0",
            "0",
            "0",
            "railway=rail",
            "railway=switch",
            "559",
            "303444"
          ],
          [
            "-89034026",
            "41570282",
            "222",
            "485",
            "1000",
            "0",
            "0",
            "0",
            "0",
            "railway=rail",
            "railway=level_crossing",
            "598",
            "324552"
          ],
          [
            "-89019589",
            "41572949",
            "220",
            "1240",
            "1000",
            "0",
            "0",
            "0",
            "0",
            "railway=rail",
            "railway=level_crossing",
            "697",
            "376885"
          ],
          [
            "-88995715",
            "41577358",
            "215",
            "2051",
            "1000",
            "0",
            "0",
            "0",
            "0",
            "railway=rail",
            "railway=level_crossing",
            "861",
            "465995"
          ],
          [
            "-88976413",
            "41580913",
            "216",
            "1659",
            "1000",
            "0",
            "0",
            "0",
            "0",
            "railway=rail",
            "railway=level_crossing",
            "994",
            "536539"
          ],
          [
            "-88975550",
            "41581072",
            "216",
            "74",
            "1000",
            "0",
            "0",
            "0",
            "0",
            "railway=rail",
            "railway=unknown",
            "1000",
            "539794"
          ],
          [
            "-88957112",
            "41584468",
            "214",
            "1584",
            "1000",
            "0",
            "0",
            "0",
            "0",
            "railway=rail",
            "railway=level_crossing",
            "1126",
            "608363"
          ],
          [
            "-88937874",
            "41588001",
            "213",
            "1652",
            "1000",
            "0",
            "0",
            "0",
            "0",
            "railway=rail",
            "railway=level_crossing",
            "1259",
            "679702"
          ],
          [
            "-88930966",
            "41589273",
            "212",
            "594",
            "1000",
            "0",
            "0",
            "0",
            "0",
            "railway=rail",
            "railway=switch",
            "1306",
            "705239"
          ],
          [
            "-88930823",
            "41589297",
            "211",
            "12",
            "1000",
            "0",
            "0",
            "0",
            "0",
            "railway=rail",
            "railway=switch",
            "1307",
            "705684"
          ],
          [
            "-88929439",
            "41589513",
            "211",
            "118",
            "1000",
            "0",
            "0",
            "0",
            "0",
            "railway=rail",
            "railway=switch",
            "1317",
            "710285"
          ],
          [
            "-88929296",
            "41589539",
            "212",
            "12",
            "1000",
            "0",
            "0",
            "0",
            "0",
            "railway=rail",
            "railway=unknown",
            "1318",
            "710831"
          ],
          [
            "-88928312",
            "41589719",
            "215",
            "84",
            "1000",
            "0",
            "0",
            "0",
            "0",
            "railway=rail",
            "railway=switch",
            "1324",
            "714731"
          ],
          [
            "-88925501",
            "41590239",
            "215",
            "242",
            "1000",
            "0",
            "0",
            "0",
            "0",
            "railway=rail",
            "railway=level_crossing",
            "1344",
            "725518"
          ],
          [
            "-88923258",
            "41590649",
            "213",
            "193",
            "1000",
            "0",
            "0",
            "0",
            "0",
            "railway=rail",
            "railway=crossing",
            "1359",
            "735151"
          ],
          [
            "-88923134",
            "41590675",
            "214",
            "11",
            "1000",
            "0",
            "0",
            "0",
            "0",
            "railway=rail",
            "railway=level_crossing",
            "1360",
            "735678"
          ],
          [
            "-88920833",
            "41591098",
            "213",
            "198",
            "1000",
            "0",
            "0",
            "0",
            "0",
            "railway=rail",
            "railway=level_crossing",
            "1376",
            "744517"
          ],
          [
            "-88912875",
            "41592553",
            "209",
            "683",
            "1000",
            "0",
            "0",
            "0",
            "0",
            "railway=rail",
            "railway=level_crossing",
            "1430",
            "770808"
          ],
          [
            "-88907049",
            "41593621",
            "212",
            "500",
            "1000",
            "0",
            "0",
            "0",
            "0",
            "railway=rail",
            "railway=level_crossing",
            "1470",
            "793039"
          ],
          [
            "-88896260",
            "41595601",
            "215",
            "926",
            "1000",
            "0",
            "0",
            "0",
            "0",
            "railway=rail",
            "railway=level_crossing",
            "1544",
            "836170"
          ],
          [
            "-88881509",
            "41598294",
            "212",
            "1267",
            "1000",
            "0",
            "0",
            "0",
            "0",
            "railway=rail",
            "railway=unknown",
            "1646",
            "891928"
          ],
          [
            "-88866232",
            "41601086",
            "216",
            "1312",
            "1000",
            "0",
            "0",
            "0",
            "0",
            "railway=rail",
            "railway=level_crossing",
            "1751",
            "950078"
          ],
          [
            "-88837363",
            "41606357",
            "213",
            "2475",
            "1000",
            "0",
            "0",
            "0",
            "0",
            "railway=rail",
            "railway=level_crossing",
            "1949",
            "1059604"
          ],
          [
            "-88817924",
            "41609907",
            "212",
            "1667",
            "1000",
            "0",
            "0",
            "0",
            "0",
            "railway=rail",
            "railway=level_crossing",
            "2082",
            "1131603"
          ],
          [
            "-88799183",
            "41613286",
            "215",
            "1605",
            "1000",
            "0",
            "0",
            "0",
            "0",
            "railway=rail",
            "railway=level_crossing",
            "2211",
            "1201977"
          ],
          [
            "-88796989",
            "41613684",
            "215",
            "188",
            "1000",
            "0",
            "0",
            "0",
            "0",
            "railway=rail",
            "railway=crossing",
            "2226",
            "1210809"
          ],
          [
            "-88789493",
            "41615048",
            "213",
            "643",
            "1000",
            "0",
            "0",
            "0",
            "0",
            "railway=rail",
            "railway=level_crossing",
            "2277",
            "1239413"
          ],
          [
            "-88787760",
            "41615364",
            "214",
            "149",
            "1000",
            "0",
            "0",
            "0",
            "0",
            "railway=rail",
            "railway=unknown",
            "2289",
            "1246651"
          ],
          [
            "-88786313",
            "41615626",
            "211",
            "124",
            "1000",
            "0",
            "0",
            "0",
            "0",
            "railway=rail",
            "railway=switch",
            "2299",
            "1250835"
          ],
          [
            "-88770054",
            "41618586",
            "209",
            "1395",
            "1000",
            "0",
            "0",
            "0",
            "0",
            "railway=rail",
            "railway=level_crossing",
            "2410",
            "1309466"
          ],
          [
            "-88731455",
            "41625597",
            "208",
            "3309",
            "1000",
            "0",
            "0",
            "0",
            "0",
            "railway=rail",
            "railway=level_crossing",
            "2675",
            "1453913"
          ],
          [
            "-88706137",
            "41630192",
            "208",
            "2170",
            "1000",
            "0",
            "0",
            "0",
            "0",
            "railway=rail",
            "railway=level_crossing",
            "2849",
            "1549803"
          ],
          [
            "-88694096",
            "41632380",
            "208",
            "1032",
            "1000",
            "0",
            "0",
            "0",
            "0",
            "railway=rail",
            "railway=unknown",
            "2931",
            "1594754"
          ],
          [
            "-88692102",
            "41632740",
            "210",
            "171",
            "1000",
            "0",
            "0",
            "0",
            "0",
            "railway=rail",
            "railway=level_crossing",
            "2945",
            "1603722"
          ],
          [
            "-88687969",
            "41633484",
            "210",
            "354",
            "1000",
            "0",
            "0",
            "0",
            "0",
            "railway=rail",
            "railway=switch",
            "2973",
            "1619817"
          ],
          [
            "-88686642",
            "41633767",
            "211",
            "115",
            "1000",
            "0",
            "0",
            "0",
            "0",
            "reversedirection=yes railway=rail",
            "railway=switch",
            "2983",
            "1625442"
          ],
          [
            "-88686133",
            "41633861",
            "210",
            "44",
            "1000",
            "0",
            "0",
            "0",
            "0",
            "railway=rail",
            "railway=switch",
            "2986",
            "1627339"
          ],
          [
            "-88684310",
            "41634191",
            "209",
            "156",
            "1000",
            "0",
            "0",
            "0",
            "0",
            "railway=rail",
            "railway=crossing",
            "2999",
            "1633447"
          ],
          [
            "-88684214",
            "41634208",
            "209",
            "8",
            "1000",
            "0",
            "0",
            "0",
            "0",
            "railway=rail",
            "railway=level_crossing",
            "2999",
            "1633784"
          ],
          [
            "-88681185",
            "41634757",
            "211",
            "260",
            "1000",
            "0",
            "0",
            "0",
            "0",
            "railway=rail",
            "railway=crossing",
            "3020",
            "1646070"
          ],
          [
            "-88681074",
            "41634772",
            "211",
            "9",
            "1000",
            "0",
            "0",
            "0",
            "0",
            "railway=rail",
            "railway=level_crossing",
            "3021",
            "1646472"
          ],
          [
            "-88680048",
            "41634963",
            "211",
            "88",
            "1000",
            "0",
            "0",
            "0",
            "0",
            "railway=rail",
            "railway=crossing",
            "3028",
            "1650767"
          ],
          [
            "-88679933",
            "41634985",
            "212",
            "10",
            "1000",
            "0",
            "0",
            "0",
            "0",
            "railway=rail",
            "railway=level_crossing",
            "3029",
            "1651256"
          ],
          [
            "-88675616",
            "41635762",
            "210",
            "370",
            "1000",
            "0",
            "0",
            "0",
            "0",
            "railway=rail",
            "railway=unknown",
            "3058",
            "1666484"
          ],
          [
            "-88670116",
            "41636760",
            "207",
            "471",
            "1000",
            "0",
            "0",
            "0",
            "0",
            "railway=rail",
            "railway=level_crossing",
            "3096",
            "1684987"
          ],
          [
            "-88656757",
            "41639181",
            "208",
            "1145",
            "1000",
            "0",
            "0",
            "0",
            "0",
            "railway=rail",
            "railway=unknown",
            "3187",
            "1736213"
          ],
          [
            "-88655190",
            "41639465",
            "209",
            "134",
            "1000",
            "0",
            "0",
            "0",
            "0",
            "railway=rail",
            "railway=level_crossing",
            "3198",
            "1742759"
          ],
          [
            "-88637683",
            "41642623",
            "205",
            "1500",
            "1000",
            "0",
            "0",
            "0",
            "0",
            "railway=rail",
            "railway=unknown",
            "3318",
            "1805113"
          ],
          [
            "-88632529",
            "41643563",
            "204",
            "442",
            "1000",
            "0",
            "0",
            "0",
            "0",
            "railway=rail",
            "railway=level_crossing",
            "3354",
            "1823784"
          ],
          [
            "-88632353",
            "41643595",
            "204",
            "15",
            "1000",
            "0",
            "0",
            "0",
            "0",
            "railway=rail",
            "railway=level_crossing",
            "3355",
            "1824442"
          ],
          [
            "-88624155",
            "41645075",
            "203",
            "702",
            "1000",
            "0",
            "0",
            "0",
            "0",
            "railway=rail",
            "railway=level_crossing",
            "3411",
            "1853989"
          ],
          [
            "-88621751",
            "41645470",
            "203",
            "205",
            "1000",
            "0",
            "0",
            "0",
            "0",
            "railway=rail",
            "railway=level_crossing",
            "3427",
            "1863023"
          ],
          [
            "-88620592",
            "41645626",
            "204",
            "98",
            "1000",
            "0",
            "0",
            "0",
            "0",
            "railway=rail",
            "railway=level_crossing",
            "3435",
            "1867874"
          ],
          [
            "-88618787",
            "41645829",
            "203",
            "152",
            "1000",
            "0",
            "0",
            "0",
            "0",
            "railway=rail",
            "railway=unknown",
            "3447",
            "1874543"
          ],
          [
            "-88617256",
            "41645989",
            "202",
            "129",
            "1000",
            "0",
            "0",
            "0",
            "0",
            "railway=rail",
            "railway=level_crossing",
            "3458",
            "1879184"
          ],
          [
            "-88616932",
            "41646023",
            "202",
            "27",
            "1000",
            "0",
            "0",
            "0",
            "0",
            "railway=rail",
            "railway=switch",
            "3460",
            "1880331"
          ],
          [
            "-88612085",
            "41646532",
            "202",
            "408",
            "1000",
            "0",
            "0",
            "0",
            "0",
            "railway=rail",
            "railway=level_crossing",
            "3492",
            "1898365"
          ],
          [
            "-88612003",
            "41646541",
            "202",
            "7",
            "1000",
            "0",
            "0",
            "0",
            "0",
            "railway=rail",
            "railway=crossing",
            "3493",
            "1898673"
          ],
          [
            "-88600168",
            "41647791",
            "199",
            "996",
            "1000",
            "0",
            "0",
            "0",
            "0",
            "railway=rail",
            "railway=level_crossing",
            "3573",
            "1939835"
          ],
          [
            "-88599379",
            "41647874",
            "199",
            "66",
            "1000",
            "0",
            "0",
            "0",
            "0",
            "railway=rail",
            "railway=unknown",
            "3578",
            "1942525"
          ],
          [
            "-88598784",
            "41647936",
            "199",
            "50",
            "1000",
            "0",
            "0",
            "0",
            "0",
            "railway=rail",
            "railway=switch",
            "3582",
            "1944721"
          ],
          [
            "-88584364",
            "41650029",
            "197",
            "1225",
            "1000",
            "0",
            "0",
            "0",
            "0",
            "railway=rail",
            "railway=level_crossing",
            "3680",
            "1996123"
          ],
          [
            "-88580742",
            "41650971",
            "193",
            "320",
            "1000",
            "0",
            "0",
            "0",
            "0",
            "railway=rail",
            "railway=unknown",
            "3705",
            "2006834"
          ],
          [
            "-88562662",
            "41655737",
            "199",
            "1596",
            "1000",
            "0",
            "0",
            "0",
            "0",
            "railway=rail",
            "railway=unknown",
            "3833",
            "2080667"
          ],
          [
            "-88559096",
            "41656677",
            "200",
            "315",
            "1000",
            "0",
            "0",
            "0",
            "0",
            "railway=rail",
            "railway=level_crossing",
            "3858",
            "2095367"
          ],
          [
            "-88544430",
            "41660544",
            "198",
            "1295",
            "1000",
            "0",
            "0",
            "0",
            "0",
            "railway=rail",
            "railway=unknown",
            "3962",
            "2153028"
          ],
          [
            "-88542351",
            "41661090",
            "197",
            "184",
            "1000",
            "0",
            "0",
            "0",
            "0",
            "railway=rail",
            "railway=crossing",
            "3977",
            "2160379"
          ],
          [
            "-88542252",
            "41661116",
            "197",
            "9",
            "1000",
            "0",
            "0",
            "0",
            "0",
            "railway=rail",
            "railway=level_crossing",
            "3977",
            "2160763"
          ],
          [
            "-88539238",
            "41661897",
            "199",
            "266",
            "1000",
            "0",
            "0",
            "0",
            "0",
            "railway=rail",
            "railway=level_crossing",
            "3999",
            "2173476"
          ],
          [
            "-88539134",
            "41661923",
            "199",
            "9",
            "1000",
            "0",
            "0",
            "0",
            "0",
            "railway=rail",
            "railway=crossing",
            "3999",
            "2173906"
          ],
          [
            "-88538403",
            "41662100",
            "198",
            "64",
            "1000",
            "0",
            "0",
            "0",
            "0",
            "railway=rail",
            "railway=unknown",
            "4005",
            "2176583"
          ],
          [
            "-88537235",
            "41662373",
            "199",
            "102",
            "1000",
            "0",
            "0",
            "0",
            "0",
            "railway=rail",
            "railway=crossing",
            "4013",
            "2181535"
          ],
          [
            "-88537141",
            "41662395",
            "199",
            "8",
            "1000",
            "0",
            "0",
            "0",
            "0",
            "railway=rail",
            "railway=level_crossing",
            "4013",
            "2181890"
          ],
          [
            "-88537048",
            "41662416",
            "199",
            "8",
            "1000",
            "0",
            "0",
            "0",
            "0",
            "railway=rail",
            "railway=crossing",
            "4014",
            "2182245"
          ],
          [
            "-88535132",
            "41662859",
            "199",
            "167",
            "1000",
            "0",
            "0",
            "0",
            "0",
            "railway=rail",
            "railway=crossing",
            "4027",
            "2189619"
          ],
          [
            "-88535033",
            "41662882",
            "199",
            "9",
            "1000",
            "0",
            "0",
            "0",
            "0",
            "railway=rail",
            "railway=level_crossing",
            "4028",
            "2190016"
          ],
          [
            "-88532762",
            "41663392",
            "200",
            "197",
            "1000",
            "0",
            "0",
            "0",
            "0",
            "railway=rail",
            "railway=level_crossing",
            "4044",
            "2199446"
          ],
          [
            "-88532675",
            "41663412",
            "200",
            "8",
            "1000",
            "0",
            "0",
            "0",
            "0",
            "railway=rail",
            "railway=crossing",
            "4044",
            "2199807"
          ],
          [
            "-88526233",
            "41664859",
            "193",
            "560",
            "1000",
            "0",
            "0",
            "0",
            "0",
            "railway=rail",
            "railway=unknown",
            "4089",
            "2221035"
          ],
          [
            "-88516648",
            "41667020",
            "196",
            "834",
            "1000",
            "0",
            "0",
            "0",
            "0",
            "railway=rail",
            "railway=level_crossing",
            "4156",
            "2255495"
          ],
          [
            "-88511555",
            "41668169",
            "195",
            "443",
            "1000",
            "0",
            "0",
            "0",
            "0",
            "railway=rail",
            "railway=switch",
            "4191",
            "2276292"
          ],
          [
            "-88507504",
            "41669083",
            "196",
            "352",
            "1000",
            "0",
            "0",
            "0",
            "0",
            "railway=rail",
            "railway=unknown",
            "4220",
            "2293076"
          ],
          [
            "-88489052",
            "41673248",
            "198",
            "1605",
            "1000",
            "0",
            "0",
            "0",
            "0",
            "railway=rail",
            "railway=unknown",
            "4348",
            "2364815"
          ],
          [
            "-88488357",
            "41673404",
            "198",
            "60",
            "1000",
            "0",
            "0",
            "0",
            "0",
            "railway=rail",
            "railway=level_crossing",
            "4353",
            "2367753"
          ],
          [
            "-88479551",
            "41675383",
            "196",
            "766",
            "1000",
            "0",
            "0",
            "0",
            "0",
            "railway=rail",
            "railway=crossing",
            "4414",
            "2399823"
          ],
          [
            "-88472132",
            "41677051",
            "196",
            "645",
            "1000",
            "0",
            "0",
            "0",
            "0",
            "railway=rail",
            "railway=level_crossing",
            "4466",
            "2428427"
          ],
          [
            "-88470564",
            "41677404",
            "197",
            "136",
            "1000",
            "0",
            "0",
            "0",
            "0",
            "railway=rail",
            "railway=unknown",
            "4477",
            "2434727"
          ],
          [
            "-88453922",
            "41681150",
            "196",
            "1448",
            "1000",
            "0",
            "0",
            "0",
            "0",
            "railway=rail",
            "railway=switch",
            "4592",
            "2497424"
          ],
          [
            "-88451877",
            "41681609",
            "196",
            "178",
            "1000",
            "0",
            "0",
            "0",
            "0",
            "railway=rail",
            "railway=unknown",
            "4607",
            "2505804"
          ],
          [
            "-88433673",
            "41685703",
            "194",
            "1584",
            "1000",
            "0",
            "0",
            "0",
            "0",
            "railway=rail",
            "railway=unknown",
            "4733",
            "2573381"
          ],
          [
            "-88431329",
            "41686231",
            "196",
            "204",
            "1000",
            "0",
            "0",
            "0",
            "0",
            "railway=rail",
            "railway=switch",
            "4750",
            "2583699"
          ],
          [
            "-88427859",
            "41687008",
            "199",
            "302",
            "1000",
            "0",
            "0",
            "0",
            "0",
            "railway=rail",
            "railway=level_crossing",
            "4774",
            "2597173"
          ],
          [
            "-88415081",
            "41689883",
            "197",
            "1111",
            "1000",
            "0",
            "0",
            "0",
            "0",
            "railway=rail",
            "railway=unknown",
            "4863",
            "2647595"
          ],
          [
            "-88406207",
            "41691875",
            "200",
            "773",
            "1000",
            "0",
            "0",
            "0",
            "0",
            "railway=rail",
            "railway=level_crossing",
            "4925",
            "2680832"
          ],
          [
            "-88406102",
            "41691899",
            "199",
            "9",
            "1000",
            "0",
            "0",
            "0",
            "0",
            "railway=rail",
            "railway=crossing",
            "4925",
            "2681446"
          ],
          [
            "-88397118",
            "41693913",
            "197",
            "781",
            "1000",
            "0",
            "0",
            "0",
            "0",
            "railway=rail",
            "railway=unknown",
            "4988",
            "2716344"
          ],
          [
            "-88392234",
            "41695010",
            "199",
            "425",
            "1000",
            "0",
            "0",
            "0",
            "0",
            "railway=rail",
            "railway=level_crossing",
            "5022",
            "2736126"
          ],
          [
            "-88378460",
            "41698357",
            "198",
            "1207",
            "1000",
            "0",
            "0",
            "0",
            "0",
            "railway=rail",
            "railway=unknown",
            "5118",
            "2789488"
          ],
          [
            "-88368223",
            "41703201",
            "200",
            "1013",
            "1000",
            "0",
            "0",
            "0",
            "0",
            "railway=rail",
            "railway=level_crossing",
            "5199",
            "2835114"
          ],
          [
            "-88362989",
            "41707241",
            "201",
            "625",
            "1000",
            "0",
            "0",
            "0",
            "0",
            "railway=rail",
            "railway=unknown",
            "5249",
            "2863082"
          ],
          [
            "-88358482",
            "41712297",
            "199",
            "676",
            "1000",
            "0",
            "0",
            "0",
            "0",
            "railway=rail",
            "railway=switch",
            "5303",
            "2891457"
          ],
          [
            "-88352861",
            "41719593",
            "196",
            "936",
            "1000",
            "0",
            "0",
            "0",
            "0",
            "railway=rail",
            "railway=unknown",
            "5378",
            "2932405"
          ],
          [
            "-88348251",
            "41725563",
            "195",
            "766",
            "1000",
            "0",
            "0",
            "0",
            "0",
            "railway=rail",
            "railway=level_crossing",
            "5440",
            "2965435"
          ],
          [
            "-88348176",
            "41725657",
            "195",
            "12",
            "1000",
            "0",
            "0",
            "0",
            "0",
            "railway=rail",
            "railway=level_crossing",
            "5441",
            "2965963"
          ],
          [
            "-88347305",
            "41726780",
            "196",
            "144",
            "1000",
            "0",
            "0",
            "0",
            "0",
            "railway=rail",
            "railway=switch",
            "5452",
            "2970781"
          ],
          [
            "-88346423",
            "41727922",
            "195",
            "147",
            "1000",
            "0",
            "0",
            "0",
            "0",
            "railway=rail",
            "railway=signal",
            "5464",
            "2976374"
          ],
          [
            "-88345089",
            "41729648",
            "196",
            "221",
            "1000",
            "0",
            "0",
            "0",
            "0",
            "railway=rail",
            "railway=switch",
            "5482",
            "2986453"
          ],
          [
            "-88344931",
            "41729859",
            "196",
            "27",
            "1000",
            "0",
            "0",
            "0",
            "0",
            "railway=rail",
            "railway=level_crossing",
            "5484",
            "2987598"
          ],
          [
            "-88344409",
            "41730531",
            "195",
            "86",
            "1000",
            "0",
            "0",
            "0",
            "0",
            "railway=rail",
            "railway=signal",
            "5491",
            "2991176"
          ],
          [
            "-88343792",
            "41731337",
            "194",
            "103",
            "1000",
            "0",
            "0",
            "0",
            "0",
            "railway=rail",
            "railway=switch",
            "5499",
            "2994900"
          ],
          [
            "-88343198",
            "41732105",
            "194",
            "99",
            "1000",
            "0",
            "0",
            "0",
            "0",
            "railway=rail",
            "railway=unknown",
            "5507",
            "2998973"
          ],
          [
            "-88333826",
            "41744254",
            "196",
            "1558",
            "1000",
            "0",
            "0",
            "0",
            "0",
            "railway=rail",
            "railway=unknown",
            "5631",
            "3068656"
          ],
          [
            "-88327573",
            "41748832",
            "193",
            "740",
            "1000",
            "0",
            "0",
            "0",
            "0",
            "railway=rail",
            "railway=switch",
            "5691",
            "3099386"
          ],
          [
            "-88326766",
            "41749204",
            "194",
            "78",
            "1000",
            "0",
            "0",
            "0",
            "0",
            "railway=rail",
            "railway=switch",
            "5697",
            "3102609"
          ],
          [
            "-88325468",
            "41749764",
            "195",
            "124",
            "1000",
            "0",
            "0",
            "0",
            "0",
            "railway=rail",
            "railway=switch",
            "5707",
            "3109042"
          ],
          [
            "-88322431",
            "41751214",
            "194",
            "299",
            "1000",
            "0",
            "0",
            "0",
            "0",
            "railway=rail",
            "railway=switch",
            "5731",
            "3120703"
          ],
          [
            "-88320266",
            "41752220",
            "195",
            "212",
            "1000",
            "0",
            "0",
            "0",
            "0",
            "railway=rail",
            "railway=unknown",
            "5748",
            "3129504"
          ],
          [
            "-88316062",
            "41754167",
            "198",
            "342",
            "1000",
            "0",
            "0",
            "0",
            "0",
            "railway=rail",
            "",
            "5775",
            "3146659"
          ],
          [
            "-88310599",
            "41757728",
            "199",
            "674",
            "1000",
            "0",
            "0",
            "0",
            "0",
            "railway=rail",
            "railway=switch",
            "53",
            "30739"
          ],
          [
            "-88309475",
            "41758628",
            "200",
            "137",
            "1000",
            "0",
            "0",
            "0",
            "0",
            "railway=rail",
            "railway=signal",
            "64",
            "37760"
          ],
          [
            "-88306385",
            "41762021",
            "202",
            "459",
            "1000",
            "0",
            "0",
            "0",
            "0",
            "railway=rail",
            "railway=unknown",
            "101",
            "59385"
          ],
          [
            "-88289817",
            "41768019",
            "209",
            "1591",
            "1000",
            "0",
            "0",
            "0",
            "0",
            "railway=rail",
            "railway=unknown",
            "228",
            "135559"
          ],
          [
            "-88282920",
            "41769038",
            "211",
            "584",
            "1000",
            "0",
            "0",
            "0",
            "0",
            "railway=rail",
            "railway=signal",
            "275",
            "162997"
          ],
          [
            "-88279337",
            "41769578",
            "214",
            "304",
            "1000",
            "0",
            "0",
            "0",
            "0",
            "railway=rail",
            "railway=switch",
            "299",
            "176588"
          ],
          [
            "-88279200",
            "41769599",
            "214",
            "12",
            "1000",
            "0",
            "0",
            "0",
            "0",
            "railway=rail",
            "railway=switch",
            "300",
            "177142"
          ],
          [
            "-88277452",
            "41769858",
            "212",
            "148",
            "1000",
            "0",
            "0",
            "0",
            "0",
            "railway=rail",
            "railway=switch",
            "312",
            "184663"
          ],
          [
            "-88277194",
            "41769893",
            "212",
            "22",
            "1000",
            "0",
            "0",
            "0",
            "0",
            "railway=rail",
            "railway=switch",
            "314",
            "185646"
          ],
          [
            "-88276134",
            "41770010",
            "212",
            "89",
            "1000",
            "0",
            "0",
            "0",
            "0",
            "railway=rail",
            "railway=switch",
            "321",
            "189337"
          ],
          [
            "-88275850",
            "41770051",
            "212",
            "24",
            "1000",
            "0",
            "0",
            "0",
            "0",
            "railway=rail",
            "railway=switch",
            "323",
            "190359"
          ],
          [
            "-88274041",
            "41770321",
            "213",
            "153",
            "1000",
            "0",
            "0",
            "0",
            "0",
            "railway=rail",
            "railway=signal",
            "335",
            "198030"
          ],
          [
            "-88272797",
            "41770508",
            "214",
            "106",
            "1000",
            "0",
            "0",
            "0",
            "0",
            "railway=rail",
            "railway=level_crossing",
            "344",
            "203440"
          ],
          [
            "-88270809",
            "41770806",
            "214",
            "169",
            "1000",
            "0",
            "0",
            "0",
            "0",
            "railway=rail",
            "railway=unknown",
            "357",
            "210836"
          ],
          [
            "-88251750",
            "41773629",
            "217",
            "1615",
            "1000",
            "0",
            "0",
            "0",
            "0",
            "railway=rail",
            "railway=unknown",
            "486",
            "284513"
          ],
          [
            "-88245419",
            "41774571",
            "218",
            "536",
            "1000",
            "0",
            "0",
            "0",
            "0",
            "railway=rail",
            "railway=signal",
            "529",
            "309148"
          ],
          [
            "-88245074",
            "41774622",
            "218",
            "29",
            "1000",
            "0",
            "0",
            "0",
            "0",
            "railway=rail",
            "railway=switch",
            "532",
            "310490"
          ],
          [
            "-88240601",
            "41775283",
            "219",
            "379",
            "1000",
            "0",
            "0",
            "0",
            "0",
            "railway=rail",
            "railway=switch",
            "562",
            "328218"
          ],
          [
            "-88239549",
            "41775440",
            "219",
            "89",
            "1000",
            "0",
            "0",
            "0",
            "0",
            "railway=rail",
            "railway=switch",
            "569",
            "331887"
          ],
          [
            "-88239175",
            "41775493",
            "219",
            "32",
            "1000",
            "0",
            "0",
            "0",
            "0",
            "railway=rail",
            "railway=switch",
            "572",
            "333429"
          ],
          [
            "-88238112",
            "41775694",
            "219",
            "91",
            "1000",
            "0",
            "0",
            "0",
            "0",
            "railway=rail",
            "railway=switch",
            "579",
            "337512"
          ],
          [
            "-88237773",
            "41775743",
            "219",
            "29",
            "1000",
            "0",
            "0",
            "0",
            "0",
            "railway=rail",
            "railway=signal",
            "581",
            "338857"
          ],
          [
            "-88232662",
            "41776505",
            "221",
            "433",
            "1000",
            "0",
            "0",
            "0",
            "0",
            "railway=rail",
            "railway=unknown",
            "616",
            "359413"
          ],
          [
            "-88213531",
            "41777927",
            "216",
            "1603",
            "1000",
            "0",
            "0",
            "0",
            "0",
            "railway=rail",
            "railway=unknown",
            "744",
            "425793"
          ],
          [
            "-88194198",
            "41778454",
            "214",
            "1609",
            "1000",
            "0",
            "0",
            "0",
            "0",
            "railway=rail",
            "railway=unknown",
            "873",
            "494975"
          ],
          [
            "-88194149",
            "41778456",
            "214",
            "4",
            "1000",
            "0",
            "0",
            "0",
            "0",
            "railway=rail",
            "railway=signal",
            "873",
            "495151"
          ],
          [
            "-88178356",
            "41778883",
            "216",
            "1314",
            "1000",
            "0",
            "0",
            "0",
            "0",
            "railway=rail",
            "railway=crossing",
            "978",
            "554047"
          ],
          [
            "-88178178",
            "41778888",
            "215",
            "15",
            "1000",
            "0",
            "0",
            "0",
            "0",
            "railway=rail",
            "railway=level_crossing",
            "980",
            "554677"
          ],
          [
            "-88177991",
            "41778893",
            "215",
            "16",
            "1000",
            "0",
            "0",
            "0",
            "0",
            "railway=rail",
            "railway=crossing",
            "981",
            "555353"
          ],
          [
            "-88175765",
            "41778964",
            "213",
            "185",
            "1000",
            "0",
            "0",
            "0",
            "0",
            "railway=rail",
            "railway=unknown",
            "996",
            "561682"
          ],
          [
            "-88154836",
            "41779537",
            "214",
            "1742",
            "1000",
            "0",
            "0",
            "0",
            "0",
            "railway=rail",
            "railway=unknown",
            "1135",
            "638409"
          ],
          [
            "-88151995",
            "41779613",
            "215",
            "236",
            "1000",
            "0",
            "0",
            "0",
            "0",
            "railway=rail",
            "railway=signal",
            "1154",
            "649589"
          ],
          [
            "-88151696",
            "41779621",
            "215",
            "25",
            "1000",
            "0",
            "0",
            "0",
            "0",
            "railway=rail",
            "railway=switch",
            "1156",
            "650707"
          ],
          [
            "-88150536",
            "41779651",
            "215",
            "97",
            "1000",
            "0",
            "0",
            "0",
            "0",
            "railway=rail",
            "railway=switch",
            "1164",
            "655014"
          ],
          [
            "-88149126",
            "41779649",
            "217",
            "117",
            "1000",
            "0",
            "0",
            "0",
            "0",
            "railway=rail",
            "railway=switch",
            "1173",
            "661395"
          ],
          [
            "-88148718",
            "41779661",
            "217",
            "34",
            "1000",
            "0",
            "0",
            "0",
            "0",
            "railway=rail",
            "railway=signal",
            "1176",
            "663114"
          ],
          [
            "-88144244",
            "41779784",
            "220",
            "366",
            "1000",
            "0",
            "0",
            "0",
            "0",
            "railway=rail",
            "",
            "1205",
            "679450"
          ],
          [
            "-88144244",
            "41779784",
            "220",
            "7",
            "1000",
            "0",
            "0",
            "0",
            "0",
            "railway=rail",
            "railway=unknown",
            "0",
            "322"
          ],
          [
            "-88142208",
            "41779832",
            "221",
            "169",
            "1000",
            "0",
            "0",
            "0",
            "0",
            "railway=rail",
            "railway=crossing",
            "14",
            "8464"
          ],
          [
            "-88142096",
            "41779835",
            "221",
            "9",
            "1000",
            "0",
            "0",
            "0",
            "0",
            "railway=rail",
            "railway=level_crossing",
            "14",
            "8873"
          ],
          [
            "-88139474",
            "41779890",
            "223",
            "219",
            "1000",
            "0",
            "0",
            "0",
            "0",
            "railway=rail",
            "railway=signal",
            "32",
            "20166"
          ],
          [
            "-88139278",
            "41779892",
            "224",
            "16",
            "1000",
            "0",
            "0",
            "0",
            "0",
            "railway=rail",
            "railway=switch",
            "33",
            "21037"
          ],
          [
            "-88137787",
            "41779970",
            "224",
            "124",
            "1000",
            "0",
            "0",
            "0",
            "0",
            "reversedirection=yes railway=rail",
            "railway=switch",
            "43",
            "27179"
          ],
          [
            "-88136283",
            "41780012",
            "225",
            "125",
            "1000",
            "0",
            "0",
            "0",
            "0",
            "railway=rail",
            "railway=switch",
            "53",
            "33507"
          ],
          [
            "-88136097",
            "41780016",
            "224",
            "15",
            "1000",
            "0",
            "0",
            "0",
            "0",
            "railway=rail",
            "railway=signal",
            "54",
            "34182"
          ],
          [
            "-88136042",
            "41780017",
            "224",
            "5",
            "1000",
            "0",
            "0",
            "0",
            "0",
            "railway=rail",
            "railway=unknown",
            "55",
            "34407"
          ],
          [
            "-88119370",
            "41784310",
            "220",
            "1494",
            "1000",
            "0",
            "0",
            "0",
            "0",
            "railway=rail",
            "railway=signal",
            "174",
            "96272"
          ],
          [
            "-88117618",
            "41785216",
            "218",
            "177",
            "1000",
            "0",
            "0",
            "0",
            "0",
            "railway=rail",
            "railway=unknown",
            "188",
            "102749"
          ],
          [
            "-88107899",
            "41790216",
            "218",
            "980",
            "1000",
            "0",
            "0",
            "0",
            "0",
            "railway=rail",
            "railway=signal",
            "267",
            "145317"
          ],
          [
            "-88102198",
            "41792681",
            "222",
            "549",
            "1000",
            "0",
            "0",
            "0",
            "0",
            "railway=rail",
            "railway=unknown",
            "311",
            "173284"
          ],
          [
            "-88094244",
            "41794111",
            "216",
            "680",
            "1000",
            "0",
            "0",
            "0",
            "0",
            "railway=rail",
            "railway=signal",
            "365",
            "200313"
          ],
          [
            "-88092402",
            "41794426",
            "215",
            "157",
            "1000",
            "0",
            "0",
            "0",
            "0",
            "railway=rail",
            "railway=switch",
            "378",
            "206689"
          ],
          [
            "-88091859",
            "41794519",
            "216",
            "46",
            "1000",
            "0",
            "0",
            "0",
            "0",
            "railway=rail",
            "railway=switch",
            "381",
            "207847"
          ],
          [
            "-88089933",
            "41794848",
            "213",
            "164",
            "1000",
            "0",
            "0",
            "0",
            "0",
            "railway=rail",
            "railway=switch",
            "394",
            "214222"
          ],
          [
            "-88087972",
            "41795185",
            "210",
            "167",
            "1000",
            "0",
            "0",
            "0",
            "0",
            "railway=rail",
            "railway=switch",
            "408",
            "219075"
          ],
          [
            "-88087425",
            "41795280",
            "210",
            "47",
            "1000",
            "0",
            "0",
            "0",
            "0",
            "railway=rail",
            "railway=switch",
            "412",
            "220925"
          ],
          [
            "-88085327",
            "41795640",
            "208",
            "179",
            "1000",
            "0",
            "0",
            "0",
            "0",
            "railway=rail",
            "railway=signal",
            "426",
            "227027"
          ],
          [
            "-88082748",
            "41796078",
            "207",
            "220",
            "1000",
            "0",
            "0",
            "0",
            "0",
            "railway=rail",
            "railway=unknown",
            "443",
            "235995"
          ],
          [
            "-88064404",
            "41798296",
            "209",
            "1553",
            "1000",
            "0",
            "0",
            "0",
            "0",
            "railway=rail",
            "railway=unknown",
            "568",
            "303022"
          ],
          [
            "-88045422",
            "41796039",
            "218",
            "1598",
            "1000",
            "0",
            "0",
            "0",
            "0",
            "railway=rail",
            "railway=unknown",
            "696",
            "378474"
          ],
          [
            "-88025825",
            "41795487",
            "217",
            "1635",
            "1000",
            "0",
            "0",
            "0",
            "0",
            "railway=rail",
            "railway=unknown",
            "826",
            "452629"
          ],
          [
            "-88011903",
            "41795521",
            "219",
            "1158",
            "1000",
            "0",
            "0",
            "0",
            "0",
            "railway=rail",
            "railway=level_crossing",
            "919",
            "505299"
          ],
          [
            "-88010411",
            "41795523",
            "220",
            "124",
            "1000",
            "0",
            "0",
            "0",
            "0",
            "railway=rail",
            "railway=level_crossing",
            "929",
            "510912"
          ],
          [
            "-88006874",
            "41795531",
            "222",
            "294",
            "1000",
            "0",
            "0",
            "0",
            "0",
            "railway=rail",
            "railway=level_crossing",
            "952",
            "525577"
          ],
          [
            "-88006450",
            "41795534",
            "222",
            "35",
            "1000",
            "0",
            "0",
            "0",
            "0",
            "railway=rail",
            "railway=unknown",
            "955",
            "527145"
          ],
          [
            "-88002210",
            "41795543",
            "221",
            "299",
            "1000",
            "0",
            "0",
            "0",
            "0",
            "railway=rail",
            "",
            "979",
            "540152"
          ],
          [
            "-88002210",
            "41795543",
            "221",
            "54",
            "1000",
            "0",
            "0",
            "0",
            "0",
            "railway=rail",
            "railway=signal",
            "4",
            "2375"
          ],
          [
            "-88000562",
            "41795544",
            "221",
            "137",
            "1000",
            "0",
            "0",
            "0",
            "0",
            "railway=rail",
            "railway=switch",
            "15",
            "8401"
          ],
          [
            "-87999076",
            "41795548",
            "223",
            "124",
            "1000",
            "0",
            "0",
            "0",
            "0",
            "railway=rail",
            "railway=switch",
            "25",
            "14953"
          ],
          [
            "-87998468",
            "41795549",
            "223",
            "51",
            "1000",
            "0",
            "0",
            "0",
            "0",
            "railway=rail",
            "railway=level_crossing",
            "29",
            "17463"
          ],
          [
            "-87997987",
            "41795549",
            "223",
            "40",
            "1000",
            "0",
            "0",
            "0",
            "0",
            "railway=rail",
            "railway=switch",
            "32",
            "19354"
          ],
          [
            "-87996576",
            "41795553",
            "224",
            "117",
            "1000",
            "0",
            "0",
            "0",
            "0",
            "railway=rail",
            "railway=switch",
            "41",
            "25143"
          ],
          [
            "-87994916",
            "41795557",
            "223",
            "138",
            "1000",
            "0",
            "0",
            "0",
            "0",
            "railway=rail",
            "railway=signal",
            "52",
            "30885"
          ],
          [
            "-87994694",
            "41795558",
            "224",
            "18",
            "1000",
            "0",
            "0",
            "0",
            "0",
            "railway=rail",
            "railway=level_crossing",
            "54",
            "31705"
          ],
          [
            "-87986880",
            "41795573",
            "228",
            "650",
            "1000",
            "0",
            "0",
            "0",
            "0",
            "railway=rail",
            "railway=unknown",
            "106",
            "61985"
          ],
          [
            "-87975430",
            "41795597",
            "230",
            "953",
            "1000",
            "0",
            "0",
            "0",
            "0",
            "railway=rail",
            "railway=crossing",
            "182",
            "107969"
          ],
          [
            "-87975324",
            "41795597",
            "230",
            "9",
            "1000",
            "0",
            "0",
            "0",
            "0",
            "railway=rail",
            "railway=level_crossing",
            "183",
            "108357"
          ],
          [
            "-87967728",
            "41795626",
            "226",
            "632",
            "1000",
            "0",
            "0",
            "0",
            "0",
            "railway=rail",
            "railway=unknown",
            "233",
            "135814"
          ],
          [
            "-87962070",
            "41795704",
            "225",
            "471",
            "1000",
            "0",
            "0",
            "0",
            "0",
            "railway=rail",
            "railway=signal",
            "271",
            "152137"
          ],
          [
            "-87954684",
            "41797009",
            "222",
            "631",
            "1000",
            "0",
            "0",
            "0",
            "0",
            "railway=rail",
            "railway=level_crossing",
            "322",
            "180232"
          ],
          [
            "-87954537",
            "41797043",
            "222",
            "13",
            "1000",
            "0",
            "0",
            "0",
            "0",
            "railway=rail",
            "railway=crossing",
            "323",
            "180765"
          ],
          [
            "-87948882",
            "41798319",
            "223",
            "154",
            "1000",
            "0",
            "0",
            "0",
            "0",
            "railway=rail",
            "",
            "335",
            "186051"
          ],
          [
            "-87948882",
            "41798319",
            "223",
            "337",
            "1000",
            "0",
            "0",
            "0",
            "0",
            "railway=rail",
            "railway=unknown",
            "26",
            "14823"
          ],
          [
            "-87945198",
            "41799151",
            "220",
            "320",
            "1000",
            "0",
            "0",
            "0",
            "0",
            "railway=rail",
            "railway=level_crossing",
            "52",
            "26357"
          ],
          [
            "-87941650",
            "41799950",
            "219",
            "308",
            "1000",
            "0",
            "0",
            "0",
            "0",
            "railway=rail",
            "railway=switch",
            "77",
            "39591"
          ],
          [
            "-87939688",
            "41800395",
            "218",
            "170",
            "1000",
            "0",
            "0",
            "0",
            "0",
            "railway=rail",
            "railway=switch",
            "90",
            "45974"
          ],
          [
            "-87939338",
            "41800475",
            "217",
            "30",
            "1000",
            "0",
            "0",
            "0",
            "0",
            "railway=rail",
            "railway=crossing",
            "93",
            "47001"
          ],
          [
            "-87939245",
            "41800496",
            "217",
            "8",
            "1000",
            "0",
            "0",
            "0",
            "0",
            "railway=rail",
            "railway=level_crossing",
            "93",
            "47272"
          ],
          [
            "-87939159",
            "41800515",
            "217",
            "7",
            "1000",
            "0",
            "0",
            "0",
            "0",
            "railway=rail",
            "railway=crossing",
            "94",
            "47514"
          ],
          [
            "-87933970",
            "41801684",
            "213",
            "450",
            "1000",
            "0",
            "0",
            "0",
            "0",
            "railway=rail",
            "railway=crossing",
            "130",
            "65972"
          ],
          [
            "-87930911",
            "41802375",
            "213",
            "265",
            "1000",
            "0",
            "0",
            "0",
            "0",
            "railway=rail",
            "railway=crossing",
            "151",
            "77409"
          ],
          [
            "-87930806",
            "41802399",
            "213",
            "9",
            "1000",
            "0",
            "0",
            "0",
            "0",
            "railway=rail",
            "railway=level_crossing",
            "152",
            "77803"
          ],
          [
            "-87930699",
            "41802423",
            "213",
            "9",
            "1000",
            "0",
            "0",
            "0",
            "0",
            "railway=rail",
            "railway=crossing",
            "153",
            "78198"
          ],
          [
            "-87930525",
            "41802462",
            "213",
            "15",
            "1000",
            "0",
            "0",
            "0",
            "0",
            "railway=rail",
            "railway=unknown",
            "154",
            "78517"
          ],
          [
            "-87929424",
            "41802711",
            "213",
            "96",
            "1000",
            "0",
            "0",
            "0",
            "0",
            "railway=rail",
            "railway=crossing",
            "161",
            "81579"
          ],
          [
            "-87929296",
            "41802740",
            "213",
            "11",
            "1000",
            "0",
            "0",
            "0",
            "0",
            "railway=rail",
            "railway=level_crossing",
            "162",
            "81988"
          ],
          [
            "-87929181",
            "41802766",
            "213",
            "10",
            "1000",
            "0",
            "0",
            "0",
            "0",
            "railway=rail",
            "railway=crossing",
            "163",
            "82366"
          ],
          [
            "-87927363",
            "41803177",
            "213",
            "157",
            "1000",
            "0",
            "0",
            "0",
            "0",
            "railway=rail",
            "railway=crossing",
            "176",
            "88739"
          ],
          [
            "-87927239",
            "41803204",
            "213",
            "11",
            "1000",
            "0",
            "0",
            "0",
            "0",
            "railway=rail",
            "railway=level_crossing",
            "177",
            "89172"
          ],
          [
            "-87927123",
            "41803231",
            "213",
            "10",
            "1000",
            "0",
            "0",
            "0",
            "0",
            "railway=rail",
            "railway=crossing",
            "177",
            "89549"
          ],
          [
            "-87924967",
            "41803723",
            "213",
            "187",
            "1000",
            "0",
            "0",
            "0",
            "0",
            "railway=rail",
            "railway=crossing",
            "192",
            "97454"
          ],
          [
            "-87924591",
            "41803808",
            "213",
            "33",
            "1000",
            "0",
            "0",
            "0",
            "0",
            "railway=rail",
            "railway=signal",
            "195",
            "99013"
          ],
          [
            "-87922641",
            "41804247",
            "214",
            "169",
            "1000",
            "0",
            "0",
            "0",
            "0",
            "railway=rail",
            "railway=switch",
            "208",
            "107391"
          ],
          [
            "-87921237",
            "41804565",
            "215",
            "122",
            "1000",
            "0",
            "0",
            "0",
            "0",
            "railway=rail",
            "railway=switch",
            "218",
            "113064"
          ],
          [
            "-87919402",
            "41804979",
            "211",
            "159",
            "1000",
            "0",
            "0",
            "0",
            "0",
            "railway=rail",
            "railway=signal",
            "231",
            "119342"
          ],
          [
            "-87918690",
            "41805140",
            "209",
            "62",
            "1000",
            "0",
            "0",
            "0",
            "0",
            "railway=rail",
            "railway=crossing",
            "236",
            "121235"
          ],
          [
            "-87911954",
            "41806659",
            "205",
            "584",
            "1000",
            "0",
            "0",
            "0",
            "0",
            "railway=rail",
            "railway=unknown",
            "283",
            "138251"
          ],
          [
            "-87902009",
            "41808901",
            "205",
            "863",
            "1000",
            "0",
            "0",
            "0",
            "0",
            "railway=rail",
            "railway=crossing",
            "352",
            "177730"
          ],
          [
            "-87901905",
            "41808925",
            "205",
            "9",
            "1000",
            "0",
            "0",
            "0",
            "0",
            "railway=rail",
            "railway=level_crossing",
            "352",
            "178145"
          ],
          [
            "-87901802",
            "41808948",
            "205",
            "9",
            "1000",
            "0",
            "0",
            "0",
            "0",
            "railway=rail",
            "railway=crossing",
            "353",
            "178558"
          ],
          [
            "-87900606",
            "41809218",
            "206",
            "28",
            "1000",
            "0",
            "0",
            "0",
            "0",
            "railway=rail",
            "",
            "355",
            "179835"
          ],
          [
            "-87900606",
            "41809218",
            "206",
            "76",
            "1000",
            "0",
            "0",
            "0",
            "0",
            "railway=rail",
            "railway=crossing",
            "6",
            "3695"
          ],
          [
            "-87900501",
            "41809242",
            "206",
            "9",
            "1000",
            "0",
            "0",
            "0",
            "0",
            "railway=rail",
            "railway=level_crossing",
            "6",
            "4136"
          ],
          [
            "-87900400",
            "41809265",
            "206",
            "9",
            "1000",
            "0",
            "0",
            "0",
            "0",
            "railway=rail",
            "railway=crossing",
            "7",
            "4574"
          ],
          [
            "-87898784",
            "41809631",
            "207",
            "140",
            "1000",
            "0",
            "0",
            "0",
            "0",
            "railway=rail",
            "railway=crossing",
            "18",
            "11897"
          ],
          [
            "-87898661",
            "41809659",
            "207",
            "11",
            "1000",
            "0",
            "0",
            "0",
            "0",
            "railway=rail",
            "railway=level_crossing",
            "19",
            "12398"
          ],
          [
            "-87898549",
            "41809684",
            "207",
            "10",
            "1000",
            "0",
            "0",
            "0",
            "0",
            "railway=rail",
            "railway=crossing",
            "20",
            "12851"
          ],
          [
            "-87893130",
            "41810904",
            "201",
            "470",
            "1000",
            "0",
            "0",
            "0",
            "0",
            "railway=rail",
            "railway=unknown",
            "58",
            "30810"
          ],
          [
            "-87889221",
            "41811786",
            "202",
            "339",
            "1000",
            "0",
            "0",
            "0",
            "0",
            "railway=rail",
            "railway=crossing",
            "85",
            "43974"
          ],
          [
            "-87889107",
            "41811812",
            "202",
            "10",
            "1000",
            "0",
            "0",
            "0",
            "0",
            "railway=rail",
            "railway=level_crossing",
            "85",
            "44409"
          ],
          [
            "-87889008",
            "41811834",
            "202",
            "9",
            "1000",
            "0",
            "0",
            "0",
            "0",
            "railway=rail",
            "railway=crossing",
            "86",
            "44840"
          ],
          [
            "-87879663",
            "41813940",
            "198",
            "811",
            "1000",
            "0",
            "0",
            "0",
            "0",
            "railway=rail",
            "railway=crossing",
            "151",
            "79782"
          ],
          [
            "-87879562",
            "41813963",
            "198",
            "9",
            "1000",
            "0",
            "0",
            "0",
            "0",
            "railway=rail",
            "railway=level_crossing",
            "152",
            "80158"
          ],
          [
            "-87879451",
            "41813987",
            "198",
            "10",
            "1000",
            "0",
            "0",
            "0",
            "0",
            "railway=rail",
            "railway=crossing",
            "153",
            "80578"
          ],
          [
            "-87874734",
            "41815049",
            "198",
            "409",
            "1000",
            "0",
            "0",
            "0",
            "0",
            "railway=rail",
            "railway=crossing",
            "185",
            "98384"
          ],
          [
            "-87874627",
            "41815073",
            "198",
            "9",
            "1000",
            "0",
            "0",
            "0",
            "0",
            "railway=rail",
            "railway=level_crossing",
            "186",
            "98780"
          ],
          [
            "-87874534",
            "41815094",
            "198",
            "8",
            "1000",
            "0",
            "0",
            "0",
            "0",
            "railway=rail",
            "railway=crossing",
            "187",
            "99131"
          ],
          [
            "-87874346",
            "41815136",
            "198",
            "16",
            "1000",
            "0",
            "0",
            "0",
            "0",
            "railway=rail",
            "railway=unknown",
            "188",
            "99476"
          ],
          [
            "-87872434",
            "41815569",
            "197",
            "166",
            "1000",
            "0",
            "0",
            "0",
            "0",
            "railway=rail",
            "railway=crossing",
            "201",
            "104742"
          ],
          [
            "-87872340",
            "41815590",
            "197",
            "8",
            "1000",
            "0",
            "0",
            "0",
            "0",
            "railway=rail",
            "railway=level_crossing",
            "202",
            "105057"
          ],
          [
            "-87872222",
            "41815616",
            "197",
            "10",
            "1000",
            "0",
            "0",
            "0",
            "0",
            "railway=rail",
            "railway=crossing",
            "203",
            "105455"
          ],
          [
            "-87869854",
            "41816149",
            "198",
            "205",
            "1000",
            "0",
            "0",
            "0",
            "0",
            "railway=rail",
            "railway=crossing",
            "219",
            "114509"
          ],
          [
            "-87869711",
            "41816180",
            "198",
            "12",
            "1000",
            "0",
            "0",
            "0",
            "0",
            "railway=rail",
            "railway=level_crossing",
            "220",
            "115013"
          ],
          [
            "-87869554",
            "41816215",
            "198",
            "14",
            "1000",
            "0",
            "0",
            "0",
            "0",
            "railway=rail",
            "railway=crossing",
            "221",
            "115604"
          ],
          [
            "-87856279",
            "41819197",
            "193",
            "1151",
            "1000",
            "0",
            "0",
            "0",
            "0",
            "railway=rail",
            "railway=unknown",
            "313",
            "164520"
          ],
          [
            "-87852105",
            "41820140",
            "194",
            "362",
            "1000",
            "0",
            "0",
            "0",
            "0",
            "railway=rail",
            "railway=switch",
            "342",
            "178509"
          ],
          [
            "-87851395",
            "41820300",
            "194",
            "62",
            "1000",
            "0",
            "0",
            "0",
            "0",
            "railway=rail",
            "railway=crossing",
            "347",
            "181211"
          ],
          [
            "-87851253",
            "41820332",
            "193",
            "12",
            "1000",
            "0",
            "0",
            "0",
            "0",
            "railway=rail",
            "railway=level_crossing",
            "348",
            "181686"
          ],
          [
            "-87851114",
            "41820363",
            "193",
            "12",
            "1000",
            "0",
            "0",
            "0",
            "0",
            "railway=rail",
            "railway=crossing",
            "349",
            "182117"
          ],
          [
            "-87850520",
            "41820497",
            "191",
            "52",
            "1000",
            "0",
            "0",
            "0",
            "0",
            "railway=rail",
            "railway=switch",
            "353",
            "183648"
          ],
          [
            "-87846765",
            "41821340",
            "190",
            "325",
            "1000",
            "0",
            "0",
            "0",
            "0",
            "railway=rail",
            "railway=switch",
            "379",
            "195967"
          ],
          [
            "-87846237",
            "41821458",
            "189",
            "46",
            "1000",
            "0",
            "0",
            "0",
            "0",
            "railway=rail",
            "railway=switch",
            "383",
            "197659"
          ],
          [
            "-87844072",
            "41821946",
            "190",
            "188",
            "1000",
            "0",
            "0",
            "0",
            "0",
            "railway=rail",
            "railway=crossing",
            "398",
            "205635"
          ],
          [
            "-87843969",
            "41821970",
            "190",
            "9",
            "1000",
            "0",
            "0",
            "0",
            "0",
            "railway=rail",
            "railway=level_crossing",
            "399",
            "206026"
          ],
          [
            "-87843871",
            "41821993",
            "190",
            "9",
            "1000",
            "0",
            "0",
            "0",
            "0",
            "railway=rail",
            "railway=crossing",
            "399",
            "206418"
          ],
          [
            "-87837805",
            "41823353",
            "190",
            "526",
            "1000",
            "0",
            "0",
            "0",
            "0",
            "railway=rail",
            "railway=unknown",
            "441",
            "229760"
          ],
          [
            "-87834431",
            "41824109",
            "190",
            "293",
            "1000",
            "0",
            "0",
            "0",
            "0",
            "railway=rail",
            "railway=crossing",
            "465",
            "242620"
          ],
          [
            "-87834346",
            "41824128",
            "190",
            "7",
            "1000",
            "0",
            "0",
            "0",
            "0",
            "railway=rail",
            "railway=level_crossing",
            "465",
            "242928"
          ],
          [
            "-87834254",
            "41824149",
            "190",
            "8",
            "1000",
            "0",
            "0",
            "0",
            "0",
            "railway=rail",
            "railway=crossing",
            "466",
            "243262"
          ],
          [
            "-87827798",
            "41825606",
            "193",
            "560",
            "1000",
            "0",
            "0",
            "0",
            "0",
            "railway=rail",
            "railway=signal",
            "511",
            "270466"
          ],
          [
            "-87819595",
            "41827448",
            "191",
            "712",
            "1000",
            "0",
            "0",
            "0",
            "0",
            "railway=rail",
            "railway=crossing",
            "568",
            "300113"
          ],
          [
            "-87819474",
            "41827475",
            "191",
            "10",
            "1000",
            "0",
            "0",
            "0",
            "0",
            "railway=rail",
            "railway=level_crossing",
            "569",
            "300532"
          ],
          [
            "-87819361",
            "41827500",
            "190",
            "10",
            "1000",
            "0",
            "0",
            "0",
            "0",
            "railway=rail",
            "railway=crossing",
            "569",
            "300910"
          ],
          [
            "-87819323",
            "41827509",
            "190",
            "3",
            "1000",
            "0",
            "0",
            "0",
            "0",
            "railway=rail",
            "railway=unknown",
            "570",
            "301025"
          ],
          [
            "-87814194",
            "41828659",
            "190",
            "445",
            "1000",
            "0",
            "0",
            "0",
            "0",
            "railway=rail",
            "railway=crossing",
            "605",
            "319649"
          ],
          [
            "-87814101",
            "41828680",
            "190",
            "8",
            "1000",
            "0",
            "0",
            "0",
            "0",
            "railway=rail",
            "railway=level_crossing",
            "606",
            "320031"
          ],
          [
            "-87814014",
            "41828699",
            "190",
            "8",
            "1000",
            "0",
            "0",
            "0",
            "0",
            "railway=rail",
            "railway=crossing",
            "607",
            "320410"
          ],
          [
            "-87809385",
            "41829742",
            "189",
            "402",
            "1000",
            "0",
            "0",
            "0",
            "0",
            "railway=rail",
            "railway=crossing",
            "639",
            "337329"
          ],
          [
            "-87805957",
            "41830514",
            "188",
            "297",
            "1000",
            "0",
            "0",
            "0",
            "0",
            "railway=rail",
            "railway=crossing",
            "662",
            "349333"
          ],
          [
            "-87805862",
            "41830535",
            "188",
            "8",
            "1000",
            "0",
            "0",
            "0",
            "0",
            "railway=rail",
            "railway=level_crossing",
            "663",
            "349680"
          ],
          [
            "-87805764",
            "41830557",
            "187",
            "8",
            "1000",
            "0",
            "0",
            "0",
            "0",
            "railway=rail",
            "railway=crossing",
            "664",
            "350011"
          ],
          [
            "-87803076",
            "41831162",
            "187",
            "233",
            "1000",
            "0",
            "0",
            "0",
            "0",
            "railway=rail",
            "railway=crossing",
            "682",
            "359434"
          ],
          [
            "-87802938",
            "41831193",
            "187",
            "12",
            "1000",
            "0",
            "0",
            "0",
            "0",
            "railway=rail",
            "railway=level_crossing",
            "683",
            "359951"
          ],
          [
            "-87802809",
            "41831223",
            "187",
            "11",
            "1000",
            "0",
            "0",
            "0",
            "0",
            "railway=rail",
            "railway=crossing",
            "684",
            "360427"
          ],
          [
            "-87800093",
            "41831833",
            "188",
            "65",
            "1000",
            "0",
            "0",
            "0",
            "0",
            "railway=rail",
            "",
            "689",
            "363358"
          ],
          [
            "-87800093",
            "41831833",
            "188",
            "170",
            "1000",
            "0",
            "0",
            "0",
            "0",
            "railway=rail",
            "railway=unknown",
            "13",
            "8018"
          ],
          [
            "-87797750",
            "41832360",
            "186",
            "203",
            "1000",
            "0",
            "0",
            "0",
            "0",
            "railway=rail",
            "railway=crossing",
            "29",
            "15902"
          ],
          [
            "-87797644",
            "41832381",
            "186",
            "9",
            "1000",
            "0",
            "0",
            "0",
            "0",
            "railway=rail",
            "railway=level_crossing",
            "30",
            "16265"
          ],
          [
            "-87797546",
            "41832403",
            "186",
            "8",
            "1000",
            "0",
            "0",
            "0",
            "0",
            "railway=rail",
            "railway=crossing",
            "31",
            "16590"
          ],
          [
            "-87794159",
            "41833160",
            "187",
            "294",
            "1000",
            "0",
            "0",
            "0",
            "0",
            "railway=rail",
            "railway=crossing",
            "54",
            "29847"
          ],
          [
            "-87794036",
            "41833187",
            "187",
            "11",
            "1000",
            "0",
            "0",
            "0",
            "0",
            "railway=rail",
            "railway=level_crossing",
            "55",
            "30332"
          ],
          [
            "-87793950",
            "41833206",
            "187",
            "7",
            "1000",
            "0",
            "0",
            "0",
            "0",
            "railway=rail",
            "railway=crossing",
            "56",
            "30641"
          ],
          [
            "-87792939",
            "41833436",
            "187",
            "87",
            "1000",
            "0",
            "0",
            "0",
            "0",
            "railway=rail",
            "railway=crossing",
            "63",
            "34561"
          ],
          [
            "-87792840",
            "41833459",
            "187",
            "9",
            "1000",
            "0",
            "0",
            "0",
            "0",
            "railway=rail",
            "railway=level_crossing",
            "63",
            "34969"
          ],
          [
            "-87792732",
            "41833483",
            "187",
            "9",
            "1000",
            "0",
            "0",
            "0",
            "0",
            "railway=rail",
            "railway=crossing",
            "64",
            "35376"
          ],
          [
            "-87790620",
            "41833958",
            "187",
            "183",
            "1000",
            "0",
            "0",
            "0",
            "0",
            "railway=rail",
            "railway=switch",
            "79",
            "43340"
          ],
          [
            "-87790066",
            "41834080",
            "186",
            "48",
            "1000",
            "0",
            "0",
            "0",
            "0",
            "railway=rail",
            "railway=switch",
            "83",
            "45109"
          ],
          [
            "-87788462",
            "41834481",
            "186",
            "140",
            "1000",
            "0",
            "0",
            "0",
            "0",
            "railway=rail",
            "railway=switch",
            "94",
            "51180"
          ],
          [
            "-87788105",
            "41834557",
            "186",
            "31",
            "1000",
            "0",
            "0",
            "0",
            "0",
            "reversedirection=yes railway=rail",
            "railway=crossing",
            "96",
            "52419"
          ],
          [
            "-87787973",
            "41834586",
            "186",
            "11",
            "1000",
            "0",
            "0",
            "0",
            "0",
            "reversedirection=yes railway=rail",
            "railway=level_crossing",
            "97",
            "52867"
          ],
          [
            "-87787892",
            "41834604",
            "185",
            "7",
            "1000",
            "0",
            "0",
            "0",
            "0",
            "reversedirection=yes railway=rail",
            "railway=crossing",
            "98",
            "53139"
          ],
          [
            "-87787709",
            "41834646",
            "185",
            "16",
            "1000",
            "0",
            "0",
            "0",
            "0",
            "reversedirection=yes railway=rail",
            "railway=signal",
            "99",
            "53769"
          ],
          [
            "-87787519",
            "41834689",
            "185",
            "16",
            "1000",
            "0",
            "0",
            "0",
            "0",
            "reversedirection=yes railway=rail",
            "railway=switch",
            "100",
            "54378"
          ],
          [
            "-87786075",
            "41834975",
            "186",
            "124",
            "1000",
            "0",
            "0",
            "0",
            "0",
            "railway=rail",
            "railway=switch",
            "110",
            "60228"
          ],
          [
            "-87784918",
            "41835238",
            "185",
            "100",
            "1000",
            "0",
            "0",
            "0",
            "0",
            "railway=rail",
            "railway=switch",
            "118",
            "64171"
          ],
          [
            "-87783258",
            "41835611",
            "186",
            "144",
            "1000",
            "0",
            "0",
            "0",
            "0",
            "railway=rail",
            "railway=crossing",
            "130",
            "70470"
          ],
          [
            "-87783130",
            "41835639",
            "186",
            "11",
            "1000",
            "0",
            "0",
            "0",
            "0",
            "railway=rail",
            "railway=level_crossing",
            "131",
            "70953"
          ],
          [
            "-87782078",
            "41835878",
            "186",
            "91",
            "1000",
            "0",
            "0",
            "0",
            "0",
            "railway=rail",
            "railway=unknown",
            "138",
            "75082"
          ],
          [
            "-87779173",
            "41836578",
            "186",
            "254",
            "1000",
            "0",
            "0",
            "0",
            "0",
            "railway=rail",
            "railway=switch",
            "158",
            "86183"
          ],
          [
            "-87765592",
            "41840845",
            "185",
            "1226",
            "1000",
            "0",
            "0",
            "0",
            "0",
            "railway=rail",
            "railway=unknown",
            "256",
            "139571"
          ],
          [
            "-87765252",
            "41840936",
            "185",
            "30",
            "1000",
            "0",
            "0",
            "0",
            "0",
            "railway=rail",
            "railway=signal",
            "259",
            "140841"
          ],
          [
            "-87754118",
            "41843321",
            "185",
            "961",
            "1000",
            "0",
            "0",
            "0",
            "0",
            "railway=rail",
            "railway=signal",
            "335",
            "182252"
          ],
          [
            "-87750734",
            "41843656",
            "184",
            "283",
            "1000",
            "0",
            "0",
            "0",
            "0",
            "railway=rail",
            "railway=switch",
            "358",
            "194564"
          ],
          [
            "-87750592",
            "41843670",
            "184",
            "12",
            "1000",
            "0",
            "0",
            "0",
            "0",
            "railway=rail",
            "railway=switch",
            "359",
            "195089"
          ],
          [
            "-87748491",
            "41843867",
            "184",
            "175",
            "1000",
            "0",
            "0",
            "0",
            "0",
            "railway=rail",
            "railway=signal",
            "373",
            "202737"
          ],
          [
            "-87745636",
            "41844169",
            "183",
            "202",
            "1000",
            "0",
            "0",
            "0",
            "0",
            "railway=rail",
            "",
            "389",
            "210951"
          ],
          [
            "-87745004",
            "41844263",
            "183",
            "92",
            "1000",
            "0",
            "0",
            "0",
            "0",
            "railway=rail",
            "railway=unknown",
            "7",
            "4035"
          ],
          [
            "-87738359",
            "41845708",
            "186",
            "574",
            "1000",
            "0",
            "0",
            "0",
            "0",
            "railway=rail",
            "railway=switch",
            "53",
            "31845"
          ],
          [
            "-87738222",
            "41845738",
            "186",
            "12",
            "1000",
            "0",
            "0",
            "0",
            "0",
            "railway=rail",
            "railway=switch",
            "54",
            "32359"
          ],
          [
            "-87736889",
            "41845999",
            "184",
            "114",
            "1000",
            "0",
            "0",
            "0",
            "0",
            "railway=rail",
            "railway=switch",
            "63",
            "36098"
          ],
          [
            "-87735961",
            "41846206",
            "185",
            "80",
            "1000",
            "0",
            "0",
            "0",
            "0",
            "railway=rail",
            "railway=switch",
            "69",
            "39894"
          ],
          [
            "-87735812",
            "41846240",
            "185",
            "13",
            "1000",
            "0",
            "0",
            "0",
            "0",
            "railway=rail",
            "railway=switch",
            "70",
            "40520"
          ],
          [
            "-87734164",
            "41846610",
            "184",
            "143",
            "1000",
            "0",
            "0",
            "0",
            "0",
            "railway=rail",
            "railway=switch",
            "82",
            "46101"
          ],
          [
            "-87726265",
            "41848381",
            "185",
            "685",
            "1000",
            "0",
            "0",
            "0",
            "0",
            "railway=rail",
            "railway=unknown",
            "137",
            "76861"
          ],
          [
            "-87707809",
            "41852507",
            "182",
            "1597",
            "1000",
            "0",
            "0",
            "0",
            "0",
            "railway=rail",
            "railway=unknown",
            "264",
            "145478"
          ],
          [
            "-87705941",
            "41852925",
            "183",
            "162",
            "1000",
            "0",
            "0",
            "0",
            "0",
            "railway=rail",
            "railway=switch",
            "277",
            "152546"
          ],
          [
            "-87704993",
            "41853135",
            "183",
            "82",
            "1000",
            "0",
            "0",
            "0",
            "0",
            "railway=rail",
            "railway=switch",
            "284",
            "156346"
          ],
          [
            "-87704242",
            "41853265",
            "184",
            "64",
            "1000",
            "0",
            "0",
            "0",
            "0",
            "railway=rail",
            "railway=switch",
            "289",
            "159672"
          ],
          [
            "-87691865",
            "41856036",
            "182",
            "1072",
            "1000",
            "0",
            "0",
            "0",
            "0",
            "railway=rail",
            "railway=switch",
            "375",
            "205796"
          ],
          [
            "-87691521",
            "41856114",
            "183",
            "30",
            "1000",
            "0",
            "0",
            "0",
            "0",
            "railway=rail",
            "railway=switch",
            "377",
            "207187"
          ],
          [
            "-87690507",
            "41856343",
            "184",
            "88",
            "1000",
            "0",
            "0",
            "0",
            "0",
            "railway=rail",
            "railway=switch",
            "384",
            "211822"
          ],
          [
            "-87688967",
            "41856688",
            "186",
            "134",
            "1000",
            "0",
            "0",
            "0",
            "0",
            "railway=rail",
            "railway=unknown",
            "395",
            "219256"
          ],
          [
            "-87671570",
            "41859889",
            "186",
            "1500",
            "1000",
            "0",
            "0",
            "0",
            "0",
            "railway=rail",
            "railway=unknown",
            "515",
            "285762"
          ],
          [
            "-87657017",
            "41860115",
            "185",
            "1209",
            "1000",
            "0",
            "0",
            "0",
            "0",
            "railway=rail",
            "railway=signal",
            "612",
            "338757"
          ],
          [
            "-87656477",
            "41860138",
            "184",
            "45",
            "1000",
            "0",
            "0",
            "0",
            "0",
            "railway=rail",
            "railway=unknown",
            "615",
            "340250"
          ],
          [
            "-87656032",
            "41860158",
            "183",
            "37",
            "1000",
            "0",
            "0",
            "0",
            "0",
            "railway=rail",
            "railway=switch",
            "618",
            "341312"
          ],
          [
            "-87647520",
            "41860263",
            "182",
            "627",
            "1000",
            "0",
            "0",
            "0",
            "0",
            "railway=rail",
            "",
            "668",
            "367769"
          ],
          [
            "-87647520",
            "41860263",
            "182",
            "79",
            "1000",
            "0",
            "0",
            "0",
            "0",
            "railway=rail",
            "railway=switch",
            "6",
            "3354"
          ],
          [
            "-87647245",
            "41860266",
            "183",
            "23",
            "1000",
            "0",
            "0",
            "0",
            "0",
            "railway=rail",
            "railway=signal",
            "8",
            "4481"
          ],
          [
            "-87642249",
            "41860343",
            "181",
            "414",
            "1000",
            "0",
            "0",
            "0",
            "0",
            "railway=rail",
            "railway=switch",
            "41",
            "22346"
          ],
          [
            "-87641761",
            "41860327",
            "180",
            "41",
            "1000",
            "0",
            "0",
            "0",
            "0",
            "railway=rail",
            "railway=signal",
            "44",
            "23673"
          ],
          [
            "-87641402",
            "41860314",
            "180",
            "30",
            "1000",
            "0",
            "0",
            "0",
            "0",
            "railway=rail",
            "railway=switch",
            "46",
            "24692"
          ],
          [
            "-87640105",
            "41860296",
            "181",
            "108",
            "1000",
            "0",
            "0",
            "0",
            "0",
            "railway=rail",
            "railway=switch",
            "55",
            "28946"
          ],
          [
            "-87639170",
            "41860261",
            "180",
            "78",
            "1000",
            "0",
            "0",
            "0",
            "0",
            "reversedirection=yes railway=rail",
            "railway=switch",
            "61",
            "32180"
          ],
          [
            "-87638236",
            "41860357",
            "181",
            "79",
            "1000",
            "0",
            "0",
            "0",
            "0",
            "reversedirection=yes railway=rail",
            "railway=signal",
            "68",
            "35923"
          ],
          [
            "-87637053",
            "41861387",
            "180",
            "156",
            "1000",
            "0",
            "0",
            "0",
            "0",
            "reversedirection=yes railway=rail",
            "railway=signal",
            "80",
            "42188"
          ],
          [
            "-87636977",
            "41862049",
            "180",
            "74",
            "1000",
            "0",
            "0",
            "0",
            "0",
            "reversedirection=yes railway=rail",
            "railway=switch",
            "86",
            "45471"
          ],
          [
            "-87636981",
            "41862144",
            "181",
            "11",
            "1000",
            "0",
            "0",
            "0",
            "0",
            "reversedirection=yes railway=rail",
            "railway=signal",
            "87",
            "46014"
          ],
          [
            "-87637020",
            "41863706",
            "180",
            "174",
            "1000",
            "0",
            "0",
            "0",
            "0",
            "reversedirection=yes railway=rail",
            "railway=unknown",
            "101",
            "53729"
          ],
          [
            "-87637307",
            "41866998",
            "179",
            "367",
            "1000",
            "0",
            "0",
            "0",
            "0",
            "reversedirection=yes railway=rail",
            "railway=signal",
            "130",
            "68710"
          ],
          [
            "-87637375",
            "41867475",
            "179",
            "53",
            "1000",
            "0",
            "0",
            "0",
            "0",
            "reversedirection=yes railway=rail",
            "railway=signal",
            "134",
            "71252"
          ],
          [
            "-87637533",
            "41868534",
            "179",
            "118",
            "1000",
            "0",
            "0",
            "0",
            "0",
            "reversedirection=yes railway=rail",
            "railway=switch",
            "144",
            "76652"
          ],
          [
            "-87637578",
            "41868847",
            "179",
            "35",
            "1000",
            "0",
            "0",
            "0",
            "0",
            "reversedirection=yes railway=rail",
            "railway=switch",
            "147",
            "78218"
          ],
          [
            "-87637628",
            "41869005",
            "179",
            "18",
            "1000",
            "0",
            "0",
            "0",
            "0",
            "reversedirection=yes railway=rail",
            "railway=unknown",
            "148",
            "79021"
          ],
          [
            "-87637673",
            "41869160",
            "179",
            "18",
            "1000",
            "0",
            "0",
            "0",
            "0",
            "reversedirection=yes railway=rail",
            "railway=switch",
            "150",
            "79822"
          ],
          [
            "-87637738",
            "41869610",
            "182",
            "50",
            "1000",
            "0",
            "0",
            "0",
            "0",
            "reversedirection=yes railway=rail",
            "railway=signal",
            "154",
            "82994"
          ],
          [
            "-87637791",
            "41869944",
            "185",
            "37",
            "1000",
            "0",
            "0",
            "0",
            "0",
            "reversedirection=yes railway=rail",
            "railway=signal",
            "157",
            "84949"
          ],
          [
            "-87638181",
            "41872659",
            "184",
            "303",
            "1000",
            "0",
            "0",
            "0",
            "0",
            "reversedirection=yes railway=rail",
            "railway=signal",
            "181",
            "105064"
          ],
          [
            "-87638183",
            "41872668",
            "184",
            "1",
            "1000",
            "0",
            "0",
            "0",
            "0",
            "reversedirection=yes railway=rail",
            "railway=signal",
            "181",
            "105112"
          ],
          [
            "-87638250",
            "41873111",
            "184",
            "50",
            "1000",
            "0",
            "0",
            "0",
            "0",
            "reversedirection=yes railway=rail",
            "railway=switch",
            "185",
            "107445"
          ],
          [
            "-87638284",
            "41873365",
            "184",
            "28",
            "1000",
            "0",
            "0",
            "0",
            "0",
            "railway=rail",
            "railway=switch",
            "187",
            "108727"
          ],
          [
            "-87638333",
            "41873478",
            "183",
            "13",
            "1000",
            "0",
            "0",
            "0",
            "0",
            "reversedirection=yes railway=rail",
            "railway=unknown",
            "188",
            "109318"
          ],
          [
            "-87638381",
            "41873590",
            "183",
            "13",
            "1000",
            "0",
            "0",
            "0",
            "0",
            "reversedirection=yes railway=rail",
            "railway=switch",
            "189",
            "109907"
          ],
          [
            "-87638448",
            "41873929",
            "183",
            "38",
            "1000",
            "0",
            "0",
            "0",
            "0",
            "reversedirection=yes railway=rail",
            "railway=signal",
            "192",
            "111616"
          ],
          [
            "-87638455",
            "41873958",
            "183",
            "3",
            "1000",
            "0",
            "0",
            "0",
            "0",
            "reversedirection=yes railway=rail",
            "railway=signal",
            "192",
            "111751"
          ],
          [
            "-87638590",
            "41874392",
            "183",
            "49",
            "1000",
            "0",
            "0",
            "0",
            "0",
            "reversedirection=yes railway=rail",
            "railway=switch",
            "196",
            "113937"
          ],
          [
            "-87638632",
            "41874541",
            "183",
            "17",
            "1000",
            "0",
            "0",
            "0",
            "0",
            "reversedirection=yes railway=rail",
            "railway=switch",
            "198",
            "114692"
          ],
          [
            "-87638755",
            "41874781",
            "183",
            "29",
            "1000",
            "0",
            "0",
            "0",
            "0",
            "reversedirection=yes railway=rail",
            "railway=signal",
            "200",
            "115978"
          ],
          [
            "-87638763",
            "41874797",
            "183",
            "2",
            "1000",
            "0",
            "0",
            "0",
            "0",
            "reversedirection=yes railway=rail",
            "railway=signal",
            "200",
            "116067"
          ],
          [
            "-87638891",
            "41875045",
            "183",
            "30",
            "1000",
            "0",
            "0",
            "0",
            "0",
            "reversedirection=yes railway=rail",
            "railway=switch",
            "203",
            "117394"
          ],
          [
            "-87638960",
            "41875346",
            "183",
            "34",
            "1000",
            "0",
            "0",
            "0",
            "0",
            "reversedirection=yes railway=rail",
            "railway=switch",
            "205",
            "118896"
          ],
          [
            "-87638971",
            "41875498",
            "183",
            "17",
            "1000",
            "0",
            "0",
            "0",
            "0",
            "reversedirection=yes railway=rail",
            "railway=signal",
            "207",
            "119647"
          ],
          [
            "-87639039",
            "41878289",
            "-8192",
            "310",
            "1000",
            "0",
            "0",
            "0",
            "0",
            "reversedirection=yes railway=rail",
            "railway=unknown",
            "232",
            "130702"
          ],
          [
            "-87639039",
            "41878313",
            "-8192",
            "3",
            "1000",
            "0",
            "0",
            "0",
            "0",
            "reversedirection=yes railway=rail",
            "",
            "232",
            "130826"
          ]
        ],
        "times": [
          0,
          0.24,
          3.12,
          12.64,
          25.04,
          26.4,
          29.12,
          31.52,
          31.68,
          34,
          35.36,
          39.28,
          39.52,
          42.56,
          43.6,
          44.64,
          45.76,
          46.88,
          50.88,
          50.96,
          57.44,
          75.28,
          78.24,
          78.64,
          82.24,
          85.04,
          87.84,
          97.28,
          101.52,
          110.16,
          116.32,
          122.16,
          130.88,
          144.8,
          145.68,
          147.76,
          148.88,
          150.16,
          151.6,
          152.32,
          153.68,
          154.88,
          155.76,
          157.92,
          160.24,
          161.36,
          162.72,
          164.08,
          164.96,
          166.08,
          167.12,
          168.4,
          170.4,
          176.64,
          187.6,
          196.16,
          197.04,
          202.64,
          207.2,
          214.32,
          219.04,
          224.08,
          235.52,
          242.24,
          256.16,
          260.08,
          271.68,
          273.2,
          279.52,
          282.48,
          283.52,
          285.44,
          289.04,
          308.4,
          351.6,
          385.76,
          394.96,
          398.16,
          401.04,
          403.44,
          405.84,
          408.56,
          444.56,
          446.96,
          449.2,
          451.76,
          453.92,
          456.32,
          467.6,
          485.6,
          488.32,
          492.72,
          498.56,
          501.84,
          505.76,
          516.48,
          523.52,
          525.92,
          550.8,
          552.32,
          575.6,
          577.68,
          588.64,
          601.28,
          602.96,
          611.68,
          616.8,
          618,
          619.68,
          623.36,
          634.72,
          636.32,
          636.4,
          642.8,
          657.68,
          659.52,
          668.8,
          676.64,
          678.32,
          685.04,
          686.72,
          693.44,
          695.12,
          701.84,
          703.52,
          710.24,
          711.92,
          718.56,
          720.24,
          725.28,
          752.08,
          754.08,
          764.08,
          785.52,
          787.76,
          818.88,
          830.32,
          831.36,
          837.76,
          846.88,
          847.84,
          871.28,
          879.12,
          887.04,
          890.48,
          893.76,
          898.08,
          900.16,
          902.96,
          908.8,
          917.2,
          918.88,
          926.64,
          931.2,
          932.16,
          944.72,
          947.92,
          954.8,
          957.04,
          959.12,
          965.84,
          969.12,
          1031.68,
          1034.08,
          1040.24,
          1044.56,
          1051.04,
          1088.64,
          1092.72,
          1098.8,
          1132.16,
          1141.2,
          1152.48,
          1159.76,
          1160.64,
          1172.16,
          1180.16,
          1190.08,
          1191.36,
          1192.64,
          1193.2,
          1194.08,
          1196.56,
          1207.76,
          1211.6,
          1226.24,
          1226.96,
          1227.68,
          1231.52,
          1234.64,
          1235.2,
          1236.08,
          1259.6,
          1260.24,
          1260.96,
          1277.2,
          1289.12,
          1296,
          1296.88,
          1297.84,
          1316.48,
          1317.12,
          1317.76,
          1341.52,
          1373.68,
          1374.32,
          1374.96,
          1381.28,
          1410.56,
          1410.8,
          1411.6,
          1412.4,
          1454.48,
          1462.8,
          1469.36,
          1474.96,
          1476.72,
          1514.16,
          1514.8,
          1515.36,
          1538.8,
          1561.76,
          1564.48,
          1576.4,
          1580.88,
          1581.6,
          1582.32,
          1597.36,
          1601.04,
          1616.08,
          1627.04,
          1631.2,
          1632.16,
          1633.12,
          1638.08,
          1667.04,
          1721.76,
          1724.08,
          1736.08,
          1738,
          1759.12,
          1760.24,
          1761.2,
          1777.6,
          1778.4,
          1779.04,
          1792.32,
          1793.6,
          1794.24,
          1794.96,
          1827.68,
          1828.48,
          1829.2,
          1867.12,
          1894.08,
          1894.8,
          1895.6,
          1918.16,
          1918.96,
          1922.72,
          1960.32,
          1961.12,
          1962,
          1973.2,
          1973.92,
          1974.64,
          1982.96,
          1983.68,
          1984.4,
          2050.48,
          2053.44,
          2056,
          2100.16,
          2105.12,
          2108.8,
          2110.08,
          2117.84,
          2127.6,
          2141.12,
          2143.76,
          2158.72,
          2159.52,
          2160.4,
          2167.36,
          2172.96,
          2173.76,
          2174.64,
          2182.32,
          2183.52,
          2184.24,
          2184.96,
          2206.16,
          2242.16,
          2242.72,
          2243.36,
          2245.76,
          2259.36,
          2284,
          2309.6,
          2335.76,
          2338.72,
          2348.96,
          2350,
          2370.16,
          2378.32,
          2380.72,
          2387.44,
          2391.68,
          2398.32,
          2400.48,
          2402.56,
          2404.4,
          2408.4,
          2413.92,
          2424.56,
          2438.16,
          2441.44,
          2459.12,
          2473.84,
          2488.72,
          2489.44,
          2508.08,
          2522,
          2565.68,
          2617.68,
          2619.12,
          2621.12,
          2630.16,
          2639.52,
          2642.72,
          2646.8,
          2656.72,
          2667.68,
          2669.84,
          2695.84,
          2698.64,
          2722.16,
          2732.08,
          2785.92,
          2824.72,
          2855.36,
          2885.44,
          2896.56,
          2907.28,
          2912.88,
          2917.6,
          2921.92,
          2924.96,
          2928.24,
          2930.56,
          2933.6,
          2955.52,
          3002.8,
          3052,
          3062.56,
          3069.92,
          3076.72,
          3081.28,
          3083.36,
          3086.08,
          3089.52,
          3093.12,
          3097.2,
          3102.4,
          3110.08,
          3115.36,
          3120.24,
          3123.76,
          3129.6,
          3136.32,
          3168.8,
          3170.48,
          3188.64,
          3191.36,
          3207.6,
          3225.2,
          3239.52,
          3243.28,
          3256.64,
          3269.76,
          3273.44,
          3286,
          3330.4,
          3334.4,
          3337.52,
          3340.4,
          3343.28,
          3346,
          3350,
          3353.2,
          3358.96,
          3365.52,
          3384.32,
          3404.64,
          3441.84,
          3443.92,
          3462.72,
          3476.88,
          3485.12,
          3496.96,
          3507.6,
          3515.68,
          3526.4,
          3535.92,
          3543.76,
          3553.6,
          3562.4,
          3567.12,
          3571.76,
          3573.92,
          3578,
          3586.32,
          3593.2,
          3596.4,
          3596.8,
          3598,
          3607.92,
          3619.28,
          3636.64,
          3637.44,
          3672.4,
          3675.04,
          3680.88,
          3690.96,
          3700.64,
          3702.64,
          3721.52,
          3822.08,
          3824.8,
          3850.96,
          3860.88,
          3875.68,
          3876.96,
          3878.16,
          3920.64,
          3922.64,
          3983.28,
          3983.6,
          4058.64,
          4061.36,
          4112.32,
          4139.36,
          4169.12,
          4181.6,
          4188.48,
          4192.48,
          4194.72,
          4200.72,
          4226.96,
          4240.56,
          4275.2,
          4277.52,
          4301.68,
          4303.68,
          4308.16,
          4310.96,
          4312,
          4316.56,
          4327.04,
          4362.96,
          4370,
          4437.6,
          4453.68,
          4458.96,
          4499.28,
          4512.8,
          4521.2,
          4529.84,
          4530.96,
          4538.08,
          4542.48,
          4544.24,
          4556.08,
          4557.04,
          4566.96,
          4567.52,
          4581.36,
          4593.76,
          4618.48,
          4628.08,
          4656.32,
          4659.68,
          4662.24,
          4684.8,
          4699.6,
          4702.64,
          4705.2,
          4707.68,
          4712.48,
          4715.2,
          4720.8,
          4723.92,
          4726.72,
          4731.68,
          4734.64,
          4737.52,
          4739.92,
          4742.48,
          4745.36,
          4747.2,
          4751.04,
          4755.76,
          4759.68,
          4761.76,
          4766.8,
          4771.2,
          4776.24,
          4778.32,
          4781.12,
          4784.4,
          4788.32,
          4792.32,
          4804.72,
          4819.92,
          4822.56,
          4825.6,
          4831.92,
          4835.36,
          4838.96,
          4844.48,
          4851.52,
          4859.92,
          4862.32,
          4871.84,
          4884.48,
          4891.68,
          4896,
          4901.44,
          4901.92,
          4908.56,
          4920.32,
          4922.88,
          4925.36,
          4928.96,
          4935.28,
          4937.84,
          4941.52,
          4956.56,
          4960.88,
          4965.28,
          4967.12,
          4969.2,
          4972.72,
          4976.88,
          4980.4,
          4982.8,
          4986.16,
          4988.64,
          4990.8,
          4992,
          4992.56,
          5000.72,
          5048.64,
          5058.72,
          5082.56,
          5125.36,
          5133.28,
          5141.52,
          5148.4,
          5150.56,
          5168.24,
          5180,
          5191.52,
          5192.48,
          5253.76,
          5328.64,
          5341.6,
          5353.52,
          5356.96,
          5364.56,
          5367.84,
          5376.08,
          5382.72,
          5389.92,
          5398.64,
          5407.44,
          5412.88,
          5420.24,
          5423.76,
          5432.72,
          5442.24,
          5450.64,
          5459.2,
          5463.52,
          5472.48,
          5476.72,
          5482.56,
          5488.08,
          5492.88,
          5497.04,
          5507.52,
          5513.76,
          5518.72,
          5522.32,
          5527.36,
          5531.6,
          5535.92,
          5542.8,
          5546.24,
          5610.32,
          5644.32,
          5706.8,
          5707.52,
          5721.6,
          5724.48,
          5769.36,
          5824.56,
          5858.24,
          5882.4,
          5898.72,
          5982.96,
          5984.32,
          6025.44,
          6039.68,
          6124.08,
          6126.16,
          6155.52,
          6166.4,
          6193.84,
          6218,
          6279.28,
          6284.08,
          6346.24,
          6412.48,
          6440.64,
          6476.08,
          6528.24,
          6534.72,
          6542.8,
          6587.6,
          6588.24,
          6604,
          6604.72,
          6618.08,
          6618.72,
          6619.36,
          6627.52,
          6632.64,
          6633.36,
          6640.4,
          6654.64,
          6655.36,
          6670.08,
          6773.68,
          6798.88,
          6926.56,
          6929.76,
          6932.16,
          6952.16,
          6956.4,
          6959.68,
          6966.4,
          6970.56,
          6974.32,
          6979.2,
          6987.599,
          6995.279,
          7002.719,
          7006.559,
          7050.16,
          7054.16,
          7059.44,
          7139.119,
          7139.68,
          7172.319,
          7174.479,
          7184.799,
          7189.439,
          7196.959,
          7204.799,
          7209.999,
          7213.599,
          7221.2,
          7277.359,
          7278.559,
          7306.16,
          7313.92,
          7320.079,
          7374.639,
          7416.24,
          7418.56,
          7433.92,
          7444.64,
          7536.24,
          7573.92,
          7603.52,
          7604.32,
          7611.36,
          7612.08,
          7632.88,
          7633.52,
          7646,
          7649.52,
          7656.4,
          7658.72,
          7687.04,
          7700.72,
          7783.28,
          7858.96,
          7956.88,
          8058.48,
          8089.12,
          8091.6,
          8221.6,
          8243.92,
          8247.36,
          8268.56,
          8333.2,
          8343.119,
          8355.039,
          8406.479,
          8421.519,
          8458.319,
          8531.839,
          8549.92,
          8683.28,
          8881.28,
          8986.24,
          9087.6,
          9115.04,
          9161.68,
          9201.68,
          9219.92,
          9221.6,
          9227.92,
          9242.64,
          9256.32,
          9272.16,
          9273.04,
          9288.48,
          9307.84,
          9314.56,
          9315.52,
          9321.68,
          9324.96,
          9325.92,
          9334.72,
          9373.44,
          9505.6,
          9632.32,
          9638.24,
          9758.961,
          9761.681,
          9770.961,
          9935.041,
          10034.241,
          10073.041,
          10107.84,
          10228.16,
          10276.72,
          10281.6,
          10323.36,
          10326.4,
          10329.68,
          10332.88,
          10334.08,
          10338.56,
          10348.08,
          10413.92,
          10423.84,
          10426.4,
          10494.24,
          10534.72,
          10546.56,
          10553.6,
          10559.04,
          10561.2,
          10563.52,
          10567.279,
          10570.719,
          10574.319,
          10576.799,
          10580,
          10581.68,
          10584.96,
          10587.839,
          10590.48,
          10593.12,
          10595.52,
          10599.2,
          10603.12,
          10605.92,
          10608.64,
          10611.44,
          10614.16,
          10616.64,
          10618.96,
          10621.68,
          10624.8,
          10628.16,
          10631.04,
          10633.44,
          10635.6,
          10636.96,
          10638.399,
          10649.52,
          10651.52,
          10653.2,
          10655.28,
          10657.28,
          10658.24,
          10660.24,
          10664.96,
          10666.96,
          10669.68,
          10671.52,
          10673.04,
          10674.88,
          10676.4,
          10677.84,
          10679.76,
          10681.6,
          10683.68,
          10698.08,
          10712.08,
          10747.6,
          10748.96,
          10778,
          10813.12,
          10870.56,
          10918.48,
          10969.359,
          10989.04,
          11072.96,
          11176.319,
          11212.319,
          11288.159,
          11291.839,
          11425.759,
          11470.319,
          11562.48,
          11582.879,
          11640.08,
          11740.399,
          11755.679,
          11859.599,
          11867.039,
          11870.479,
          11878.639,
          11882.879,
          11887.279,
          11891.759,
          11944.319,
          12052.399,
          12138.48,
          12209.2,
          12243.68,
          12250,
          12259.279,
          12260.239,
          12269.519,
          12273.439,
          12274.159,
          12348.079,
          12464.479,
          12496.079,
          12575.359,
          12576.559,
          12642.799,
          12672,
          12686.399,
          12722.239,
          12735.92,
          12811.44,
          12853.279,
          12861.279,
          12977.599,
          13171.839,
          13366.399,
          13383.038,
          13388.158,
          13390.718,
          13394.478,
          13395.918,
          13398.399,
          13400.318,
          13401.198,
          13401.998,
          13404.718,
          13407.277,
          13412.638,
          13413.118,
          13418.559,
          13419.679,
          13423.759,
          13426.799,
          13430.399,
          13433.999,
          13437.359,
          13440.479,
          13443.599,
          13446.559,
          13449.519,
          13452.319,
          13455.919,
          13463.039,
          13494.719,
          13525.759,
          13609.439,
          13624.399,
          13628.319,
          13631.279,
          13633.599,
          13636.559,
          13639.439,
          13642.559,
          13645.439,
          13648.319,
          13650.319,
          13654.559,
          13657.199,
          13660.559,
          13663.759,
          13669.759,
          13671.919,
          13676.959,
          13681.919,
          13684.159,
          13686.719,
          13694.879,
          13704.399,
          13738.879,
          13794.319,
          13949.359,
          14007.599,
          14030.719,
          14078.719,
          14139.759,
          14170.159,
          14178.239,
          14245.599,
          14266.639,
          14272.239,
          14334.399,
          14352.719,
          14355.119,
          14359.599,
          14362.799,
          14366.559,
          14375.519,
          14378.959,
          14382.239,
          14400.879,
          14424.799,
          14426.559,
          14473.679,
          14587.599,
          14594.399,
          14596.639,
          14601.359,
          14604.639,
          14608.319,
          14611.439,
          14617.119,
          14619.999,
          14623.599,
          14627.679,
          14630.639,
          14636.479,
          14639.919,
          14643.039,
          14646.399,
          14649.999,
          14653.199,
          14656.639,
          14661.679,
          14664.639,
          14677.439,
          14680.719,
          14684.239,
          14689.999,
          14693.439,
          14697.119,
          14700.799,
          14704.479,
          14708.559,
          14711.759,
          14715.519,
          14718.639,
          14722.639,
          14726.479,
          14729.919,
          14743.599,
          14784.479,
          14816.399,
          14825.199,
          14835.999,
          14843.679,
          14849.599,
          14852.479,
          14861.839,
          14877.199,
          14886.559,
          14890.319,
          14894.799,
          14898.399,
          14901.599,
          14905.919,
          14909.679,
          14913.599,
          14920.319,
          14926.479,
          14930.159,
          14933.919,
          14937.359,
          14940.479,
          14943.439,
          14946.399,
          14953.519,
          14956.799,
          14960.399,
          14964.159,
          14992.719,
          14997.999,
          14999.359,
          15008.879,
          15016.799,
          15019.999,
          15024.719,
          15027.599,
          15030.959,
          15033.519,
          15035.999,
          15039.039,
          15041.839,
          15047.279,
          15050.079,
          15053.199,
          15056.079,
          15060.799,
          15063.359,
          15065.759,
          15069.119,
          15078.799,
          15136.799,
          15137.839,
          15186.319,
          15189.839,
          15323.359,
          15358.959,
          15363.119,
          15367.679,
          15371.6,
          15375.76,
          15380.32,
          15384.24,
          15388.16,
          15392.16,
          15396.16,
          15400.08,
          15403.44,
          15407.44,
          15411.76,
          15415.44,
          15419.2,
          15423.2,
          15427.2,
          15428.4,
          15435.2,
          15438.4,
          15496.96,
          15550.72,
          15617.2,
          15618,
          15626.32,
          15631.92,
          15637.28,
          15643.2,
          15647.68,
          15651.68,
          15655.92,
          15663.44,
          15667.68,
          15676.72,
          15680.48,
          15687.44,
          15694,
          15699.52,
          15705.76,
          15711.92,
          15717.6,
          15723.36,
          15728.4,
          15733.92,
          15739.44,
          15749.6,
          15759.52,
          15769.04,
          15774.4,
          15779.84,
          15791.92,
          15817.28,
          15831.76,
          15885.28,
          15897.36,
          15958.4,
          15989.2,
          16039.44,
          16071.76,
          16094.8,
          16185.84,
          16329.92,
          16419.76,
          16464.48,
          16512.08,
          16653.601,
          16665.201,
          16714.241,
          16721.121,
          16743.921,
          16765.201,
          16766.161,
          16793.921,
          16830.001,
          16837.681,
          16849.121,
          16858.401,
          16881.761,
          16903.441,
          16921.201,
          16950.481,
          16960.081,
          16968.161,
          16971.201,
          16977.121,
          16979.921,
          16986.641,
          16990.081,
          16993.521,
          16997.201,
          17000.801,
          17004.561,
          17007.201,
          17009.441,
          17015.441,
          17018.561,
          17035.281,
          17100.481,
          17142.721,
          17182.161,
          17204.08,
          17263.681,
          17357.681,
          17417.201,
          17507.84,
          17528.56,
          17537.52,
          17542.4,
          17548.08,
          17559.04,
          17564.88,
          17569.2,
          17574.4,
          17585.2,
          17589.36,
          17595.52,
          17599.681,
          17604,
          17608.641,
          17617.04,
          17621.04,
          17629.36,
          17634.48,
          17641.121,
          17672.801,
          17768.321,
          17783.921,
          17786.641,
          17790.881,
          17795.121,
          17798.242,
          17802.001,
          17806.961,
          17809.361,
          17831.121,
          17862.641,
          17901.441,
          17910.321,
          17917.441,
          17945.601,
          17953.361,
          17958.081,
          17974.321,
          17977.681,
          18002.481,
          18166.561,
          18300.801,
          18342.881,
          18467.921,
          18641.921,
          18647.361,
          18778.081,
          18828.642,
          18834.481,
          18836.642,
          18839.921,
          18843.041,
          18851.121,
          18857.921,
          18873.601,
          18893.521,
          18983.762,
          19094.002,
          19148.402,
          19204.242,
          19291.362,
          19299.362,
          19299.442,
          19344.562,
          19376.002,
          19387.762,
          19400.962,
          19415.442,
          19419.922,
          19536.082,
          19540.162,
          19547.042,
          19551.842,
          19558.002,
          19563.922,
          19567.602,
          19576.722,
          19585.282,
          19593.522,
          19598.402,
          19613.042,
          19642.322,
          19657.762,
          19657.842,
          19673.762,
          19767.442,
          19805.602,
          19893.203,
          19928.723,
          19932.963,
          19969.203,
          19982.243,
          19983.283,
          19988.803,
          20058.883,
          20184.803,
          20205.843,
          20310.483,
          20323.283,
          20449.603,
          20471.043,
          20482.483,
          20485.123,
          20492.243,
          20501.203,
          20507.923,
          20512.163,
          20522.003,
          20556.403,
          20578.403,
          20628.003,
          20647.763,
          20684.003,
          20691.043,
          20692.163,
          20696.804,
          20708.244,
          20743.284,
          20756.083,
          20767.123,
          20771.603,
          20773.923,
          20799.203,
          20800.883,
          20807.683,
          20813.283,
          20814.963,
          20832.243,
          20833.363,
          20840.163,
          20846.323,
          20851.763,
          20857.523,
          20859.603,
          20875.363,
          20877.923,
          20888.803,
          20893.923,
          20901.443,
          20910.403,
          20911.363,
          20919.123,
          20920.403,
          20928.083,
          20929.923,
          20936.003,
          20939.203,
          20942.483,
          20945.283,
          20950.083,
          20952.643,
          20955.043,
          20972.403,
          20976.723,
          20979.283,
          20980.243,
          20985.683,
          20989.763,
          20990.803,
          20994.883,
          21014.723,
          21021.203,
          21021.843,
          21026.323,
          21039.363,
          21050.803,
          21063.603,
          21085.203,
          21088.003,
          21111.923,
          21141.843,
          21156.163,
          21159.363,
          21162.883,
          21180.563,
          21184.323,
          21185.923,
          21188.163,
          21205.843,
          21218.003,
          21229.523,
          21250.883,
          21256.243,
          21258.163,
          21262.163,
          21265.363,
          21270.563,
          21274.883,
          21278.483,
          21287.683,
          21288.403,
          21294.403,
          21295.443,
          21301.203,
          21304.563,
          21310.163,
          21326.563,
          21329.683,
          21343.443,
          21359.363,
          21361.523,
          21366.323,
          21367.283,
          21381.603,
          21390.483,
          21394.243,
          21410.003,
          21433.123,
          21452.083,
          21455.283,
          21459.843,
          21462.003,
          21464.963,
          21467.283,
          21469.923,
          21472.243,
          21477.443,
          21481.443,
          21496.483,
          21537.043,
          21569.763,
          21586.243,
          21592.003,
          21595.843,
          21602.563,
          21612.643,
          21614.403,
          21661.923,
          21737.523,
          21777.123,
          21812.643,
          21874.803,
          21939.923,
          22071.043,
          22094.323,
          22136.243,
          22165.603,
          22243.923,
          22264.803,
          22364.723,
          22390.563,
          22418.483,
          22459.763,
          22468.803,
          22477.603,
          22493.523,
          22515.123,
          22532.323,
          22590.163,
          22632.083,
          22672.323,
          22686.563,
          22719.923,
          22738.883,
          22764.163,
          22773.843,
          22786.163,
          22800.563,
          22806.563,
          22812.643,
          22819.043,
          22827.123,
          22836.643,
          22852.643,
          22854.163,
          22868.563,
          22891.203,
          22895.763,
          22899.763,
          22909.283,
          22915.443,
          22921.603,
          22923.363,
          22924.963,
          22928.483,
          22956.483,
          22989.763,
          23015.523,
          23034.643,
          23041.123,
          23044.963,
          23051.683,
          23058.723,
          23228.963,
          23237.363,
          23239.923,
          23271.923,
          23272.483,
          23282.963,
          23291.123,
          23296.403,
          23308.804,
          23340.084,
          23358.244,
          23366.244,
          23372.964,
          23380.084,
          23384.964,
          23387.924,
          23390.484,
          23400.164,
          23418.004,
          23441.924,
          23452.884,
          23466.244,
          23481.204,
          23491.524,
          23494.964,
          23501.204,
          23519.124,
          23617.523,
          23682.564,
          23788.003,
          23818.163,
          23829.443,
          23840.723,
          23850.003,
          23855.844,
          23867.924,
          23891.604,
          23948.964,
          23961.924,
          24026.484,
          24048.644,
          24103.604,
          24152.243,
          24245.203,
          24272.083,
          24281.203,
          24290.883,
          24323.283,
          24346.643,
          24358.003,
          24362.723,
          24387.923,
          24429.603,
          24445.843,
          24458.803,
          24482.563,
          24506.883,
          24532.563,
          24563.363,
          24573.603,
          24583.843,
          24596.883,
          24604.323,
          24614.563,
          24624.723,
          24626.243,
          24631.683,
          24637.203,
          24648.403,
          24687.683,
          24720.483,
          24722.403,
          24729.283,
          24730.323,
          24739.123,
          24748.963,
          24750.323,
          24775.123,
          24794.323,
          24816.883,
          24824.163,
          24835.603,
          24874.723,
          24885.283,
          24925.364,
          24939.844,
          24944.324,
          24945.364,
          24949.604,
          24952.964,
          24956.324,
          24961.604,
          24966.884,
          24972.004,
          24979.524,
          25004.964,
          25031.684,
          25064.884,
          25076.084,
          25093.044,
          25132.404,
          25160.084,
          25173.764,
          25191.044,
          25205.524,
          25213.124,
          25215.844,
          25252.724,
          25275.604,
          25293.924,
          25308.004,
          25335.284,
          25357.204,
          25365.604,
          25368.324,
          25379.684,
          25388.084,
          25390.404,
          25393.043,
          25395.604,
          25403.604,
          25407.924,
          25412.964,
          25417.284,
          25419.924,
          25422.484,
          25424.084,
          25426.244,
          25434.244,
          25447.204,
          25479.524,
          25502.084,
          25510.324,
          25524.004,
          25554.164,
          25611.124,
          25631.684,
          25636.564,
          25667.924,
          25700.564,
          25714.244,
          25717.524,
          25751.844,
          25756.164,
          25757.924,
          25782.484,
          25812.404,
          25822.243,
          25832.163,
          25849.683,
          25850.324,
          25856.083,
          25862.403,
          25874.723,
          25895.123,
          25901.443,
          25911.043,
          25914.003,
          25922.723,
          25924.403,
          25942.723,
          25970.243,
          25987.923,
          25998.403,
          26009.443,
          26015.203,
          26019.443,
          26020.163,
          26020.804,
          26030.884,
          26041.763,
          26061.283,
          26062.563,
          26073.603,
          26076.483,
          26091.283,
          26116.883,
          26119.763,
          26132.643,
          26139.043,
          26146.883,
          26151.283,
          26181.843,
          26217.923,
          26240.563,
          26258.723,
          26262.883,
          26268.483,
          26280.803,
          26287.283,
          26296.003,
          26309.443,
          26328.323,
          26346.323,
          26358.083,
          26361.443,
          26397.043,
          26466.483,
          26485.762,
          26488.323,
          26490.323,
          26494.563,
          26502.723,
          26504.643,
          26540.323,
          26558.723,
          26564.723,
          26568.483,
          26571.283,
          26580.722,
          26593.363,
          26598.403,
          26606.323,
          26614.403,
          26641.123,
          26679.203,
          26706.643,
          26753.203,
          26793.363,
          26798.403,
          26817.523,
          26825.123,
          26830.083,
          26837.763,
          26841.364,
          26846.163,
          26897.043,
          26904.723,
          26915.763,
          26935.523,
          26942.323,
          26964.403,
          26994.563,
          27006.163,
          27044.643,
          27066.324,
          27076.004,
          27102.484,
          27103.684,
          27158.164,
          27178.244,
          27206.644,
          27207.924,
          27234.644,
          27242.884,
          27246.084,
          27249.444,
          27258.084,
          27260.884,
          27281.604,
          27286.724,
          27318.724,
          27331.925,
          27356.804,
          27380.965,
          27393.925,
          27403.845,
          27415.925,
          27420.405,
          27424.164,
          27431.684,
          27442.804,
          27451.045,
          27453.925,
          27467.445,
          27471.525,
          27476.965,
          27486.724,
          27506.325,
          27518.485,
          27543.365,
          27558.885,
          27581.684,
          27604.564,
          27645.924,
          27669.844,
          27695.844,
          27714.964,
          27750.324,
          27765.524,
          27770.004,
          27776.244,
          27777.604,
          27780.804,
          27800.405,
          27821.284,
          27838.005,
          27843.445,
          27867.925,
          27883.125,
          27895.205,
          27901.525,
          27907.605,
          27915.685,
          27925.285,
          27939.365,
          27955.045,
          27960.005,
          27976.005,
          27991.605,
          28023.525,
          28062.165,
          28069.205,
          28086.085,
          28093.765,
          28110.966,
          28127.845,
          28133.765,
          28137.845,
          28147.125,
          28153.525,
          28160.645,
          28176.245,
          28191.525,
          28239.525,
          28262.405,
          28268.485,
          28277.925,
          28290.725,
          28312.805,
          28326.725,
          28361.205,
          28368.085,
          28375.525,
          28390.005,
          28399.605,
          28433.925,
          28442.485,
          28447.525,
          28453.045,
          28463.765,
          28468.805,
          28473.845,
          28482.165,
          28491.125,
          28505.445,
          28516.965,
          28528.085,
          28538.805,
          28549.285,
          28557.445,
          28564.645,
          28574.325,
          28581.446,
          28590.966,
          28604.646,
          28614.966,
          28642.406,
          28680.805,
          28690.325,
          28700.165,
          28713.845,
          28728.245,
          28768.325,
          28792.006,
          28794.886,
          28840.406,
          28847.446,
          28873.845,
          28885.845,
          28898.006,
          28907.206,
          28912.246,
          28923.446,
          28948.406,
          28973.846,
          28982.726,
          28994.486,
          29016.566,
          29024.566,
          29030.406,
          29057.285,
          29059.125,
          29070.965,
          29082.245,
          29083.845,
          29089.845,
          29101.445,
          29151.125,
          29220.485,
          29229.445,
          29262.485,
          29273.125,
          29283.125,
          29288.485,
          29370.245,
          29383.365,
          29396.005,
          29429.525,
          29430.725,
          29484.725,
          29516.966,
          29524.245,
          29556.165,
          29565.445,
          29576.325,
          29616.565,
          29674.565,
          29722.645,
          29739.365,
          29771.365,
          29803.685,
          29816.485,
          29823.845,
          29828.805,
          29835.286,
          29846.246,
          29864.566,
          29889.526,
          29906.007,
          29923.207,
          29952.167,
          29964.087,
          29975.287,
          30000.007,
          30013.367,
          30028.967,
          30052.087,
          30058.567,
          30087.527,
          30135.047,
          30209.927,
          30230.646,
          30243.606,
          30244.646,
          30250.406,
          30253.686,
          30270.326,
          30278.646,
          30285.206,
          30292.966,
          30304.725,
          30337.046,
          30370.086,
          30408.886,
          30436.086,
          30442.805,
          30463.046,
          30466.326,
          30469.606,
          30484.646,
          30512.406,
          30513.286,
          30513.686,
          30555.286,
          30571.526,
          30602.326,
          30621.606,
          30626.806,
          30687.207,
          30709.927,
          30723.846,
          30769.846,
          30775.047,
          30801.287,
          30830.407,
          30843.607,
          30852.887,
          30853.208,
          30873.128,
          30878.408,
          30881.688,
          30885.129,
          30890.409,
          30894.249,
          30897.289,
          30900.569,
          30905.05,
          30908.25,
          30914.17,
          30917.45,
          30921.53,
          30925.85,
          30929.211,
          30931.77,
          30934.33,
          30936.57,
          30939.53,
          30942.17,
          30944.809,
          30948.09,
          30952.809,
          30956.729,
          30968.329,
          30975.529,
          31041.289,
          31055.689,
          31068.889,
          31074.01,
          31078.01,
          31082.09,
          31090.09,
          31094.09,
          31107.21,
          31125.29,
          31168.889,
          31242.25,
          31286.65,
          31291.69,
          31296.41,
          31301.13,
          31306.49,
          31312.89,
          31318.49,
          31322.971,
          31328.65,
          31370.011,
          31382.65,
          31387.051,
          31391.531,
          31396.251,
          31400.89,
          31403.53,
          31408.33,
          31412.889,
          31418.17,
          31423.29,
          31426.57,
          31431.69,
          31473.69,
          31482.81,
          31491.37,
          31496.17,
          31503.13,
          31509.13,
          31535.689,
          31552.249,
          31597.289,
          31601.689,
          31609.209,
          31614.808,
          31621.768,
          31625.368,
          31629.128,
          31637.448,
          31641.128,
          31644.647,
          31648.968,
          31654.008,
          31659.368,
          31665.848,
          31670.568,
          31675.929,
          31718.409,
          31741.929,
          31789.129,
          31830.888,
          31883.528,
          31887.608,
          31912.888,
          31927.528,
          31946.969,
          31964.089,
          31987.129,
          31995.688,
          32040.728,
          32087.688,
          32112.969,
          32119.289,
          32123.049,
          32127.848,
          32131.448,
          32135.848,
          32140.089,
          32144.009,
          32148.009,
          32197.129,
          32201.929,
          32205.608,
          32210.568,
          32215.688,
          32220.328,
          32233.768,
          32241.288,
          32273.128,
          32279.928,
          32286.408,
          32292.008,
          32299.527,
          32306.008,
          32312.567,
          32315.847,
          32320.407,
          32366.647,
          32370.807,
          32375.607,
          32379.207,
          32384.967,
          32390.247,
          32394.087,
          32398.487,
          32402.167,
          32407.127,
          32422.087,
          32450.967,
          32471.447,
          32482.887,
          32502.887,
          32511.928,
          32522.487,
          32528.647,
          32533.607,
          32537.527,
          32542.407,
          32546.247,
          32550.167,
          32554.327,
          32557.687,
          32560.727,
          32563.928,
          32567.128,
          32624.088,
          32632.647,
          32633.767,
          32640.407,
          32644.247,
          32668.087,
          32741.447,
          32752.647,
          32761.847,
          32785.128,
          32810.887,
          32813.847,
          32819.128,
          32824.008,
          32825.448,
          32834.968,
          32853.767,
          32861.527,
          32866.008,
          32871.128,
          32876.968,
          32882.248,
          32887.128,
          32891.928,
          32897.208,
          32901.208,
          32906.248,
          32910.328,
          32914.488,
          32918.568,
          32922.248,
          32926.968,
          32953.288,
          32961.928,
          32970.088,
          32975.767,
          32981.447,
          33012.887,
          33061.687,
          33080.567,
          33097.447,
          33103.047,
          33108.806,
          33114.087,
          33119.367,
          33127.047,
          33130.487,
          33133.047,
          33140.487,
          33160.727,
          33167.847,
          33173.447,
          33182.967,
          33217.526,
          33218.246,
          33219.845,
          33227.685,
          33227.845,
          33228.005,
          33235.845,
          33237.445,
          33238.165,
          33272.725,
          33282.245,
          33287.845,
          33294.965,
          33315.205,
          33322.645,
          33325.205,
          33328.645,
          33336.325,
          33341.605,
          33346.885,
          33352.645,
          33358.245,
          33375.125,
          33394.005,
          33442.805,
          33474.245,
          33479.925,
          33485.605,
          33493.765,
          33502.405,
          33528.725,
          33533.445,
          33537.125,
          33541.205,
          33545.365,
          33549.445,
          33554.485,
          33558.485,
          33563.765,
          33568.565,
          33573.445,
          33578.725,
          33584.565,
          33589.685,
          33594.165,
          33601.925,
          33620.725,
          33630.245,
          33631.685,
          33636.565,
          33641.845,
          33644.805,
          33670.565,
          33693.845,
          33703.045,
          33714.245,
          33787.605,
          33811.445,
          33815.285,
          33821.925,
          33823.045,
          33831.605,
          33888.565,
          33891.765,
          33894.965,
          33898.005,
          33901.365,
          33905.525,
          33909.445,
          33913.285,
          33918.165,
          33922.085,
          33927.045,
          33933.205,
          33943.765,
          33952.805,
          33972.805,
          33984.245,
          34004.725,
          34033.605,
          34048.565,
          34053.525,
          34057.205,
          34061.605,
          34065.445,
          34070.725,
          34076.485,
          34080.085,
          34084.885,
          34089.045,
          34135.285,
          34139.845,
          34143.125,
          34149.685,
          34156.165,
          34163.685,
          34169.285,
          34175.765,
          34182.565,
          34214.405,
          34221.925,
          34235.365,
          34240.005,
          34245.125,
          34250.085,
          34253.765,
          34258.565,
          34307.685,
          34311.685,
          34315.605,
          34319.845,
          34324.245,
          34327.845,
          34332.645,
          34336.405,
          34342.725,
          34368.005,
          34414.965,
          34460.005,
          34468.565,
          34491.605,
          34508.725,
          34528.165,
          34542.805,
          34568.085,
          34572.165,
          34624.805,
          34666.565,
          34713.765,
          34737.285,
          34779.765,
          34785.125,
          34789.845,
          34796.325,
          34801.685,
          34806.725,
          34811.045,
          34814.565,
          34818.245,
          34826.565,
          34830.325,
          34833.925,
          34840.885,
          34846.485,
          34854.005,
          34858.405,
          34903.445,
          34920.005,
          34946.565,
          34952.565,
          34959.525,
          34964.325,
          34972.885,
          34982.005,
          35024.005,
          35029.125,
          35032.405,
          35037.525,
          35042.805,
          35047.366,
          35052.166,
          35054.806,
          35059.446,
          35064.166,
          35068.646,
          35073.046,
          35085.686,
          35127.046,
          35132.726,
          35137.206,
          35142.806,
          35149.206,
          35154.566,
          35159.286,
          35164.006,
          35169.046,
          35213.446,
          35286.806,
          35330.406,
          35348.486,
          35361.606,
          35365.606,
          35373.606,
          35377.686,
          35381.686,
          35386.806,
          35400.006,
          35414.406,
          35480.166,
          35487.366,
          35498.966,
          35502.886,
          35507.606,
          35510.886,
          35513.526,
          35516.166,
          35519.126,
          35521.366,
          35523.926,
          35526.486,
          35529.846,
          35534.166,
          35538.246,
          35541.526,
          35547.446,
          35550.646,
          35555.126,
          35558.406,
          35561.446,
          35565.286,
          35570.566,
          35574.006,
          35577.286,
          35582.566,
          35602.486,
          35602.806,
          35612.086,
          35625.286,
          35654.406,
          35680.646,
          35685.846,
          35731.846,
          35745.766,
          35768.486,
          35828.886,
          35834.086,
          35853.366,
          35884.166,
          35900.406,
          35942.006,
          35942.406,
          35943.286,
          35971.046,
          35986.086,
          35989.366,
          35992.646,
          36012.886,
          36019.606,
          36046.806,
          36085.606,
          36118.646,
          36150.966,
          36162.726,
          36170.486,
          36177.046,
          36185.366,
          36202.006,
          36205.286,
          36211.046,
          36212.086,
          36225.046,
          36230.966,
          36232.566,
          36320.566,
          36370.726,
          36394.646,
          36397.686,
          36403.606,
          36426.726,
          36442.326,
          36455.686,
          36480.406,
          36491.606,
          36503.526,
          36532.486,
          36549.686,
          36566.166,
          36591.126,
          36609.446,
          36620.406,
          36626.886,
          36631.846,
          36639.206,
          36652.006,
          36684.326,
          36716.326,
          36733.046,
          36781.126,
          36839.126,
          36879.366,
          36890.246,
          36899.526,
          36931.446,
          36938.726,
          36970.966,
          37024.966,
          37026.166,
          37059.686,
          37072.326,
          37085.446,
          37167.206,
          37172.566,
          37182.566,
          37193.206,
          37226.246,
          37235.206,
          37304.566,
          37354.246,
          37365.846,
          37371.846,
          37373.447,
          37384.726,
          37396.566,
          37398.406,
          37425.286,
          37439.206,
          37449.366,
          37473.206,
          37507.366,
          37529.366,
          37533.366,
          37543.206,
          37557.766,
          37569.846,
          37581.846,
          37586.566,
          37615.286,
          37660.806,
          37663.686,
          37687.366,
          37727.447,
          37741.846,
          37755.527,
          37765.366,
          37774.887,
          37813.286,
          37840.726,
          37851.046,
          37864.726,
          37874.246,
          37881.366,
          37891.047,
          37898.247,
          37906.407,
          37916.887,
          37927.607,
          37938.727,
          37950.247,
          37964.567,
          37973.527,
          37981.847,
          37986.887,
          37991.927,
          38002.647,
          38008.167,
          38013.207,
          38021.767,
          38056.087,
          38065.687,
          38080.167,
          38087.607,
          38094.487,
          38128.967,
          38142.887,
          38164.967,
          38177.767,
          38187.207,
          38193.287,
          38216.167,
          38264.167,
          38279.447,
          38295.047,
          38302.167,
          38308.567,
          38317.846,
          38321.927,
          38327.846,
          38344.726,
          38361.927,
          38369.607,
          38386.487,
          38393.527,
          38432.167,
          38464.087,
          38479.687,
          38495.687,
          38500.647,
          38516.327,
          38530.407,
          38540.007,
          38548.087,
          38554.167,
          38560.487,
          38572.567,
          38587.767,
          38612.247,
          38617.687,
          38634.407,
          38655.287,
          38674.887,
          38678.088,
          38679.448,
          38685.688,
          38690.168,
          38705.368,
          38740.728,
          38759.848,
          38785.848,
          38809.768,
          38851.128,
          38874.008,
          38896.807,
          38912.327,
          38937.207,
          38949.367,
          38968.968,
          38978.727,
          38984.167,
          38988.247,
          39001.767,
          39004.647,
          39012.887,
          39024.008,
          39031.528,
          39035.287,
          39039.767,
          39051.847,
          39061.767,
          39074.727,
          39098.887,
          39123.767,
          39136.968,
          39168.968,
          39174.088,
          39194.808,
          39197.608,
          39206.248,
          39209.608,
          39212.808,
          39221.048,
          39247.768,
          39249.048,
          39277.448,
          39297.528,
          39352.008,
          39353.208,
          39379.688,
          39389.368,
          39411.049,
          39449.529,
          39461.129,
          39491.289,
          39513.369,
          39520.169,
          39539.928,
          39550.969,
          39558.649,
          39609.529,
          39614.328,
          39617.928,
          39625.609,
          39630.569,
          39638.169,
          39657.289,
          39662.329,
          39702.489,
          39749.049,
          39776.489,
          39814.569,
          39841.289,
          39849.369,
          39857.289,
          39862.329,
          39874.97,
          39884.409,
          39887.209,
          39890.969,
          39896.969,
          39915.369,
          39951.049,
          39952.969,
          39961.129,
          39965.369,
          39967.369,
          39969.929,
          39989.209,
          40058.649,
          40094.249,
          40097.609,
          40109.369,
          40127.369,
          40146.249,
          40159.689,
          40168.409,
          40174.889,
          40187.209,
          40192.809,
          40196.969,
          40215.129,
          40237.769,
          40273.849,
          40304.409,
          40308.809,
          40316.649,
          40323.049,
          40335.929,
          40338.809,
          40364.409,
          40379.209,
          40382.089,
          40393.129,
          40394.408,
          40413.928,
          40424.808,
          40434.888,
          40435.529,
          40436.249,
          40440.489,
          40446.249,
          40457.289,
          40467.769,
          40485.449,
          40512.969,
          40531.289,
          40532.969,
          40541.689,
          40544.649,
          40554.249,
          40560.569,
          40580.969,
          40593.289,
          40599.609,
          40605.368,
          40606.009,
          40623.529,
          40633.449,
          40643.288,
          40673.208,
          40697.768,
          40699.528,
          40703.848,
          40738.168,
          40741.448,
          40755.128,
          40787.768,
          40819.128,
          40824.008,
          40844.568,
          40901.528,
          40931.688,
          40945.368,
          40953.608,
          40976.168,
          41008.488,
          41021.448,
          41029.448,
          41031.608,
          41033.208,
          41035.768,
          41038.408,
          41042.728,
          41047.768,
          41052.088,
          41060.088,
          41062.648,
          41065.288,
          41067.608,
          41076.008,
          41087.368,
          41090.088,
          41098.488,
          41120.408,
          41147.688,
          41161.768,
          41180.088,
          41202.968,
          41239.847,
          41242.568,
          41250.168,
          41264.648,
          41281.928,
          41295.608,
          41323.288,
          41362.648,
          41379.608,
          41390.808,
          41424.008,
          41450.728,
          41476.168,
          41483.688,
          41488.808,
          41494.088,
          41499.368,
          41502.729,
          41506.089,
          41510.329,
          41511.369,
          41515.85,
          41530.33,
          41570.41,
          41580.97,
          41620.09,
          41631.531,
          41638.811,
          41661.37,
          41680.571,
          41705.37,
          41706.731,
          41716.571,
          41717.29,
          41725.37,
          41726.41,
          41733.29,
          41735.21,
          41768.01,
          41807.29,
          41818.491,
          41824.01,
          41829.45,
          41830.97,
          41841.13,
          41851.37,
          41858.811,
          41871.851,
          41882.091,
          41892.331,
          41923.131,
          41948.811,
          41973.131,
          41996.891,
          42009.851,
          42026.091,
          42067.771,
          42092.971,
          42097.691,
          42109.051,
          42132.411,
          42164.812,
          42174.491,
          42183.612,
          42210.491,
          42303.451,
          42352.091,
          42407.051,
          42429.211,
          42493.771,
          42506.731,
          42564.091,
          42587.771,
          42599.851,
          42605.691,
          42614.971,
          42626.251,
          42637.532,
          42667.692,
          42773.132,
          42838.172,
          42936.573,
          42954.492,
          42960.733,
          42964.173,
          42974.493,
          42989.453,
          43002.814,
          43013.774,
          43037.694,
          43055.533,
          43065.213,
          43067.773,
          43070.733,
          43075.613,
          43082.733,
          43089.452,
          43097.452,
          43115.613,
          43146.893,
          43159.293,
          43164.574,
          43172.734,
          43183.214,
          43183.774,
          43215.774,
          43218.333,
          43226.734,
          43396.974,
          43404.014,
          43410.734,
          43414.574,
          43421.054,
          43440.174,
          43465.934,
          43499.214,
          43527.214,
          43530.734,
          43532.333,
          43534.093,
          43540.253,
          43546.413,
          43555.933,
          43559.933,
          43564.492,
          43587.132,
          43601.533,
          43603.052,
          43619.052,
          43628.572,
          43636.652,
          43643.052,
          43649.132,
          43655.132,
          43669.533,
          43681.853,
          43691.533,
          43716.813,
          43735.773,
          43769.133,
          43783.373,
          43823.614,
          43865.533,
          43923.373,
          43940.574,
          43962.173,
          43978.093,
          43986.893,
          43995.933,
          44037.213,
          44065.133,
          44090.973,
          44190.893,
          44211.773,
          44290.093,
          44319.453,
          44361.373,
          44384.654,
          44515.774,
          44580.894,
          44643.054,
          44678.574,
          44718.173,
          44793.773,
          44841.292,
          44843.052,
          44853.132,
          44859.852,
          44863.132,
          44865.772,
          44871.052,
          44890.812,
          44913.052,
          44956.332,
          44960.573,
          44976.733,
          44980.573,
          44984.172,
          44988.012,
          44994.732,
          44998.732,
          45004.012,
          45020.972,
          45032.172,
          45053.613,
          45059.053,
          45062.653,
          45083.133,
          45089.053,
          45093.293,
          45093.694,
          45096.254,
          45107.934,
          45110.094,
          45134.734,
          45137.694,
          45144.414,
          45153.934,
          45172.174,
          45174.974,
          45176.014,
          45178.494,
          45180.174,
          45182.814,
          45186.094,
          45186.814,
          45189.614,
          45192.654,
          45194.894,
          45196.414,
          45212.974,
          45218.014,
          45240.494,
          45250.574,
          45270.094,
          45273.934,
          45276.334,
          45278.734,
          45281.134,
          45283.534,
          45285.854,
          45288.654,
          45296.574,
          45300.734,
          45306.334,
          45310.974,
          45316.654,
          45318.814,
          45363.934,
          45369.294,
          45385.454,
          45396.574,
          45408.734,
          45416.254,
          45420.334,
          45429.694,
          45432.654,
          45434.734,
          45438.974,
          45455.534,
          45456.334,
          45463.214,
          45464.254,
          45469.774,
          45471.054,
          45481.694,
          45498.334,
          45500.734,
          45503.614,
          45506.094,
          45508.494,
          45512.894,
          45516.894,
          45521.214,
          45525.294,
          45526.494,
          45535.614,
          45546.574,
          45547.774,
          45555.134,
          45565.294,
          45574.414,
          45576.014,
          45578.974,
          45592.254,
          45596.494,
          45602.254,
          45603.694,
          45620.574,
          45638.974,
          45640.654,
          45645.854,
          45653.214,
          45654.814,
          45680.174,
          45682.494,
          45683.934,
          45692.094,
          45710.894,
          45725.454,
          45745.774,
          45752.014,
          45761.774,
          45762.814,
          45785.374,
          45803.214,
          45875.454,
          45915.614,
          45932.094,
          45945.534,
          45952.414,
          45965.374,
          45968.414,
          45982.734,
          46004.174,
          46130.494,
          46143.294,
          46247.934,
          46268.974,
          46394.894,
          46464.974,
          46470.494,
          46471.534,
          46484.574,
          46520.814,
          46525.054,
          46560.574,
          46648.174,
          46686.334,
          46780.014,
          46795.934,
          46796.014,
          46811.454,
          46840.734,
          46855.374,
          46860.254,
          46868.494,
          46877.054,
          46886.174,
          46889.854,
          46895.774,
          46901.934,
          46906.734,
          46913.614,
          46917.694,
          47033.854,
          47038.334,
          47052.814,
          47066.014,
          47077.774,
          47109.214,
          47154.334,
          47154.414,
          47162.414,
          47249.534,
          47305.374,
          47359.774,
          47470.014,
          47560.254,
          47580.174,
          47595.854,
          47602.654,
          47610.734,
          47613.854,
          47617.134,
          47619.294,
          47625.134,
          47675.694,
          47806.414,
          47811.854,
          47985.854,
          48110.894,
          48152.974,
          48287.214,
          48451.294,
          48476.094,
          48479.455,
          48495.695,
          48500.414,
          48508.174,
          48536.334,
          48543.455,
          48552.334,
          48591.134,
          48622.654,
          48644.414,
          48646.814,
          48651.774,
          48655.534,
          48658.654,
          48662.894,
          48667.134,
          48669.854,
          48685.455,
          48780.975,
          48812.654,
          48819.294,
          48824.414,
          48832.735,
          48836.735,
          48845.134,
          48849.774,
          48854.094,
          48858.254,
          48864.414,
          48868.574,
          48879.374,
          48884.574,
          48888.894,
          48894.734,
          48905.694,
          48911.374,
          48916.254,
          48925.214,
          48945.934,
          49036.574,
          49096.094,
          49190.094,
          49249.694,
          49271.614,
          49311.054,
          49353.294,
          49418.494,
          49435.214,
          49438.334,
          49444.334,
          49446.574,
          49449.214,
          49452.974,
          49456.574,
          49460.254,
          49463.694,
          49467.134,
          49473.854,
          49476.654,
          49482.574,
          49485.614,
          49493.694,
          49503.294,
          49532.574,
          49550.334,
          49572.014,
          49595.374,
          49604.654,
          49616.094,
          49623.774,
          49659.854,
          49687.614,
          49688.574,
          49709.853,
          49732.653,
          49739.533,
          49788.573,
          49800.173,
          49941.693,
          49989.293,
          50034.014,
          50123.853,
          50267.934,
          50358.974,
          50382.014,
          50414.333,
          50464.574,
          50495.373,
          50556.414,
          50568.494,
          50622.014,
          50636.494,
          50661.853,
          50673.934,
          50679.373,
          50684.733,
          50694.253,
          50704.173,
          50714.333,
          50719.853,
          50725.373,
          50730.414,
          50736.173,
          50741.853,
          50748.014,
          50754.254,
          50759.774,
          50766.334,
          50773.294,
          50777.054,
          50786.094,
          50790.334,
          50797.854,
          50802.094,
          50806.094,
          50810.574,
          50816.494,
          50821.854,
          50827.454,
          50835.774,
          50836.574,
          50903.054,
          50956.813,
          51015.373,
          51018.574,
          51025.373,
          51026.574,
          51030.574,
          51034.574,
          51038.333,
          51042.014,
          51046.333,
          51050.333,
          51053.693,
          51057.613,
          51061.613,
          51065.613,
          51069.533,
          51073.453,
          51078.013,
          51082.173,
          51086.093,
          51090.653,
          51094.813,
          51130.414,
          51263.934,
          51267.454,
          51315.934,
          51316.974,
          51374.974,
          51384.654,
          51388.014,
          51390.414,
          51392.974,
          51397.694,
          51400.574,
          51403.694,
          51406.494,
          51411.934,
          51414.733,
          51417.773,
          51420.253,
          51422.813,
          51426.173,
          51429.053,
          51433.773,
          51436.974,
          51444.893,
          51452.974,
          51456.014,
          51464.654,
          51470.334,
          51489.534,
          51493.374,
          51496.814,
          51500.094,
          51504.014,
          51507.214,
          51510.174,
          51516.174,
          51519.614,
          51523.294,
          51527.054,
          51529.774,
          51533.134,
          51536.254,
          51539.774,
          51543.694,
          51547.614,
          51551.934,
          51555.054,
          51558.654,
          51563.134,
          51566.893,
          51576.333,
          51591.773,
          51603.853,
          51609.773,
          51617.533,
          51628.413,
          51633.453,
          51637.053,
          51668.973,
          51709.853,
          51723.533,
          51726.973,
          51730.893,
          51734.813,
          51738.013,
          51741.773,
          51748.973,
          51752.653,
          51756.333,
          51760.014,
          51763.373,
          51769.293,
          51772.733,
          51776.013,
          51788.813,
          51794.653,
          51797.453,
          51803.533,
          51807.133,
          51813.693,
          51820.173,
          51823.133,
          51829.453,
          51836.573,
          51842.413,
          51845.372,
          51849.132,
          51852.412,
          51857.052,
          51862.732,
          51980.012,
          52027.372,
          52029.132,
          52052.812,
          52071.452,
          52074.732,
          52078.172,
          52086.972,
          52090.811,
          52094.012,
          52098.572,
          52100.892,
          52119.132,
          52186.652,
          52208.492,
          52275.212,
          52283.452,
          52313.772,
          52374.732,
          52422.732,
          52445.692,
          52504.732,
          52659.052,
          52714.652,
          52749.052,
          52758.572,
          52766.732,
          52771.532,
          52776.492,
          52778.892,
          52781.452,
          52783.612,
          52786.412,
          52789.612,
          52792.892,
          52796.171,
          52798.811,
          52801.052,
          52805.052,
          52807.852,
          52810.731,
          52813.932,
          52816.811,
          52819.771,
          52822.091,
          52825.051,
          52828.971,
          52844.011,
          52927.531,
          52958.571,
          52989.531,
          52997.371,
          53001.051,
          53003.851,
          53006.731,
          53009.771,
          53012.811,
          53016.011,
          53019.371,
          53023.051,
          53026.651,
          53029.691,
          53033.852,
          53040.331,
          53040.811,
          53045.131,
          53046.171,
          53048.811,
          53052.251,
          53055.131,
          53057.611,
          53058.971,
          53062.811,
          53065.371,
          53067.851,
          53070.411,
          53076.411,
          53086.891,
          53281.851,
          53419.851,
          53476.651,
          53592.011,
          53600.251,
          53642.011,
          53731.291,
          53767.131,
          53781.771,
          53810.651,
          53877.131,
          53878.331,
          53957.531,
          53989.531,
          54105.531,
          54118.971,
          54179.531,
          54186.411,
          54193.451,
          54194.411,
          54210.091,
          54244.411,
          54246.891,
          54315.611,
          54401.051,
          54509.291,
          54561.931,
          54566.411,
          54570.811,
          54575.131,
          54579.371,
          54583.291,
          54590.411,
          54594.091,
          54597.531,
          54698.011,
          54713.291,
          54814.091,
          54870.811,
          54891.291,
          54983.371,
          55028.571,
          55162.011,
          55165.611,
          55241.691,
          55277.451,
          55380.491,
          55464.491,
          55484.411,
          55535.291,
          55583.291,
          55675.771,
          55704.651,
          55705.851,
          55741.611,
          55755.371,
          55767.771,
          55770.011,
          55772.171,
          55774.011,
          55776.171,
          55778.891,
          55781.371,
          55784.331,
          55786.091,
          55788.571,
          55795.771,
          55799.051,
          55800.891,
          55803.771,
          55813.931,
          55817.051,
          55818.411,
          55821.051,
          55821.531,
          55822.811,
          55825.691,
          55827.371,
          55829.051,
          55830.731,
          55834.491,
          55839.451,
          55841.931,
          55845.211,
          55847.531,
          55851.051,
          55853.291,
          55855.211,
          55858.971,
          55860.811,
          55863.771,
          55867.611,
          55870.171,
          55873.611,
          55876.891,
          55882.331,
          55883.851,
          55886.651,
          55890.091,
          55892.971,
          55899.291,
          55906.971,
          55909.211,
          55918.891,
          56027.211,
          56029.771,
          56039.611,
          56115.051,
          56119.531,
          56120.731,
          56123.931,
          56127.211,
          56130.251,
          56172.011,
          56176.891,
          56225.451,
          56345.771,
          56380.571,
          56419.371,
          56518.571,
          56682.651,
          56691.931,
          56694.651,
          56815.371,
          56821.291,
          56948.011,
          57080.171,
          57118.891,
          57127.691,
          57128.651,
          57131.931,
          57138.091,
          57139.051,
          57145.771,
          57165.131,
          57180.571,
          57181.451,
          57197.291,
          57210.971,
          57225.691,
          57232.011,
          57233.691,
          57251.931,
          57291.931,
          57338.571,
          57366.011,
          57467.371,
          57572.331,
          57770.331,
          57903.691,
          57921.771,
          57995.291,
          58032.091,
          58047.131,
          58098.571,
          58110.491,
          58120.411,
          58185.051,
          58206.251,
          58209.691,
          58232.011,
          58362.011,
          58364.491,
          58395.131,
          58496.731,
          58594.651,
          58670.331,
          58752.891,
          58766.571,
          58794.891,
          58797.211,
          58804.091,
          58807.611,
          58820.091,
          58820.73,
          58841.53,
          58842.25,
          58849.291,
          58850.091,
          58879.691,
          58917.371,
          59008.971,
          59019.691,
          59035.051,
          59037.371,
          59078.971,
          59133.531,
          59139.691,
          59147.451,
          59175.051,
          59176.251,
          59232.411,
          59240.011,
          59243.611,
          59248.811,
          59256.651,
          59264.171,
          59268.811,
          59279.131,
          59281.291,
          59313.931,
          59314.491,
          59394.171,
          59399.451,
          59403.451,
          59447.051,
          59450.891,
          59458.331,
          59466.011,
          59474.411,
          59479.291,
          59483.051,
          59487.211,
          59493.931,
          59497.211,
          59501.451,
          59521.451,
          59523.851,
          59527.051,
          59654.73,
          59679.93,
          59783.53,
          59798.25,
          59798.97,
          59813.21,
          59820.25,
          59820.97,
          59826.091,
          59834.25,
          59834.89,
          59835.53,
          59848.89,
          59849.61,
          59865.37,
          59866.01,
          59910.81,
          59918.89,
          59925.37,
          59977.53,
          60012.97,
          60041.131,
          60107.371,
          60169.531,
          60174.331,
          60235.611,
          60259.771,
          60287.211,
          60298.091,
          60327.45,
          60329.53,
          60413.93,
          60428.171,
          60469.291,
          60470.651,
          60554.891,
          60571.211,
          60595.371,
          60629.051,
          60684.251,
          60729.131,
          60732.011,
          60746.091,
          60746.811,
          60809.291,
          60843.291,
          60907.371,
          60910.811,
          60917.691,
          60922.011,
          60926.251,
          60931.291,
          60934.891,
          60939.851,
          60946.092,
          60956.572,
          60960.732,
          60965.531,
          60971.051,
          60976.891,
          60981.132,
          60990.092,
          60994.411,
          61002.971,
          61011.371,
          61020.891,
          61029.851,
          61033.371,
          61040.731,
          61046.171,
          61054.971,
          61063.691,
          61070.891,
          61077.531,
          61085.772,
          61089.051,
          61096.652,
          61100.092,
          61112.011,
          61124.971,
          61199.851,
          61261.131,
          61262.091,
          61273.611,
          61285.371,
          61303.051,
          61305.211,
          61312.091,
          61320.331,
          61328.251,
          61371.051,
          61394.891,
          61404.971,
          61452.891,
          61461.051,
          61461.611,
          61462.811,
          61464.971,
          61467.451,
          61470.811,
          61473.211,
          61476.731,
          61480.891,
          61484.411,
          61486.491,
          61488.331,
          61492.731,
          61497.051,
          61512.091,
          61515.771,
          61518.331,
          61524.651,
          61528.251,
          61530.731,
          61533.291,
          61545.051,
          61551.691,
          61552.171,
          61557.691,
          61569.131,
          61596.491,
          61602.011,
          61605.771,
          61609.451,
          61616.651,
          61620.411,
          61626.091,
          61628.891,
          61632.331,
          61648.971,
          61650.411,
          61661.371,
          61666.091,
          61670.491,
          61676.091,
          61679.371,
          61681.371,
          61683.611,
          61686.171,
          61690.331,
          61698.091,
          61701.131,
          61703.931,
          61709.051,
          61711.051,
          61713.291,
          61715.531,
          61719.611,
          61721.451,
          61724.411,
          61726.251,
          61730.251,
          61733.131,
          61736.411,
          61741.371,
          61746.651,
          61748.731,
          61752.091,
          61759.211,
          61789.131,
          61791.371,
          61793.611,
          61802.891,
          61825.371,
          61859.451,
          61872.091,
          61896.411,
          61897.371,
          61909.211,
          61910.971,
          61918.091,
          61920.011,
          61932.251,
          61940.731,
          61954.251,
          61970.891,
          61984.171,
          62003.691,
          62013.131,
          62083.451,
          62107.451,
          62126.331,
          62128.651,
          62158.971,
          62166.091,
          62168.651,
          62175.931,
          62178.251,
          62212.891,
          62226.491,
          62252.731,
          62258.731,
          62260.971,
          62264.971,
          62271.851,
          62284.331,
          62314.091,
          62341.131,
          62392.091,
          62394.811,
          62469.851,
          62470.171,
          62530.811,
          62532.811,
          62575.291,
          62576.491,
          62577.771,
          62592.571,
          62602.491,
          62628.651,
          62631.371,
          62731.931,
          62750.811,
          62752.811,
          62760.571,
          62769.931,
          62772.651,
          62783.771,
          62801.931,
          62802.491,
          62816.011,
          62816.731,
          62827.451,
          62834.251,
          62835.531,
          62840.171,
          62845.451,
          62855.451,
          62856.651,
          62857.051,
          62860.251,
          62867.131,
          62875.451,
          62879.531,
          62881.691,
          62886.331,
          62891.051,
          62899.851,
          62909.691,
          62917.531,
          62927.051,
          62937.771,
          62945.851,
          62956.491,
          62968.331,
          62976.571,
          62990.731,
          63009.531,
          63011.611,
          63048.811,
          63069.131,
          63087.931,
          63094.491,
          63100.251,
          63103.451,
          63107.451,
          63110.171,
          63113.051,
          63115.931,
          63119.051,
          63123.051,
          63167.451,
          63180.011,
          63183.691,
          63196.811,
          63210.171,
          63213.931,
          63228.251,
          63245.851,
          63262.091,
          63264.811,
          63282.971,
          63284.651,
          63317.131,
          63323.851,
          63329.691,
          63333.211,
          63338.091,
          63343.371,
          63351.051,
          63356.251,
          63360.331,
          63363.931,
          63367.371,
          63370.091,
          63372.171,
          63376.731,
          63383.531,
          63390.891,
          63401.451,
          63450.651,
          63497.931,
          63519.851,
          63522.891,
          63525.211,
          63528.491,
          63531.531,
          63535.851,
          63540.571,
          63546.171,
          63556.891,
          63568.011,
          63598.091,
          63628.731,
          63667.531,
          63721.371,
          63731.291,
          63754.811,
          63757.611,
          63781.531,
          63785.851,
          63796.811,
          63806.731,
          63810.811,
          63814.011,
          63823.371,
          63832.411,
          63834.411,
          63835.851,
          63887.851,
          63931.531,
          63945.451,
          63964.091,
          63964.811,
          63979.691,
          63994.411,
          64012.091,
          64015.371,
          64028.971,
          64039.611,
          64045.131,
          64049.131,
          64050.971,
          64053.051,
          64055.211,
          64061.851,
          64066.091,
          64072.811,
          64075.211,
          64083.371,
          64103.531,
          64104.571,
          64114.811,
          64116.891,
          64143.851,
          64169.451,
          64194.091,
          64207.691,
          64210.091,
          64210.731,
          64211.291,
          64247.291,
          64268.491,
          64269.211,
          64269.931,
          64271.131,
          64278.811,
          64279.691,
          64280.491,
          64286.091,
          64293.051,
          64293.931,
          64294.731,
          64309.691,
          64312.331,
          64325.851,
          64335.611,
          64343.371,
          64344.651,
          64348.331,
          64353.291,
          64397.451,
          64400.011,
          64402.971,
          64469.051,
          64469.771,
          64470.491,
          64472.731,
          64478.811,
          64479.531,
          64480.251,
          64491.451,
          64492.331,
          64493.131,
          64530.731,
          64534.491,
          64535.291,
          64557.851,
          64558.651,
          64559.371,
          64586.331,
          64624.251,
          64624.971,
          64625.771,
          64658.491,
          64659.211,
          64659.851,
          64661.131,
          64674.411,
          64675.051,
          64675.851,
          64692.251,
          64693.211,
          64694.331,
          64715.451,
          64717.371,
          64729.371,
          64731.691,
          64786.411,
          64815.371,
          64820.331,
          64821.291,
          64822.251,
          64826.411,
          64837.371,
          64852.411,
          64856.091,
          64871.131,
          64871.851,
          64872.571,
          64877.051,
          64888.971,
          64891.691,
          64914.651,
          64938.091,
          64938.651,
          64939.291,
          64976.731,
          64978.491,
          64984.091,
          64990.651,
          64998.971,
          65041.051,
          65041.851,
          65042.651,
          65042.891,
          65072.171,
          65078.491,
          65079.131,
          65079.771,
          65111.931,
          65135.691,
          65136.331,
          65136.971,
          65155.611,
          65156.571,
          65157.451,
          65162.651,
          65176.251,
          65192.491,
          65193.211,
          65193.851,
          65217.371,
          65218.251,
          65218.811,
          65221.931,
          65225.771,
          65226.491,
          65227.211,
          65241.851,
          65245.691,
          65256.891,
          65259.371,
          65260.251,
          65260.811,
          65262.091,
          65263.371,
          65273.291,
          65281.291,
          65292.811,
          65293.691,
          65300.971,
          65312.251,
          65321.291,
          65354.651,
          65360.731,
          65364.811,
          65402.411,
          65408.891,
          65413.211,
          65419.371,
          65421.771,
          65484.331,
          65487.611,
          65494.331,
          65496.411,
          65498.651,
          65505.531,
          65508.731,
          65521.291,
          65522.251,
          65526.811,
          65534.571,
          65536.251,
          65544.651,
          65550.491,
          65552.411,
          65555.451,
          65559.771,
          65563.051,
          65566.491,
          65574.411,
          65582.251,
          65605.691,
          65606.651,
          65615.771,
          65622.171,
          65623.211,
          65634.651,
          65665.771,
          65668.011,
          65689.451,
          65699.451,
          65701.451,
          65728.251,
          65733.291,
          65734.971,
          65741.611,
          65743.291,
          65750.011,
          65751.691,
          65758.411,
          65760.091,
          65766.811,
          65768.491,
          65775.211,
          65776.891,
          65784.731,
          65794.011,
          65795.851,
          65810.731,
          65817.131,
          65817.211,
          65818.811,
          65830.171,
          65833.851,
          65835.531,
          65836.731,
          65841.851,
          65850.571,
          65852.251,
          65864.891,
          65875.851,
          65877.931,
          65901.211,
          65902.731,
          65927.611,
          65930.011,
          65937.051,
          65947.771,
          65951.691,
          65954.971,
          65960.811,
          65965.211,
          65967.931,
          65985.931,
          65997.211,
          65999.611,
          66001.771,
          66004.331,
          66006.571,
          66008.971,
          66044.971,
          66047.691,
          66050.091,
          66052.491,
          66055.371,
          66058.571,
          66067.771,
          66101.931,
          66145.131,
          66164.491,
          66168.091,
          66170.011,
          66171.051,
          66190.891,
          66195.371,
          66199.051,
          66214.011,
          66217.931,
          66221.211,
          66227.531,
          66229.371,
          66233.931,
          66239.051,
          66244.091,
          66250.731,
          66256.331,
          66262.491,
          66265.771,
          66268.171,
          66271.611,
          66273.451,
          66275.371,
          66276.811,
          66283.051,
          66285.051,
          66286.331,
          66287.371,
          66288.491,
          66289.371,
          66290.731,
          66292.091,
          66293.211,
          66295.531,
          66297.691,
          66298.571,
          66299.771,
          66301.131,
          66301.851,
          66303.291,
          66304.571,
          66305.691,
          66307.771,
          66308.651,
          66322.571,
          66331.291,
          66337.131,
          66343.291,
          66351.931,
          66356.171,
          66365.611,
          66368.411,
          66369.851,
          66371.291,
          66375.291,
          66378.251,
          66396.091,
          66402.491,
          66402.571,
          66406.571,
          66408.811,
          66409.851,
          66410.891,
          66413.931,
          66414.171,
          66418.091,
          66419.451,
          66421.771,
          66421.931,
          66424.331,
          66427.051,
          66428.411,
          66440.811,
          66450.331,
          66453.211,
          66453.451
        ]
      },
      "geometry": {
        "type": "LineString",
        "coordinates": [
          [
            -87.639039,
            41.878313,
            183
          ],
          [
            -87.639039,
            41.878289,
            183
          ],
          [
            -87.639029,
            41.877964,
            183
          ],
          [
            -87.638998,
            41.87689,
            183.25
          ],
          [
            -87.638971,
            41.875498,
            183.5
          ],
          [
            -87.63896,
            41.875346,
            183.5
          ],
          [
            -87.638891,
            41.875045,
            183.75
          ],
          [
            -87.638763,
            41.874797,
            183.75
          ],
          [
            -87.638755,
            41.874781,
            183.75
          ],
          [
            -87.638632,
            41.874541,
            183.75
          ],
          [
            -87.63859,
            41.874392,
            184
          ],
          [
            -87.638455,
            41.873958,
            184
          ],
          [
            -87.638448,
            41.873929,
            184
          ],
          [
            -87.638381,
            41.87359,
            184.25
          ],
          [
            -87.638333,
            41.873478,
            184.25
          ],
          [
            -87.638284,
            41.873365,
            184.25
          ],
          [
            -87.638238,
            41.87324,
            184.25
          ],
          [
            -87.638191,
            41.873119,
            184.25
          ],
          [
            -87.638129,
            41.872672,
            184.5
          ],
          [
            -87.638128,
            41.872663,
            184.5
          ],
          [
            -87.638033,
            41.871941,
            184.5
          ],
          [
            -87.637738,
            41.869949,
            184.75
          ],
          [
            -87.637689,
            41.869615,
            182.5
          ],
          [
            -87.637684,
            41.869566,
            182
          ],
          [
            -87.637624,
            41.869164,
            179.75
          ],
          [
            -87.637578,
            41.868847,
            179.75
          ],
          [
            -87.637533,
            41.868534,
            179.75
          ],
          [
            -87.637375,
            41.867475,
            179.75
          ],
          [
            -87.637307,
            41.866998,
            179.25
          ],
          [
            -87.637163,
            41.866036,
            178.5
          ],
          [
            -87.637085,
            41.865348,
            179.25
          ],
          [
            -87.637048,
            41.86469,
            179.75
          ],
          [
            -87.63702,
            41.863706,
            180.5
          ],
          [
            -87.636981,
            41.862144,
            181
          ],
          [
            -87.636977,
            41.862049,
            180.75
          ],
          [
            -87.636981,
            41.861814,
            180.25
          ],
          [
            -87.636992,
            41.86169,
            180
          ],
          [
            -87.637012,
            41.86155,
            180
          ],
          [
            -87.637053,
            41.861387,
            180
          ],
          [
            -87.637079,
            41.861309,
            180
          ],
          [
            -87.637147,
            41.861161,
            180.25
          ],
          [
            -87.637222,
            41.861037,
            180.25
          ],
          [
            -87.637292,
            41.860948,
            180
          ],
          [
            -87.637488,
            41.860754,
            180
          ],
          [
            -87.637741,
            41.860575,
            180.25
          ],
          [
            -87.637879,
            41.860501,
            180.5
          ],
          [
            -87.638052,
            41.86042,
            180.75
          ],
          [
            -87.638236,
            41.860357,
            181.25
          ],
          [
            -87.638362,
            41.860322,
            181.5
          ],
          [
            -87.638522,
            41.860292,
            181.25
          ],
          [
            -87.638671,
            41.860272,
            181.25
          ],
          [
            -87.638868,
            41.860263,
            181
          ],
          [
            -87.63917,
            41.860261,
            180.5
          ],
          [
            -87.640105,
            41.860296,
            181
          ],
          [
            -87.641758,
            41.860364,
            180.75
          ],
          [
            -87.643044,
            41.860407,
            182
          ],
          [
            -87.643182,
            41.860409,
            182
          ],
          [
            -87.644024,
            41.86041,
            184
          ],
          [
            -87.644715,
            41.860398,
            184.5
          ],
          [
            -87.645784,
            41.860361,
            184.25
          ],
          [
            -87.646497,
            41.860348,
            183
          ],
          [
            -87.647253,
            41.860336,
            183
          ],
          [
            -87.64897,
            41.860303,
            183.25
          ],
          [
            -87.649987,
            41.860306,
            184.25
          ],
          [
            -87.652082,
            41.860371,
            184.5
          ],
          [
            -87.652677,
            41.860356,
            183.75
          ],
          [
            -87.654417,
            41.860274,
            185.5
          ],
          [
            -87.654648,
            41.860263,
            185
          ],
          [
            -87.655589,
            41.860185,
            183
          ],
          [
            -87.656032,
            41.860158,
            183
          ],
          [
            -87.656191,
            41.86015,
            183.25
          ],
          [
            -87.656477,
            41.860138,
            184.25
          ],
          [
            -87.657017,
            41.860115,
            185.75
          ],
          [
            -87.659926,
            41.86006,
            186
          ],
          [
            -87.66643,
            41.859958,
            184.75
          ],
          [
            -87.67157,
            41.859889,
            186.5
          ],
          [
            -87.67296,
            41.859869,
            186
          ],
          [
            -87.673437,
            41.859855,
            185.75
          ],
          [
            -87.673864,
            41.859832,
            184.5
          ],
          [
            -87.674221,
            41.859806,
            183.5
          ],
          [
            -87.674583,
            41.859774,
            183.5
          ],
          [
            -87.674984,
            41.85973,
            183.25
          ],
          [
            -87.680308,
            41.858976,
            183.75
          ],
          [
            -87.680658,
            41.858921,
            183.75
          ],
          [
            -87.680984,
            41.858861,
            183.5
          ],
          [
            -87.681357,
            41.85878,
            182.75
          ],
          [
            -87.681666,
            41.858705,
            182.5
          ],
          [
            -87.682004,
            41.858613,
            182.75
          ],
          [
            -87.683583,
            41.858144,
            182.75
          ],
          [
            -87.686084,
            41.857375,
            182.25
          ],
          [
            -87.686464,
            41.857269,
            182
          ],
          [
            -87.687086,
            41.857108,
            182
          ],
          [
            -87.687926,
            41.856919,
            184
          ],
          [
            -87.6884,
            41.856814,
            185.75
          ],
          [
            -87.688967,
            41.856688,
            186
          ],
          [
            -87.690507,
            41.856343,
            184.25
          ],
          [
            -87.691521,
            41.856114,
            183
          ],
          [
            -87.691865,
            41.856036,
            182.75
          ],
          [
            -87.695455,
            41.855241,
            181.5
          ],
          [
            -87.695676,
            41.855192,
            181.25
          ],
          [
            -87.699032,
            41.854442,
            183.5
          ],
          [
            -87.699337,
            41.854372,
            183.75
          ],
          [
            -87.700914,
            41.85402,
            185.75
          ],
          [
            -87.702736,
            41.853603,
            184.25
          ],
          [
            -87.702981,
            41.853547,
            184.25
          ],
          [
            -87.704242,
            41.853265,
            184.5
          ],
          [
            -87.704993,
            41.853135,
            183.75
          ],
          [
            -87.705161,
            41.853098,
            183.5
          ],
          [
            -87.705409,
            41.853044,
            183.25
          ],
          [
            -87.705941,
            41.852925,
            183
          ],
          [
            -87.707583,
            41.852557,
            182.75
          ],
          [
            -87.707809,
            41.852507,
            182.75
          ],
          [
            -87.707824,
            41.852503,
            182.75
          ],
          [
            -87.708756,
            41.852305,
            182.75
          ],
          [
            -87.710905,
            41.851826,
            182.25
          ],
          [
            -87.71117,
            41.851766,
            181.75
          ],
          [
            -87.712511,
            41.851463,
            183
          ],
          [
            -87.71364,
            41.851199,
            182.5
          ],
          [
            -87.713886,
            41.851144,
            182.25
          ],
          [
            -87.714852,
            41.850927,
            182.75
          ],
          [
            -87.715095,
            41.850872,
            183
          ],
          [
            -87.716065,
            41.850661,
            183.5
          ],
          [
            -87.716308,
            41.850608,
            183
          ],
          [
            -87.717277,
            41.850391,
            181.75
          ],
          [
            -87.717517,
            41.850338,
            181.25
          ],
          [
            -87.71849,
            41.850119,
            183.75
          ],
          [
            -87.718729,
            41.850066,
            184
          ],
          [
            -87.719693,
            41.849854,
            184
          ],
          [
            -87.719941,
            41.849799,
            183.75
          ],
          [
            -87.720665,
            41.849637,
            183.5
          ],
          [
            -87.72453,
            41.84877,
            184.25
          ],
          [
            -87.724822,
            41.848705,
            184
          ],
          [
            -87.726265,
            41.848381,
            185
          ],
          [
            -87.729351,
            41.847684,
            184.5
          ],
          [
            -87.729672,
            41.847611,
            184.5
          ],
          [
            -87.734164,
            41.84661,
            184
          ],
          [
            -87.735812,
            41.84624,
            185.5
          ],
          [
            -87.735961,
            41.846206,
            185.25
          ],
          [
            -87.736889,
            41.845999,
            184
          ],
          [
            -87.738222,
            41.845738,
            186
          ],
          [
            -87.738359,
            41.845708,
            186.25
          ],
          [
            -87.741742,
            41.844946,
            184.75
          ],
          [
            -87.742878,
            41.844702,
            183.5
          ],
          [
            -87.74402,
            41.844444,
            182.5
          ],
          [
            -87.744521,
            41.844343,
            182.5
          ],
          [
            -87.745004,
            41.844263,
            183
          ],
          [
            -87.745636,
            41.844169,
            183.75
          ],
          [
            -87.745945,
            41.844127,
            183
          ],
          [
            -87.746366,
            41.844072,
            183
          ],
          [
            -87.747235,
            41.843979,
            184
          ],
          [
            -87.748491,
            41.843867,
            184.25
          ],
          [
            -87.748746,
            41.843845,
            184.25
          ],
          [
            -87.749908,
            41.843738,
            184
          ],
          [
            -87.750592,
            41.84367,
            184.25
          ],
          [
            -87.750734,
            41.843656,
            184.25
          ],
          [
            -87.752613,
            41.84349,
            184.25
          ],
          [
            -87.753096,
            41.843441,
            184.5
          ],
          [
            -87.754118,
            41.843321,
            185
          ],
          [
            -87.754455,
            41.84328,
            184.5
          ],
          [
            -87.754767,
            41.843234,
            184.25
          ],
          [
            -87.755749,
            41.843052,
            184.25
          ],
          [
            -87.756226,
            41.842957,
            184
          ],
          [
            -87.765252,
            41.840936,
            185.25
          ],
          [
            -87.765592,
            41.840845,
            185.25
          ],
          [
            -87.766463,
            41.840611,
            185.5
          ],
          [
            -87.767058,
            41.840423,
            185.75
          ],
          [
            -87.767949,
            41.840129,
            186
          ],
          [
            -87.77301,
            41.838243,
            186
          ],
          [
            -87.773576,
            41.838057,
            186
          ],
          [
            -87.774432,
            41.837807,
            186.5
          ],
          [
            -87.779173,
            41.836578,
            186
          ],
          [
            -87.780459,
            41.836246,
            186.25
          ],
          [
            -87.782078,
            41.835878,
            186.25
          ],
          [
            -87.78313,
            41.835639,
            186
          ],
          [
            -87.783258,
            41.835611,
            186
          ],
          [
            -87.784918,
            41.835238,
            185.75
          ],
          [
            -87.786075,
            41.834975,
            186.75
          ],
          [
            -87.787519,
            41.834689,
            185.5
          ],
          [
            -87.787709,
            41.834646,
            185.75
          ],
          [
            -87.787892,
            41.834604,
            185.75
          ],
          [
            -87.787973,
            41.834586,
            186
          ],
          [
            -87.788105,
            41.834557,
            186
          ],
          [
            -87.788462,
            41.834481,
            186.5
          ],
          [
            -87.790066,
            41.83408,
            186
          ],
          [
            -87.79062,
            41.833958,
            187
          ],
          [
            -87.792732,
            41.833483,
            187.25
          ],
          [
            -87.79284,
            41.833459,
            187.25
          ],
          [
            -87.792939,
            41.833436,
            187.25
          ],
          [
            -87.793496,
            41.833311,
            187
          ],
          [
            -87.79395,
            41.833206,
            187
          ],
          [
            -87.794036,
            41.833187,
            187
          ],
          [
            -87.794159,
            41.83316,
            187
          ],
          [
            -87.797546,
            41.832403,
            186.25
          ],
          [
            -87.797644,
            41.832381,
            186.25
          ],
          [
            -87.79775,
            41.83236,
            186.5
          ],
          [
            -87.800093,
            41.831833,
            188
          ],
          [
            -87.801816,
            41.831446,
            187
          ],
          [
            -87.802809,
            41.831223,
            187
          ],
          [
            -87.802938,
            41.831193,
            187
          ],
          [
            -87.803076,
            41.831162,
            187
          ],
          [
            -87.805764,
            41.830557,
            187.75
          ],
          [
            -87.805862,
            41.830535,
            188
          ],
          [
            -87.805957,
            41.830514,
            188
          ],
          [
            -87.809385,
            41.829742,
            189.25
          ],
          [
            -87.814014,
            41.828699,
            190.5
          ],
          [
            -87.814101,
            41.82868,
            190.5
          ],
          [
            -87.814194,
            41.828659,
            190.5
          ],
          [
            -87.815107,
            41.828459,
            189.5
          ],
          [
            -87.819323,
            41.827509,
            190.5
          ],
          [
            -87.819361,
            41.8275,
            190.5
          ],
          [
            -87.819474,
            41.827475,
            191
          ],
          [
            -87.819595,
            41.827448,
            191.25
          ],
          [
            -87.825658,
            41.82609,
            191.25
          ],
          [
            -87.826858,
            41.825821,
            193
          ],
          [
            -87.827798,
            41.825606,
            193.75
          ],
          [
            -87.828603,
            41.825423,
            192.75
          ],
          [
            -87.828856,
            41.82537,
            192.5
          ],
          [
            -87.834254,
            41.824149,
            190
          ],
          [
            -87.834346,
            41.824128,
            190.25
          ],
          [
            -87.834431,
            41.824109,
            190.25
          ],
          [
            -87.837805,
            41.823353,
            190.25
          ],
          [
            -87.841114,
            41.822611,
            191
          ],
          [
            -87.841503,
            41.822523,
            191
          ],
          [
            -87.843223,
            41.822138,
            190
          ],
          [
            -87.843871,
            41.821993,
            190
          ],
          [
            -87.843969,
            41.82197,
            190
          ],
          [
            -87.844072,
            41.821946,
            190
          ],
          [
            -87.846237,
            41.821458,
            189.75
          ],
          [
            -87.846765,
            41.82134,
            190.5
          ],
          [
            -87.848938,
            41.820851,
            192
          ],
          [
            -87.85052,
            41.820497,
            191.75
          ],
          [
            -87.851114,
            41.820363,
            193
          ],
          [
            -87.851253,
            41.820332,
            193.5
          ],
          [
            -87.851395,
            41.8203,
            194
          ],
          [
            -87.852105,
            41.82014,
            194
          ],
          [
            -87.856279,
            41.819197,
            193.25
          ],
          [
            -87.86417,
            41.817421,
            193
          ],
          [
            -87.864499,
            41.817347,
            193.5
          ],
          [
            -87.866235,
            41.81696,
            194.5
          ],
          [
            -87.866514,
            41.816897,
            194
          ],
          [
            -87.869554,
            41.816215,
            198
          ],
          [
            -87.869711,
            41.81618,
            198
          ],
          [
            -87.869854,
            41.816149,
            198.25
          ],
          [
            -87.872222,
            41.815616,
            197.75
          ],
          [
            -87.87234,
            41.81559,
            197.75
          ],
          [
            -87.872434,
            41.815569,
            197.75
          ],
          [
            -87.874346,
            41.815136,
            198.25
          ],
          [
            -87.874534,
            41.815094,
            198
          ],
          [
            -87.874627,
            41.815073,
            198
          ],
          [
            -87.874734,
            41.815049,
            198
          ],
          [
            -87.879451,
            41.813987,
            198
          ],
          [
            -87.879562,
            41.813963,
            198
          ],
          [
            -87.879663,
            41.81394,
            198.25
          ],
          [
            -87.885127,
            41.812709,
            202
          ],
          [
            -87.889008,
            41.811834,
            202.5
          ],
          [
            -87.889107,
            41.811812,
            202
          ],
          [
            -87.889221,
            41.811786,
            202
          ],
          [
            -87.892472,
            41.811052,
            201.25
          ],
          [
            -87.892583,
            41.811027,
            201.25
          ],
          [
            -87.89313,
            41.810904,
            201
          ],
          [
            -87.898549,
            41.809684,
            207.25
          ],
          [
            -87.898661,
            41.809659,
            207.25
          ],
          [
            -87.898784,
            41.809631,
            207.5
          ],
          [
            -87.9004,
            41.809265,
            206.25
          ],
          [
            -87.900501,
            41.809242,
            206.25
          ],
          [
            -87.900606,
            41.809218,
            206
          ],
          [
            -87.901802,
            41.808948,
            205.25
          ],
          [
            -87.901905,
            41.808925,
            205.25
          ],
          [
            -87.902009,
            41.808901,
            205
          ],
          [
            -87.911527,
            41.806754,
            208.5
          ],
          [
            -87.911954,
            41.806659,
            208.75
          ],
          [
            -87.912327,
            41.806578,
            209
          ],
          [
            -87.91869,
            41.80514,
            209
          ],
          [
            -87.919402,
            41.804979,
            211
          ],
          [
            -87.919937,
            41.804858,
            213.5
          ],
          [
            -87.920118,
            41.804817,
            213.75
          ],
          [
            -87.921237,
            41.804565,
            215
          ],
          [
            -87.922641,
            41.804247,
            214.75
          ],
          [
            -87.924591,
            41.803808,
            213.75
          ],
          [
            -87.924967,
            41.803723,
            213.25
          ],
          [
            -87.927123,
            41.803231,
            213
          ],
          [
            -87.927239,
            41.803204,
            213.25
          ],
          [
            -87.927363,
            41.803177,
            213.25
          ],
          [
            -87.928373,
            41.802953,
            214.75
          ],
          [
            -87.929181,
            41.802766,
            213.75
          ],
          [
            -87.929296,
            41.80274,
            213.75
          ],
          [
            -87.929424,
            41.802711,
            213.75
          ],
          [
            -87.930525,
            41.802462,
            213.5
          ],
          [
            -87.930699,
            41.802423,
            213.25
          ],
          [
            -87.930806,
            41.802399,
            213.25
          ],
          [
            -87.930911,
            41.802375,
            213.25
          ],
          [
            -87.93397,
            41.801684,
            213.5
          ],
          [
            -87.939159,
            41.800515,
            217
          ],
          [
            -87.939245,
            41.800496,
            217
          ],
          [
            -87.939338,
            41.800475,
            217.25
          ],
          [
            -87.939688,
            41.800395,
            218.25
          ],
          [
            -87.94165,
            41.79995,
            219.75
          ],
          [
            -87.945198,
            41.799151,
            220
          ],
          [
            -87.948882,
            41.798319,
            223
          ],
          [
            -87.952642,
            41.797471,
            223.25
          ],
          [
            -87.953063,
            41.797376,
            223.25
          ],
          [
            -87.954537,
            41.797043,
            222
          ],
          [
            -87.954684,
            41.797009,
            222.25
          ],
          [
            -87.957594,
            41.796363,
            227
          ],
          [
            -87.958781,
            41.796118,
            226.75
          ],
          [
            -87.959128,
            41.796057,
            226
          ],
          [
            -87.96012,
            41.795902,
            226.25
          ],
          [
            -87.96075,
            41.795818,
            225.75
          ],
          [
            -87.961746,
            41.795728,
            225.25
          ],
          [
            -87.96207,
            41.795704,
            225
          ],
          [
            -87.962388,
            41.795691,
            224.5
          ],
          [
            -87.96266,
            41.795673,
            224.5
          ],
          [
            -87.963257,
            41.795654,
            224.5
          ],
          [
            -87.964086,
            41.79564,
            226
          ],
          [
            -87.965679,
            41.79562,
            227.25
          ],
          [
            -87.967728,
            41.795626,
            226.75
          ],
          [
            -87.968222,
            41.795628,
            227
          ],
          [
            -87.970878,
            41.795626,
            227.5
          ],
          [
            -87.973087,
            41.795602,
            231
          ],
          [
            -87.975324,
            41.795597,
            230.25
          ],
          [
            -87.97543,
            41.795597,
            230.25
          ],
          [
            -87.97823,
            41.795596,
            231.75
          ],
          [
            -87.980317,
            41.795586,
            232.25
          ],
          [
            -87.98688,
            41.795573,
            228.75
          ],
          [
            -87.994694,
            41.795558,
            224
          ],
          [
            -87.994916,
            41.795557,
            223.5
          ],
          [
            -87.995213,
            41.795579,
            223.75
          ],
          [
            -87.996576,
            41.795553,
            224.5
          ],
          [
            -87.997987,
            41.795549,
            223.75
          ],
          [
            -87.998468,
            41.795549,
            223.75
          ],
          [
            -87.999076,
            41.795548,
            223.5
          ],
          [
            -88.000562,
            41.795544,
            221.75
          ],
          [
            -88.00221,
            41.795543,
            221.75
          ],
          [
            -88.002539,
            41.795542,
            222
          ],
          [
            -88.00645,
            41.795534,
            222
          ],
          [
            -88.006874,
            41.795531,
            222
          ],
          [
            -88.010411,
            41.795523,
            220
          ],
          [
            -88.011903,
            41.795521,
            219.75
          ],
          [
            -88.019989,
            41.795499,
            221
          ],
          [
            -88.025825,
            41.795487,
            217.75
          ],
          [
            -88.030428,
            41.795475,
            219.25
          ],
          [
            -88.034945,
            41.795465,
            218.25
          ],
          [
            -88.036611,
            41.795478,
            218
          ],
          [
            -88.03822,
            41.795459,
            216.5
          ],
          [
            -88.039064,
            41.79546,
            217.5
          ],
          [
            -88.039778,
            41.795475,
            217.5
          ],
          [
            -88.040431,
            41.795498,
            218.25
          ],
          [
            -88.040888,
            41.795528,
            218.75
          ],
          [
            -88.041381,
            41.795568,
            219
          ],
          [
            -88.041723,
            41.795598,
            219
          ],
          [
            -88.04217,
            41.795646,
            218.5
          ],
          [
            -88.045422,
            41.796039,
            218.25
          ],
          [
            -88.052441,
            41.79689,
            213.75
          ],
          [
            -88.059743,
            41.797757,
            212.5
          ],
          [
            -88.061311,
            41.797948,
            213
          ],
          [
            -88.062408,
            41.798079,
            212.25
          ],
          [
            -88.063415,
            41.798199,
            211
          ],
          [
            -88.064097,
            41.79827,
            209.5
          ],
          [
            -88.064404,
            41.798296,
            209
          ],
          [
            -88.064815,
            41.798332,
            209
          ],
          [
            -88.065332,
            41.798364,
            209.25
          ],
          [
            -88.065872,
            41.79839,
            209.75
          ],
          [
            -88.066481,
            41.798402,
            210.5
          ],
          [
            -88.067259,
            41.798405,
            210
          ],
          [
            -88.068413,
            41.798346,
            212.25
          ],
          [
            -88.069201,
            41.798293,
            215
          ],
          [
            -88.069932,
            41.798222,
            213.5
          ],
          [
            -88.070459,
            41.798161,
            212.5
          ],
          [
            -88.071319,
            41.798038,
            211.5
          ],
          [
            -88.072309,
            41.797874,
            209.5
          ],
          [
            -88.077069,
            41.79705,
            206
          ],
          [
            -88.077313,
            41.797009,
            205.75
          ],
          [
            -88.079971,
            41.796556,
            203.75
          ],
          [
            -88.080374,
            41.796484,
            204.25
          ],
          [
            -88.082748,
            41.796078,
            207.75
          ],
          [
            -88.085327,
            41.79564,
            208.25
          ],
          [
            -88.087425,
            41.79528,
            210.25
          ],
          [
            -88.087972,
            41.795185,
            210.25
          ],
          [
            -88.089933,
            41.794848,
            213.5
          ],
          [
            -88.091859,
            41.794519,
            216
          ],
          [
            -88.092402,
            41.794426,
            215.5
          ],
          [
            -88.094244,
            41.794111,
            216.25
          ],
          [
            -88.100752,
            41.792988,
            220
          ],
          [
            -88.101335,
            41.792878,
            221.75
          ],
          [
            -88.101786,
            41.79278,
            222.5
          ],
          [
            -88.102198,
            41.792681,
            222.75
          ],
          [
            -88.102602,
            41.792573,
            222.75
          ],
          [
            -88.102988,
            41.79246,
            222.5
          ],
          [
            -88.103536,
            41.79228,
            222.75
          ],
          [
            -88.103972,
            41.792121,
            222.75
          ],
          [
            -88.104734,
            41.791809,
            221.25
          ],
          [
            -88.10557,
            41.791411,
            220.75
          ],
          [
            -88.107899,
            41.790216,
            218
          ],
          [
            -88.110424,
            41.788925,
            220.5
          ],
          [
            -88.115029,
            41.786554,
            218.5
          ],
          [
            -88.115288,
            41.78642,
            218.5
          ],
          [
            -88.117618,
            41.785216,
            218.5
          ],
          [
            -88.11937,
            41.78431,
            220.75
          ],
          [
            -88.120389,
            41.783783,
            219.75
          ],
          [
            -88.121865,
            41.78304,
            218.5
          ],
          [
            -88.123241,
            41.782422,
            217.75
          ],
          [
            -88.124318,
            41.782,
            219
          ],
          [
            -88.125789,
            41.781504,
            222.5
          ],
          [
            -88.127125,
            41.781112,
            220.25
          ],
          [
            -88.128247,
            41.780841,
            217.25
          ],
          [
            -88.12967,
            41.78055,
            214.5
          ],
          [
            -88.13096,
            41.780349,
            215.25
          ],
          [
            -88.131657,
            41.780259,
            219.5
          ],
          [
            -88.132351,
            41.78019,
            221.25
          ],
          [
            -88.132678,
            41.780163,
            222
          ],
          [
            -88.133288,
            41.780124,
            223.25
          ],
          [
            -88.134535,
            41.780079,
            223.5
          ],
          [
            -88.135567,
            41.780031,
            224.25
          ],
          [
            -88.136042,
            41.780017,
            224.75
          ],
          [
            -88.136097,
            41.780016,
            224.75
          ],
          [
            -88.136283,
            41.780012,
            225
          ],
          [
            -88.137771,
            41.78001,
            224
          ],
          [
            -88.139478,
            41.779967,
            223.5
          ],
          [
            -88.142081,
            41.779909,
            220.75
          ],
          [
            -88.142204,
            41.779907,
            220.75
          ],
          [
            -88.147453,
            41.779767,
            216.5
          ],
          [
            -88.14785,
            41.779757,
            216.5
          ],
          [
            -88.148723,
            41.779735,
            217.5
          ],
          [
            -88.15024,
            41.779696,
            215
          ],
          [
            -88.151696,
            41.779621,
            215
          ],
          [
            -88.151995,
            41.779613,
            215
          ],
          [
            -88.154836,
            41.779537,
            214
          ],
          [
            -88.169943,
            41.779129,
            209.5
          ],
          [
            -88.170346,
            41.779119,
            209.25
          ],
          [
            -88.174278,
            41.779011,
            215
          ],
          [
            -88.175765,
            41.778964,
            213.5
          ],
          [
            -88.177991,
            41.778893,
            215.75
          ],
          [
            -88.178178,
            41.778888,
            215.75
          ],
          [
            -88.178356,
            41.778883,
            216
          ],
          [
            -88.184742,
            41.778716,
            215
          ],
          [
            -88.185037,
            41.778705,
            215
          ],
          [
            -88.194149,
            41.778456,
            214.75
          ],
          [
            -88.194198,
            41.778454,
            214.75
          ],
          [
            -88.205466,
            41.778153,
            212.5
          ],
          [
            -88.205874,
            41.778141,
            213.25
          ],
          [
            -88.213531,
            41.777927,
            216.5
          ],
          [
            -88.217589,
            41.777818,
            218
          ],
          [
            -88.222056,
            41.777699,
            218
          ],
          [
            -88.223932,
            41.777639,
            217.75
          ],
          [
            -88.224961,
            41.777573,
            219
          ],
          [
            -88.225552,
            41.777519,
            218.75
          ],
          [
            -88.225889,
            41.777481,
            219
          ],
          [
            -88.226777,
            41.777365,
            220.75
          ],
          [
            -88.230653,
            41.776806,
            221.5
          ],
          [
            -88.232662,
            41.776505,
            221.25
          ],
          [
            -88.237773,
            41.775743,
            219.75
          ],
          [
            -88.238112,
            41.775694,
            219.5
          ],
          [
            -88.241678,
            41.775162,
            218.25
          ],
          [
            -88.241972,
            41.775118,
            218.5
          ],
          [
            -88.242645,
            41.775049,
            219.25
          ],
          [
            -88.243055,
            41.775001,
            219.5
          ],
          [
            -88.243209,
            41.774978,
            219.75
          ],
          [
            -88.243885,
            41.774876,
            218.5
          ],
          [
            -88.245436,
            41.77465,
            218.5
          ],
          [
            -88.250735,
            41.77386,
            216.75
          ],
          [
            -88.251773,
            41.773706,
            217
          ],
          [
            -88.261735,
            41.772233,
            216.25
          ],
          [
            -88.264103,
            41.771875,
            214.25
          ],
          [
            -88.264884,
            41.771764,
            214.75
          ],
          [
            -88.27083,
            41.770879,
            214
          ],
          [
            -88.272819,
            41.770584,
            214.75
          ],
          [
            -88.274063,
            41.770402,
            213.5
          ],
          [
            -88.275335,
            41.770216,
            212.75
          ],
          [
            -88.275503,
            41.770189,
            212.75
          ],
          [
            -88.276541,
            41.769991,
            212
          ],
          [
            -88.277194,
            41.769893,
            212.5
          ],
          [
            -88.277452,
            41.769858,
            212.75
          ],
          [
            -88.2792,
            41.769599,
            214.5
          ],
          [
            -88.279337,
            41.769578,
            214.25
          ],
          [
            -88.280811,
            41.769396,
            214.5
          ],
          [
            -88.280892,
            41.769385,
            214.25
          ],
          [
            -88.28293,
            41.769076,
            211.25
          ],
          [
            -88.284762,
            41.768813,
            210
          ],
          [
            -88.288409,
            41.768268,
            210
          ],
          [
            -88.289829,
            41.768062,
            208.75
          ],
          [
            -88.293984,
            41.767435,
            208.25
          ],
          [
            -88.294473,
            41.767354,
            208.5
          ],
          [
            -88.294847,
            41.767284,
            209
          ],
          [
            -88.298111,
            41.766581,
            207
          ],
          [
            -88.300238,
            41.766106,
            206.75
          ],
          [
            -88.300673,
            41.765991,
            206.75
          ],
          [
            -88.301032,
            41.765885,
            206.5
          ],
          [
            -88.301374,
            41.765773,
            206.5
          ],
          [
            -88.30202,
            41.765529,
            206.25
          ],
          [
            -88.302378,
            41.765374,
            206
          ],
          [
            -88.303085,
            41.765024,
            206.25
          ],
          [
            -88.303457,
            41.764817,
            206.25
          ],
          [
            -88.303781,
            41.764623,
            205.75
          ],
          [
            -88.304331,
            41.764244,
            205
          ],
          [
            -88.30464,
            41.764,
            204.25
          ],
          [
            -88.304932,
            41.763759,
            203
          ],
          [
            -88.305169,
            41.76355,
            202.25
          ],
          [
            -88.305409,
            41.76332,
            202
          ],
          [
            -88.305657,
            41.763054,
            202
          ],
          [
            -88.305807,
            41.762878,
            202
          ],
          [
            -88.306096,
            41.762505,
            202
          ],
          [
            -88.306434,
            41.762042,
            202
          ],
          [
            -88.306714,
            41.761652,
            201.75
          ],
          [
            -88.306854,
            41.761441,
            201.5
          ],
          [
            -88.307218,
            41.760942,
            201.5
          ],
          [
            -88.307557,
            41.760516,
            201.5
          ],
          [
            -88.30797,
            41.760043,
            200.5
          ],
          [
            -88.308149,
            41.759853,
            200.5
          ],
          [
            -88.308409,
            41.759603,
            201
          ],
          [
            -88.308724,
            41.75932,
            201.75
          ],
          [
            -88.309108,
            41.758991,
            201.25
          ],
          [
            -88.309512,
            41.758662,
            200.75
          ],
          [
            -88.310779,
            41.757635,
            200
          ],
          [
            -88.312349,
            41.756395,
            199.5
          ],
          [
            -88.312629,
            41.75618,
            199.25
          ],
          [
            -88.312964,
            41.755946,
            199.25
          ],
          [
            -88.313672,
            41.755476,
            199
          ],
          [
            -88.314078,
            41.755231,
            198.75
          ],
          [
            -88.314513,
            41.754984,
            198.75
          ],
          [
            -88.315191,
            41.754625,
            198.5
          ],
          [
            -88.316087,
            41.754197,
            198.25
          ],
          [
            -88.317158,
            41.753705,
            198.25
          ],
          [
            -88.317463,
            41.753566,
            198.25
          ],
          [
            -88.318677,
            41.752997,
            198
          ],
          [
            -88.32029,
            41.752252,
            195.5
          ],
          [
            -88.321208,
            41.75183,
            193.25
          ],
          [
            -88.321748,
            41.751554,
            193.5
          ],
          [
            -88.322431,
            41.751214,
            193.75
          ],
          [
            -88.32249,
            41.751186,
            194
          ],
          [
            -88.323342,
            41.75079,
            194
          ],
          [
            -88.324824,
            41.750066,
            196.5
          ],
          [
            -88.325151,
            41.749908,
            196.5
          ],
          [
            -88.325468,
            41.749764,
            195.75
          ],
          [
            -88.325941,
            41.749559,
            195
          ],
          [
            -88.326766,
            41.749204,
            193.75
          ],
          [
            -88.327097,
            41.749051,
            193.5
          ],
          [
            -88.327573,
            41.748832,
            193.5
          ],
          [
            -88.329491,
            41.747944,
            195.5
          ],
          [
            -88.330036,
            41.747681,
            195.75
          ],
          [
            -88.330564,
            41.747385,
            197.25
          ],
          [
            -88.330783,
            41.747255,
            197.75
          ],
          [
            -88.331021,
            41.747103,
            197.75
          ],
          [
            -88.331411,
            41.746829,
            198.5
          ],
          [
            -88.331846,
            41.746487,
            199.25
          ],
          [
            -88.332191,
            41.746185,
            198.5
          ],
          [
            -88.332413,
            41.745973,
            198.75
          ],
          [
            -88.332704,
            41.745665,
            197.5
          ],
          [
            -88.332907,
            41.745432,
            196.25
          ],
          [
            -88.333075,
            41.745222,
            196
          ],
          [
            -88.333164,
            41.745109,
            196
          ],
          [
            -88.333209,
            41.745051,
            196
          ],
          [
            -88.333826,
            41.744254,
            196
          ],
          [
            -88.337435,
            41.739587,
            194.25
          ],
          [
            -88.338189,
            41.738598,
            193.75
          ],
          [
            -88.339985,
            41.736278,
            192
          ],
          [
            -88.343198,
            41.732105,
            194.5
          ],
          [
            -88.343792,
            41.731337,
            194.5
          ],
          [
            -88.344409,
            41.730531,
            195.75
          ],
          [
            -88.344931,
            41.729859,
            196
          ],
          [
            -88.345089,
            41.729648,
            196.25
          ],
          [
            -88.346423,
            41.727922,
            195.5
          ],
          [
            -88.347305,
            41.72678,
            196.25
          ],
          [
            -88.348176,
            41.725657,
            195.5
          ],
          [
            -88.348251,
            41.725563,
            195.5
          ],
          [
            -88.352861,
            41.719593,
            196.25
          ],
          [
            -88.358482,
            41.712297,
            199.25
          ],
          [
            -88.359453,
            41.711037,
            200.25
          ],
          [
            -88.360401,
            41.709897,
            201
          ],
          [
            -88.360682,
            41.709577,
            202
          ],
          [
            -88.361333,
            41.708872,
            201.75
          ],
          [
            -88.361622,
            41.708571,
            201.25
          ],
          [
            -88.36237,
            41.707827,
            200.5
          ],
          [
            -88.362989,
            41.707241,
            201.5
          ],
          [
            -88.363675,
            41.706614,
            200.5
          ],
          [
            -88.364544,
            41.705883,
            200.5
          ],
          [
            -88.365451,
            41.705163,
            199.25
          ],
          [
            -88.366028,
            41.704724,
            199
          ],
          [
            -88.366826,
            41.704147,
            200
          ],
          [
            -88.367215,
            41.703876,
            200
          ],
          [
            -88.368223,
            41.703201,
            200.5
          ],
          [
            -88.369323,
            41.702519,
            201
          ],
          [
            -88.370324,
            41.701943,
            199.75
          ],
          [
            -88.371357,
            41.701372,
            199
          ],
          [
            -88.37189,
            41.701097,
            199.5
          ],
          [
            -88.373016,
            41.700545,
            199.25
          ],
          [
            -88.373557,
            41.700289,
            199.25
          ],
          [
            -88.374304,
            41.699952,
            199.75
          ],
          [
            -88.375018,
            41.699644,
            198.75
          ],
          [
            -88.375647,
            41.699389,
            198.5
          ],
          [
            -88.376202,
            41.699174,
            198.5
          ],
          [
            -88.377609,
            41.698648,
            197.5
          ],
          [
            -88.37846,
            41.698357,
            198.75
          ],
          [
            -88.379145,
            41.698135,
            199.5
          ],
          [
            -88.379646,
            41.69798,
            199.75
          ],
          [
            -88.380351,
            41.697772,
            200.75
          ],
          [
            -88.380942,
            41.697607,
            201.25
          ],
          [
            -88.381558,
            41.697443,
            198.5
          ],
          [
            -88.382533,
            41.697194,
            197.5
          ],
          [
            -88.38302,
            41.697077,
            198.25
          ],
          [
            -88.392234,
            41.69501,
            199
          ],
          [
            -88.397118,
            41.693913,
            197.75
          ],
          [
            -88.406102,
            41.691899,
            199.75
          ],
          [
            -88.406207,
            41.691875,
            200
          ],
          [
            -88.408226,
            41.691423,
            196.5
          ],
          [
            -88.408635,
            41.691333,
            196.25
          ],
          [
            -88.415081,
            41.689883,
            197.75
          ],
          [
            -88.423019,
            41.688097,
            197
          ],
          [
            -88.427859,
            41.687008,
            199
          ],
          [
            -88.431329,
            41.686231,
            196
          ],
          [
            -88.433673,
            41.685703,
            194.25
          ],
          [
            -88.445778,
            41.682977,
            195.5
          ],
          [
            -88.445969,
            41.682935,
            195.25
          ],
          [
            -88.451877,
            41.681609,
            196.75
          ],
          [
            -88.453922,
            41.68115,
            196
          ],
          [
            -88.46605,
            41.67842,
            194.75
          ],
          [
            -88.466348,
            41.678353,
            194.75
          ],
          [
            -88.470564,
            41.677404,
            197.25
          ],
          [
            -88.472132,
            41.677051,
            196.75
          ],
          [
            -88.476078,
            41.676167,
            197.25
          ],
          [
            -88.479551,
            41.675383,
            196.5
          ],
          [
            -88.488357,
            41.673404,
            198.75
          ],
          [
            -88.489052,
            41.673248,
            198
          ],
          [
            -88.497983,
            41.671233,
            197
          ],
          [
            -88.507504,
            41.669083,
            196.75
          ],
          [
            -88.511555,
            41.668169,
            195.25
          ],
          [
            -88.516648,
            41.66702,
            196.75
          ],
          [
            -88.524141,
            41.665327,
            187
          ],
          [
            -88.52507,
            41.66512,
            188.5
          ],
          [
            -88.526233,
            41.664859,
            193.25
          ],
          [
            -88.532675,
            41.663412,
            200.25
          ],
          [
            -88.532762,
            41.663392,
            200.25
          ],
          [
            -88.535033,
            41.662882,
            199.25
          ],
          [
            -88.535132,
            41.662859,
            199.25
          ],
          [
            -88.537048,
            41.662416,
            199.25
          ],
          [
            -88.537141,
            41.662395,
            199.25
          ],
          [
            -88.537235,
            41.662373,
            199.5
          ],
          [
            -88.538403,
            41.6621,
            198.5
          ],
          [
            -88.539134,
            41.661923,
            199.25
          ],
          [
            -88.539238,
            41.661897,
            199.25
          ],
          [
            -88.54024,
            41.661643,
            198.25
          ],
          [
            -88.542252,
            41.661116,
            197.5
          ],
          [
            -88.542351,
            41.66109,
            197.5
          ],
          [
            -88.54443,
            41.660544,
            198.5
          ],
          [
            -88.559096,
            41.656677,
            200.75
          ],
          [
            -88.562662,
            41.655737,
            199.75
          ],
          [
            -88.580742,
            41.650971,
            193
          ],
          [
            -88.581191,
            41.650852,
            190.75
          ],
          [
            -88.581528,
            41.650761,
            189.75
          ],
          [
            -88.584364,
            41.650029,
            197
          ],
          [
            -88.584963,
            41.649876,
            196.75
          ],
          [
            -88.585427,
            41.649765,
            196
          ],
          [
            -88.586395,
            41.649548,
            195
          ],
          [
            -88.586997,
            41.649419,
            195.25
          ],
          [
            -88.587544,
            41.649311,
            195.75
          ],
          [
            -88.588257,
            41.649182,
            195
          ],
          [
            -88.589491,
            41.648973,
            196.75
          ],
          [
            -88.590619,
            41.648816,
            198
          ],
          [
            -88.591725,
            41.648678,
            196.5
          ],
          [
            -88.5923,
            41.648613,
            196.5
          ],
          [
            -88.598784,
            41.647936,
            199.25
          ],
          [
            -88.599379,
            41.647874,
            199
          ],
          [
            -88.600168,
            41.647791,
            199.5
          ],
          [
            -88.612003,
            41.646541,
            202.5
          ],
          [
            -88.612085,
            41.646532,
            202.5
          ],
          [
            -88.616932,
            41.646023,
            202.25
          ],
          [
            -88.617256,
            41.645989,
            202
          ],
          [
            -88.618787,
            41.645829,
            203.5
          ],
          [
            -88.619477,
            41.645757,
            203.75
          ],
          [
            -88.620592,
            41.645626,
            204
          ],
          [
            -88.621751,
            41.64547,
            203.25
          ],
          [
            -88.622513,
            41.645358,
            202.75
          ],
          [
            -88.623045,
            41.645272,
            202.75
          ],
          [
            -88.624155,
            41.645075,
            203
          ],
          [
            -88.632353,
            41.643595,
            204.5
          ],
          [
            -88.632529,
            41.643563,
            204.5
          ],
          [
            -88.63656,
            41.642837,
            204.5
          ],
          [
            -88.637683,
            41.642623,
            205.5
          ],
          [
            -88.63858,
            41.642471,
            205.25
          ],
          [
            -88.646539,
            41.641029,
            205.25
          ],
          [
            -88.652609,
            41.63994,
            201
          ],
          [
            -88.652948,
            41.639879,
            201.25
          ],
          [
            -88.65519,
            41.639465,
            209.75
          ],
          [
            -88.656757,
            41.639181,
            208.75
          ],
          [
            -88.670116,
            41.63676,
            207.75
          ],
          [
            -88.675616,
            41.635762,
            210.25
          ],
          [
            -88.679933,
            41.634985,
            212
          ],
          [
            -88.680048,
            41.634963,
            211.75
          ],
          [
            -88.681074,
            41.634772,
            211
          ],
          [
            -88.681185,
            41.634757,
            211
          ],
          [
            -88.684214,
            41.634208,
            209.75
          ],
          [
            -88.68431,
            41.634191,
            209.75
          ],
          [
            -88.686133,
            41.633861,
            210.75
          ],
          [
            -88.686642,
            41.633767,
            211.25
          ],
          [
            -88.687639,
            41.633556,
            210.75
          ],
          [
            -88.687969,
            41.633484,
            210.25
          ],
          [
            -88.692102,
            41.63274,
            210
          ],
          [
            -88.694096,
            41.63238,
            208
          ],
          [
            -88.706137,
            41.630192,
            208.5
          ],
          [
            -88.717175,
            41.628193,
            209.25
          ],
          [
            -88.731455,
            41.625597,
            208
          ],
          [
            -88.746269,
            41.622907,
            210
          ],
          [
            -88.75074,
            41.622095,
            210
          ],
          [
            -88.751099,
            41.62203,
            210
          ],
          [
            -88.770054,
            41.618586,
            209.25
          ],
          [
            -88.773306,
            41.617998,
            207.5
          ],
          [
            -88.773804,
            41.617907,
            207
          ],
          [
            -88.776892,
            41.617344,
            208.25
          ],
          [
            -88.786313,
            41.615626,
            211.75
          ],
          [
            -88.78776,
            41.615364,
            214
          ],
          [
            -88.789493,
            41.615048,
            213
          ],
          [
            -88.796989,
            41.613684,
            215.75
          ],
          [
            -88.799183,
            41.613286,
            215
          ],
          [
            -88.804559,
            41.612344,
            211.75
          ],
          [
            -88.815285,
            41.610393,
            213
          ],
          [
            -88.817924,
            41.609907,
            212.25
          ],
          [
            -88.837363,
            41.606357,
            213.75
          ],
          [
            -88.866232,
            41.601086,
            216
          ],
          [
            -88.881509,
            41.598294,
            212.5
          ],
          [
            -88.89626,
            41.595601,
            215.5
          ],
          [
            -88.900254,
            41.594863,
            214.5
          ],
          [
            -88.907049,
            41.593621,
            212.75
          ],
          [
            -88.912875,
            41.592553,
            209.25
          ],
          [
            -88.915528,
            41.592064,
            210.25
          ],
          [
            -88.915778,
            41.592021,
            210.5
          ],
          [
            -88.916697,
            41.591857,
            213.25
          ],
          [
            -88.91884,
            41.591464,
            213.5
          ],
          [
            -88.920833,
            41.591098,
            213.75
          ],
          [
            -88.923134,
            41.590675,
            214
          ],
          [
            -88.923258,
            41.590649,
            213.75
          ],
          [
            -88.925501,
            41.590239,
            215.25
          ],
          [
            -88.928312,
            41.589719,
            215.25
          ],
          [
            -88.929296,
            41.589539,
            212
          ],
          [
            -88.929439,
            41.589513,
            211.75
          ],
          [
            -88.930345,
            41.589376,
            210.75
          ],
          [
            -88.930823,
            41.589297,
            211.75
          ],
          [
            -88.930966,
            41.589273,
            212
          ],
          [
            -88.932242,
            41.589039,
            213.75
          ],
          [
            -88.937874,
            41.588001,
            213.25
          ],
          [
            -88.957112,
            41.584468,
            214.75
          ],
          [
            -88.97555,
            41.581072,
            216
          ],
          [
            -88.976413,
            41.580913,
            216
          ],
          [
            -88.993975,
            41.577672,
            214
          ],
          [
            -88.994368,
            41.577601,
            214.5
          ],
          [
            -88.995715,
            41.577358,
            215.75
          ],
          [
            -89.019589,
            41.572949,
            220
          ],
          [
            -89.034026,
            41.570282,
            222.5
          ],
          [
            -89.039668,
            41.56924,
            222.75
          ],
          [
            -89.044726,
            41.568306,
            223.25
          ],
          [
            -89.062229,
            41.565071,
            224
          ],
          [
            -89.069297,
            41.563764,
            222
          ],
          [
            -89.070011,
            41.563631,
            222
          ],
          [
            -89.076089,
            41.562507,
            224
          ],
          [
            -89.076526,
            41.562415,
            223.75
          ],
          [
            -89.076997,
            41.562306,
            223.75
          ],
          [
            -89.077457,
            41.56221,
            223.75
          ],
          [
            -89.077634,
            41.562178,
            223.75
          ],
          [
            -89.078283,
            41.562056,
            223.25
          ],
          [
            -89.079684,
            41.561841,
            224.5
          ],
          [
            -89.089262,
            41.560062,
            222.5
          ],
          [
            -89.090705,
            41.559798,
            220.25
          ],
          [
            -89.091081,
            41.559729,
            220.25
          ],
          [
            -89.100952,
            41.557895,
            224.5
          ],
          [
            -89.106836,
            41.556806,
            226.5
          ],
          [
            -89.108559,
            41.556486,
            228.25
          ],
          [
            -89.109584,
            41.556298,
            227.25
          ],
          [
            -89.110369,
            41.556145,
            226.5
          ],
          [
            -89.110682,
            41.556074,
            226.75
          ],
          [
            -89.111008,
            41.555993,
            227
          ],
          [
            -89.111533,
            41.555841,
            227.75
          ],
          [
            -89.112008,
            41.555687,
            228.25
          ],
          [
            -89.112489,
            41.555502,
            228.25
          ],
          [
            -89.112816,
            41.555362,
            227.5
          ],
          [
            -89.113226,
            41.555169,
            227
          ],
          [
            -89.113438,
            41.555062,
            226.75
          ],
          [
            -89.113836,
            41.554849,
            226.25
          ],
          [
            -89.114173,
            41.554648,
            226.25
          ],
          [
            -89.114476,
            41.554461,
            227
          ],
          [
            -89.114771,
            41.554261,
            227.5
          ],
          [
            -89.115027,
            41.554069,
            228.25
          ],
          [
            -89.115407,
            41.553765,
            229
          ],
          [
            -89.115782,
            41.553427,
            229
          ],
          [
            -89.116035,
            41.553175,
            229.25
          ],
          [
            -89.116265,
            41.552926,
            229.5
          ],
          [
            -89.116493,
            41.552662,
            229.25
          ],
          [
            -89.116701,
            41.5524,
            228.75
          ],
          [
            -89.116882,
            41.552154,
            228.75
          ],
          [
            -89.117037,
            41.551924,
            228.5
          ],
          [
            -89.117204,
            41.551645,
            228.25
          ],
          [
            -89.11738,
            41.55132,
            227.75
          ],
          [
            -89.117527,
            41.550961,
            227
          ],
          [
            -89.117623,
            41.550644,
            227.25
          ],
          [
            -89.117683,
            41.550378,
            227.75
          ],
          [
            -89.11772,
            41.550139,
            228
          ],
          [
            -89.117728,
            41.549984,
            228.25
          ],
          [
            -89.117741,
            41.549824,
            228.25
          ],
          [
            -89.117728,
            41.548571,
            227.75
          ],
          [
            -89.117733,
            41.548344,
            227.5
          ],
          [
            -89.117749,
            41.548151,
            227.75
          ],
          [
            -89.117783,
            41.547922,
            228.25
          ],
          [
            -89.117836,
            41.547699,
            228.5
          ],
          [
            -89.11787,
            41.547592,
            228.75
          ],
          [
            -89.117942,
            41.547372,
            229
          ],
          [
            -89.118153,
            41.546868,
            229.25
          ],
          [
            -89.118246,
            41.546658,
            229
          ],
          [
            -89.118396,
            41.546378,
            228.5
          ],
          [
            -89.118515,
            41.546187,
            228
          ],
          [
            -89.118621,
            41.546039,
            227.75
          ],
          [
            -89.118774,
            41.545865,
            227.5
          ],
          [
            -89.118906,
            41.545731,
            227.25
          ],
          [
            -89.119039,
            41.545609,
            227.25
          ],
          [
            -89.119232,
            41.545444,
            227.5
          ],
          [
            -89.119425,
            41.5453,
            227.75
          ],
          [
            -89.119657,
            41.545147,
            228.25
          ],
          [
            -89.121389,
            41.544182,
            228.5
          ],
          [
            -89.12307,
            41.543246,
            226.75
          ],
          [
            -89.127346,
            41.540864,
            224.25
          ],
          [
            -89.127507,
            41.540775,
            224
          ],
          [
            -89.131014,
            41.538837,
            229
          ],
          [
            -89.135233,
            41.536482,
            225.25
          ],
          [
            -89.14215,
            41.532636,
            224.75
          ],
          [
            -89.147923,
            41.529427,
            226.5
          ],
          [
            -89.154052,
            41.526019,
            223.5
          ],
          [
            -89.156414,
            41.524697,
            226.5
          ],
          [
            -89.166524,
            41.519079,
            226
          ],
          [
            -89.178962,
            41.512154,
            226.75
          ],
          [
            -89.18329,
            41.509742,
            228
          ],
          [
            -89.192425,
            41.504665,
            227.25
          ],
          [
            -89.192868,
            41.504417,
            226.75
          ],
          [
            -89.208963,
            41.495445,
            223
          ],
          [
            -89.214319,
            41.492456,
            224
          ],
          [
            -89.225396,
            41.486281,
            227
          ],
          [
            -89.227853,
            41.484912,
            228.25
          ],
          [
            -89.234727,
            41.481079,
            225
          ],
          [
            -89.24677,
            41.474347,
            232.25
          ],
          [
            -89.24861,
            41.473322,
            231.75
          ],
          [
            -89.261099,
            41.466363,
            231.25
          ],
          [
            -89.262013,
            41.46589,
            234.5
          ],
          [
            -89.262442,
            41.465681,
            235.75
          ],
          [
            -89.263477,
            41.465202,
            236.75
          ],
          [
            -89.264024,
            41.46496,
            236.25
          ],
          [
            -89.264598,
            41.464719,
            237
          ],
          [
            -89.265187,
            41.464479,
            237.25
          ],
          [
            -89.272149,
            41.461721,
            235.75
          ],
          [
            -89.286464,
            41.456059,
            230.75
          ],
          [
            -89.297874,
            41.451559,
            226
          ],
          [
            -89.307231,
            41.447855,
            224.25
          ],
          [
            -89.311791,
            41.44605,
            227
          ],
          [
            -89.312631,
            41.445718,
            227.25
          ],
          [
            -89.313832,
            41.445198,
            225.75
          ],
          [
            -89.313964,
            41.445146,
            225.75
          ],
          [
            -89.315212,
            41.444696,
            224
          ],
          [
            -89.315734,
            41.444489,
            223.5
          ],
          [
            -89.315831,
            41.444451,
            223.25
          ],
          [
            -89.325624,
            41.440585,
            225.5
          ],
          [
            -89.34103,
            41.434485,
            218.75
          ],
          [
            -89.34522,
            41.432832,
            215.75
          ],
          [
            -89.355712,
            41.428668,
            206.5
          ],
          [
            -89.355873,
            41.428604,
            206.75
          ],
          [
            -89.364645,
            41.425137,
            213.25
          ],
          [
            -89.368514,
            41.423608,
            214.25
          ],
          [
            -89.370421,
            41.422851,
            214.5
          ],
          [
            -89.375168,
            41.420976,
            214.75
          ],
          [
            -89.376983,
            41.420256,
            213.5
          ],
          [
            -89.386974,
            41.416294,
            211
          ],
          [
            -89.392507,
            41.414101,
            214
          ],
          [
            -89.393569,
            41.41368,
            215.25
          ],
          [
            -89.408961,
            41.407579,
            219.5
          ],
          [
            -89.434651,
            41.397369,
            223
          ],
          [
            -89.460361,
            41.387154,
            214
          ],
          [
            -89.462559,
            41.386282,
            212.5
          ],
          [
            -89.463247,
            41.38604,
            213.75
          ],
          [
            -89.463596,
            41.385933,
            213.75
          ],
          [
            -89.464132,
            41.385793,
            214
          ],
          [
            -89.464334,
            41.385744,
            213.5
          ],
          [
            -89.464692,
            41.38567,
            213
          ],
          [
            -89.464972,
            41.385617,
            212.5
          ],
          [
            -89.465102,
            41.385599,
            212.25
          ],
          [
            -89.465223,
            41.385578,
            212.25
          ],
          [
            -89.465619,
            41.385525,
            212.25
          ],
          [
            -89.466,
            41.385484,
            212
          ],
          [
            -89.466796,
            41.385414,
            211.25
          ],
          [
            -89.46687,
            41.385408,
            211.25
          ],
          [
            -89.467677,
            41.385336,
            210
          ],
          [
            -89.467844,
            41.385322,
            210
          ],
          [
            -89.468456,
            41.38528,
            209.25
          ],
          [
            -89.468909,
            41.385261,
            209
          ],
          [
            -89.469444,
            41.385259,
            209
          ],
          [
            -89.469986,
            41.385277,
            209.5
          ],
          [
            -89.470482,
            41.385314,
            209
          ],
          [
            -89.470944,
            41.385365,
            208.5
          ],
          [
            -89.471402,
            41.385433,
            208.75
          ],
          [
            -89.471829,
            41.385507,
            208.5
          ],
          [
            -89.472251,
            41.385597,
            208
          ],
          [
            -89.472649,
            41.385695,
            207.75
          ],
          [
            -89.473155,
            41.385838,
            207
          ],
          [
            -89.474142,
            41.386129,
            206.75
          ],
          [
            -89.478545,
            41.387435,
            206
          ],
          [
            -89.482854,
            41.388713,
            204.5
          ],
          [
            -89.494482,
            41.392157,
            204
          ],
          [
            -89.496566,
            41.392772,
            202.25
          ],
          [
            -89.497115,
            41.392924,
            202.25
          ],
          [
            -89.49754,
            41.393027,
            202.25
          ],
          [
            -89.497878,
            41.393098,
            202
          ],
          [
            -89.498303,
            41.393178,
            201.75
          ],
          [
            -89.49873,
            41.393243,
            201.75
          ],
          [
            -89.499194,
            41.393298,
            201.75
          ],
          [
            -89.499617,
            41.393334,
            202.5
          ],
          [
            -89.500045,
            41.393367,
            202.75
          ],
          [
            -89.500346,
            41.393379,
            202.75
          ],
          [
            -89.500976,
            41.393373,
            202.75
          ],
          [
            -89.501375,
            41.393356,
            203
          ],
          [
            -89.501881,
            41.393324,
            204
          ],
          [
            -89.502357,
            41.393278,
            206
          ],
          [
            -89.503239,
            41.393142,
            204
          ],
          [
            -89.50355,
            41.393078,
            203.5
          ],
          [
            -89.504262,
            41.392902,
            203.25
          ],
          [
            -89.504951,
            41.392697,
            203.5
          ],
          [
            -89.505262,
            41.392597,
            202.75
          ],
          [
            -89.505612,
            41.392474,
            201.25
          ],
          [
            -89.5067,
            41.392062,
            189.75
          ],
          [
            -89.50798,
            41.391605,
            192
          ],
          [
            -89.512628,
            41.389938,
            200
          ],
          [
            -89.520096,
            41.387244,
            204.75
          ],
          [
            -89.540974,
            41.379696,
            201.25
          ],
          [
            -89.548818,
            41.376862,
            201.25
          ],
          [
            -89.551932,
            41.375735,
            201.75
          ],
          [
            -89.558392,
            41.373399,
            200
          ],
          [
            -89.566607,
            41.370429,
            201.25
          ],
          [
            -89.570711,
            41.368968,
            185.75
          ],
          [
            -89.571801,
            41.368578,
            187
          ],
          [
            -89.580853,
            41.365259,
            200
          ],
          [
            -89.583691,
            41.364238,
            202.5
          ],
          [
            -89.584439,
            41.363965,
            202.25
          ],
          [
            -89.592806,
            41.360942,
            194.5
          ],
          [
            -89.595267,
            41.360037,
            189.25
          ],
          [
            -89.595586,
            41.359919,
            189.75
          ],
          [
            -89.596189,
            41.359706,
            191.75
          ],
          [
            -89.596614,
            41.359549,
            193.75
          ],
          [
            -89.597107,
            41.359352,
            194
          ],
          [
            -89.598277,
            41.358857,
            194
          ],
          [
            -89.598714,
            41.358658,
            194.5
          ],
          [
            -89.599122,
            41.358461,
            194.5
          ],
          [
            -89.601451,
            41.357317,
            195.25
          ],
          [
            -89.604442,
            41.355849,
            193
          ],
          [
            -89.604658,
            41.35574,
            192.25
          ],
          [
            -89.61055,
            41.352832,
            194.25
          ],
          [
            -89.624784,
            41.345815,
            203
          ],
          [
            -89.625638,
            41.345401,
            203.75
          ],
          [
            -89.625923,
            41.345274,
            204
          ],
          [
            -89.626533,
            41.345013,
            205.5
          ],
          [
            -89.626973,
            41.344842,
            204.5
          ],
          [
            -89.627465,
            41.344667,
            202.25
          ],
          [
            -89.627886,
            41.344527,
            200.25
          ],
          [
            -89.62867,
            41.344281,
            201
          ],
          [
            -89.629079,
            41.344167,
            202.75
          ],
          [
            -89.629588,
            41.344035,
            203.75
          ],
          [
            -89.630167,
            41.343905,
            204.75
          ],
          [
            -89.630598,
            41.343815,
            205.25
          ],
          [
            -89.631451,
            41.343663,
            205
          ],
          [
            -89.631953,
            41.343591,
            205
          ],
          [
            -89.632414,
            41.343532,
            205.75
          ],
          [
            -89.632909,
            41.34348,
            206.5
          ],
          [
            -89.633443,
            41.343434,
            207.5
          ],
          [
            -89.633921,
            41.343405,
            208
          ],
          [
            -89.634433,
            41.343382,
            209
          ],
          [
            -89.635184,
            41.343368,
            211.25
          ],
          [
            -89.635624,
            41.343366,
            213
          ],
          [
            -89.637532,
            41.343357,
            213
          ],
          [
            -89.638023,
            41.343348,
            213
          ],
          [
            -89.638549,
            41.343325,
            212.5
          ],
          [
            -89.639409,
            41.34326,
            211.5
          ],
          [
            -89.639921,
            41.343204,
            212.75
          ],
          [
            -89.640464,
            41.343136,
            214
          ],
          [
            -89.641007,
            41.34305,
            214.5
          ],
          [
            -89.641543,
            41.342956,
            214
          ],
          [
            -89.642126,
            41.342837,
            214.25
          ],
          [
            -89.642585,
            41.342732,
            214.5
          ],
          [
            -89.643111,
            41.342597,
            213.75
          ],
          [
            -89.643544,
            41.342477,
            213.5
          ],
          [
            -89.644095,
            41.342307,
            213.5
          ],
          [
            -89.644618,
            41.342134,
            213.75
          ],
          [
            -89.645085,
            41.341969,
            214.25
          ],
          [
            -89.646927,
            41.341298,
            218
          ],
          [
            -89.652431,
            41.339304,
            219
          ],
          [
            -89.656723,
            41.337749,
            225
          ],
          [
            -89.657926,
            41.337361,
            228
          ],
          [
            -89.659426,
            41.336918,
            229.5
          ],
          [
            -89.660509,
            41.336635,
            229.75
          ],
          [
            -89.661349,
            41.336426,
            227.5
          ],
          [
            -89.661761,
            41.336331,
            226.5
          ],
          [
            -89.663103,
            41.33604,
            224.25
          ],
          [
            -89.665328,
            41.335619,
            224.5
          ],
          [
            -89.666684,
            41.335351,
            222
          ],
          [
            -89.66722,
            41.33523,
            220.75
          ],
          [
            -89.66785,
            41.335066,
            220.25
          ],
          [
            -89.668352,
            41.334915,
            220.25
          ],
          [
            -89.668799,
            41.334777,
            220.25
          ],
          [
            -89.669384,
            41.334575,
            220.75
          ],
          [
            -89.669886,
            41.334377,
            221.5
          ],
          [
            -89.670398,
            41.334163,
            223
          ],
          [
            -89.671239,
            41.333757,
            225.25
          ],
          [
            -89.671971,
            41.333341,
            227.5
          ],
          [
            -89.672399,
            41.333075,
            228
          ],
          [
            -89.672816,
            41.332795,
            230
          ],
          [
            -89.673185,
            41.332531,
            232.25
          ],
          [
            -89.673505,
            41.332276,
            235
          ],
          [
            -89.673805,
            41.332032,
            236.75
          ],
          [
            -89.674087,
            41.331781,
            237.5
          ],
          [
            -89.67473,
            41.33114,
            236
          ],
          [
            -89.674999,
            41.330827,
            234
          ],
          [
            -89.675275,
            41.330479,
            235
          ],
          [
            -89.675553,
            41.330113,
            236
          ],
          [
            -89.677546,
            41.327275,
            229.5
          ],
          [
            -89.677911,
            41.326753,
            230.75
          ],
          [
            -89.678007,
            41.326618,
            231.25
          ],
          [
            -89.678627,
            41.32565,
            232.5
          ],
          [
            -89.679178,
            41.324865,
            235.75
          ],
          [
            -89.679401,
            41.324548,
            235.75
          ],
          [
            -89.679753,
            41.32409,
            235.25
          ],
          [
            -89.679981,
            41.323819,
            235.25
          ],
          [
            -89.680266,
            41.323511,
            235.75
          ],
          [
            -89.68049,
            41.32328,
            236
          ],
          [
            -89.680718,
            41.323058,
            236.5
          ],
          [
            -89.681013,
            41.322792,
            237.5
          ],
          [
            -89.681293,
            41.322552,
            238.5
          ],
          [
            -89.681858,
            41.322115,
            238.75
          ],
          [
            -89.682167,
            41.321902,
            238
          ],
          [
            -89.682518,
            41.321673,
            237
          ],
          [
            -89.682851,
            41.32147,
            236.5
          ],
          [
            -89.683422,
            41.321154,
            235.25
          ],
          [
            -89.683742,
            41.320994,
            233.25
          ],
          [
            -89.684044,
            41.32085,
            231.5
          ],
          [
            -89.684476,
            41.320664,
            229.25
          ],
          [
            -89.685738,
            41.320124,
            227.75
          ],
          [
            -89.693309,
            41.316943,
            219.75
          ],
          [
            -89.693443,
            41.316887,
            220.25
          ],
          [
            -89.699763,
            41.31423,
            216.75
          ],
          [
            -89.700219,
            41.314039,
            216.75
          ],
          [
            -89.717636,
            41.306713,
            217.75
          ],
          [
            -89.722278,
            41.304761,
            221.75
          ],
          [
            -89.72283,
            41.304543,
            221.75
          ],
          [
            -89.723445,
            41.304321,
            222.25
          ],
          [
            -89.723982,
            41.304142,
            222
          ],
          [
            -89.724553,
            41.303966,
            222
          ],
          [
            -89.725192,
            41.30378,
            222.75
          ],
          [
            -89.725739,
            41.303635,
            222.75
          ],
          [
            -89.726295,
            41.303508,
            223.75
          ],
          [
            -89.726873,
            41.303389,
            224.5
          ],
          [
            -89.727453,
            41.303277,
            224
          ],
          [
            -89.728026,
            41.303185,
            224.25
          ],
          [
            -89.728517,
            41.303114,
            224.75
          ],
          [
            -89.729104,
            41.303036,
            225.75
          ],
          [
            -89.72974,
            41.302971,
            227
          ],
          [
            -89.730286,
            41.302928,
            228.25
          ],
          [
            -89.73085,
            41.302893,
            230
          ],
          [
            -89.731442,
            41.302871,
            231
          ],
          [
            -89.732043,
            41.30286,
            230.5
          ],
          [
            -89.732224,
            41.302859,
            230.25
          ],
          [
            -89.733244,
            41.302875,
            230
          ],
          [
            -89.733724,
            41.302894,
            230.5
          ],
          [
            -89.742452,
            41.303316,
            235
          ],
          [
            -89.750461,
            41.303703,
            239.25
          ],
          [
            -89.760371,
            41.304191,
            236
          ],
          [
            -89.760493,
            41.304196,
            236
          ],
          [
            -89.761737,
            41.304253,
            236.75
          ],
          [
            -89.762576,
            41.304281,
            236
          ],
          [
            -89.763374,
            41.304296,
            237.5
          ],
          [
            -89.76426,
            41.3043,
            238.75
          ],
          [
            -89.764932,
            41.304293,
            240.5
          ],
          [
            -89.765526,
            41.30428,
            241.5
          ],
          [
            -89.766153,
            41.304258,
            242.25
          ],
          [
            -89.767271,
            41.304208,
            244
          ],
          [
            -89.767903,
            41.304168,
            244.5
          ],
          [
            -89.769247,
            41.304062,
            242.5
          ],
          [
            -89.769798,
            41.304006,
            242.75
          ],
          [
            -89.770829,
            41.303888,
            244.25
          ],
          [
            -89.771789,
            41.303762,
            244.25
          ],
          [
            -89.772603,
            41.303646,
            244.25
          ],
          [
            -89.773517,
            41.303496,
            243.25
          ],
          [
            -89.774415,
            41.303336,
            243.25
          ],
          [
            -89.775235,
            41.303174,
            244
          ],
          [
            -89.776062,
            41.302995,
            244.75
          ],
          [
            -89.776781,
            41.302832,
            245
          ],
          [
            -89.777569,
            41.302641,
            245.75
          ],
          [
            -89.778353,
            41.302439,
            244.25
          ],
          [
            -89.779775,
            41.302041,
            245.5
          ],
          [
            -89.781142,
            41.301616,
            246.25
          ],
          [
            -89.782438,
            41.301179,
            247.25
          ],
          [
            -89.783161,
            41.300923,
            248.5
          ],
          [
            -89.783891,
            41.300656,
            249
          ],
          [
            -89.785501,
            41.300049,
            249.5
          ],
          [
            -89.788877,
            41.298769,
            253
          ],
          [
            -89.790808,
            41.298038,
            253.5
          ],
          [
            -89.797949,
            41.295339,
            249.5
          ],
          [
            -89.799558,
            41.294723,
            249.25
          ],
          [
            -89.807698,
            41.291644,
            249
          ],
          [
            -89.811799,
            41.290088,
            248
          ],
          [
            -89.8185,
            41.287556,
            246
          ],
          [
            -89.822804,
            41.28592,
            242.25
          ],
          [
            -89.825875,
            41.284757,
            243.75
          ],
          [
            -89.838017,
            41.280163,
            246.5
          ],
          [
            -89.857219,
            41.272877,
            247.25
          ],
          [
            -89.869192,
            41.268335,
            248.75
          ],
          [
            -89.87515,
            41.266076,
            247.75
          ],
          [
            -89.881487,
            41.263666,
            247.5
          ],
          [
            -89.900341,
            41.256511,
            248.25
          ],
          [
            -89.901888,
            41.255926,
            252.25
          ],
          [
            -89.908421,
            41.253438,
            251
          ],
          [
            -89.909339,
            41.253088,
            253.25
          ],
          [
            -89.912383,
            41.251944,
            252.75
          ],
          [
            -89.91521,
            41.250865,
            252
          ],
          [
            -89.91534,
            41.250816,
            251.75
          ],
          [
            -89.919038,
            41.249407,
            254.25
          ],
          [
            -89.923846,
            41.247587,
            258
          ],
          [
            -89.924872,
            41.247199,
            259.75
          ],
          [
            -89.926391,
            41.246616,
            261.75
          ],
          [
            -89.927628,
            41.246146,
            259.5
          ],
          [
            -89.930736,
            41.244965,
            260.5
          ],
          [
            -89.933629,
            41.243866,
            259.5
          ],
          [
            -89.935989,
            41.242968,
            262.25
          ],
          [
            -89.939887,
            41.241484,
            263.5
          ],
          [
            -89.941169,
            41.241003,
            263.5
          ],
          [
            -89.942236,
            41.240578,
            264.25
          ],
          [
            -89.942633,
            41.240406,
            264.5
          ],
          [
            -89.943382,
            41.240049,
            264.5
          ],
          [
            -89.943728,
            41.239872,
            264.25
          ],
          [
            -89.944541,
            41.239426,
            263.75
          ],
          [
            -89.944948,
            41.239186,
            263.75
          ],
          [
            -89.945347,
            41.238936,
            264
          ],
          [
            -89.945761,
            41.238659,
            264.25
          ],
          [
            -89.946158,
            41.238386,
            263.5
          ],
          [
            -89.946558,
            41.23809,
            264
          ],
          [
            -89.946833,
            41.237876,
            264
          ],
          [
            -89.94706,
            41.237692,
            263.5
          ],
          [
            -89.947648,
            41.237188,
            262.5
          ],
          [
            -89.947947,
            41.236916,
            262.75
          ],
          [
            -89.94947,
            41.235421,
            262
          ],
          [
            -89.955363,
            41.229585,
            263
          ],
          [
            -89.95919,
            41.225803,
            259
          ],
          [
            -89.962753,
            41.222276,
            258.5
          ],
          [
            -89.964737,
            41.220318,
            257.5
          ],
          [
            -89.970131,
            41.214989,
            259.75
          ],
          [
            -89.978634,
            41.206572,
            257.75
          ],
          [
            -89.984018,
            41.201242,
            258.75
          ],
          [
            -89.992209,
            41.193133,
            256.25
          ],
          [
            -89.99408,
            41.191275,
            255
          ],
          [
            -89.994901,
            41.190476,
            254
          ],
          [
            -89.995358,
            41.190046,
            252.5
          ],
          [
            -89.995902,
            41.189554,
            251.5
          ],
          [
            -89.996989,
            41.188632,
            251.25
          ],
          [
            -89.99759,
            41.188151,
            249.5
          ],
          [
            -89.998037,
            41.187803,
            249
          ],
          [
            -89.998586,
            41.187394,
            248.5
          ],
          [
            -89.99976,
            41.186566,
            247.25
          ],
          [
            -90.000219,
            41.186258,
            247.5
          ],
          [
            -90.000924,
            41.185813,
            246.75
          ],
          [
            -90.001403,
            41.185519,
            246.5
          ],
          [
            -90.001903,
            41.185216,
            246.5
          ],
          [
            -90.002447,
            41.184896,
            246.5
          ],
          [
            -90.003458,
            41.184339,
            244.75
          ],
          [
            -90.003947,
            41.184079,
            243.25
          ],
          [
            -90.004984,
            41.18356,
            242.75
          ],
          [
            -90.005633,
            41.183254,
            243.75
          ],
          [
            -90.006477,
            41.182868,
            244
          ],
          [
            -90.010542,
            41.181062,
            242.25
          ],
          [
            -90.022793,
            41.175601,
            253.25
          ],
          [
            -90.024792,
            41.174714,
            254.25
          ],
          [
            -90.025126,
            41.174541,
            254.5
          ],
          [
            -90.025634,
            41.174265,
            254.25
          ],
          [
            -90.026175,
            41.174016,
            254
          ],
          [
            -90.026576,
            41.173836,
            254.5
          ],
          [
            -90.027061,
            41.173621,
            255.25
          ],
          [
            -90.027734,
            41.173385,
            255.75
          ],
          [
            -90.028053,
            41.173261,
            256
          ],
          [
            -90.030846,
            41.172012,
            255.25
          ],
          [
            -90.034894,
            41.17021,
            257.75
          ],
          [
            -90.03987,
            41.167992,
            258.75
          ],
          [
            -90.041006,
            41.167488,
            261.75
          ],
          [
            -90.041921,
            41.167081,
            260.5
          ],
          [
            -90.045532,
            41.165464,
            261
          ],
          [
            -90.04653,
            41.16502,
            260.75
          ],
          [
            -90.047136,
            41.164751,
            261.25
          ],
          [
            -90.049218,
            41.163821,
            264
          ],
          [
            -90.049652,
            41.163628,
            262
          ],
          [
            -90.052828,
            41.16221,
            254.75
          ],
          [
            -90.07387,
            41.152817,
            246.5
          ],
          [
            -90.091078,
            41.145131,
            237.75
          ],
          [
            -90.096471,
            41.142725,
            242.5
          ],
          [
            -90.112497,
            41.135557,
            236.5
          ],
          [
            -90.134794,
            41.125582,
            234.5
          ],
          [
            -90.135488,
            41.125273,
            234.75
          ],
          [
            -90.152239,
            41.117772,
            226.25
          ],
          [
            -90.15871,
            41.114871,
            229.25
          ],
          [
            -90.159451,
            41.114531,
            230.5
          ],
          [
            -90.159721,
            41.114394,
            231
          ],
          [
            -90.160126,
            41.114185,
            232
          ],
          [
            -90.160499,
            41.113979,
            232.5
          ],
          [
            -90.161462,
            41.113429,
            233.75
          ],
          [
            -90.162243,
            41.112945,
            236
          ],
          [
            -90.164051,
            41.111828,
            231.5
          ],
          [
            -90.166357,
            41.110415,
            230.25
          ],
          [
            -90.176782,
            41.104,
            230.5
          ],
          [
            -90.189515,
            41.096162,
            235.75
          ],
          [
            -90.195782,
            41.092294,
            237.75
          ],
          [
            -90.20221,
            41.088316,
            233.75
          ],
          [
            -90.212254,
            41.082129,
            240.5
          ],
          [
            -90.213176,
            41.08156,
            241.25
          ],
          [
            -90.213187,
            41.081553,
            241.25
          ],
          [
            -90.218385,
            41.078344,
            245
          ],
          [
            -90.222013,
            41.076108,
            247.75
          ],
          [
            -90.223377,
            41.075273,
            247
          ],
          [
            -90.224894,
            41.074332,
            247
          ],
          [
            -90.226566,
            41.073299,
            248
          ],
          [
            -90.227083,
            41.07298,
            247.75
          ],
          [
            -90.240463,
            41.064712,
            245.25
          ],
          [
            -90.240928,
            41.064412,
            245.75
          ],
          [
            -90.241688,
            41.0639,
            245.25
          ],
          [
            -90.242213,
            41.063532,
            245.5
          ],
          [
            -90.242878,
            41.063051,
            245.5
          ],
          [
            -90.243499,
            41.062584,
            245.75
          ],
          [
            -90.243881,
            41.062282,
            246
          ],
          [
            -90.244804,
            41.061529,
            245.5
          ],
          [
            -90.245646,
            41.060803,
            247
          ],
          [
            -90.246426,
            41.060087,
            248.75
          ],
          [
            -90.246873,
            41.05966,
            247.5
          ],
          [
            -90.248205,
            41.05836,
            246.75
          ],
          [
            -90.250854,
            41.055743,
            250.5
          ],
          [
            -90.252251,
            41.054365,
            248.25
          ],
          [
            -90.252257,
            41.054358,
            248.25
          ],
          [
            -90.253696,
            41.052938,
            249.25
          ],
          [
            -90.26217,
            41.044575,
            250.5
          ],
          [
            -90.265626,
            41.041163,
            249.25
          ],
          [
            -90.273547,
            41.033337,
            247.75
          ],
          [
            -90.276769,
            41.030164,
            252
          ],
          [
            -90.277156,
            41.029783,
            252.25
          ],
          [
            -90.280434,
            41.02655,
            253
          ],
          [
            -90.281614,
            41.025385,
            253.75
          ],
          [
            -90.281706,
            41.025292,
            253.5
          ],
          [
            -90.282205,
            41.024799,
            252.75
          ],
          [
            -90.288542,
            41.018543,
            252
          ],
          [
            -90.299928,
            41.007291,
            253.5
          ],
          [
            -90.301834,
            41.005409,
            252.25
          ],
          [
            -90.311284,
            40.996047,
            253
          ],
          [
            -90.312443,
            40.9949,
            252.75
          ],
          [
            -90.323859,
            40.983616,
            248.5
          ],
          [
            -90.325798,
            40.981699,
            247
          ],
          [
            -90.32687,
            40.980703,
            246
          ],
          [
            -90.32711,
            40.980465,
            246
          ],
          [
            -90.327751,
            40.979832,
            246.25
          ],
          [
            -90.328573,
            40.979043,
            244.25
          ],
          [
            -90.329168,
            40.978434,
            243.75
          ],
          [
            -90.329566,
            40.97806,
            244.25
          ],
          [
            -90.330442,
            40.977174,
            244.5
          ],
          [
            -90.333545,
            40.9741,
            245.25
          ],
          [
            -90.335534,
            40.972141,
            244.25
          ],
          [
            -90.340017,
            40.967713,
            241.5
          ],
          [
            -90.341795,
            40.965945,
            238
          ],
          [
            -90.345068,
            40.962708,
            238.25
          ],
          [
            -90.345708,
            40.962084,
            238
          ],
          [
            -90.345807,
            40.961987,
            238
          ],
          [
            -90.346221,
            40.961569,
            236.25
          ],
          [
            -90.347257,
            40.960552,
            238
          ],
          [
            -90.350424,
            40.957421,
            236.75
          ],
          [
            -90.351591,
            40.956282,
            236
          ],
          [
            -90.352582,
            40.955288,
            235.75
          ],
          [
            -90.352984,
            40.954884,
            235.75
          ],
          [
            -90.353198,
            40.954676,
            235.5
          ],
          [
            -90.355484,
            40.95242,
            234
          ],
          [
            -90.355636,
            40.952267,
            234.25
          ],
          [
            -90.356247,
            40.951654,
            236
          ],
          [
            -90.356757,
            40.951151,
            235.5
          ],
          [
            -90.356911,
            40.951001,
            235.75
          ],
          [
            -90.358468,
            40.949458,
            237
          ],
          [
            -90.358565,
            40.949361,
            237.25
          ],
          [
            -90.359176,
            40.948755,
            238
          ],
          [
            -90.359737,
            40.948203,
            237.5
          ],
          [
            -90.360219,
            40.947711,
            237.25
          ],
          [
            -90.360743,
            40.947198,
            235.5
          ],
          [
            -90.360925,
            40.947012,
            235.5
          ],
          [
            -90.362382,
            40.945623,
            238.5
          ],
          [
            -90.362612,
            40.945394,
            238.75
          ],
          [
            -90.363592,
            40.944422,
            239.25
          ],
          [
            -90.364054,
            40.94397,
            239.5
          ],
          [
            -90.364736,
            40.943301,
            239.5
          ],
          [
            -90.365516,
            40.942482,
            238.25
          ],
          [
            -90.365605,
            40.942392,
            238
          ],
          [
            -90.366254,
            40.941675,
            238
          ],
          [
            -90.366366,
            40.941564,
            238
          ],
          [
            -90.367056,
            40.940881,
            239.25
          ],
          [
            -90.367226,
            40.940723,
            239
          ],
          [
            -90.367752,
            40.940163,
            236.75
          ],
          [
            -90.368034,
            40.939873,
            236
          ],
          [
            -90.368303,
            40.939562,
            236
          ],
          [
            -90.368525,
            40.939292,
            236.5
          ],
          [
            -90.36886,
            40.938817,
            236.25
          ],
          [
            -90.369019,
            40.938555,
            236.5
          ],
          [
            -90.369151,
            40.938303,
            236.75
          ],
          [
            -90.370038,
            40.936465,
            236.75
          ],
          [
            -90.370266,
            40.936008,
            237
          ],
          [
            -90.370397,
            40.935733,
            237.25
          ],
          [
            -90.370443,
            40.935629,
            237.25
          ],
          [
            -90.370675,
            40.935044,
            236.25
          ],
          [
            -90.370877,
            40.934611,
            237
          ],
          [
            -90.370928,
            40.934499,
            237.25
          ],
          [
            -90.371147,
            40.934066,
            238
          ],
          [
            -90.372164,
            40.931966,
            237.5
          ],
          [
            -90.372497,
            40.931279,
            237.75
          ],
          [
            -90.372532,
            40.93121,
            238
          ],
          [
            -90.372765,
            40.930735,
            238.25
          ],
          [
            -90.373588,
            40.929405,
            236.25
          ],
          [
            -90.37432,
            40.928248,
            238
          ],
          [
            -90.375127,
            40.926941,
            237.75
          ],
          [
            -90.376509,
            40.924746,
            237.25
          ],
          [
            -90.376678,
            40.924456,
            237.5
          ],
          [
            -90.377898,
            40.921923,
            239.5
          ],
          [
            -90.379443,
            40.918763,
            238
          ],
          [
            -90.380175,
            40.917247,
            238
          ],
          [
            -90.380377,
            40.916917,
            238.25
          ],
          [
            -90.38065,
            40.916574,
            238
          ],
          [
            -90.382203,
            40.914967,
            236.75
          ],
          [
            -90.382501,
            40.914604,
            236.25
          ],
          [
            -90.382616,
            40.914444,
            236.25
          ],
          [
            -90.382737,
            40.914205,
            236.25
          ],
          [
            -90.383635,
            40.912338,
            237.25
          ],
          [
            -90.384276,
            40.911057,
            237.25
          ],
          [
            -90.384869,
            40.909843,
            237.25
          ],
          [
            -90.385958,
            40.907582,
            236.75
          ],
          [
            -90.386239,
            40.907015,
            236.75
          ],
          [
            -90.386318,
            40.906812,
            236.75
          ],
          [
            -90.386444,
            40.906376,
            236.5
          ],
          [
            -90.386527,
            40.906022,
            236.25
          ],
          [
            -90.386609,
            40.905436,
            236.5
          ],
          [
            -90.386678,
            40.904955,
            236.75
          ],
          [
            -90.386736,
            40.904551,
            236.25
          ],
          [
            -90.386889,
            40.903522,
            235.5
          ],
          [
            -90.386901,
            40.903443,
            235.5
          ],
          [
            -90.387056,
            40.902781,
            237.5
          ],
          [
            -90.387074,
            40.902665,
            238
          ],
          [
            -90.387221,
            40.902024,
            239
          ],
          [
            -90.387282,
            40.901647,
            239.5
          ],
          [
            -90.387494,
            40.90104,
            239
          ],
          [
            -90.388121,
            40.899252,
            236.75
          ],
          [
            -90.388271,
            40.898919,
            237
          ],
          [
            -90.388982,
            40.897464,
            236
          ],
          [
            -90.389792,
            40.89578,
            233.25
          ],
          [
            -90.389879,
            40.895543,
            233.5
          ],
          [
            -90.39004,
            40.895019,
            234
          ],
          [
            -90.390071,
            40.894915,
            234
          ],
          [
            -90.390538,
            40.893345,
            234
          ],
          [
            -90.390819,
            40.892366,
            235.25
          ],
          [
            -90.390972,
            40.891961,
            236
          ],
          [
            -90.391782,
            40.890301,
            232.5
          ],
          [
            -90.392963,
            40.887859,
            234
          ],
          [
            -90.393944,
            40.885858,
            231.75
          ],
          [
            -90.394103,
            40.885517,
            232.25
          ],
          [
            -90.394313,
            40.885028,
            232.75
          ],
          [
            -90.394403,
            40.884794,
            232.25
          ],
          [
            -90.394503,
            40.884468,
            231.75
          ],
          [
            -90.394567,
            40.884211,
            231.5
          ],
          [
            -90.394622,
            40.883916,
            231.25
          ],
          [
            -90.39466,
            40.883653,
            231.5
          ],
          [
            -90.394708,
            40.883069,
            231.5
          ],
          [
            -90.394718,
            40.882618,
            231.5
          ],
          [
            -90.394729,
            40.880926,
            230.25
          ],
          [
            -90.394783,
            40.876359,
            231
          ],
          [
            -90.394799,
            40.872672,
            230.75
          ],
          [
            -90.394826,
            40.870814,
            233
          ],
          [
            -90.39481,
            40.870162,
            233
          ],
          [
            -90.394772,
            40.869733,
            232.25
          ],
          [
            -90.394682,
            40.868982,
            230.5
          ],
          [
            -90.394624,
            40.867845,
            228.75
          ],
          [
            -90.394631,
            40.867646,
            228.5
          ],
          [
            -90.394633,
            40.862301,
            226.25
          ],
          [
            -90.394741,
            40.853789,
            230.25
          ],
          [
            -90.394786,
            40.849332,
            228.75
          ],
          [
            -90.394773,
            40.845333,
            229.5
          ],
          [
            -90.394896,
            40.83834,
            224.75
          ],
          [
            -90.394961,
            40.831011,
            222.75
          ],
          [
            -90.395121,
            40.816248,
            220.5
          ],
          [
            -90.395121,
            40.81363,
            223.25
          ],
          [
            -90.395174,
            40.808909,
            226.25
          ],
          [
            -90.395198,
            40.805603,
            230
          ],
          [
            -90.395324,
            40.796787,
            222
          ],
          [
            -90.395357,
            40.794436,
            219.25
          ],
          [
            -90.395512,
            40.783191,
            206.75
          ],
          [
            -90.395632,
            40.780286,
            212
          ],
          [
            -90.396086,
            40.777162,
            205.25
          ],
          [
            -90.396788,
            40.772549,
            210
          ],
          [
            -90.396945,
            40.77154,
            207.25
          ],
          [
            -90.39712,
            40.770556,
            207
          ],
          [
            -90.397529,
            40.768791,
            213.25
          ],
          [
            -90.398131,
            40.766402,
            215
          ],
          [
            -90.398549,
            40.764489,
            209.5
          ],
          [
            -90.399882,
            40.758059,
            207.75
          ],
          [
            -90.400789,
            40.75339,
            206
          ],
          [
            -90.401833,
            40.74893,
            205
          ],
          [
            -90.40201,
            40.747329,
            204.5
          ],
          [
            -90.402339,
            40.743578,
            199.25
          ],
          [
            -90.402541,
            40.741453,
            201.25
          ],
          [
            -90.402793,
            40.738618,
            201.25
          ],
          [
            -90.402932,
            40.737537,
            200.75
          ],
          [
            -90.403189,
            40.736167,
            203
          ],
          [
            -90.403769,
            40.734611,
            203.75
          ],
          [
            -90.404046,
            40.733969,
            203
          ],
          [
            -90.404394,
            40.733334,
            202.5
          ],
          [
            -90.404767,
            40.732675,
            202.75
          ],
          [
            -90.405293,
            40.731861,
            203
          ],
          [
            -90.405879,
            40.730888,
            202
          ],
          [
            -90.406893,
            40.729262,
            201.5
          ],
          [
            -90.406983,
            40.729104,
            201.5
          ],
          [
            -90.407921,
            40.72765,
            199
          ],
          [
            -90.409246,
            40.725308,
            195.5
          ],
          [
            -90.409487,
            40.72483,
            194.75
          ],
          [
            -90.409681,
            40.724403,
            195.25
          ],
          [
            -90.410098,
            40.723375,
            194
          ],
          [
            -90.41031,
            40.722698,
            194
          ],
          [
            -90.410497,
            40.722015,
            194
          ],
          [
            -90.410555,
            40.721826,
            194
          ],
          [
            -90.410591,
            40.721644,
            194
          ],
          [
            -90.410699,
            40.721253,
            194.25
          ],
          [
            -90.41148,
            40.718154,
            198.25
          ],
          [
            -90.412388,
            40.714476,
            197
          ],
          [
            -90.41311,
            40.711628,
            195.75
          ],
          [
            -90.413659,
            40.709517,
            195.25
          ],
          [
            -90.413891,
            40.708812,
            195.5
          ],
          [
            -90.414043,
            40.708391,
            196
          ],
          [
            -90.414331,
            40.707665,
            194.25
          ],
          [
            -90.41473,
            40.706937,
            193
          ],
          [
            -90.424541,
            40.689293,
            178.75
          ],
          [
            -90.42503,
            40.688421,
            178.75
          ],
          [
            -90.425188,
            40.688164,
            178.5
          ],
          [
            -90.427024,
            40.684845,
            183.5
          ],
          [
            -90.427049,
            40.684787,
            183.5
          ],
          [
            -90.427662,
            40.683702,
            186.75
          ],
          [
            -90.428143,
            40.682857,
            187.25
          ],
          [
            -90.428394,
            40.68229,
            187.25
          ],
          [
            -90.42884,
            40.680933,
            188.25
          ],
          [
            -90.429357,
            40.677434,
            188
          ],
          [
            -90.429623,
            40.675399,
            188.25
          ],
          [
            -90.429773,
            40.674509,
            190.25
          ],
          [
            -90.429997,
            40.673774,
            190.25
          ],
          [
            -90.430286,
            40.673002,
            191.5
          ],
          [
            -90.430506,
            40.672476,
            192
          ],
          [
            -90.430648,
            40.672162,
            192.5
          ],
          [
            -90.430793,
            40.671891,
            193.25
          ],
          [
            -90.431402,
            40.670908,
            194.75
          ],
          [
            -90.432571,
            40.669107,
            193.5
          ],
          [
            -90.434095,
            40.666675,
            194
          ],
          [
            -90.43483,
            40.665572,
            195.25
          ],
          [
            -90.435661,
            40.664205,
            195.5
          ],
          [
            -90.436633,
            40.662691,
            199.5
          ],
          [
            -90.437286,
            40.661639,
            195
          ],
          [
            -90.437508,
            40.661294,
            195.75
          ],
          [
            -90.437909,
            40.660659,
            197.25
          ],
          [
            -90.43907,
            40.658848,
            195.5
          ],
          [
            -90.445392,
            40.648876,
            197
          ],
          [
            -90.449568,
            40.642283,
            198.5
          ],
          [
            -90.456348,
            40.631597,
            200
          ],
          [
            -90.458283,
            40.628542,
            199.5
          ],
          [
            -90.459013,
            40.627404,
            200.5
          ],
          [
            -90.459722,
            40.626255,
            201
          ],
          [
            -90.460324,
            40.625316,
            201.25
          ],
          [
            -90.460705,
            40.624726,
            202.25
          ],
          [
            -90.461467,
            40.623498,
            201.75
          ],
          [
            -90.462995,
            40.621104,
            204.5
          ],
          [
            -90.466683,
            40.615288,
            204.75
          ],
          [
            -90.467523,
            40.613977,
            205.75
          ],
          [
            -90.471679,
            40.60744,
            198.75
          ],
          [
            -90.473086,
            40.605187,
            196.75
          ],
          [
            -90.476611,
            40.599617,
            198
          ],
          [
            -90.479736,
            40.59469,
            195.75
          ],
          [
            -90.485703,
            40.585264,
            195.5
          ],
          [
            -90.487447,
            40.582548,
            195.75
          ],
          [
            -90.488053,
            40.581634,
            195.5
          ],
          [
            -90.488683,
            40.580654,
            195.5
          ],
          [
            -90.490758,
            40.577364,
            199
          ],
          [
            -90.492258,
            40.574996,
            198.5
          ],
          [
            -90.493013,
            40.573857,
            200.25
          ],
          [
            -90.493347,
            40.573387,
            201.75
          ],
          [
            -90.495197,
            40.570924,
            201.5
          ],
          [
            -90.498259,
            40.566853,
            201.75
          ],
          [
            -90.499453,
            40.565269,
            199.75
          ],
          [
            -90.500411,
            40.564003,
            200
          ],
          [
            -90.502174,
            40.561686,
            201
          ],
          [
            -90.503941,
            40.559299,
            199.75
          ],
          [
            -90.505837,
            40.556796,
            201
          ],
          [
            -90.50811,
            40.553793,
            201
          ],
          [
            -90.508864,
            40.552796,
            202.25
          ],
          [
            -90.509613,
            40.551796,
            200.75
          ],
          [
            -90.510571,
            40.550521,
            200.25
          ],
          [
            -90.511125,
            40.549794,
            201.25
          ],
          [
            -90.511875,
            40.548794,
            201.25
          ],
          [
            -90.512607,
            40.547793,
            200.25
          ],
          [
            -90.512709,
            40.547644,
            200.25
          ],
          [
            -90.513144,
            40.547128,
            199.75
          ],
          [
            -90.513536,
            40.546586,
            199.25
          ],
          [
            -90.514372,
            40.545495,
            198.75
          ],
          [
            -90.517262,
            40.541663,
            199.5
          ],
          [
            -90.519668,
            40.538456,
            196.5
          ],
          [
            -90.519804,
            40.538265,
            196.75
          ],
          [
            -90.520226,
            40.537561,
            196.5
          ],
          [
            -90.520304,
            40.537457,
            196.5
          ],
          [
            -90.520958,
            40.536606,
            196.75
          ],
          [
            -90.521681,
            40.535642,
            196.25
          ],
          [
            -90.521773,
            40.535509,
            196.5
          ],
          [
            -90.523649,
            40.533114,
            195.75
          ],
          [
            -90.525097,
            40.531252,
            194.5
          ],
          [
            -90.526735,
            40.529036,
            193.5
          ],
          [
            -90.527282,
            40.528331,
            191.5
          ],
          [
            -90.528141,
            40.527225,
            191.5
          ],
          [
            -90.53101,
            40.523408,
            190.5
          ],
          [
            -90.531822,
            40.522394,
            190.75
          ],
          [
            -90.534726,
            40.518459,
            190.25
          ],
          [
            -90.53579,
            40.517043,
            191.5
          ],
          [
            -90.536125,
            40.516613,
            192.5
          ],
          [
            -90.536204,
            40.516509,
            192.25
          ],
          [
            -90.536525,
            40.516104,
            192
          ],
          [
            -90.536807,
            40.515795,
            191.75
          ],
          [
            -90.537076,
            40.515481,
            191.5
          ],
          [
            -90.537536,
            40.515005,
            191.75
          ],
          [
            -90.538017,
            40.514534,
            191.75
          ],
          [
            -90.538512,
            40.514101,
            192
          ],
          [
            -90.539254,
            40.513466,
            191.75
          ],
          [
            -90.54195,
            40.511469,
            193.25
          ],
          [
            -90.544749,
            40.509351,
            196
          ],
          [
            -90.548244,
            40.506737,
            199.75
          ],
          [
            -90.54942,
            40.505852,
            200.75
          ],
          [
            -90.551211,
            40.504514,
            200
          ],
          [
            -90.555346,
            40.501406,
            201.5
          ],
          [
            -90.558269,
            40.499233,
            205.5
          ],
          [
            -90.559691,
            40.498136,
            204.5
          ],
          [
            -90.5615,
            40.496768,
            202.5
          ],
          [
            -90.563026,
            40.495629,
            206.25
          ],
          [
            -90.563827,
            40.495032,
            204.75
          ],
          [
            -90.564112,
            40.494819,
            204.25
          ],
          [
            -90.567983,
            40.491899,
            201.25
          ],
          [
            -90.570386,
            40.490096,
            200.75
          ],
          [
            -90.572325,
            40.488666,
            203
          ],
          [
            -90.573781,
            40.487533,
            203.25
          ],
          [
            -90.57665,
            40.485378,
            201
          ],
          [
            -90.578979,
            40.48367,
            201
          ],
          [
            -90.579857,
            40.483008,
            202.25
          ],
          [
            -90.580151,
            40.482803,
            202.25
          ],
          [
            -90.581455,
            40.482001,
            202.25
          ],
          [
            -90.582463,
            40.481459,
            201.5
          ],
          [
            -90.582755,
            40.48132,
            202
          ],
          [
            -90.583079,
            40.481156,
            203
          ],
          [
            -90.583396,
            40.481008,
            204
          ],
          [
            -90.584414,
            40.480552,
            202.5
          ],
          [
            -90.584983,
            40.480343,
            202
          ],
          [
            -90.585668,
            40.480116,
            202.75
          ],
          [
            -90.586261,
            40.479935,
            202.5
          ],
          [
            -90.586619,
            40.479819,
            202.5
          ],
          [
            -90.586971,
            40.479717,
            203
          ],
          [
            -90.587196,
            40.479667,
            203
          ],
          [
            -90.587495,
            40.479586,
            203.25
          ],
          [
            -90.588628,
            40.47933,
            203.5
          ],
          [
            -90.590468,
            40.478925,
            205
          ],
          [
            -90.595048,
            40.477939,
            205
          ],
          [
            -90.598245,
            40.477238,
            207.5
          ],
          [
            -90.599411,
            40.47699,
            205.75
          ],
          [
            -90.601349,
            40.476577,
            206.25
          ],
          [
            -90.605616,
            40.475632,
            204.75
          ],
          [
            -90.613697,
            40.473887,
            206.75
          ],
          [
            -90.616612,
            40.473245,
            207.75
          ],
          [
            -90.617314,
            40.473122,
            207
          ],
          [
            -90.621763,
            40.472152,
            208.5
          ],
          [
            -90.62638,
            40.471133,
            209.5
          ],
          [
            -90.628318,
            40.470711,
            210
          ],
          [
            -90.628788,
            40.470609,
            209.5
          ],
          [
            -90.633653,
            40.469549,
            210
          ],
          [
            -90.634274,
            40.469427,
            211
          ],
          [
            -90.634522,
            40.469372,
            211
          ],
          [
            -90.638004,
            40.468604,
            212.5
          ],
          [
            -90.642243,
            40.467691,
            211.75
          ],
          [
            -90.643641,
            40.467383,
            211.75
          ],
          [
            -90.645048,
            40.467084,
            211.5
          ],
          [
            -90.647533,
            40.466541,
            214
          ],
          [
            -90.647627,
            40.466521,
            214
          ],
          [
            -90.648446,
            40.466342,
            215
          ],
          [
            -90.649341,
            40.46616,
            215.5
          ],
          [
            -90.651088,
            40.465788,
            216
          ],
          [
            -90.65398,
            40.46516,
            217.75
          ],
          [
            -90.654872,
            40.46496,
            217
          ],
          [
            -90.656238,
            40.464672,
            215.75
          ],
          [
            -90.656662,
            40.464579,
            216
          ],
          [
            -90.657887,
            40.464295,
            217.75
          ],
          [
            -90.658125,
            40.464243,
            217.75
          ],
          [
            -90.660719,
            40.463683,
            217.25
          ],
          [
            -90.664624,
            40.462836,
            218
          ],
          [
            -90.667124,
            40.46229,
            216
          ],
          [
            -90.66861,
            40.461984,
            215
          ],
          [
            -90.670174,
            40.461631,
            215
          ],
          [
            -90.670989,
            40.461456,
            215.5
          ],
          [
            -90.671586,
            40.461328,
            215.25
          ],
          [
            -90.671689,
            40.461306,
            215.25
          ],
          [
            -90.671775,
            40.461287,
            215
          ],
          [
            -90.673209,
            40.460976,
            215.5
          ],
          [
            -90.674753,
            40.460638,
            215
          ],
          [
            -90.677523,
            40.460032,
            214.75
          ],
          [
            -90.677701,
            40.459993,
            214.75
          ],
          [
            -90.679235,
            40.459573,
            213
          ],
          [
            -90.67964,
            40.459467,
            213.75
          ],
          [
            -90.681687,
            40.458887,
            214.75
          ],
          [
            -90.685217,
            40.457883,
            214
          ],
          [
            -90.685614,
            40.457775,
            213.25
          ],
          [
            -90.687401,
            40.457276,
            211.75
          ],
          [
            -90.688279,
            40.457023,
            212.25
          ],
          [
            -90.689356,
            40.456706,
            212.25
          ],
          [
            -90.689966,
            40.456543,
            213.75
          ],
          [
            -90.69418,
            40.455335,
            213
          ],
          [
            -90.699168,
            40.453936,
            211.25
          ],
          [
            -90.702296,
            40.453041,
            211.25
          ],
          [
            -90.704807,
            40.452334,
            211.25
          ],
          [
            -90.705377,
            40.452167,
            211.5
          ],
          [
            -90.706155,
            40.45195,
            211.5
          ],
          [
            -90.707864,
            40.451494,
            208.5
          ],
          [
            -90.708771,
            40.451278,
            210
          ],
          [
            -90.709996,
            40.450971,
            210.75
          ],
          [
            -90.711883,
            40.450511,
            210.75
          ],
          [
            -90.714527,
            40.449863,
            211.75
          ],
          [
            -90.717051,
            40.44923,
            210.5
          ],
          [
            -90.718704,
            40.448825,
            209
          ],
          [
            -90.719178,
            40.448709,
            208.75
          ],
          [
            -90.724177,
            40.447481,
            209.75
          ],
          [
            -90.733917,
            40.445091,
            208.25
          ],
          [
            -90.736617,
            40.444422,
            210.5
          ],
          [
            -90.736981,
            40.444339,
            210.25
          ],
          [
            -90.737263,
            40.44427,
            210
          ],
          [
            -90.737858,
            40.444123,
            209
          ],
          [
            -90.738998,
            40.443842,
            209.25
          ],
          [
            -90.739264,
            40.443774,
            209.5
          ],
          [
            -90.744278,
            40.44256,
            209.75
          ],
          [
            -90.74685,
            40.441916,
            208.25
          ],
          [
            -90.74769,
            40.441695,
            207.75
          ],
          [
            -90.74821,
            40.441539,
            207.25
          ],
          [
            -90.748599,
            40.44144,
            208
          ],
          [
            -90.749885,
            40.441043,
            209
          ],
          [
            -90.75158,
            40.44046,
            209.75
          ],
          [
            -90.752249,
            40.440205,
            209.25
          ],
          [
            -90.753286,
            40.439791,
            209
          ],
          [
            -90.754345,
            40.439368,
            208.25
          ],
          [
            -90.757818,
            40.437949,
            208
          ],
          [
            -90.762764,
            40.435933,
            207
          ],
          [
            -90.766339,
            40.434492,
            208.75
          ],
          [
            -90.772383,
            40.432009,
            209
          ],
          [
            -90.777608,
            40.429886,
            209.75
          ],
          [
            -90.778263,
            40.429614,
            209
          ],
          [
            -90.780748,
            40.428606,
            211.5
          ],
          [
            -90.781746,
            40.42822,
            211
          ],
          [
            -90.782403,
            40.427978,
            211.75
          ],
          [
            -90.783438,
            40.42763,
            213.75
          ],
          [
            -90.783933,
            40.427476,
            212.5
          ],
          [
            -90.784587,
            40.427279,
            212.5
          ],
          [
            -90.791608,
            40.425274,
            214
          ],
          [
            -90.792671,
            40.424972,
            213.75
          ],
          [
            -90.794194,
            40.424539,
            213
          ],
          [
            -90.796926,
            40.423757,
            211.75
          ],
          [
            -90.797866,
            40.423498,
            212.5
          ],
          [
            -90.800911,
            40.422616,
            212
          ],
          [
            -90.805072,
            40.421421,
            211.25
          ],
          [
            -90.806677,
            40.420967,
            209.75
          ],
          [
            -90.811997,
            40.419461,
            209.25
          ],
          [
            -90.814977,
            40.418581,
            210
          ],
          [
            -90.816317,
            40.418209,
            209.75
          ],
          [
            -90.819972,
            40.417162,
            207.25
          ],
          [
            -90.820139,
            40.417115,
            207.25
          ],
          [
            -90.827653,
            40.414961,
            208
          ],
          [
            -90.830416,
            40.414161,
            207.5
          ],
          [
            -90.834334,
            40.413045,
            210.5
          ],
          [
            -90.834509,
            40.412995,
            210
          ],
          [
            -90.838201,
            40.41194,
            208
          ],
          [
            -90.83933,
            40.41159,
            208.25
          ],
          [
            -90.839763,
            40.411454,
            208.75
          ],
          [
            -90.840219,
            40.411296,
            208.75
          ],
          [
            -90.841351,
            40.410846,
            208.5
          ],
          [
            -90.841712,
            40.410692,
            208.5
          ],
          [
            -90.844297,
            40.409449,
            206.75
          ],
          [
            -90.844926,
            40.409132,
            206.75
          ],
          [
            -90.848887,
            40.407183,
            205.25
          ],
          [
            -90.850512,
            40.40637,
            203
          ],
          [
            -90.853591,
            40.404843,
            200.75
          ],
          [
            -90.856594,
            40.403381,
            201.75
          ],
          [
            -90.858192,
            40.402575,
            201.25
          ],
          [
            -90.859435,
            40.401988,
            200.25
          ],
          [
            -90.860904,
            40.401221,
            198
          ],
          [
            -90.861431,
            40.400917,
            198.75
          ],
          [
            -90.861864,
            40.400653,
            199.5
          ],
          [
            -90.8627,
            40.400104,
            200.25
          ],
          [
            -90.863854,
            40.399213,
            195.5
          ],
          [
            -90.864659,
            40.398514,
            197.5
          ],
          [
            -90.864936,
            40.398269,
            197.75
          ],
          [
            -90.866084,
            40.397024,
            195.5
          ],
          [
            -90.866405,
            40.396636,
            194.25
          ],
          [
            -90.866792,
            40.396095,
            195.25
          ],
          [
            -90.867436,
            40.39511,
            197.5
          ],
          [
            -90.868561,
            40.393081,
            196
          ],
          [
            -90.86927,
            40.391827,
            196.75
          ],
          [
            -90.870656,
            40.389231,
            195
          ],
          [
            -90.871551,
            40.387625,
            191.25
          ],
          [
            -90.872832,
            40.385255,
            191.25
          ],
          [
            -90.874128,
            40.38288,
            189.5
          ],
          [
            -90.876466,
            40.378583,
            188.75
          ],
          [
            -90.877832,
            40.376098,
            191
          ],
          [
            -90.8793,
            40.373399,
            186.75
          ],
          [
            -90.880398,
            40.371414,
            184.75
          ],
          [
            -90.882382,
            40.367734,
            181.5
          ],
          [
            -90.883217,
            40.366142,
            178.75
          ],
          [
            -90.883436,
            40.365665,
            178.25
          ],
          [
            -90.883726,
            40.365003,
            179.75
          ],
          [
            -90.883791,
            40.364854,
            179.5
          ],
          [
            -90.883913,
            40.364504,
            178.25
          ],
          [
            -90.884484,
            40.362343,
            175
          ],
          [
            -90.885062,
            40.360033,
            173
          ],
          [
            -90.885492,
            40.358181,
            170.75
          ],
          [
            -90.88565,
            40.35758,
            172.25
          ],
          [
            -90.88631,
            40.354871,
            170.25
          ],
          [
            -90.886741,
            40.353193,
            170.5
          ],
          [
            -90.887066,
            40.351853,
            170.25
          ],
          [
            -90.887275,
            40.351158,
            170.25
          ],
          [
            -90.887499,
            40.350492,
            170.75
          ],
          [
            -90.887845,
            40.349623,
            169.5
          ],
          [
            -90.888367,
            40.348623,
            166
          ],
          [
            -90.889226,
            40.347182,
            160
          ],
          [
            -90.890292,
            40.345617,
            168.25
          ],
          [
            -90.890617,
            40.345115,
            169.25
          ],
          [
            -90.89167,
            40.343505,
            167.5
          ],
          [
            -90.892693,
            40.341932,
            167
          ],
          [
            -90.8948,
            40.33872,
            168.25
          ],
          [
            -90.897315,
            40.334821,
            163
          ],
          [
            -90.897731,
            40.334098,
            157.75
          ],
          [
            -90.898753,
            40.33237,
            157.5
          ],
          [
            -90.899189,
            40.331575,
            160
          ],
          [
            -90.90012,
            40.329774,
            160.5
          ],
          [
            -90.900947,
            40.327984,
            164
          ],
          [
            -90.901215,
            40.327352,
            165.5
          ],
          [
            -90.901407,
            40.32692,
            166
          ],
          [
            -90.901805,
            40.325925,
            166.25
          ],
          [
            -90.902069,
            40.325235,
            167.75
          ],
          [
            -90.90235,
            40.324467,
            169.75
          ],
          [
            -90.902923,
            40.32277,
            171
          ],
          [
            -90.903492,
            40.321102,
            172.5
          ],
          [
            -90.905247,
            40.315864,
            183.5
          ],
          [
            -90.906055,
            40.313366,
            183
          ],
          [
            -90.906269,
            40.312706,
            181.75
          ],
          [
            -90.906624,
            40.311677,
            177
          ],
          [
            -90.907085,
            40.310276,
            178
          ],
          [
            -90.907899,
            40.307874,
            183.5
          ],
          [
            -90.908401,
            40.306359,
            183.75
          ],
          [
            -90.90967,
            40.302597,
            185
          ],
          [
            -90.909945,
            40.301847,
            186.25
          ],
          [
            -90.910272,
            40.301045,
            188.5
          ],
          [
            -90.910986,
            40.299508,
            188
          ],
          [
            -90.911512,
            40.298506,
            187.5
          ],
          [
            -90.913478,
            40.294951,
            190
          ],
          [
            -90.913961,
            40.294057,
            191.75
          ],
          [
            -90.914232,
            40.293529,
            192.75
          ],
          [
            -90.914514,
            40.292945,
            193.75
          ],
          [
            -90.914982,
            40.291788,
            196.5
          ],
          [
            -90.915157,
            40.291239,
            196.5
          ],
          [
            -90.915321,
            40.290689,
            195.75
          ],
          [
            -90.91554,
            40.289764,
            194.75
          ],
          [
            -90.915698,
            40.288764,
            195.75
          ],
          [
            -90.915881,
            40.28716,
            196
          ],
          [
            -90.916025,
            40.285865,
            196.75
          ],
          [
            -90.916179,
            40.284617,
            197.25
          ],
          [
            -90.916411,
            40.28342,
            198.75
          ],
          [
            -90.916742,
            40.282266,
            196.5
          ],
          [
            -90.917103,
            40.281394,
            195.5
          ],
          [
            -90.917445,
            40.280629,
            193.75
          ],
          [
            -90.917997,
            40.27962,
            194
          ],
          [
            -90.918471,
            40.278906,
            193.25
          ],
          [
            -90.919164,
            40.277979,
            190.75
          ],
          [
            -90.920301,
            40.276714,
            187
          ],
          [
            -90.921262,
            40.275818,
            191.5
          ],
          [
            -90.924092,
            40.273614,
            194.25
          ],
          [
            -90.928091,
            40.270561,
            197.25
          ],
          [
            -90.929055,
            40.269781,
            197.75
          ],
          [
            -90.929981,
            40.268933,
            198
          ],
          [
            -90.931123,
            40.267665,
            196.25
          ],
          [
            -90.932264,
            40.266298,
            198
          ],
          [
            -90.935392,
            40.26248,
            197.75
          ],
          [
            -90.937252,
            40.260224,
            194.75
          ],
          [
            -90.937478,
            40.25995,
            195
          ],
          [
            -90.941046,
            40.255615,
            203
          ],
          [
            -90.941532,
            40.254914,
            203.25
          ],
          [
            -90.9436,
            40.252397,
            203
          ],
          [
            -90.944513,
            40.251242,
            204.5
          ],
          [
            -90.945376,
            40.250045,
            205
          ],
          [
            -90.945984,
            40.249116,
            205.75
          ],
          [
            -90.946289,
            40.248602,
            205.75
          ],
          [
            -90.946947,
            40.247449,
            204.75
          ],
          [
            -90.94817,
            40.244804,
            204
          ],
          [
            -90.949236,
            40.242055,
            205.75
          ],
          [
            -90.949615,
            40.2411,
            206
          ],
          [
            -90.950116,
            40.239837,
            207.75
          ],
          [
            -90.951041,
            40.237451,
            205.25
          ],
          [
            -90.951382,
            40.23659,
            206
          ],
          [
            -90.951693,
            40.235981,
            206.75
          ],
          [
            -90.952814,
            40.233075,
            205
          ],
          [
            -90.95289,
            40.23288,
            205
          ],
          [
            -90.953409,
            40.231609,
            203.25
          ],
          [
            -90.953858,
            40.230391,
            204.5
          ],
          [
            -90.953932,
            40.23022,
            204
          ],
          [
            -90.954206,
            40.229579,
            202.75
          ],
          [
            -90.954687,
            40.228323,
            204.75
          ],
          [
            -90.95678,
            40.222967,
            203.5
          ],
          [
            -90.959711,
            40.215489,
            202
          ],
          [
            -90.960084,
            40.214521,
            202
          ],
          [
            -90.961496,
            40.210965,
            198
          ],
          [
            -90.961985,
            40.209827,
            192.25
          ],
          [
            -90.962537,
            40.208779,
            195
          ],
          [
            -90.962804,
            40.208216,
            197.5
          ],
          [
            -90.967436,
            40.199724,
            205
          ],
          [
            -90.9682,
            40.198369,
            204
          ],
          [
            -90.968994,
            40.197087,
            206.25
          ],
          [
            -90.971323,
            40.193763,
            207.75
          ],
          [
            -90.971413,
            40.193646,
            207.5
          ],
          [
            -90.975178,
            40.188297,
            207.5
          ],
          [
            -90.977422,
            40.185103,
            209.75
          ],
          [
            -90.977923,
            40.184375,
            209.25
          ],
          [
            -90.980133,
            40.181211,
            205
          ],
          [
            -90.980783,
            40.180294,
            205.25
          ],
          [
            -90.981549,
            40.179215,
            205.75
          ],
          [
            -90.984357,
            40.175227,
            209.25
          ],
          [
            -90.988389,
            40.169479,
            210.5
          ],
          [
            -90.991731,
            40.16471,
            210.5
          ],
          [
            -90.992887,
            40.163054,
            210.5
          ],
          [
            -90.99513,
            40.159887,
            212.5
          ],
          [
            -90.997364,
            40.156674,
            213
          ],
          [
            -90.998265,
            40.155409,
            214.25
          ],
          [
            -90.998763,
            40.154672,
            215
          ],
          [
            -90.999068,
            40.154168,
            215
          ],
          [
            -90.999449,
            40.153502,
            214.5
          ],
          [
            -90.999964,
            40.152332,
            214.25
          ],
          [
            -91.000715,
            40.150348,
            216
          ],
          [
            -91.00171,
            40.147642,
            216.25
          ],
          [
            -91.00237,
            40.145854,
            215.75
          ],
          [
            -91.003052,
            40.143994,
            216.25
          ],
          [
            -91.004221,
            40.140857,
            214
          ],
          [
            -91.004711,
            40.139573,
            214.5
          ],
          [
            -91.005144,
            40.138357,
            214.25
          ],
          [
            -91.006133,
            40.135677,
            216.25
          ],
          [
            -91.006674,
            40.134232,
            216
          ],
          [
            -91.007284,
            40.132543,
            218.25
          ],
          [
            -91.008215,
            40.130039,
            218.75
          ],
          [
            -91.008475,
            40.129341,
            218.75
          ],
          [
            -91.009619,
            40.126201,
            217.5
          ],
          [
            -91.011534,
            40.121056,
            219.5
          ],
          [
            -91.014528,
            40.112946,
            218.25
          ],
          [
            -91.01536,
            40.110706,
            220.25
          ],
          [
            -91.015891,
            40.109308,
            220
          ],
          [
            -91.015935,
            40.109192,
            220
          ],
          [
            -91.016169,
            40.108566,
            221.25
          ],
          [
            -91.016283,
            40.108204,
            221
          ],
          [
            -91.016958,
            40.106405,
            221
          ],
          [
            -91.017297,
            40.105507,
            218.75
          ],
          [
            -91.017616,
            40.104813,
            218.25
          ],
          [
            -91.018053,
            40.104003,
            219.75
          ],
          [
            -91.01882,
            40.10282,
            218
          ],
          [
            -91.020962,
            40.099578,
            217
          ],
          [
            -91.02317,
            40.096268,
            218
          ],
          [
            -91.02576,
            40.092378,
            216
          ],
          [
            -91.027569,
            40.089647,
            216.5
          ],
          [
            -91.028026,
            40.088974,
            216
          ],
          [
            -91.029371,
            40.086945,
            214.25
          ],
          [
            -91.029595,
            40.086618,
            214.25
          ],
          [
            -91.02982,
            40.08629,
            214
          ],
          [
            -91.030814,
            40.084776,
            212.75
          ],
          [
            -91.032661,
            40.081991,
            215.5
          ],
          [
            -91.032729,
            40.081902,
            215.5
          ],
          [
            -91.03276,
            40.081867,
            215.25
          ],
          [
            -91.035516,
            40.077694,
            213.25
          ],
          [
            -91.036597,
            40.076068,
            212.75
          ],
          [
            -91.038637,
            40.072973,
            217
          ],
          [
            -91.03993,
            40.071047,
            217
          ],
          [
            -91.040261,
            40.070522,
            217.75
          ],
          [
            -91.044281,
            40.064467,
            220.5
          ],
          [
            -91.045791,
            40.062184,
            221
          ],
          [
            -91.046707,
            40.060782,
            219
          ],
          [
            -91.049769,
            40.056165,
            222.75
          ],
          [
            -91.050117,
            40.055648,
            223.25
          ],
          [
            -91.051847,
            40.053014,
            225
          ],
          [
            -91.053795,
            40.050096,
            223.25
          ],
          [
            -91.054672,
            40.04877,
            224
          ],
          [
            -91.055287,
            40.04784,
            224.5
          ],
          [
            -91.05531,
            40.047805,
            224.5
          ],
          [
            -91.056646,
            40.045815,
            228.75
          ],
          [
            -91.057022,
            40.045292,
            227.75
          ],
          [
            -91.057282,
            40.044982,
            227
          ],
          [
            -91.057577,
            40.044668,
            227
          ],
          [
            -91.058054,
            40.044201,
            228.25
          ],
          [
            -91.058435,
            40.043877,
            228.5
          ],
          [
            -91.058752,
            40.043637,
            228.25
          ],
          [
            -91.059106,
            40.043392,
            228
          ],
          [
            -91.059618,
            40.04307,
            227.25
          ],
          [
            -91.059999,
            40.042856,
            227
          ],
          [
            -91.060737,
            40.042503,
            227
          ],
          [
            -91.061166,
            40.042327,
            227.25
          ],
          [
            -91.06171,
            40.042132,
            227.25
          ],
          [
            -91.062298,
            40.041955,
            227
          ],
          [
            -91.062764,
            40.041836,
            226.75
          ],
          [
            -91.063121,
            40.041758,
            226.25
          ],
          [
            -91.063489,
            40.04169,
            226.25
          ],
          [
            -91.06381,
            40.041639,
            226.5
          ],
          [
            -91.064234,
            40.041581,
            227
          ],
          [
            -91.064618,
            40.04154,
            227.75
          ],
          [
            -91.065007,
            40.041514,
            228.5
          ],
          [
            -91.065484,
            40.041497,
            228
          ],
          [
            -91.066181,
            40.041491,
            226.5
          ],
          [
            -91.06675,
            40.041495,
            224.5
          ],
          [
            -91.068451,
            40.041522,
            223.25
          ],
          [
            -91.069505,
            40.041534,
            224
          ],
          [
            -91.079133,
            40.041678,
            222.75
          ],
          [
            -91.081247,
            40.041711,
            222.75
          ],
          [
            -91.083181,
            40.041731,
            219.25
          ],
          [
            -91.08393,
            40.041729,
            219.5
          ],
          [
            -91.084514,
            40.041711,
            219.75
          ],
          [
            -91.08511,
            40.041678,
            220
          ],
          [
            -91.086277,
            40.041575,
            221.5
          ],
          [
            -91.086862,
            40.041513,
            221.75
          ],
          [
            -91.08876,
            40.041294,
            221.75
          ],
          [
            -91.091375,
            40.040996,
            222.5
          ],
          [
            -91.097688,
            40.040272,
            223
          ],
          [
            -91.108316,
            40.039057,
            224.5
          ],
          [
            -91.114749,
            40.038323,
            225.5
          ],
          [
            -91.115478,
            40.038211,
            225.25
          ],
          [
            -91.116145,
            40.038073,
            224.75
          ],
          [
            -91.116803,
            40.037897,
            224.5
          ],
          [
            -91.117527,
            40.037657,
            225
          ],
          [
            -91.118349,
            40.037318,
            225.75
          ],
          [
            -91.119034,
            40.036973,
            226
          ],
          [
            -91.119547,
            40.036662,
            227
          ],
          [
            -91.120174,
            40.036243,
            227.25
          ],
          [
            -91.124451,
            40.032948,
            228
          ],
          [
            -91.125792,
            40.031965,
            227
          ],
          [
            -91.126287,
            40.031653,
            226.25
          ],
          [
            -91.126818,
            40.031363,
            226.5
          ],
          [
            -91.127393,
            40.031073,
            227
          ],
          [
            -91.128004,
            40.030839,
            227.25
          ],
          [
            -91.128355,
            40.03072,
            226.75
          ],
          [
            -91.129008,
            40.03051,
            227.5
          ],
          [
            -91.129649,
            40.030354,
            228.25
          ],
          [
            -91.130406,
            40.030215,
            230
          ],
          [
            -91.131148,
            40.030126,
            230.75
          ],
          [
            -91.131624,
            40.0301,
            231
          ],
          [
            -91.132368,
            40.030072,
            230
          ],
          [
            -91.138518,
            40.030136,
            231
          ],
          [
            -91.139853,
            40.030147,
            232.5
          ],
          [
            -91.141104,
            40.030188,
            231.5
          ],
          [
            -91.141799,
            40.030244,
            231.5
          ],
          [
            -91.14281,
            40.030339,
            231
          ],
          [
            -91.143674,
            40.030447,
            231
          ],
          [
            -91.147502,
            40.031003,
            231.75
          ],
          [
            -91.149886,
            40.031358,
            231.5
          ],
          [
            -91.156367,
            40.032313,
            230.25
          ],
          [
            -91.157008,
            40.032391,
            230.25
          ],
          [
            -91.158105,
            40.032481,
            230
          ],
          [
            -91.158922,
            40.032516,
            231.25
          ],
          [
            -91.159939,
            40.032543,
            232.75
          ],
          [
            -91.160462,
            40.032535,
            233
          ],
          [
            -91.161009,
            40.032514,
            233
          ],
          [
            -91.162221,
            40.03243,
            232.25
          ],
          [
            -91.162753,
            40.032376,
            231.75
          ],
          [
            -91.163257,
            40.032315,
            231
          ],
          [
            -91.163877,
            40.032231,
            231.25
          ],
          [
            -91.164593,
            40.032103,
            230
          ],
          [
            -91.165349,
            40.031953,
            228.75
          ],
          [
            -91.166253,
            40.031742,
            229.75
          ],
          [
            -91.166908,
            40.031563,
            230.25
          ],
          [
            -91.167648,
            40.03135,
            228.5
          ],
          [
            -91.173463,
            40.029649,
            223
          ],
          [
            -91.176674,
            40.028694,
            222.75
          ],
          [
            -91.183138,
            40.0268,
            217.5
          ],
          [
            -91.188853,
            40.025112,
            223.75
          ],
          [
            -91.196055,
            40.023002,
            226
          ],
          [
            -91.196617,
            40.022833,
            227
          ],
          [
            -91.200073,
            40.021813,
            226
          ],
          [
            -91.202074,
            40.021214,
            225.75
          ],
          [
            -91.204742,
            40.02044,
            227.5
          ],
          [
            -91.207088,
            40.019749,
            226.25
          ],
          [
            -91.210233,
            40.018812,
            223
          ],
          [
            -91.2114,
            40.018451,
            221.25
          ],
          [
            -91.217436,
            40.016413,
            218
          ],
          [
            -91.223719,
            40.014266,
            224
          ],
          [
            -91.227102,
            40.013114,
            227
          ],
          [
            -91.227949,
            40.012835,
            226.25
          ],
          [
            -91.228454,
            40.012675,
            225.5
          ],
          [
            -91.229113,
            40.012479,
            225.75
          ],
          [
            -91.229615,
            40.012342,
            225.25
          ],
          [
            -91.230229,
            40.01219,
            224.25
          ],
          [
            -91.23083,
            40.01206,
            223.75
          ],
          [
            -91.231388,
            40.011947,
            224.5
          ],
          [
            -91.231959,
            40.011844,
            224
          ],
          [
            -91.239013,
            40.010764,
            223.5
          ],
          [
            -91.239703,
            40.010647,
            223.25
          ],
          [
            -91.240226,
            40.010544,
            222.5
          ],
          [
            -91.240926,
            40.010386,
            222.25
          ],
          [
            -91.241639,
            40.010215,
            222
          ],
          [
            -91.242278,
            40.010043,
            221.25
          ],
          [
            -91.244112,
            40.009492,
            217.25
          ],
          [
            -91.245142,
            40.00919,
            215.5
          ],
          [
            -91.249486,
            40.007893,
            222
          ],
          [
            -91.25042,
            40.007623,
            224.25
          ],
          [
            -91.251319,
            40.0074,
            223
          ],
          [
            -91.252116,
            40.007234,
            221
          ],
          [
            -91.253184,
            40.007041,
            218.75
          ],
          [
            -91.254119,
            40.006906,
            218.25
          ],
          [
            -91.255069,
            40.0068,
            220.75
          ],
          [
            -91.255543,
            40.006757,
            220.25
          ],
          [
            -91.256204,
            40.006713,
            220.75
          ],
          [
            -91.262961,
            40.006398,
            220
          ],
          [
            -91.263574,
            40.006363,
            220
          ],
          [
            -91.264277,
            40.00631,
            219.5
          ],
          [
            -91.264803,
            40.006257,
            219.5
          ],
          [
            -91.265638,
            40.006152,
            219.75
          ],
          [
            -91.266399,
            40.00604,
            219.5
          ],
          [
            -91.266942,
            40.005939,
            219.5
          ],
          [
            -91.267568,
            40.005808,
            220
          ],
          [
            -91.26808,
            40.00569,
            220
          ],
          [
            -91.268771,
            40.005518,
            219.25
          ],
          [
            -91.270816,
            40.004916,
            217.75
          ],
          [
            -91.274744,
            40.003703,
            217
          ],
          [
            -91.277524,
            40.002836,
            211.75
          ],
          [
            -91.279082,
            40.00236,
            213.25
          ],
          [
            -91.281802,
            40.001522,
            216.25
          ],
          [
            -91.283026,
            40.001143,
            219.25
          ],
          [
            -91.284452,
            40.000689,
            220.5
          ],
          [
            -91.285283,
            40.000409,
            219.5
          ],
          [
            -91.285938,
            40.000163,
            219
          ],
          [
            -91.286445,
            39.999957,
            218.75
          ],
          [
            -91.287066,
            39.999683,
            218.5
          ],
          [
            -91.287544,
            39.999455,
            218.25
          ],
          [
            -91.288017,
            39.99921,
            217.25
          ],
          [
            -91.288514,
            39.998938,
            217
          ],
          [
            -91.288903,
            39.998704,
            217.25
          ],
          [
            -91.289265,
            39.998498,
            217.25
          ],
          [
            -91.289633,
            39.99827,
            216.25
          ],
          [
            -91.289993,
            39.998033,
            215.25
          ],
          [
            -91.296158,
            39.993718,
            217.5
          ],
          [
            -91.297079,
            39.99306,
            218.5
          ],
          [
            -91.2972,
            39.992977,
            218.75
          ],
          [
            -91.297886,
            39.992453,
            219
          ],
          [
            -91.298297,
            39.992152,
            219
          ],
          [
            -91.300875,
            39.990342,
            219.25
          ],
          [
            -91.308785,
            39.984759,
            223.5
          ],
          [
            -91.31,
            39.983913,
            224.75
          ],
          [
            -91.310991,
            39.983207,
            224
          ],
          [
            -91.3135,
            39.981439,
            222.75
          ],
          [
            -91.316282,
            39.979486,
            219.25
          ],
          [
            -91.316606,
            39.979268,
            219
          ],
          [
            -91.317205,
            39.978891,
            219.75
          ],
          [
            -91.317737,
            39.978527,
            219.75
          ],
          [
            -91.317895,
            39.978419,
            219.75
          ],
          [
            -91.318921,
            39.977688,
            221.5
          ],
          [
            -91.320951,
            39.976259,
            224.25
          ],
          [
            -91.321796,
            39.975676,
            224.5
          ],
          [
            -91.322293,
            39.975354,
            222
          ],
          [
            -91.322884,
            39.974995,
            222.75
          ],
          [
            -91.323571,
            39.974609,
            224.25
          ],
          [
            -91.324207,
            39.974279,
            224.75
          ],
          [
            -91.324814,
            39.973991,
            224.25
          ],
          [
            -91.325429,
            39.973726,
            223.75
          ],
          [
            -91.32611,
            39.973452,
            223.5
          ],
          [
            -91.326641,
            39.973256,
            223
          ],
          [
            -91.327313,
            39.973032,
            224
          ],
          [
            -91.327865,
            39.972859,
            224.75
          ],
          [
            -91.328441,
            39.972695,
            223.25
          ],
          [
            -91.329003,
            39.972554,
            217.75
          ],
          [
            -91.329522,
            39.972432,
            218
          ],
          [
            -91.330187,
            39.972287,
            221
          ],
          [
            -91.333903,
            39.971496,
            217.75
          ],
          [
            -91.335127,
            39.971242,
            216.5
          ],
          [
            -91.336268,
            39.970964,
            216
          ],
          [
            -91.337055,
            39.97076,
            213.75
          ],
          [
            -91.33784,
            39.970539,
            213
          ],
          [
            -91.342092,
            39.969202,
            209.25
          ],
          [
            -91.348679,
            39.967091,
            206
          ],
          [
            -91.351228,
            39.966284,
            206
          ],
          [
            -91.353505,
            39.965545,
            202.5
          ],
          [
            -91.354251,
            39.965291,
            199.5
          ],
          [
            -91.355003,
            39.964995,
            198.75
          ],
          [
            -91.355682,
            39.964706,
            198.5
          ],
          [
            -91.35634,
            39.9644,
            199.25
          ],
          [
            -91.357274,
            39.963914,
            204.5
          ],
          [
            -91.357682,
            39.963687,
            204
          ],
          [
            -91.357982,
            39.96351,
            203
          ],
          [
            -91.358836,
            39.962987,
            201.25
          ],
          [
            -91.361104,
            39.961528,
            199.5
          ],
          [
            -91.361887,
            39.961006,
            197
          ],
          [
            -91.362514,
            39.960599,
            194.25
          ],
          [
            -91.363593,
            39.959918,
            193.75
          ],
          [
            -91.367449,
            39.957409,
            191.5
          ],
          [
            -91.367534,
            39.957354,
            191.5
          ],
          [
            -91.367712,
            39.957242,
            191.75
          ],
          [
            -91.36859,
            39.95668,
            192
          ],
          [
            -91.368607,
            39.956671,
            188.75
          ],
          [
            -91.36859,
            39.95668,
            192
          ],
          [
            -91.367712,
            39.957242,
            191.75
          ],
          [
            -91.367534,
            39.957354,
            191.5
          ],
          [
            -91.367449,
            39.957409,
            191.5
          ],
          [
            -91.363593,
            39.959918,
            193.75
          ],
          [
            -91.362514,
            39.960599,
            194.25
          ],
          [
            -91.361887,
            39.961006,
            197
          ],
          [
            -91.361104,
            39.961528,
            199.5
          ],
          [
            -91.358836,
            39.962987,
            201.25
          ],
          [
            -91.357982,
            39.96351,
            203
          ],
          [
            -91.357682,
            39.963687,
            204
          ],
          [
            -91.357274,
            39.963914,
            204.5
          ],
          [
            -91.35634,
            39.9644,
            199.25
          ],
          [
            -91.355682,
            39.964706,
            198.5
          ],
          [
            -91.355003,
            39.964995,
            198.75
          ],
          [
            -91.354251,
            39.965291,
            199.5
          ],
          [
            -91.353505,
            39.965545,
            202.5
          ],
          [
            -91.351228,
            39.966284,
            206
          ],
          [
            -91.348679,
            39.967091,
            206
          ],
          [
            -91.342092,
            39.969202,
            209.25
          ],
          [
            -91.33784,
            39.970539,
            213
          ],
          [
            -91.337055,
            39.97076,
            213.75
          ],
          [
            -91.336268,
            39.970964,
            216
          ],
          [
            -91.335127,
            39.971242,
            216.5
          ],
          [
            -91.333903,
            39.971496,
            217.75
          ],
          [
            -91.330187,
            39.972287,
            221
          ],
          [
            -91.329522,
            39.972432,
            218
          ],
          [
            -91.329003,
            39.972554,
            217.75
          ],
          [
            -91.328441,
            39.972695,
            223.25
          ],
          [
            -91.327865,
            39.972859,
            224.75
          ],
          [
            -91.327313,
            39.973032,
            224
          ],
          [
            -91.326641,
            39.973256,
            223
          ],
          [
            -91.32611,
            39.973452,
            223.5
          ],
          [
            -91.325429,
            39.973726,
            223.75
          ],
          [
            -91.324814,
            39.973991,
            224.25
          ],
          [
            -91.324207,
            39.974279,
            224.75
          ],
          [
            -91.323571,
            39.974609,
            224.25
          ],
          [
            -91.322884,
            39.974995,
            222.75
          ],
          [
            -91.322293,
            39.975354,
            222
          ],
          [
            -91.321796,
            39.975676,
            224.5
          ],
          [
            -91.320951,
            39.976259,
            224.25
          ],
          [
            -91.318921,
            39.977688,
            221.5
          ],
          [
            -91.317895,
            39.978419,
            219.75
          ],
          [
            -91.317737,
            39.978527,
            219.75
          ],
          [
            -91.317205,
            39.978891,
            219.75
          ],
          [
            -91.316606,
            39.979268,
            219
          ],
          [
            -91.316282,
            39.979486,
            219.25
          ],
          [
            -91.3135,
            39.981439,
            222.75
          ],
          [
            -91.310991,
            39.983207,
            224
          ],
          [
            -91.31,
            39.983913,
            224.75
          ],
          [
            -91.308785,
            39.984759,
            223.5
          ],
          [
            -91.300875,
            39.990342,
            219.25
          ],
          [
            -91.298297,
            39.992152,
            219
          ],
          [
            -91.297886,
            39.992453,
            219
          ],
          [
            -91.2972,
            39.992977,
            218.75
          ],
          [
            -91.297079,
            39.99306,
            218.5
          ],
          [
            -91.296158,
            39.993718,
            217.5
          ],
          [
            -91.289993,
            39.998033,
            215.25
          ],
          [
            -91.289633,
            39.99827,
            216.25
          ],
          [
            -91.289265,
            39.998498,
            217.25
          ],
          [
            -91.288903,
            39.998704,
            217.25
          ],
          [
            -91.288514,
            39.998938,
            217
          ],
          [
            -91.288017,
            39.99921,
            217.25
          ],
          [
            -91.287544,
            39.999455,
            218.25
          ],
          [
            -91.287066,
            39.999683,
            218.5
          ],
          [
            -91.286445,
            39.999957,
            218.75
          ],
          [
            -91.285938,
            40.000163,
            219
          ],
          [
            -91.285283,
            40.000409,
            219.5
          ],
          [
            -91.284452,
            40.000689,
            220.5
          ],
          [
            -91.283026,
            40.001143,
            219.25
          ],
          [
            -91.281802,
            40.001522,
            216.25
          ],
          [
            -91.279082,
            40.00236,
            213.25
          ],
          [
            -91.277524,
            40.002836,
            211.75
          ],
          [
            -91.274744,
            40.003703,
            217
          ],
          [
            -91.270816,
            40.004916,
            217.75
          ],
          [
            -91.268771,
            40.005518,
            219.25
          ],
          [
            -91.26808,
            40.00569,
            220
          ],
          [
            -91.267568,
            40.005808,
            220
          ],
          [
            -91.266942,
            40.005939,
            219.5
          ],
          [
            -91.266399,
            40.00604,
            219.5
          ],
          [
            -91.265638,
            40.006152,
            219.75
          ],
          [
            -91.264803,
            40.006257,
            219.5
          ],
          [
            -91.264277,
            40.00631,
            219.5
          ],
          [
            -91.263574,
            40.006363,
            220
          ],
          [
            -91.262961,
            40.006398,
            220
          ],
          [
            -91.256204,
            40.006713,
            220.75
          ],
          [
            -91.255543,
            40.006757,
            220.25
          ],
          [
            -91.255069,
            40.0068,
            220.75
          ],
          [
            -91.254119,
            40.006906,
            218.25
          ],
          [
            -91.253184,
            40.007041,
            218.75
          ],
          [
            -91.252116,
            40.007234,
            221
          ],
          [
            -91.251319,
            40.0074,
            223
          ],
          [
            -91.25042,
            40.007623,
            224.25
          ],
          [
            -91.249486,
            40.007893,
            222
          ],
          [
            -91.245142,
            40.00919,
            215.5
          ],
          [
            -91.244112,
            40.009492,
            217.25
          ],
          [
            -91.242278,
            40.010043,
            221.25
          ],
          [
            -91.241639,
            40.010215,
            222
          ],
          [
            -91.240926,
            40.010386,
            222.25
          ],
          [
            -91.240226,
            40.010544,
            222.5
          ],
          [
            -91.239703,
            40.010647,
            223.25
          ],
          [
            -91.239013,
            40.010764,
            223.5
          ],
          [
            -91.231959,
            40.011844,
            224
          ],
          [
            -91.231388,
            40.011947,
            224.5
          ],
          [
            -91.23083,
            40.01206,
            223.75
          ],
          [
            -91.230229,
            40.01219,
            224.25
          ],
          [
            -91.229615,
            40.012342,
            225.25
          ],
          [
            -91.229113,
            40.012479,
            225.75
          ],
          [
            -91.228454,
            40.012675,
            225.5
          ],
          [
            -91.227949,
            40.012835,
            226.25
          ],
          [
            -91.227102,
            40.013114,
            227
          ],
          [
            -91.223719,
            40.014266,
            224
          ],
          [
            -91.217436,
            40.016413,
            218
          ],
          [
            -91.2114,
            40.018451,
            221.25
          ],
          [
            -91.210233,
            40.018812,
            223
          ],
          [
            -91.207088,
            40.019749,
            226.25
          ],
          [
            -91.204742,
            40.02044,
            227.5
          ],
          [
            -91.202074,
            40.021214,
            225.75
          ],
          [
            -91.200073,
            40.021813,
            226
          ],
          [
            -91.196617,
            40.022833,
            227
          ],
          [
            -91.196055,
            40.023002,
            226
          ],
          [
            -91.188853,
            40.025112,
            223.75
          ],
          [
            -91.183138,
            40.0268,
            217.5
          ],
          [
            -91.176674,
            40.028694,
            222.75
          ],
          [
            -91.173463,
            40.029649,
            223
          ],
          [
            -91.167648,
            40.03135,
            228.5
          ],
          [
            -91.166908,
            40.031563,
            230.25
          ],
          [
            -91.166253,
            40.031742,
            229.75
          ],
          [
            -91.165349,
            40.031953,
            228.75
          ],
          [
            -91.164593,
            40.032103,
            230
          ],
          [
            -91.163877,
            40.032231,
            231.25
          ],
          [
            -91.163257,
            40.032315,
            231
          ],
          [
            -91.162753,
            40.032376,
            231.75
          ],
          [
            -91.162221,
            40.03243,
            232.25
          ],
          [
            -91.161009,
            40.032514,
            233
          ],
          [
            -91.160462,
            40.032535,
            233
          ],
          [
            -91.159939,
            40.032543,
            232.75
          ],
          [
            -91.158922,
            40.032516,
            231.25
          ],
          [
            -91.158105,
            40.032481,
            230
          ],
          [
            -91.157008,
            40.032391,
            230.25
          ],
          [
            -91.156367,
            40.032313,
            230.25
          ],
          [
            -91.149886,
            40.031358,
            231.5
          ],
          [
            -91.147502,
            40.031003,
            231.75
          ],
          [
            -91.143674,
            40.030447,
            231
          ],
          [
            -91.14281,
            40.030339,
            231
          ],
          [
            -91.141799,
            40.030244,
            231.5
          ],
          [
            -91.141104,
            40.030188,
            231.5
          ],
          [
            -91.139853,
            40.030147,
            232.5
          ],
          [
            -91.138518,
            40.030136,
            231
          ],
          [
            -91.132368,
            40.030072,
            230
          ],
          [
            -91.131624,
            40.0301,
            231
          ],
          [
            -91.131148,
            40.030126,
            230.75
          ],
          [
            -91.130406,
            40.030215,
            230
          ],
          [
            -91.129649,
            40.030354,
            228.25
          ],
          [
            -91.129008,
            40.03051,
            227.5
          ],
          [
            -91.128355,
            40.03072,
            226.75
          ],
          [
            -91.128004,
            40.030839,
            227.25
          ],
          [
            -91.127393,
            40.031073,
            227
          ],
          [
            -91.126818,
            40.031363,
            226.5
          ],
          [
            -91.126287,
            40.031653,
            226.25
          ],
          [
            -91.125792,
            40.031965,
            227
          ],
          [
            -91.124451,
            40.032948,
            228
          ],
          [
            -91.120174,
            40.036243,
            227.25
          ],
          [
            -91.119547,
            40.036662,
            227
          ],
          [
            -91.119034,
            40.036973,
            226
          ],
          [
            -91.118349,
            40.037318,
            225.75
          ],
          [
            -91.117527,
            40.037657,
            225
          ],
          [
            -91.116803,
            40.037897,
            224.5
          ],
          [
            -91.116145,
            40.038073,
            224.75
          ],
          [
            -91.115478,
            40.038211,
            225.25
          ],
          [
            -91.114749,
            40.038323,
            225.5
          ],
          [
            -91.108316,
            40.039057,
            224.5
          ],
          [
            -91.097688,
            40.040272,
            223
          ],
          [
            -91.091375,
            40.040996,
            222.5
          ],
          [
            -91.08876,
            40.041294,
            221.75
          ],
          [
            -91.086862,
            40.041513,
            221.75
          ],
          [
            -91.086277,
            40.041575,
            221.5
          ],
          [
            -91.08511,
            40.041678,
            220
          ],
          [
            -91.084514,
            40.041711,
            219.75
          ],
          [
            -91.08393,
            40.041729,
            219.5
          ],
          [
            -91.083181,
            40.041731,
            219.25
          ],
          [
            -91.081247,
            40.041711,
            222.75
          ],
          [
            -91.079133,
            40.041678,
            222.75
          ],
          [
            -91.069505,
            40.041534,
            224
          ],
          [
            -91.068451,
            40.041522,
            223.25
          ],
          [
            -91.06675,
            40.041495,
            224.5
          ],
          [
            -91.066181,
            40.041491,
            226.5
          ],
          [
            -91.065484,
            40.041497,
            228
          ],
          [
            -91.065007,
            40.041514,
            228.5
          ],
          [
            -91.064618,
            40.04154,
            227.75
          ],
          [
            -91.064234,
            40.041581,
            227
          ],
          [
            -91.06381,
            40.041639,
            226.5
          ],
          [
            -91.063489,
            40.04169,
            226.25
          ],
          [
            -91.063121,
            40.041758,
            226.25
          ],
          [
            -91.062764,
            40.041836,
            226.75
          ],
          [
            -91.062298,
            40.041955,
            227
          ],
          [
            -91.06171,
            40.042132,
            227.25
          ],
          [
            -91.061166,
            40.042327,
            227.25
          ],
          [
            -91.060737,
            40.042503,
            227
          ],
          [
            -91.059999,
            40.042856,
            227
          ],
          [
            -91.059618,
            40.04307,
            227.25
          ],
          [
            -91.059106,
            40.043392,
            228
          ],
          [
            -91.058752,
            40.043637,
            228.25
          ],
          [
            -91.058435,
            40.043877,
            228.5
          ],
          [
            -91.058054,
            40.044201,
            228.25
          ],
          [
            -91.057577,
            40.044668,
            227
          ],
          [
            -91.057282,
            40.044982,
            227
          ],
          [
            -91.057022,
            40.045292,
            227.75
          ],
          [
            -91.056646,
            40.045815,
            228.75
          ],
          [
            -91.05531,
            40.047805,
            224.5
          ],
          [
            -91.055287,
            40.04784,
            224.5
          ],
          [
            -91.054672,
            40.04877,
            224
          ],
          [
            -91.053795,
            40.050096,
            223.25
          ],
          [
            -91.051847,
            40.053014,
            225
          ],
          [
            -91.050117,
            40.055648,
            223.25
          ],
          [
            -91.049769,
            40.056165,
            222.75
          ],
          [
            -91.046707,
            40.060782,
            219
          ],
          [
            -91.045791,
            40.062184,
            221
          ],
          [
            -91.044281,
            40.064467,
            220.5
          ],
          [
            -91.040261,
            40.070522,
            217.75
          ],
          [
            -91.03993,
            40.071047,
            217
          ],
          [
            -91.038637,
            40.072973,
            217
          ],
          [
            -91.036597,
            40.076068,
            212.75
          ],
          [
            -91.035516,
            40.077694,
            213.25
          ],
          [
            -91.03276,
            40.081867,
            215.25
          ],
          [
            -91.032729,
            40.081902,
            215.5
          ],
          [
            -91.032661,
            40.081991,
            215.5
          ],
          [
            -91.030814,
            40.084776,
            212.75
          ],
          [
            -91.02982,
            40.08629,
            214
          ],
          [
            -91.029595,
            40.086618,
            214.25
          ],
          [
            -91.029371,
            40.086945,
            214.25
          ],
          [
            -91.028026,
            40.088974,
            216
          ],
          [
            -91.027569,
            40.089647,
            216.5
          ],
          [
            -91.02576,
            40.092378,
            216
          ],
          [
            -91.02317,
            40.096268,
            218
          ],
          [
            -91.020962,
            40.099578,
            217
          ],
          [
            -91.01882,
            40.10282,
            218
          ],
          [
            -91.018053,
            40.104003,
            219.75
          ],
          [
            -91.017616,
            40.104813,
            218.25
          ],
          [
            -91.017297,
            40.105507,
            218.75
          ],
          [
            -91.016958,
            40.106405,
            221
          ],
          [
            -91.016283,
            40.108204,
            221
          ],
          [
            -91.016169,
            40.108566,
            221.25
          ],
          [
            -91.015935,
            40.109192,
            220
          ],
          [
            -91.015891,
            40.109308,
            220
          ],
          [
            -91.01536,
            40.110706,
            220.25
          ],
          [
            -91.01518,
            40.111355,
            220.25
          ],
          [
            -91.01512,
            40.111531,
            220.25
          ],
          [
            -91.011595,
            40.121059,
            219.5
          ],
          [
            -91.009596,
            40.126492,
            217.75
          ],
          [
            -91.008637,
            40.129079,
            218.5
          ],
          [
            -91.008503,
            40.129406,
            218.75
          ],
          [
            -91.008215,
            40.130039,
            218.75
          ],
          [
            -91.007284,
            40.132543,
            218.25
          ],
          [
            -91.006674,
            40.134232,
            216
          ],
          [
            -91.006133,
            40.135677,
            216.25
          ],
          [
            -91.005144,
            40.138357,
            214.25
          ],
          [
            -91.004711,
            40.139573,
            214.5
          ],
          [
            -91.004221,
            40.140857,
            214
          ],
          [
            -91.003052,
            40.143994,
            216.25
          ],
          [
            -91.00237,
            40.145854,
            215.75
          ],
          [
            -91.00171,
            40.147642,
            216.25
          ],
          [
            -91.000715,
            40.150348,
            216
          ],
          [
            -90.999964,
            40.152332,
            214.25
          ],
          [
            -90.999449,
            40.153502,
            214.5
          ],
          [
            -90.999068,
            40.154168,
            215
          ],
          [
            -90.998763,
            40.154672,
            215
          ],
          [
            -90.998265,
            40.155409,
            214.25
          ],
          [
            -90.997364,
            40.156674,
            213
          ],
          [
            -90.99513,
            40.159887,
            212.5
          ],
          [
            -90.992887,
            40.163054,
            210.5
          ],
          [
            -90.991731,
            40.16471,
            210.5
          ],
          [
            -90.988389,
            40.169479,
            210.5
          ],
          [
            -90.984357,
            40.175227,
            209.25
          ],
          [
            -90.981549,
            40.179215,
            205.75
          ],
          [
            -90.980783,
            40.180294,
            205.25
          ],
          [
            -90.980133,
            40.181211,
            205
          ],
          [
            -90.977923,
            40.184375,
            209.25
          ],
          [
            -90.977422,
            40.185103,
            209.75
          ],
          [
            -90.975178,
            40.188297,
            207.5
          ],
          [
            -90.971413,
            40.193646,
            207.5
          ],
          [
            -90.971323,
            40.193763,
            207.75
          ],
          [
            -90.968994,
            40.197087,
            206.25
          ],
          [
            -90.9682,
            40.198369,
            204
          ],
          [
            -90.967436,
            40.199724,
            205
          ],
          [
            -90.962804,
            40.208216,
            197.5
          ],
          [
            -90.962537,
            40.208779,
            195
          ],
          [
            -90.961985,
            40.209827,
            192.25
          ],
          [
            -90.961496,
            40.210965,
            198
          ],
          [
            -90.960084,
            40.214521,
            202
          ],
          [
            -90.959711,
            40.215489,
            202
          ],
          [
            -90.95678,
            40.222967,
            203.5
          ],
          [
            -90.954687,
            40.228323,
            204.75
          ],
          [
            -90.954206,
            40.229579,
            202.75
          ],
          [
            -90.953932,
            40.23022,
            204
          ],
          [
            -90.953858,
            40.230391,
            204.5
          ],
          [
            -90.953409,
            40.231609,
            203.25
          ],
          [
            -90.95289,
            40.23288,
            205
          ],
          [
            -90.952814,
            40.233075,
            205
          ],
          [
            -90.951693,
            40.235981,
            206.75
          ],
          [
            -90.951093,
            40.237479,
            205.25
          ],
          [
            -90.950667,
            40.238576,
            206.25
          ],
          [
            -90.949656,
            40.24115,
            205.75
          ],
          [
            -90.948218,
            40.244833,
            204
          ],
          [
            -90.947152,
            40.247169,
            204.5
          ],
          [
            -90.946941,
            40.247586,
            205
          ],
          [
            -90.946383,
            40.248604,
            205.75
          ],
          [
            -90.94542,
            40.250071,
            205
          ],
          [
            -90.944564,
            40.251264,
            204.5
          ],
          [
            -90.943651,
            40.252422,
            203
          ],
          [
            -90.943284,
            40.252871,
            203.5
          ],
          [
            -90.941046,
            40.255615,
            203
          ],
          [
            -90.937478,
            40.25995,
            195
          ],
          [
            -90.937252,
            40.260224,
            194.75
          ],
          [
            -90.935392,
            40.26248,
            197.75
          ],
          [
            -90.932264,
            40.266298,
            198
          ],
          [
            -90.931123,
            40.267665,
            196.25
          ],
          [
            -90.929981,
            40.268933,
            198
          ],
          [
            -90.929055,
            40.269781,
            197.75
          ],
          [
            -90.928091,
            40.270561,
            197.25
          ],
          [
            -90.924092,
            40.273614,
            194.25
          ],
          [
            -90.921262,
            40.275818,
            191.5
          ],
          [
            -90.920301,
            40.276714,
            187
          ],
          [
            -90.919164,
            40.277979,
            190.75
          ],
          [
            -90.918471,
            40.278906,
            193.25
          ],
          [
            -90.917997,
            40.27962,
            194
          ],
          [
            -90.917445,
            40.280629,
            193.75
          ],
          [
            -90.917103,
            40.281394,
            195.5
          ],
          [
            -90.916742,
            40.282266,
            196.5
          ],
          [
            -90.916411,
            40.28342,
            198.75
          ],
          [
            -90.916179,
            40.284617,
            197.25
          ],
          [
            -90.916025,
            40.285865,
            196.75
          ],
          [
            -90.915881,
            40.28716,
            196
          ],
          [
            -90.915698,
            40.288764,
            195.75
          ],
          [
            -90.91554,
            40.289764,
            194.75
          ],
          [
            -90.915321,
            40.290689,
            195.75
          ],
          [
            -90.915157,
            40.291239,
            196.5
          ],
          [
            -90.914982,
            40.291788,
            196.5
          ],
          [
            -90.914514,
            40.292945,
            193.75
          ],
          [
            -90.914232,
            40.293529,
            192.75
          ],
          [
            -90.913961,
            40.294057,
            191.75
          ],
          [
            -90.913478,
            40.294951,
            190
          ],
          [
            -90.911512,
            40.298506,
            187.5
          ],
          [
            -90.910986,
            40.299508,
            188
          ],
          [
            -90.910272,
            40.301045,
            188.5
          ],
          [
            -90.909945,
            40.301847,
            186.25
          ],
          [
            -90.90967,
            40.302597,
            185
          ],
          [
            -90.908401,
            40.306359,
            183.75
          ],
          [
            -90.907899,
            40.307874,
            183.5
          ],
          [
            -90.907085,
            40.310276,
            178
          ],
          [
            -90.906624,
            40.311677,
            177
          ],
          [
            -90.906269,
            40.312706,
            181.75
          ],
          [
            -90.906055,
            40.313366,
            183
          ],
          [
            -90.905247,
            40.315864,
            183.5
          ],
          [
            -90.903492,
            40.321102,
            172.5
          ],
          [
            -90.902923,
            40.32277,
            171
          ],
          [
            -90.90235,
            40.324467,
            169.75
          ],
          [
            -90.902069,
            40.325235,
            167.75
          ],
          [
            -90.901805,
            40.325925,
            166.25
          ],
          [
            -90.901407,
            40.32692,
            166
          ],
          [
            -90.901215,
            40.327352,
            165.5
          ],
          [
            -90.900947,
            40.327984,
            164
          ],
          [
            -90.90012,
            40.329774,
            160.5
          ],
          [
            -90.899189,
            40.331575,
            160
          ],
          [
            -90.898753,
            40.33237,
            157.5
          ],
          [
            -90.897731,
            40.334098,
            157.75
          ],
          [
            -90.897315,
            40.334821,
            163
          ],
          [
            -90.8948,
            40.33872,
            168.25
          ],
          [
            -90.892693,
            40.341932,
            167
          ],
          [
            -90.89167,
            40.343505,
            167.5
          ],
          [
            -90.890617,
            40.345115,
            169.25
          ],
          [
            -90.890292,
            40.345617,
            168.25
          ],
          [
            -90.889226,
            40.347182,
            160
          ],
          [
            -90.888367,
            40.348623,
            166
          ],
          [
            -90.887845,
            40.349623,
            169.5
          ],
          [
            -90.887499,
            40.350492,
            170.75
          ],
          [
            -90.887275,
            40.351158,
            170.25
          ],
          [
            -90.887066,
            40.351853,
            170.25
          ],
          [
            -90.886741,
            40.353193,
            170.5
          ],
          [
            -90.88631,
            40.354871,
            170.25
          ],
          [
            -90.88565,
            40.35758,
            172.25
          ],
          [
            -90.885492,
            40.358181,
            170.75
          ],
          [
            -90.885062,
            40.360033,
            173
          ],
          [
            -90.884484,
            40.362343,
            175
          ],
          [
            -90.883913,
            40.364504,
            178.25
          ],
          [
            -90.883791,
            40.364854,
            179.5
          ],
          [
            -90.883726,
            40.365003,
            179.75
          ],
          [
            -90.883436,
            40.365665,
            178.25
          ],
          [
            -90.883217,
            40.366142,
            178.75
          ],
          [
            -90.882382,
            40.367734,
            181.5
          ],
          [
            -90.880398,
            40.371414,
            184.75
          ],
          [
            -90.8793,
            40.373399,
            186.75
          ],
          [
            -90.877832,
            40.376098,
            191
          ],
          [
            -90.876466,
            40.378583,
            188.75
          ],
          [
            -90.874128,
            40.38288,
            189.5
          ],
          [
            -90.872832,
            40.385255,
            191.25
          ],
          [
            -90.871551,
            40.387625,
            191.25
          ],
          [
            -90.870656,
            40.389231,
            195
          ],
          [
            -90.86927,
            40.391827,
            196.75
          ],
          [
            -90.868561,
            40.393081,
            196
          ],
          [
            -90.867436,
            40.39511,
            197.5
          ],
          [
            -90.866792,
            40.396095,
            195.25
          ],
          [
            -90.866405,
            40.396636,
            194.25
          ],
          [
            -90.866084,
            40.397024,
            195.5
          ],
          [
            -90.864936,
            40.398269,
            197.75
          ],
          [
            -90.864659,
            40.398514,
            197.5
          ],
          [
            -90.863854,
            40.399213,
            195.5
          ],
          [
            -90.8627,
            40.400104,
            200.25
          ],
          [
            -90.861864,
            40.400653,
            199.5
          ],
          [
            -90.861431,
            40.400917,
            198.75
          ],
          [
            -90.860904,
            40.401221,
            198
          ],
          [
            -90.859435,
            40.401988,
            200.25
          ],
          [
            -90.858192,
            40.402575,
            201.25
          ],
          [
            -90.856594,
            40.403381,
            201.75
          ],
          [
            -90.853591,
            40.404843,
            200.75
          ],
          [
            -90.850512,
            40.40637,
            203
          ],
          [
            -90.848887,
            40.407183,
            205.25
          ],
          [
            -90.844926,
            40.409132,
            206.75
          ],
          [
            -90.844297,
            40.409449,
            206.75
          ],
          [
            -90.841712,
            40.410692,
            208.5
          ],
          [
            -90.841351,
            40.410846,
            208.5
          ],
          [
            -90.840219,
            40.411296,
            208.75
          ],
          [
            -90.839763,
            40.411454,
            208.75
          ],
          [
            -90.83933,
            40.41159,
            208.25
          ],
          [
            -90.838201,
            40.41194,
            208
          ],
          [
            -90.834509,
            40.412995,
            210
          ],
          [
            -90.834334,
            40.413045,
            210.5
          ],
          [
            -90.830416,
            40.414161,
            207.5
          ],
          [
            -90.827653,
            40.414961,
            208
          ],
          [
            -90.820139,
            40.417115,
            207.25
          ],
          [
            -90.819972,
            40.417162,
            207.25
          ],
          [
            -90.816317,
            40.418209,
            209.75
          ],
          [
            -90.814977,
            40.418581,
            210
          ],
          [
            -90.811997,
            40.419461,
            209.25
          ],
          [
            -90.806677,
            40.420967,
            209.75
          ],
          [
            -90.805072,
            40.421421,
            211.25
          ],
          [
            -90.800911,
            40.422616,
            212
          ],
          [
            -90.797866,
            40.423498,
            212.5
          ],
          [
            -90.796926,
            40.423757,
            211.75
          ],
          [
            -90.794194,
            40.424539,
            213
          ],
          [
            -90.792671,
            40.424972,
            213.75
          ],
          [
            -90.791608,
            40.425274,
            214
          ],
          [
            -90.784587,
            40.427279,
            212.5
          ],
          [
            -90.783933,
            40.427476,
            212.5
          ],
          [
            -90.783438,
            40.42763,
            213.75
          ],
          [
            -90.782403,
            40.427978,
            211.75
          ],
          [
            -90.781746,
            40.42822,
            211
          ],
          [
            -90.780748,
            40.428606,
            211.5
          ],
          [
            -90.778263,
            40.429614,
            209
          ],
          [
            -90.777608,
            40.429886,
            209.75
          ],
          [
            -90.772383,
            40.432009,
            209
          ],
          [
            -90.766339,
            40.434492,
            208.75
          ],
          [
            -90.762764,
            40.435933,
            207
          ],
          [
            -90.757818,
            40.437949,
            208
          ],
          [
            -90.754345,
            40.439368,
            208.25
          ],
          [
            -90.753286,
            40.439791,
            209
          ],
          [
            -90.752249,
            40.440205,
            209.25
          ],
          [
            -90.75158,
            40.44046,
            209.75
          ],
          [
            -90.749885,
            40.441043,
            209
          ],
          [
            -90.748599,
            40.44144,
            208
          ],
          [
            -90.74821,
            40.441539,
            207.25
          ],
          [
            -90.74769,
            40.441695,
            207.75
          ],
          [
            -90.74685,
            40.441916,
            208.25
          ],
          [
            -90.744278,
            40.44256,
            209.75
          ],
          [
            -90.739264,
            40.443774,
            209.5
          ],
          [
            -90.738998,
            40.443842,
            209.25
          ],
          [
            -90.737858,
            40.444123,
            209
          ],
          [
            -90.737263,
            40.44427,
            210
          ],
          [
            -90.736981,
            40.444339,
            210.25
          ],
          [
            -90.736617,
            40.444422,
            210.5
          ],
          [
            -90.733917,
            40.445091,
            208.25
          ],
          [
            -90.724177,
            40.447481,
            209.75
          ],
          [
            -90.719178,
            40.448709,
            208.75
          ],
          [
            -90.718704,
            40.448825,
            209
          ],
          [
            -90.717051,
            40.44923,
            210.5
          ],
          [
            -90.714527,
            40.449863,
            211.75
          ],
          [
            -90.711883,
            40.450511,
            210.75
          ],
          [
            -90.709996,
            40.450971,
            210.75
          ],
          [
            -90.708771,
            40.451278,
            210
          ],
          [
            -90.707864,
            40.451494,
            208.5
          ],
          [
            -90.706155,
            40.45195,
            211.5
          ],
          [
            -90.705377,
            40.452167,
            211.5
          ],
          [
            -90.704807,
            40.452334,
            211.25
          ],
          [
            -90.702296,
            40.453041,
            211.25
          ],
          [
            -90.699168,
            40.453936,
            211.25
          ],
          [
            -90.69418,
            40.455335,
            213
          ],
          [
            -90.689966,
            40.456543,
            213.75
          ],
          [
            -90.689356,
            40.456706,
            212.25
          ],
          [
            -90.688279,
            40.457023,
            212.25
          ],
          [
            -90.687401,
            40.457276,
            211.75
          ],
          [
            -90.685614,
            40.457775,
            213.25
          ],
          [
            -90.685217,
            40.457883,
            214
          ],
          [
            -90.681687,
            40.458887,
            214.75
          ],
          [
            -90.67964,
            40.459467,
            213.75
          ],
          [
            -90.679235,
            40.459573,
            213
          ],
          [
            -90.677701,
            40.459993,
            214.75
          ],
          [
            -90.677523,
            40.460032,
            214.75
          ],
          [
            -90.674753,
            40.460638,
            215
          ],
          [
            -90.673209,
            40.460976,
            215.5
          ],
          [
            -90.671775,
            40.461287,
            215
          ],
          [
            -90.671689,
            40.461306,
            215.25
          ],
          [
            -90.671586,
            40.461328,
            215.25
          ],
          [
            -90.670989,
            40.461456,
            215.5
          ],
          [
            -90.670174,
            40.461631,
            215
          ],
          [
            -90.66861,
            40.461984,
            215
          ],
          [
            -90.667124,
            40.46229,
            216
          ],
          [
            -90.664624,
            40.462836,
            218
          ],
          [
            -90.660719,
            40.463683,
            217.25
          ],
          [
            -90.658125,
            40.464243,
            217.75
          ],
          [
            -90.657887,
            40.464295,
            217.75
          ],
          [
            -90.656662,
            40.464579,
            216
          ],
          [
            -90.656238,
            40.464672,
            215.75
          ],
          [
            -90.654872,
            40.46496,
            217
          ],
          [
            -90.65398,
            40.46516,
            217.75
          ],
          [
            -90.651088,
            40.465788,
            216
          ],
          [
            -90.649341,
            40.46616,
            215.5
          ],
          [
            -90.648446,
            40.466342,
            215
          ],
          [
            -90.647627,
            40.466521,
            214
          ],
          [
            -90.647533,
            40.466541,
            214
          ],
          [
            -90.645048,
            40.467084,
            211.5
          ],
          [
            -90.643641,
            40.467383,
            211.75
          ],
          [
            -90.642243,
            40.467691,
            211.75
          ],
          [
            -90.638004,
            40.468604,
            212.5
          ],
          [
            -90.634522,
            40.469372,
            211
          ],
          [
            -90.634274,
            40.469427,
            211
          ],
          [
            -90.633653,
            40.469549,
            210
          ],
          [
            -90.628788,
            40.470609,
            209.5
          ],
          [
            -90.628318,
            40.470711,
            210
          ],
          [
            -90.62638,
            40.471133,
            209.5
          ],
          [
            -90.621763,
            40.472152,
            208.5
          ],
          [
            -90.617314,
            40.473122,
            207
          ],
          [
            -90.616612,
            40.473245,
            207.75
          ],
          [
            -90.613697,
            40.473887,
            206.75
          ],
          [
            -90.605616,
            40.475632,
            204.75
          ],
          [
            -90.601349,
            40.476577,
            206.25
          ],
          [
            -90.599411,
            40.47699,
            205.75
          ],
          [
            -90.598245,
            40.477238,
            207.5
          ],
          [
            -90.595048,
            40.477939,
            205
          ],
          [
            -90.590468,
            40.478925,
            205
          ],
          [
            -90.588628,
            40.47933,
            203.5
          ],
          [
            -90.587495,
            40.479586,
            203.25
          ],
          [
            -90.587196,
            40.479667,
            203
          ],
          [
            -90.586971,
            40.479717,
            203
          ],
          [
            -90.586619,
            40.479819,
            202.5
          ],
          [
            -90.586261,
            40.479935,
            202.5
          ],
          [
            -90.585668,
            40.480116,
            202.75
          ],
          [
            -90.584983,
            40.480343,
            202
          ],
          [
            -90.584414,
            40.480552,
            202.5
          ],
          [
            -90.583396,
            40.481008,
            204
          ],
          [
            -90.583079,
            40.481156,
            203
          ],
          [
            -90.582755,
            40.48132,
            202
          ],
          [
            -90.582463,
            40.481459,
            201.5
          ],
          [
            -90.581455,
            40.482001,
            202.25
          ],
          [
            -90.580151,
            40.482803,
            202.25
          ],
          [
            -90.579857,
            40.483008,
            202.25
          ],
          [
            -90.578979,
            40.48367,
            201
          ],
          [
            -90.57665,
            40.485378,
            201
          ],
          [
            -90.573781,
            40.487533,
            203.25
          ],
          [
            -90.572325,
            40.488666,
            203
          ],
          [
            -90.570386,
            40.490096,
            200.75
          ],
          [
            -90.567983,
            40.491899,
            201.25
          ],
          [
            -90.564112,
            40.494819,
            204.25
          ],
          [
            -90.563827,
            40.495032,
            204.75
          ],
          [
            -90.563026,
            40.495629,
            206.25
          ],
          [
            -90.5615,
            40.496768,
            202.5
          ],
          [
            -90.559691,
            40.498136,
            204.5
          ],
          [
            -90.558269,
            40.499233,
            205.5
          ],
          [
            -90.555346,
            40.501406,
            201.5
          ],
          [
            -90.551211,
            40.504514,
            200
          ],
          [
            -90.54942,
            40.505852,
            200.75
          ],
          [
            -90.548244,
            40.506737,
            199.75
          ],
          [
            -90.544749,
            40.509351,
            196
          ],
          [
            -90.54195,
            40.511469,
            193.25
          ],
          [
            -90.539254,
            40.513466,
            191.75
          ],
          [
            -90.538512,
            40.514101,
            192
          ],
          [
            -90.538017,
            40.514534,
            191.75
          ],
          [
            -90.537536,
            40.515005,
            191.75
          ],
          [
            -90.537076,
            40.515481,
            191.5
          ],
          [
            -90.536807,
            40.515795,
            191.75
          ],
          [
            -90.536525,
            40.516104,
            192
          ],
          [
            -90.536204,
            40.516509,
            192.25
          ],
          [
            -90.536125,
            40.516613,
            192.5
          ],
          [
            -90.53579,
            40.517043,
            191.5
          ],
          [
            -90.534726,
            40.518459,
            190.25
          ],
          [
            -90.531822,
            40.522394,
            190.75
          ],
          [
            -90.53101,
            40.523408,
            190.5
          ],
          [
            -90.528141,
            40.527225,
            191.5
          ],
          [
            -90.527282,
            40.528331,
            191.5
          ],
          [
            -90.526735,
            40.529036,
            193.5
          ],
          [
            -90.525097,
            40.531252,
            194.5
          ],
          [
            -90.523649,
            40.533114,
            195.75
          ],
          [
            -90.521773,
            40.535509,
            196.5
          ],
          [
            -90.521681,
            40.535642,
            196.25
          ],
          [
            -90.520904,
            40.53658,
            196.75
          ],
          [
            -90.520853,
            40.536648,
            196.75
          ],
          [
            -90.520304,
            40.537457,
            196.5
          ],
          [
            -90.520226,
            40.537561,
            196.5
          ],
          [
            -90.519804,
            40.538265,
            196.75
          ],
          [
            -90.519668,
            40.538456,
            196.5
          ],
          [
            -90.517262,
            40.541663,
            199.5
          ],
          [
            -90.514372,
            40.545495,
            198.75
          ],
          [
            -90.513536,
            40.546586,
            199.25
          ],
          [
            -90.513144,
            40.547128,
            199.75
          ],
          [
            -90.512709,
            40.547644,
            200.25
          ],
          [
            -90.512607,
            40.547793,
            200.25
          ],
          [
            -90.511875,
            40.548794,
            201.25
          ],
          [
            -90.511125,
            40.549794,
            201.25
          ],
          [
            -90.510571,
            40.550521,
            200.25
          ],
          [
            -90.509613,
            40.551796,
            200.75
          ],
          [
            -90.508864,
            40.552796,
            202.25
          ],
          [
            -90.50811,
            40.553793,
            201
          ],
          [
            -90.505837,
            40.556796,
            201
          ],
          [
            -90.503941,
            40.559299,
            199.75
          ],
          [
            -90.502174,
            40.561686,
            201
          ],
          [
            -90.500411,
            40.564003,
            200
          ],
          [
            -90.499453,
            40.565269,
            199.75
          ],
          [
            -90.498259,
            40.566853,
            201.75
          ],
          [
            -90.495197,
            40.570924,
            201.5
          ],
          [
            -90.493347,
            40.573387,
            201.75
          ],
          [
            -90.493013,
            40.573857,
            200.25
          ],
          [
            -90.492258,
            40.574996,
            198.5
          ],
          [
            -90.490758,
            40.577364,
            199
          ],
          [
            -90.488683,
            40.580654,
            195.5
          ],
          [
            -90.488053,
            40.581634,
            195.5
          ],
          [
            -90.487447,
            40.582548,
            195.75
          ],
          [
            -90.485703,
            40.585264,
            195.5
          ],
          [
            -90.479736,
            40.59469,
            195.75
          ],
          [
            -90.476611,
            40.599617,
            198
          ],
          [
            -90.473086,
            40.605187,
            196.75
          ],
          [
            -90.471679,
            40.60744,
            198.75
          ],
          [
            -90.467523,
            40.613977,
            205.75
          ],
          [
            -90.466683,
            40.615288,
            204.75
          ],
          [
            -90.462995,
            40.621104,
            204.5
          ],
          [
            -90.461467,
            40.623498,
            201.75
          ],
          [
            -90.460705,
            40.624726,
            202.25
          ],
          [
            -90.460324,
            40.625316,
            201.25
          ],
          [
            -90.459722,
            40.626255,
            201
          ],
          [
            -90.459013,
            40.627404,
            200.5
          ],
          [
            -90.458283,
            40.628542,
            199.5
          ],
          [
            -90.456348,
            40.631597,
            200
          ],
          [
            -90.449568,
            40.642283,
            198.5
          ],
          [
            -90.445392,
            40.648876,
            197
          ],
          [
            -90.43907,
            40.658848,
            195.5
          ],
          [
            -90.437909,
            40.660659,
            197.25
          ],
          [
            -90.437508,
            40.661294,
            195.75
          ],
          [
            -90.437286,
            40.661639,
            195
          ],
          [
            -90.436633,
            40.662691,
            199.5
          ],
          [
            -90.435661,
            40.664205,
            195.5
          ],
          [
            -90.43483,
            40.665572,
            195.25
          ],
          [
            -90.434095,
            40.666675,
            194
          ],
          [
            -90.432571,
            40.669107,
            193.5
          ],
          [
            -90.431402,
            40.670908,
            194.75
          ],
          [
            -90.430793,
            40.671891,
            193.25
          ],
          [
            -90.430648,
            40.672162,
            192.5
          ],
          [
            -90.430506,
            40.672476,
            192
          ],
          [
            -90.430286,
            40.673002,
            191.5
          ],
          [
            -90.429997,
            40.673774,
            190.25
          ],
          [
            -90.429773,
            40.674509,
            190.25
          ],
          [
            -90.429623,
            40.675399,
            188.25
          ],
          [
            -90.429357,
            40.677434,
            188
          ],
          [
            -90.42884,
            40.680933,
            188.25
          ],
          [
            -90.428394,
            40.68229,
            187.25
          ],
          [
            -90.428143,
            40.682857,
            187.25
          ],
          [
            -90.427662,
            40.683702,
            186.75
          ],
          [
            -90.427049,
            40.684787,
            183.5
          ],
          [
            -90.427024,
            40.684845,
            183.5
          ],
          [
            -90.425188,
            40.688164,
            178.5
          ],
          [
            -90.42503,
            40.688421,
            178.75
          ],
          [
            -90.424541,
            40.689293,
            178.75
          ],
          [
            -90.41473,
            40.706937,
            193
          ],
          [
            -90.414331,
            40.707665,
            194.25
          ],
          [
            -90.414043,
            40.708391,
            196
          ],
          [
            -90.413891,
            40.708812,
            195.5
          ],
          [
            -90.413659,
            40.709517,
            195.25
          ],
          [
            -90.41311,
            40.711628,
            195.75
          ],
          [
            -90.412388,
            40.714476,
            197
          ],
          [
            -90.41148,
            40.718154,
            198.25
          ],
          [
            -90.410699,
            40.721253,
            194.25
          ],
          [
            -90.410591,
            40.721644,
            194
          ],
          [
            -90.410555,
            40.721826,
            194
          ],
          [
            -90.410497,
            40.722015,
            194
          ],
          [
            -90.41031,
            40.722698,
            194
          ],
          [
            -90.410098,
            40.723375,
            194
          ],
          [
            -90.409681,
            40.724403,
            195.25
          ],
          [
            -90.409487,
            40.72483,
            194.75
          ],
          [
            -90.409246,
            40.725308,
            195.5
          ],
          [
            -90.407921,
            40.72765,
            199
          ],
          [
            -90.406983,
            40.729104,
            201.5
          ],
          [
            -90.406893,
            40.729262,
            201.5
          ],
          [
            -90.405879,
            40.730888,
            202
          ],
          [
            -90.405293,
            40.731861,
            203
          ],
          [
            -90.404767,
            40.732675,
            202.75
          ],
          [
            -90.404394,
            40.733334,
            202.5
          ],
          [
            -90.404046,
            40.733969,
            203
          ],
          [
            -90.403769,
            40.734611,
            203.75
          ],
          [
            -90.403189,
            40.736167,
            203
          ],
          [
            -90.402932,
            40.737537,
            200.75
          ],
          [
            -90.402793,
            40.738618,
            201.25
          ],
          [
            -90.402541,
            40.741453,
            201.25
          ],
          [
            -90.402339,
            40.743578,
            199.25
          ],
          [
            -90.40201,
            40.747329,
            204.5
          ],
          [
            -90.401833,
            40.74893,
            205
          ],
          [
            -90.400789,
            40.75339,
            206
          ],
          [
            -90.399882,
            40.758059,
            207.75
          ],
          [
            -90.398549,
            40.764489,
            209.5
          ],
          [
            -90.398131,
            40.766402,
            215
          ],
          [
            -90.397529,
            40.768791,
            213.25
          ],
          [
            -90.39712,
            40.770556,
            207
          ],
          [
            -90.396945,
            40.77154,
            207.25
          ],
          [
            -90.396788,
            40.772549,
            210
          ],
          [
            -90.396086,
            40.777162,
            205.25
          ],
          [
            -90.395632,
            40.780286,
            212
          ],
          [
            -90.395512,
            40.783191,
            206.75
          ],
          [
            -90.395357,
            40.794436,
            219.25
          ],
          [
            -90.395324,
            40.796787,
            222
          ],
          [
            -90.395198,
            40.805603,
            230
          ],
          [
            -90.395174,
            40.808909,
            226.25
          ],
          [
            -90.395121,
            40.81363,
            223.25
          ],
          [
            -90.395121,
            40.816248,
            220.5
          ],
          [
            -90.394961,
            40.831011,
            222.75
          ],
          [
            -90.394896,
            40.83834,
            224.75
          ],
          [
            -90.394773,
            40.845333,
            229.5
          ],
          [
            -90.394786,
            40.849332,
            228.75
          ],
          [
            -90.394741,
            40.853789,
            230.25
          ],
          [
            -90.394633,
            40.862301,
            226.25
          ],
          [
            -90.394631,
            40.867646,
            228.5
          ],
          [
            -90.394624,
            40.867845,
            228.75
          ],
          [
            -90.394682,
            40.868982,
            230.5
          ],
          [
            -90.394772,
            40.869733,
            232.25
          ],
          [
            -90.394767,
            40.8701,
            233
          ],
          [
            -90.394741,
            40.8704,
            233
          ],
          [
            -90.394655,
            40.870992,
            232.75
          ],
          [
            -90.39462,
            40.873217,
            231.25
          ],
          [
            -90.394598,
            40.875718,
            230.75
          ],
          [
            -90.394565,
            40.880594,
            230.75
          ],
          [
            -90.394542,
            40.881072,
            230.5
          ],
          [
            -90.394537,
            40.882889,
            231.25
          ],
          [
            -90.394523,
            40.883325,
            231.25
          ],
          [
            -90.394494,
            40.883734,
            231.25
          ],
          [
            -90.394416,
            40.884162,
            231.5
          ],
          [
            -90.394212,
            40.884906,
            232.75
          ],
          [
            -90.39405,
            40.885339,
            232.25
          ],
          [
            -90.393794,
            40.885896,
            231.5
          ],
          [
            -90.392922,
            40.887686,
            234
          ],
          [
            -90.392359,
            40.888869,
            234
          ],
          [
            -90.391258,
            40.89113,
            234.25
          ],
          [
            -90.390971,
            40.8917,
            236.5
          ],
          [
            -90.390816,
            40.892084,
            235.75
          ],
          [
            -90.39014,
            40.894328,
            236
          ],
          [
            -90.389957,
            40.894977,
            234.25
          ],
          [
            -90.389818,
            40.895438,
            234
          ],
          [
            -90.389803,
            40.895477,
            233.5
          ],
          [
            -90.389696,
            40.895749,
            233.5
          ],
          [
            -90.389099,
            40.896982,
            235.5
          ],
          [
            -90.38898,
            40.897212,
            236
          ],
          [
            -90.387718,
            40.899811,
            236.25
          ],
          [
            -90.387573,
            40.900128,
            236.5
          ],
          [
            -90.387221,
            40.900838,
            239
          ],
          [
            -90.386752,
            40.901852,
            240.25
          ],
          [
            -90.385799,
            40.903771,
            236.5
          ],
          [
            -90.385651,
            40.904065,
            236.5
          ],
          [
            -90.385601,
            40.90418,
            236.5
          ],
          [
            -90.38547,
            40.904444,
            236.75
          ],
          [
            -90.385387,
            40.904618,
            237
          ],
          [
            -90.385285,
            40.904909,
            237
          ],
          [
            -90.385174,
            40.905272,
            237.25
          ],
          [
            -90.385149,
            40.905353,
            237.25
          ],
          [
            -90.385061,
            40.905664,
            237.5
          ],
          [
            -90.384962,
            40.905997,
            237.75
          ],
          [
            -90.384885,
            40.906246,
            237.5
          ],
          [
            -90.384828,
            40.90641,
            237.5
          ],
          [
            -90.38398,
            40.90816,
            237.5
          ],
          [
            -90.383728,
            40.908697,
            237.5
          ],
          [
            -90.382579,
            40.91107,
            238
          ],
          [
            -90.382056,
            40.912133,
            238.25
          ],
          [
            -90.381057,
            40.914196,
            237.5
          ],
          [
            -90.380931,
            40.914614,
            237
          ],
          [
            -90.380858,
            40.914882,
            237
          ],
          [
            -90.380778,
            40.915149,
            237.25
          ],
          [
            -90.380703,
            40.915413,
            237.5
          ],
          [
            -90.380628,
            40.915675,
            237.75
          ],
          [
            -90.380559,
            40.915927,
            238
          ],
          [
            -90.380445,
            40.91623,
            238
          ],
          [
            -90.380035,
            40.917069,
            238.25
          ],
          [
            -90.379825,
            40.91751,
            238
          ],
          [
            -90.379534,
            40.918102,
            238
          ],
          [
            -90.379295,
            40.918595,
            238.25
          ],
          [
            -90.378955,
            40.919182,
            238.25
          ],
          [
            -90.378844,
            40.919413,
            238.75
          ],
          [
            -90.376513,
            40.924176,
            238
          ],
          [
            -90.376224,
            40.924739,
            237.75
          ],
          [
            -90.375178,
            40.92638,
            237.75
          ],
          [
            -90.374468,
            40.92751,
            239.25
          ],
          [
            -90.373692,
            40.928744,
            237.25
          ],
          [
            -90.373225,
            40.929509,
            237
          ],
          [
            -90.373009,
            40.929942,
            238
          ],
          [
            -90.372542,
            40.930931,
            238.5
          ],
          [
            -90.372421,
            40.931247,
            238
          ],
          [
            -90.372327,
            40.931469,
            237.5
          ],
          [
            -90.372115,
            40.931916,
            237.5
          ],
          [
            -90.37127,
            40.933671,
            238.25
          ],
          [
            -90.371231,
            40.933758,
            238.25
          ],
          [
            -90.370928,
            40.934499,
            237.25
          ],
          [
            -90.370877,
            40.934611,
            237
          ],
          [
            -90.370545,
            40.935182,
            236.75
          ],
          [
            -90.37048,
            40.935313,
            237
          ],
          [
            -90.369933,
            40.936436,
            237
          ],
          [
            -90.369083,
            40.938193,
            236.75
          ],
          [
            -90.368953,
            40.938446,
            236.5
          ],
          [
            -90.368779,
            40.938738,
            236.5
          ],
          [
            -90.368616,
            40.938987,
            236.5
          ],
          [
            -90.368444,
            40.939225,
            236.5
          ],
          [
            -90.3681,
            40.939647,
            236.25
          ],
          [
            -90.367768,
            40.940017,
            236.25
          ],
          [
            -90.36739,
            40.940414,
            238
          ],
          [
            -90.367067,
            40.9408,
            239.25
          ],
          [
            -90.36696,
            40.940906,
            239.5
          ],
          [
            -90.366136,
            40.941719,
            237.75
          ],
          [
            -90.365157,
            40.942702,
            239
          ],
          [
            -90.365046,
            40.942811,
            239.25
          ],
          [
            -90.364412,
            40.943485,
            239.25
          ],
          [
            -90.363499,
            40.944397,
            239
          ],
          [
            -90.362684,
            40.945212,
            239
          ],
          [
            -90.362541,
            40.945354,
            239
          ],
          [
            -90.362276,
            40.945622,
            238.5
          ],
          [
            -90.361076,
            40.94681,
            235.75
          ],
          [
            -90.360686,
            40.94719,
            235.75
          ],
          [
            -90.360166,
            40.947702,
            237.25
          ],
          [
            -90.360036,
            40.947835,
            237.75
          ],
          [
            -90.358514,
            40.949341,
            237.25
          ],
          [
            -90.35686,
            40.950992,
            235.5
          ],
          [
            -90.356705,
            40.95114,
            235.25
          ],
          [
            -90.356231,
            40.951599,
            236
          ],
          [
            -90.355574,
            40.952261,
            234.25
          ],
          [
            -90.355422,
            40.952404,
            234
          ],
          [
            -90.353135,
            40.954674,
            235.5
          ],
          [
            -90.352923,
            40.954882,
            235.75
          ],
          [
            -90.352793,
            40.95501,
            235.75
          ],
          [
            -90.352055,
            40.955741,
            235.75
          ],
          [
            -90.350352,
            40.957416,
            236.5
          ],
          [
            -90.349047,
            40.958718,
            238.25
          ],
          [
            -90.347212,
            40.960528,
            238
          ],
          [
            -90.346641,
            40.961085,
            236
          ],
          [
            -90.345767,
            40.961961,
            238
          ],
          [
            -90.34567,
            40.962057,
            238.25
          ],
          [
            -90.343627,
            40.964065,
            241.5
          ],
          [
            -90.342019,
            40.965663,
            238
          ],
          [
            -90.335489,
            40.972113,
            244.25
          ],
          [
            -90.331864,
            40.975706,
            246
          ],
          [
            -90.330369,
            40.977178,
            244.5
          ],
          [
            -90.329155,
            40.978383,
            243.75
          ],
          [
            -90.328548,
            40.979002,
            244
          ],
          [
            -90.327364,
            40.980154,
            246.5
          ],
          [
            -90.32709,
            40.980423,
            246.25
          ],
          [
            -90.325798,
            40.981699,
            247
          ],
          [
            -90.323859,
            40.983616,
            248.5
          ],
          [
            -90.312443,
            40.9949,
            252.75
          ],
          [
            -90.311284,
            40.996047,
            253
          ],
          [
            -90.301834,
            41.005409,
            252.25
          ],
          [
            -90.299928,
            41.007291,
            253.5
          ],
          [
            -90.288542,
            41.018543,
            252
          ],
          [
            -90.282205,
            41.024799,
            252.75
          ],
          [
            -90.281706,
            41.025292,
            253.5
          ],
          [
            -90.281614,
            41.025385,
            253.75
          ],
          [
            -90.280434,
            41.02655,
            253
          ],
          [
            -90.277156,
            41.029783,
            252.25
          ],
          [
            -90.276769,
            41.030164,
            252
          ],
          [
            -90.273547,
            41.033337,
            247.75
          ],
          [
            -90.265626,
            41.041163,
            249.25
          ],
          [
            -90.26217,
            41.044575,
            250.5
          ],
          [
            -90.253696,
            41.052938,
            249.25
          ],
          [
            -90.252257,
            41.054358,
            248.25
          ],
          [
            -90.252251,
            41.054365,
            248.25
          ],
          [
            -90.250854,
            41.055743,
            250.5
          ],
          [
            -90.248205,
            41.05836,
            246.75
          ],
          [
            -90.246873,
            41.05966,
            247.5
          ],
          [
            -90.246426,
            41.060087,
            248.75
          ],
          [
            -90.245646,
            41.060803,
            247
          ],
          [
            -90.244804,
            41.061529,
            245.5
          ],
          [
            -90.243881,
            41.062282,
            246
          ],
          [
            -90.243499,
            41.062584,
            245.75
          ],
          [
            -90.242878,
            41.063051,
            245.5
          ],
          [
            -90.242213,
            41.063532,
            245.5
          ],
          [
            -90.241688,
            41.0639,
            245.25
          ],
          [
            -90.240928,
            41.064412,
            245.75
          ],
          [
            -90.240463,
            41.064712,
            245.25
          ],
          [
            -90.227083,
            41.07298,
            247.75
          ],
          [
            -90.226566,
            41.073299,
            248
          ],
          [
            -90.224894,
            41.074332,
            247
          ],
          [
            -90.223377,
            41.075273,
            247
          ],
          [
            -90.222013,
            41.076108,
            247.75
          ],
          [
            -90.218385,
            41.078344,
            245
          ],
          [
            -90.213187,
            41.081553,
            241.25
          ],
          [
            -90.213176,
            41.08156,
            241.25
          ],
          [
            -90.212254,
            41.082129,
            240.5
          ],
          [
            -90.20221,
            41.088316,
            233.75
          ],
          [
            -90.195782,
            41.092294,
            237.75
          ],
          [
            -90.189515,
            41.096162,
            235.75
          ],
          [
            -90.176782,
            41.104,
            230.5
          ],
          [
            -90.166357,
            41.110415,
            230.25
          ],
          [
            -90.164051,
            41.111828,
            231.5
          ],
          [
            -90.162243,
            41.112945,
            236
          ],
          [
            -90.161462,
            41.113429,
            233.75
          ],
          [
            -90.160499,
            41.113979,
            232.5
          ],
          [
            -90.160126,
            41.114185,
            232
          ],
          [
            -90.159721,
            41.114394,
            231
          ],
          [
            -90.159451,
            41.114531,
            230.5
          ],
          [
            -90.15871,
            41.114871,
            229.25
          ],
          [
            -90.152239,
            41.117772,
            226.25
          ],
          [
            -90.135488,
            41.125273,
            234.75
          ],
          [
            -90.134794,
            41.125582,
            234.5
          ],
          [
            -90.112497,
            41.135557,
            236.5
          ],
          [
            -90.096471,
            41.142725,
            242.5
          ],
          [
            -90.091078,
            41.145131,
            237.75
          ],
          [
            -90.07387,
            41.152817,
            246.5
          ],
          [
            -90.052828,
            41.16221,
            254.75
          ],
          [
            -90.049652,
            41.163628,
            262
          ],
          [
            -90.049218,
            41.163821,
            264
          ],
          [
            -90.047136,
            41.164751,
            261.25
          ],
          [
            -90.04653,
            41.16502,
            260.75
          ],
          [
            -90.045532,
            41.165464,
            261
          ],
          [
            -90.041921,
            41.167081,
            260.5
          ],
          [
            -90.041006,
            41.167488,
            261.75
          ],
          [
            -90.03987,
            41.167992,
            258.75
          ],
          [
            -90.034894,
            41.17021,
            257.75
          ],
          [
            -90.030846,
            41.172012,
            255.25
          ],
          [
            -90.028053,
            41.173261,
            256
          ],
          [
            -90.027734,
            41.173385,
            255.75
          ],
          [
            -90.027061,
            41.173621,
            255.25
          ],
          [
            -90.026576,
            41.173836,
            254.5
          ],
          [
            -90.026175,
            41.174016,
            254
          ],
          [
            -90.025634,
            41.174265,
            254.25
          ],
          [
            -90.025126,
            41.174541,
            254.5
          ],
          [
            -90.024792,
            41.174714,
            254.25
          ],
          [
            -90.022793,
            41.175601,
            253.25
          ],
          [
            -90.010542,
            41.181062,
            242.25
          ],
          [
            -90.006477,
            41.182868,
            244
          ],
          [
            -90.005633,
            41.183254,
            243.75
          ],
          [
            -90.004984,
            41.18356,
            242.75
          ],
          [
            -90.003947,
            41.184079,
            243.25
          ],
          [
            -90.003458,
            41.184339,
            244.75
          ],
          [
            -90.002447,
            41.184896,
            246.5
          ],
          [
            -90.001903,
            41.185216,
            246.5
          ],
          [
            -90.001403,
            41.185519,
            246.5
          ],
          [
            -90.000924,
            41.185813,
            246.75
          ],
          [
            -90.000219,
            41.186258,
            247.5
          ],
          [
            -89.99976,
            41.186566,
            247.25
          ],
          [
            -89.998586,
            41.187394,
            248.5
          ],
          [
            -89.998037,
            41.187803,
            249
          ],
          [
            -89.99759,
            41.188151,
            249.5
          ],
          [
            -89.996989,
            41.188632,
            251.25
          ],
          [
            -89.995902,
            41.189554,
            251.5
          ],
          [
            -89.995358,
            41.190046,
            252.5
          ],
          [
            -89.994901,
            41.190476,
            254
          ],
          [
            -89.99408,
            41.191275,
            255
          ],
          [
            -89.992209,
            41.193133,
            256.25
          ],
          [
            -89.984018,
            41.201242,
            258.75
          ],
          [
            -89.978634,
            41.206572,
            257.75
          ],
          [
            -89.970131,
            41.214989,
            259.75
          ],
          [
            -89.964737,
            41.220318,
            257.5
          ],
          [
            -89.962753,
            41.222276,
            258.5
          ],
          [
            -89.95919,
            41.225803,
            259
          ],
          [
            -89.955363,
            41.229585,
            263
          ],
          [
            -89.94947,
            41.235421,
            262
          ],
          [
            -89.947947,
            41.236916,
            262.75
          ],
          [
            -89.947648,
            41.237188,
            262.5
          ],
          [
            -89.94706,
            41.237692,
            263.5
          ],
          [
            -89.946833,
            41.237876,
            264
          ],
          [
            -89.946558,
            41.23809,
            264
          ],
          [
            -89.946158,
            41.238386,
            263.5
          ],
          [
            -89.945761,
            41.238659,
            264.25
          ],
          [
            -89.945347,
            41.238936,
            264
          ],
          [
            -89.944948,
            41.239186,
            263.75
          ],
          [
            -89.944541,
            41.239426,
            263.75
          ],
          [
            -89.943728,
            41.239872,
            264.25
          ],
          [
            -89.943382,
            41.240049,
            264.5
          ],
          [
            -89.942633,
            41.240406,
            264.5
          ],
          [
            -89.942236,
            41.240578,
            264.25
          ],
          [
            -89.941169,
            41.241003,
            263.5
          ],
          [
            -89.939887,
            41.241484,
            263.5
          ],
          [
            -89.935989,
            41.242968,
            262.25
          ],
          [
            -89.933629,
            41.243866,
            259.5
          ],
          [
            -89.930736,
            41.244965,
            260.5
          ],
          [
            -89.927628,
            41.246146,
            259.5
          ],
          [
            -89.926391,
            41.246616,
            261.75
          ],
          [
            -89.924872,
            41.247199,
            259.75
          ],
          [
            -89.923846,
            41.247587,
            258
          ],
          [
            -89.919038,
            41.249407,
            254.25
          ],
          [
            -89.91534,
            41.250816,
            251.75
          ],
          [
            -89.91521,
            41.250865,
            252
          ],
          [
            -89.912383,
            41.251944,
            252.75
          ],
          [
            -89.909339,
            41.253088,
            253.25
          ],
          [
            -89.908421,
            41.253438,
            251
          ],
          [
            -89.901888,
            41.255926,
            252.25
          ],
          [
            -89.900341,
            41.256511,
            248.25
          ],
          [
            -89.881487,
            41.263666,
            247.5
          ],
          [
            -89.87515,
            41.266076,
            247.75
          ],
          [
            -89.869192,
            41.268335,
            248.75
          ],
          [
            -89.857219,
            41.272877,
            247.25
          ],
          [
            -89.838017,
            41.280163,
            246.5
          ],
          [
            -89.825875,
            41.284757,
            243.75
          ],
          [
            -89.822804,
            41.28592,
            242.25
          ],
          [
            -89.8185,
            41.287556,
            246
          ],
          [
            -89.811799,
            41.290088,
            248
          ],
          [
            -89.807698,
            41.291644,
            249
          ],
          [
            -89.799558,
            41.294723,
            249.25
          ],
          [
            -89.797949,
            41.295339,
            249.5
          ],
          [
            -89.790808,
            41.298038,
            253.5
          ],
          [
            -89.788877,
            41.298769,
            253
          ],
          [
            -89.785501,
            41.300049,
            249.5
          ],
          [
            -89.783891,
            41.300656,
            249
          ],
          [
            -89.783161,
            41.300923,
            248.5
          ],
          [
            -89.782438,
            41.301179,
            247.25
          ],
          [
            -89.781142,
            41.301616,
            246.25
          ],
          [
            -89.779775,
            41.302041,
            245.5
          ],
          [
            -89.778353,
            41.302439,
            244.25
          ],
          [
            -89.777569,
            41.302641,
            245.75
          ],
          [
            -89.776781,
            41.302832,
            245
          ],
          [
            -89.776062,
            41.302995,
            244.75
          ],
          [
            -89.775235,
            41.303174,
            244
          ],
          [
            -89.774415,
            41.303336,
            243.25
          ],
          [
            -89.773517,
            41.303496,
            243.25
          ],
          [
            -89.772603,
            41.303646,
            244.25
          ],
          [
            -89.771789,
            41.303762,
            244.25
          ],
          [
            -89.770829,
            41.303888,
            244.25
          ],
          [
            -89.769798,
            41.304006,
            242.75
          ],
          [
            -89.769247,
            41.304062,
            242.5
          ],
          [
            -89.767903,
            41.304168,
            244.5
          ],
          [
            -89.767271,
            41.304208,
            244
          ],
          [
            -89.766153,
            41.304258,
            242.25
          ],
          [
            -89.765526,
            41.30428,
            241.5
          ],
          [
            -89.764932,
            41.304293,
            240.5
          ],
          [
            -89.76426,
            41.3043,
            238.75
          ],
          [
            -89.763374,
            41.304296,
            237.5
          ],
          [
            -89.762576,
            41.304281,
            236
          ],
          [
            -89.761737,
            41.304253,
            236.75
          ],
          [
            -89.760493,
            41.304196,
            236
          ],
          [
            -89.760371,
            41.304191,
            236
          ],
          [
            -89.750461,
            41.303703,
            239.25
          ],
          [
            -89.742452,
            41.303316,
            235
          ],
          [
            -89.733724,
            41.302894,
            230.5
          ],
          [
            -89.733244,
            41.302875,
            230
          ],
          [
            -89.732224,
            41.302859,
            230.25
          ],
          [
            -89.732043,
            41.30286,
            230.5
          ],
          [
            -89.731442,
            41.302871,
            231
          ],
          [
            -89.73085,
            41.302893,
            230
          ],
          [
            -89.730286,
            41.302928,
            228.25
          ],
          [
            -89.72974,
            41.302971,
            227
          ],
          [
            -89.729104,
            41.303036,
            225.75
          ],
          [
            -89.728517,
            41.303114,
            224.75
          ],
          [
            -89.728026,
            41.303185,
            224.25
          ],
          [
            -89.727453,
            41.303277,
            224
          ],
          [
            -89.726873,
            41.303389,
            224.5
          ],
          [
            -89.726295,
            41.303508,
            223.75
          ],
          [
            -89.725739,
            41.303635,
            222.75
          ],
          [
            -89.725192,
            41.30378,
            222.75
          ],
          [
            -89.724553,
            41.303966,
            222
          ],
          [
            -89.723982,
            41.304142,
            222
          ],
          [
            -89.723445,
            41.304321,
            222.25
          ],
          [
            -89.72283,
            41.304543,
            221.75
          ],
          [
            -89.722278,
            41.304761,
            221.75
          ],
          [
            -89.717636,
            41.306713,
            217.75
          ],
          [
            -89.700219,
            41.314039,
            216.75
          ],
          [
            -89.699763,
            41.31423,
            216.75
          ],
          [
            -89.693443,
            41.316887,
            220.25
          ],
          [
            -89.693309,
            41.316943,
            219.75
          ],
          [
            -89.685738,
            41.320124,
            227.75
          ],
          [
            -89.684476,
            41.320664,
            229.25
          ],
          [
            -89.684044,
            41.32085,
            231.5
          ],
          [
            -89.683742,
            41.320994,
            233.25
          ],
          [
            -89.683422,
            41.321154,
            235.25
          ],
          [
            -89.682851,
            41.32147,
            236.5
          ],
          [
            -89.682518,
            41.321673,
            237
          ],
          [
            -89.682167,
            41.321902,
            238
          ],
          [
            -89.681858,
            41.322115,
            238.75
          ],
          [
            -89.681293,
            41.322552,
            238.5
          ],
          [
            -89.681013,
            41.322792,
            237.5
          ],
          [
            -89.680718,
            41.323058,
            236.5
          ],
          [
            -89.68049,
            41.32328,
            236
          ],
          [
            -89.680266,
            41.323511,
            235.75
          ],
          [
            -89.679981,
            41.323819,
            235.25
          ],
          [
            -89.679753,
            41.32409,
            235.25
          ],
          [
            -89.679401,
            41.324548,
            235.75
          ],
          [
            -89.679178,
            41.324865,
            235.75
          ],
          [
            -89.678627,
            41.32565,
            232.5
          ],
          [
            -89.678065,
            41.326457,
            231.5
          ],
          [
            -89.677854,
            41.326756,
            230.5
          ],
          [
            -89.677248,
            41.327611,
            229.25
          ],
          [
            -89.676851,
            41.32818,
            229.5
          ],
          [
            -89.675508,
            41.330094,
            236.25
          ],
          [
            -89.675222,
            41.330469,
            235
          ],
          [
            -89.674957,
            41.330801,
            234.5
          ],
          [
            -89.674689,
            41.331112,
            236.25
          ],
          [
            -89.674344,
            41.331469,
            237.75
          ],
          [
            -89.674044,
            41.331752,
            237.75
          ],
          [
            -89.673762,
            41.332005,
            237
          ],
          [
            -89.673151,
            41.332497,
            232.5
          ],
          [
            -89.672782,
            41.332765,
            230.25
          ],
          [
            -89.672376,
            41.333042,
            228.25
          ],
          [
            -89.671935,
            41.333311,
            227.5
          ],
          [
            -89.671609,
            41.333501,
            226.75
          ],
          [
            -89.671203,
            41.333721,
            225.5
          ],
          [
            -89.670818,
            41.333919,
            224.25
          ],
          [
            -89.670375,
            41.334128,
            223
          ],
          [
            -89.669865,
            41.334342,
            221.75
          ],
          [
            -89.669346,
            41.334541,
            221
          ],
          [
            -89.668763,
            41.334747,
            220.5
          ],
          [
            -89.668337,
            41.334881,
            220.25
          ],
          [
            -89.667838,
            41.335026,
            220.25
          ],
          [
            -89.667206,
            41.335195,
            221
          ],
          [
            -89.666671,
            41.335315,
            222
          ],
          [
            -89.665305,
            41.335582,
            224.5
          ],
          [
            -89.663071,
            41.336005,
            224.25
          ],
          [
            -89.661336,
            41.336392,
            227.5
          ],
          [
            -89.660493,
            41.336598,
            229.75
          ],
          [
            -89.659403,
            41.336891,
            229.5
          ],
          [
            -89.657891,
            41.337337,
            228
          ],
          [
            -89.657198,
            41.337555,
            226.25
          ],
          [
            -89.656702,
            41.337718,
            225
          ],
          [
            -89.65241,
            41.339272,
            219
          ],
          [
            -89.646908,
            41.341265,
            218
          ],
          [
            -89.645071,
            41.341933,
            214.5
          ],
          [
            -89.644607,
            41.342097,
            214.25
          ],
          [
            -89.644073,
            41.342274,
            214
          ],
          [
            -89.643535,
            41.342439,
            213.75
          ],
          [
            -89.64309,
            41.342562,
            214.25
          ],
          [
            -89.642557,
            41.342697,
            215
          ],
          [
            -89.641526,
            41.342919,
            214
          ],
          [
            -89.640996,
            41.343013,
            214.75
          ],
          [
            -89.640453,
            41.343094,
            214.25
          ],
          [
            -89.639907,
            41.343166,
            213
          ],
          [
            -89.639407,
            41.343217,
            211.75
          ],
          [
            -89.638532,
            41.343283,
            212.5
          ],
          [
            -89.638021,
            41.343307,
            213
          ],
          [
            -89.637533,
            41.343318,
            213
          ],
          [
            -89.635625,
            41.343326,
            213.25
          ],
          [
            -89.634758,
            41.343333,
            210.25
          ],
          [
            -89.634345,
            41.343343,
            209.25
          ],
          [
            -89.633438,
            41.343391,
            208
          ],
          [
            -89.632905,
            41.343436,
            207
          ],
          [
            -89.631937,
            41.343549,
            205.5
          ],
          [
            -89.630993,
            41.343696,
            206
          ],
          [
            -89.630562,
            41.343774,
            205.75
          ],
          [
            -89.629659,
            41.343976,
            204.25
          ],
          [
            -89.62865,
            41.344241,
            201
          ],
          [
            -89.627847,
            41.344493,
            200.5
          ],
          [
            -89.627448,
            41.344627,
            202.25
          ],
          [
            -89.626943,
            41.344809,
            204.5
          ],
          [
            -89.626509,
            41.344978,
            205.5
          ],
          [
            -89.62591,
            41.345234,
            204
          ],
          [
            -89.625183,
            41.345571,
            203
          ],
          [
            -89.610521,
            41.3528,
            194.25
          ],
          [
            -89.604602,
            41.355716,
            192.25
          ],
          [
            -89.604386,
            41.355822,
            192.75
          ],
          [
            -89.601423,
            41.357279,
            195.25
          ],
          [
            -89.59909,
            41.358429,
            194.75
          ],
          [
            -89.598682,
            41.358627,
            194.5
          ],
          [
            -89.598238,
            41.35883,
            194
          ],
          [
            -89.597092,
            41.359314,
            194
          ],
          [
            -89.596589,
            41.359516,
            193.75
          ],
          [
            -89.596164,
            41.359676,
            191.5
          ],
          [
            -89.595546,
            41.359892,
            189.75
          ],
          [
            -89.595227,
            41.360005,
            189.25
          ],
          [
            -89.592781,
            41.360907,
            194.5
          ],
          [
            -89.583691,
            41.364198,
            202.25
          ],
          [
            -89.580748,
            41.365256,
            200
          ],
          [
            -89.571786,
            41.368533,
            187.25
          ],
          [
            -89.570678,
            41.368938,
            185.75
          ],
          [
            -89.566584,
            41.370393,
            201.5
          ],
          [
            -89.558373,
            41.373363,
            200
          ],
          [
            -89.551911,
            41.375704,
            201.75
          ],
          [
            -89.548819,
            41.376824,
            201.25
          ],
          [
            -89.540868,
            41.379694,
            201.25
          ],
          [
            -89.52009,
            41.387206,
            204.5
          ],
          [
            -89.5126,
            41.389909,
            200
          ],
          [
            -89.507961,
            41.391572,
            191.75
          ],
          [
            -89.506677,
            41.392032,
            189.5
          ],
          [
            -89.505578,
            41.392436,
            201
          ],
          [
            -89.504932,
            41.392663,
            203.5
          ],
          [
            -89.504237,
            41.392866,
            203.25
          ],
          [
            -89.503893,
            41.392955,
            203.25
          ],
          [
            -89.50353,
            41.39304,
            203.25
          ],
          [
            -89.50322,
            41.393099,
            203.75
          ],
          [
            -89.502817,
            41.39317,
            205.25
          ],
          [
            -89.502348,
            41.393238,
            205.75
          ],
          [
            -89.501867,
            41.393285,
            203.75
          ],
          [
            -89.501373,
            41.393317,
            202.75
          ],
          [
            -89.500976,
            41.393336,
            202.75
          ],
          [
            -89.50064,
            41.393341,
            202.75
          ],
          [
            -89.500039,
            41.39333,
            203
          ],
          [
            -89.499625,
            41.393308,
            202.5
          ],
          [
            -89.499203,
            41.393271,
            201.75
          ],
          [
            -89.498734,
            41.393211,
            201.75
          ],
          [
            -89.498308,
            41.393143,
            201.75
          ],
          [
            -89.497877,
            41.393061,
            202
          ],
          [
            -89.497544,
            41.392989,
            202.25
          ],
          [
            -89.497123,
            41.392882,
            202.25
          ],
          [
            -89.496579,
            41.392728,
            202.5
          ],
          [
            -89.494481,
            41.392115,
            204
          ],
          [
            -89.482873,
            41.388678,
            204.5
          ],
          [
            -89.478564,
            41.387399,
            206
          ],
          [
            -89.474259,
            41.386121,
            206.75
          ],
          [
            -89.473173,
            41.385801,
            207
          ],
          [
            -89.472655,
            41.385653,
            207.75
          ],
          [
            -89.472258,
            41.385559,
            208
          ],
          [
            -89.47184,
            41.385471,
            208.5
          ],
          [
            -89.471401,
            41.385391,
            208.75
          ],
          [
            -89.470952,
            41.385327,
            208.5
          ],
          [
            -89.470485,
            41.385275,
            209
          ],
          [
            -89.469991,
            41.38524,
            209.5
          ],
          [
            -89.469442,
            41.385221,
            209
          ],
          [
            -89.468902,
            41.385224,
            209
          ],
          [
            -89.468452,
            41.385239,
            209
          ],
          [
            -89.467832,
            41.385285,
            210
          ],
          [
            -89.466866,
            41.385368,
            211.25
          ],
          [
            -89.466789,
            41.385375,
            211.5
          ],
          [
            -89.466152,
            41.385431,
            212
          ],
          [
            -89.465999,
            41.385445,
            212
          ],
          [
            -89.465603,
            41.385487,
            212.25
          ],
          [
            -89.465099,
            41.385558,
            212.5
          ],
          [
            -89.46468,
            41.385633,
            213
          ],
          [
            -89.464318,
            41.385708,
            213.75
          ],
          [
            -89.464119,
            41.385756,
            214
          ],
          [
            -89.46358,
            41.385898,
            213.75
          ],
          [
            -89.463221,
            41.386007,
            213.75
          ],
          [
            -89.462881,
            41.386121,
            213.25
          ],
          [
            -89.462535,
            41.386249,
            212.5
          ],
          [
            -89.461748,
            41.386563,
            213
          ],
          [
            -89.460359,
            41.387109,
            214
          ],
          [
            -89.434604,
            41.397342,
            223
          ],
          [
            -89.416354,
            41.404597,
            218
          ],
          [
            -89.408837,
            41.407579,
            219.5
          ],
          [
            -89.39357,
            41.413635,
            215.25
          ],
          [
            -89.392483,
            41.414066,
            214
          ],
          [
            -89.386952,
            41.416258,
            211
          ],
          [
            -89.375139,
            41.420937,
            214.75
          ],
          [
            -89.370397,
            41.422818,
            214.25
          ],
          [
            -89.368464,
            41.423583,
            214.25
          ],
          [
            -89.364644,
            41.425095,
            213.25
          ],
          [
            -89.355844,
            41.428575,
            206.5
          ],
          [
            -89.355687,
            41.428637,
            206.5
          ],
          [
            -89.345205,
            41.432792,
            215.75
          ],
          [
            -89.34097,
            41.434464,
            218.75
          ],
          [
            -89.32561,
            41.440547,
            225.75
          ],
          [
            -89.323825,
            41.441246,
            221.5
          ],
          [
            -89.315802,
            41.444418,
            223
          ],
          [
            -89.314895,
            41.444777,
            224.25
          ],
          [
            -89.313964,
            41.445146,
            225.75
          ],
          [
            -89.313832,
            41.445198,
            225.75
          ],
          [
            -89.311753,
            41.446021,
            227
          ],
          [
            -89.307205,
            41.447821,
            224.25
          ],
          [
            -89.306875,
            41.447951,
            224
          ],
          [
            -89.297779,
            41.451551,
            226
          ],
          [
            -89.286465,
            41.456018,
            230.75
          ],
          [
            -89.272129,
            41.461684,
            235.75
          ],
          [
            -89.265164,
            41.464445,
            237.25
          ],
          [
            -89.264577,
            41.464683,
            237
          ],
          [
            -89.264006,
            41.464922,
            236.25
          ],
          [
            -89.263451,
            41.465164,
            236.75
          ],
          [
            -89.262907,
            41.465413,
            236.25
          ],
          [
            -89.262415,
            41.465647,
            235.75
          ],
          [
            -89.26153,
            41.466088,
            232.75
          ],
          [
            -89.261073,
            41.466325,
            231.5
          ],
          [
            -89.260659,
            41.466561,
            230.25
          ],
          [
            -89.248575,
            41.473291,
            231.75
          ],
          [
            -89.246741,
            41.474312,
            232.25
          ],
          [
            -89.23463,
            41.481077,
            225
          ],
          [
            -89.227816,
            41.484876,
            228
          ],
          [
            -89.225359,
            41.486247,
            226.75
          ],
          [
            -89.214295,
            41.492418,
            224
          ],
          [
            -89.208863,
            41.495444,
            223
          ],
          [
            -89.192827,
            41.504384,
            227
          ],
          [
            -89.192395,
            41.504625,
            227.25
          ],
          [
            -89.183238,
            41.509722,
            228
          ],
          [
            -89.17893,
            41.512121,
            226.75
          ],
          [
            -89.166524,
            41.51903,
            226
          ],
          [
            -89.156413,
            41.524653,
            226.25
          ],
          [
            -89.15402,
            41.525986,
            223.5
          ],
          [
            -89.147893,
            41.529396,
            226.25
          ],
          [
            -89.142117,
            41.532609,
            224.75
          ],
          [
            -89.130981,
            41.538805,
            228.75
          ],
          [
            -89.12749,
            41.540732,
            224.25
          ],
          [
            -89.127342,
            41.540816,
            224.25
          ],
          [
            -89.123037,
            41.543214,
            226.75
          ],
          [
            -89.121384,
            41.544135,
            228.5
          ],
          [
            -89.119886,
            41.544967,
            228.75
          ],
          [
            -89.119622,
            41.545118,
            228.25
          ],
          [
            -89.119375,
            41.545277,
            227.75
          ],
          [
            -89.119185,
            41.545421,
            227.5
          ],
          [
            -89.118971,
            41.545603,
            227.25
          ],
          [
            -89.118723,
            41.545846,
            227.5
          ],
          [
            -89.118523,
            41.546078,
            228
          ],
          [
            -89.118338,
            41.546379,
            228.5
          ],
          [
            -89.118248,
            41.546561,
            229
          ],
          [
            -89.118125,
            41.546821,
            229.25
          ],
          [
            -89.117803,
            41.547592,
            228.75
          ],
          [
            -89.117717,
            41.547959,
            228
          ],
          [
            -89.117687,
            41.548164,
            227.75
          ],
          [
            -89.117663,
            41.548485,
            227.5
          ],
          [
            -89.117669,
            41.549631,
            228.25
          ],
          [
            -89.11766,
            41.549984,
            228
          ],
          [
            -89.117657,
            41.550139,
            228
          ],
          [
            -89.11761,
            41.550437,
            227.5
          ],
          [
            -89.117601,
            41.550493,
            227.5
          ],
          [
            -89.11757,
            41.550637,
            227.25
          ],
          [
            -89.117472,
            41.550951,
            227
          ],
          [
            -89.117408,
            41.551131,
            227.5
          ],
          [
            -89.117329,
            41.551309,
            227.75
          ],
          [
            -89.117238,
            41.551485,
            228
          ],
          [
            -89.117014,
            41.551873,
            228.5
          ],
          [
            -89.116669,
            41.552365,
            228.75
          ],
          [
            -89.116478,
            41.552608,
            229
          ],
          [
            -89.116213,
            41.552918,
            229.25
          ],
          [
            -89.116012,
            41.553134,
            229.25
          ],
          [
            -89.11569,
            41.553451,
            229.25
          ],
          [
            -89.115477,
            41.553644,
            229.25
          ],
          [
            -89.115285,
            41.55381,
            229
          ],
          [
            -89.114898,
            41.554116,
            228
          ],
          [
            -89.114703,
            41.554256,
            227.5
          ],
          [
            -89.114374,
            41.554476,
            226.75
          ],
          [
            -89.113927,
            41.554749,
            226.25
          ],
          [
            -89.113619,
            41.554921,
            226.5
          ],
          [
            -89.113197,
            41.555136,
            227
          ],
          [
            -89.112778,
            41.555336,
            227.5
          ],
          [
            -89.112059,
            41.555624,
            228
          ],
          [
            -89.111852,
            41.555695,
            228
          ],
          [
            -89.111471,
            41.555818,
            227.5
          ],
          [
            -89.110992,
            41.555956,
            227
          ],
          [
            -89.110586,
            41.556057,
            226.75
          ],
          [
            -89.109676,
            41.55624,
            227
          ],
          [
            -89.108558,
            41.55645,
            228.5
          ],
          [
            -89.108233,
            41.556512,
            228
          ],
          [
            -89.106824,
            41.556768,
            226.25
          ],
          [
            -89.091066,
            41.559685,
            220.25
          ],
          [
            -89.090688,
            41.559755,
            220.5
          ],
          [
            -89.08926,
            41.56002,
            222.75
          ],
          [
            -89.078283,
            41.562056,
            223.25
          ],
          [
            -89.077634,
            41.562178,
            223.75
          ],
          [
            -89.077457,
            41.56221,
            223.75
          ],
          [
            -89.076997,
            41.562306,
            223.75
          ],
          [
            -89.076526,
            41.562415,
            223.75
          ],
          [
            -89.076089,
            41.562507,
            224
          ],
          [
            -89.070011,
            41.563631,
            222
          ],
          [
            -89.069297,
            41.563764,
            222
          ],
          [
            -89.062229,
            41.565071,
            224
          ],
          [
            -89.044726,
            41.568306,
            223.25
          ],
          [
            -89.039668,
            41.56924,
            222.75
          ],
          [
            -89.034026,
            41.570282,
            222.5
          ],
          [
            -89.019589,
            41.572949,
            220
          ],
          [
            -88.995715,
            41.577358,
            215.75
          ],
          [
            -88.994368,
            41.577601,
            214.5
          ],
          [
            -88.993975,
            41.577672,
            214
          ],
          [
            -88.976413,
            41.580913,
            216
          ],
          [
            -88.97555,
            41.581072,
            216
          ],
          [
            -88.957112,
            41.584468,
            214.75
          ],
          [
            -88.937874,
            41.588001,
            213.25
          ],
          [
            -88.932242,
            41.589039,
            213.75
          ],
          [
            -88.930966,
            41.589273,
            212
          ],
          [
            -88.930823,
            41.589297,
            211.75
          ],
          [
            -88.930345,
            41.589376,
            210.75
          ],
          [
            -88.929439,
            41.589513,
            211.75
          ],
          [
            -88.929296,
            41.589539,
            212
          ],
          [
            -88.928312,
            41.589719,
            215.25
          ],
          [
            -88.925501,
            41.590239,
            215.25
          ],
          [
            -88.923258,
            41.590649,
            213.75
          ],
          [
            -88.923134,
            41.590675,
            214
          ],
          [
            -88.920833,
            41.591098,
            213.75
          ],
          [
            -88.91884,
            41.591464,
            213.5
          ],
          [
            -88.916697,
            41.591857,
            213.25
          ],
          [
            -88.915778,
            41.592021,
            210.5
          ],
          [
            -88.915528,
            41.592064,
            210.25
          ],
          [
            -88.912875,
            41.592553,
            209.25
          ],
          [
            -88.907049,
            41.593621,
            212.75
          ],
          [
            -88.900254,
            41.594863,
            214.5
          ],
          [
            -88.89626,
            41.595601,
            215.5
          ],
          [
            -88.881509,
            41.598294,
            212.5
          ],
          [
            -88.866232,
            41.601086,
            216
          ],
          [
            -88.837363,
            41.606357,
            213.75
          ],
          [
            -88.817924,
            41.609907,
            212.25
          ],
          [
            -88.815285,
            41.610393,
            213
          ],
          [
            -88.804559,
            41.612344,
            211.75
          ],
          [
            -88.799183,
            41.613286,
            215
          ],
          [
            -88.796989,
            41.613684,
            215.75
          ],
          [
            -88.789493,
            41.615048,
            213
          ],
          [
            -88.78776,
            41.615364,
            214
          ],
          [
            -88.786313,
            41.615626,
            211.75
          ],
          [
            -88.776892,
            41.617344,
            208.25
          ],
          [
            -88.773804,
            41.617907,
            207
          ],
          [
            -88.773306,
            41.617998,
            207.5
          ],
          [
            -88.770054,
            41.618586,
            209.25
          ],
          [
            -88.751099,
            41.62203,
            210
          ],
          [
            -88.75074,
            41.622095,
            210
          ],
          [
            -88.746269,
            41.622907,
            210
          ],
          [
            -88.731455,
            41.625597,
            208
          ],
          [
            -88.717175,
            41.628193,
            209.25
          ],
          [
            -88.706137,
            41.630192,
            208.5
          ],
          [
            -88.694096,
            41.63238,
            208
          ],
          [
            -88.692102,
            41.63274,
            210
          ],
          [
            -88.687969,
            41.633484,
            210.25
          ],
          [
            -88.687639,
            41.633556,
            210.75
          ],
          [
            -88.686642,
            41.633767,
            211.25
          ],
          [
            -88.686133,
            41.633861,
            210.75
          ],
          [
            -88.68431,
            41.634191,
            209.75
          ],
          [
            -88.684214,
            41.634208,
            209.75
          ],
          [
            -88.681185,
            41.634757,
            211
          ],
          [
            -88.681074,
            41.634772,
            211
          ],
          [
            -88.680048,
            41.634963,
            211.75
          ],
          [
            -88.679933,
            41.634985,
            212
          ],
          [
            -88.675616,
            41.635762,
            210.25
          ],
          [
            -88.670116,
            41.63676,
            207.75
          ],
          [
            -88.656757,
            41.639181,
            208.75
          ],
          [
            -88.65519,
            41.639465,
            209.75
          ],
          [
            -88.652948,
            41.639879,
            201.25
          ],
          [
            -88.652609,
            41.63994,
            201
          ],
          [
            -88.646539,
            41.641029,
            205.25
          ],
          [
            -88.63858,
            41.642471,
            205.25
          ],
          [
            -88.637683,
            41.642623,
            205.5
          ],
          [
            -88.63656,
            41.642837,
            204.5
          ],
          [
            -88.632529,
            41.643563,
            204.5
          ],
          [
            -88.632353,
            41.643595,
            204.5
          ],
          [
            -88.624155,
            41.645075,
            203
          ],
          [
            -88.623045,
            41.645272,
            202.75
          ],
          [
            -88.622513,
            41.645358,
            202.75
          ],
          [
            -88.621751,
            41.64547,
            203.25
          ],
          [
            -88.620592,
            41.645626,
            204
          ],
          [
            -88.619477,
            41.645757,
            203.75
          ],
          [
            -88.618787,
            41.645829,
            203.5
          ],
          [
            -88.617256,
            41.645989,
            202
          ],
          [
            -88.616932,
            41.646023,
            202.25
          ],
          [
            -88.612085,
            41.646532,
            202.5
          ],
          [
            -88.612003,
            41.646541,
            202.5
          ],
          [
            -88.600168,
            41.647791,
            199.5
          ],
          [
            -88.599379,
            41.647874,
            199
          ],
          [
            -88.598784,
            41.647936,
            199.25
          ],
          [
            -88.5923,
            41.648613,
            196.5
          ],
          [
            -88.591725,
            41.648678,
            196.5
          ],
          [
            -88.590619,
            41.648816,
            198
          ],
          [
            -88.589491,
            41.648973,
            196.75
          ],
          [
            -88.588257,
            41.649182,
            195
          ],
          [
            -88.587544,
            41.649311,
            195.75
          ],
          [
            -88.586997,
            41.649419,
            195.25
          ],
          [
            -88.586395,
            41.649548,
            195
          ],
          [
            -88.585427,
            41.649765,
            196
          ],
          [
            -88.584963,
            41.649876,
            196.75
          ],
          [
            -88.584364,
            41.650029,
            197
          ],
          [
            -88.581528,
            41.650761,
            189.75
          ],
          [
            -88.581191,
            41.650852,
            190.75
          ],
          [
            -88.580742,
            41.650971,
            193
          ],
          [
            -88.562662,
            41.655737,
            199.75
          ],
          [
            -88.559096,
            41.656677,
            200.75
          ],
          [
            -88.54443,
            41.660544,
            198.5
          ],
          [
            -88.542351,
            41.66109,
            197.5
          ],
          [
            -88.542252,
            41.661116,
            197.5
          ],
          [
            -88.54024,
            41.661643,
            198.25
          ],
          [
            -88.539238,
            41.661897,
            199.25
          ],
          [
            -88.539134,
            41.661923,
            199.25
          ],
          [
            -88.538403,
            41.6621,
            198.5
          ],
          [
            -88.537235,
            41.662373,
            199.5
          ],
          [
            -88.537141,
            41.662395,
            199.25
          ],
          [
            -88.537048,
            41.662416,
            199.25
          ],
          [
            -88.535132,
            41.662859,
            199.25
          ],
          [
            -88.535033,
            41.662882,
            199.25
          ],
          [
            -88.532762,
            41.663392,
            200.25
          ],
          [
            -88.532675,
            41.663412,
            200.25
          ],
          [
            -88.526233,
            41.664859,
            193.25
          ],
          [
            -88.52507,
            41.66512,
            188.5
          ],
          [
            -88.524141,
            41.665327,
            187
          ],
          [
            -88.516648,
            41.66702,
            196.75
          ],
          [
            -88.511555,
            41.668169,
            195.25
          ],
          [
            -88.507504,
            41.669083,
            196.75
          ],
          [
            -88.497983,
            41.671233,
            197
          ],
          [
            -88.489052,
            41.673248,
            198
          ],
          [
            -88.488357,
            41.673404,
            198.75
          ],
          [
            -88.479551,
            41.675383,
            196.5
          ],
          [
            -88.476078,
            41.676167,
            197.25
          ],
          [
            -88.472132,
            41.677051,
            196.75
          ],
          [
            -88.470564,
            41.677404,
            197.25
          ],
          [
            -88.466348,
            41.678353,
            194.75
          ],
          [
            -88.46605,
            41.67842,
            194.75
          ],
          [
            -88.453922,
            41.68115,
            196
          ],
          [
            -88.451877,
            41.681609,
            196.75
          ],
          [
            -88.445969,
            41.682935,
            195.25
          ],
          [
            -88.445778,
            41.682977,
            195.5
          ],
          [
            -88.433673,
            41.685703,
            194.25
          ],
          [
            -88.431329,
            41.686231,
            196
          ],
          [
            -88.427859,
            41.687008,
            199
          ],
          [
            -88.423019,
            41.688097,
            197
          ],
          [
            -88.415081,
            41.689883,
            197.75
          ],
          [
            -88.408635,
            41.691333,
            196.25
          ],
          [
            -88.408226,
            41.691423,
            196.5
          ],
          [
            -88.406207,
            41.691875,
            200
          ],
          [
            -88.406102,
            41.691899,
            199.75
          ],
          [
            -88.397118,
            41.693913,
            197.75
          ],
          [
            -88.392234,
            41.69501,
            199
          ],
          [
            -88.38302,
            41.697077,
            198.25
          ],
          [
            -88.382533,
            41.697194,
            197.5
          ],
          [
            -88.381558,
            41.697443,
            198.5
          ],
          [
            -88.380942,
            41.697607,
            201.25
          ],
          [
            -88.380351,
            41.697772,
            200.75
          ],
          [
            -88.379646,
            41.69798,
            199.75
          ],
          [
            -88.379145,
            41.698135,
            199.5
          ],
          [
            -88.37846,
            41.698357,
            198.75
          ],
          [
            -88.377609,
            41.698648,
            197.5
          ],
          [
            -88.376202,
            41.699174,
            198.5
          ],
          [
            -88.375647,
            41.699389,
            198.5
          ],
          [
            -88.375018,
            41.699644,
            198.75
          ],
          [
            -88.374304,
            41.699952,
            199.75
          ],
          [
            -88.373557,
            41.700289,
            199.25
          ],
          [
            -88.373016,
            41.700545,
            199.25
          ],
          [
            -88.37189,
            41.701097,
            199.5
          ],
          [
            -88.371357,
            41.701372,
            199
          ],
          [
            -88.370324,
            41.701943,
            199.75
          ],
          [
            -88.369323,
            41.702519,
            201
          ],
          [
            -88.368223,
            41.703201,
            200.5
          ],
          [
            -88.367215,
            41.703876,
            200
          ],
          [
            -88.366826,
            41.704147,
            200
          ],
          [
            -88.366028,
            41.704724,
            199
          ],
          [
            -88.365451,
            41.705163,
            199.25
          ],
          [
            -88.364544,
            41.705883,
            200.5
          ],
          [
            -88.363675,
            41.706614,
            200.5
          ],
          [
            -88.362989,
            41.707241,
            201.5
          ],
          [
            -88.36237,
            41.707827,
            200.5
          ],
          [
            -88.361622,
            41.708571,
            201.25
          ],
          [
            -88.361333,
            41.708872,
            201.75
          ],
          [
            -88.360682,
            41.709577,
            202
          ],
          [
            -88.360401,
            41.709897,
            201
          ],
          [
            -88.359453,
            41.711037,
            200.25
          ],
          [
            -88.358482,
            41.712297,
            199.25
          ],
          [
            -88.352861,
            41.719593,
            196.25
          ],
          [
            -88.348251,
            41.725563,
            195.5
          ],
          [
            -88.348176,
            41.725657,
            195.5
          ],
          [
            -88.347305,
            41.72678,
            196.25
          ],
          [
            -88.346423,
            41.727922,
            195.5
          ],
          [
            -88.345089,
            41.729648,
            196.25
          ],
          [
            -88.344931,
            41.729859,
            196
          ],
          [
            -88.344409,
            41.730531,
            195.75
          ],
          [
            -88.343792,
            41.731337,
            194.5
          ],
          [
            -88.343198,
            41.732105,
            194.5
          ],
          [
            -88.339985,
            41.736278,
            192
          ],
          [
            -88.338189,
            41.738598,
            193.75
          ],
          [
            -88.337435,
            41.739587,
            194.25
          ],
          [
            -88.333826,
            41.744254,
            196
          ],
          [
            -88.333209,
            41.745051,
            196
          ],
          [
            -88.333164,
            41.745109,
            196
          ],
          [
            -88.333075,
            41.745222,
            196.25
          ],
          [
            -88.332907,
            41.745432,
            196.25
          ],
          [
            -88.332704,
            41.745665,
            197.5
          ],
          [
            -88.332413,
            41.745973,
            198.75
          ],
          [
            -88.332191,
            41.746185,
            198.5
          ],
          [
            -88.331846,
            41.746487,
            199.25
          ],
          [
            -88.331411,
            41.746829,
            198.5
          ],
          [
            -88.331021,
            41.747103,
            197.75
          ],
          [
            -88.330783,
            41.747255,
            197.75
          ],
          [
            -88.330564,
            41.747385,
            197.25
          ],
          [
            -88.330036,
            41.747681,
            195.75
          ],
          [
            -88.329491,
            41.747944,
            195.5
          ],
          [
            -88.327573,
            41.748832,
            193.5
          ],
          [
            -88.327097,
            41.749051,
            194
          ],
          [
            -88.326766,
            41.749204,
            194.5
          ],
          [
            -88.325941,
            41.749559,
            195.75
          ],
          [
            -88.325468,
            41.749764,
            195.75
          ],
          [
            -88.325151,
            41.749908,
            196.5
          ],
          [
            -88.324824,
            41.750066,
            196.5
          ],
          [
            -88.323342,
            41.75079,
            194
          ],
          [
            -88.32249,
            41.751186,
            194.75
          ],
          [
            -88.322431,
            41.751214,
            194.75
          ],
          [
            -88.321731,
            41.751539,
            195.75
          ],
          [
            -88.320266,
            41.75222,
            195.75
          ],
          [
            -88.316764,
            41.753841,
            198.75
          ],
          [
            -88.316062,
            41.754167,
            198
          ],
          [
            -88.315582,
            41.754388,
            198.25
          ],
          [
            -88.315122,
            41.754616,
            198.25
          ],
          [
            -88.314242,
            41.755083,
            198.5
          ],
          [
            -88.313798,
            41.755345,
            198.5
          ],
          [
            -88.313149,
            41.755763,
            198.75
          ],
          [
            -88.312835,
            41.755979,
            198.75
          ],
          [
            -88.312464,
            41.756248,
            199
          ],
          [
            -88.310741,
            41.757609,
            199.25
          ],
          [
            -88.310599,
            41.757728,
            199.5
          ],
          [
            -88.309475,
            41.758628,
            200.75
          ],
          [
            -88.308997,
            41.759016,
            201.75
          ],
          [
            -88.308566,
            41.759388,
            201.75
          ],
          [
            -88.308055,
            41.759885,
            200.75
          ],
          [
            -88.307773,
            41.760188,
            201.25
          ],
          [
            -88.307604,
            41.760376,
            201.5
          ],
          [
            -88.307429,
            41.760587,
            201.75
          ],
          [
            -88.307235,
            41.760841,
            201.75
          ],
          [
            -88.306929,
            41.761247,
            201.75
          ],
          [
            -88.306385,
            41.762021,
            202.25
          ],
          [
            -88.306171,
            41.762322,
            202.25
          ],
          [
            -88.305964,
            41.762598,
            202.25
          ],
          [
            -88.305555,
            41.763085,
            202.25
          ],
          [
            -88.30538,
            41.763271,
            202
          ],
          [
            -88.305177,
            41.763477,
            202.5
          ],
          [
            -88.304964,
            41.763674,
            203
          ],
          [
            -88.304551,
            41.764017,
            204.5
          ],
          [
            -88.304358,
            41.764167,
            205.25
          ],
          [
            -88.304035,
            41.764399,
            205.5
          ],
          [
            -88.303825,
            41.76454,
            206
          ],
          [
            -88.303356,
            41.764821,
            206.75
          ],
          [
            -88.303012,
            41.765012,
            206.5
          ],
          [
            -88.3026,
            41.765222,
            206.25
          ],
          [
            -88.301962,
            41.765508,
            206.5
          ],
          [
            -88.30125,
            41.765771,
            206.75
          ],
          [
            -88.300959,
            41.765864,
            206.75
          ],
          [
            -88.300492,
            41.766002,
            207
          ],
          [
            -88.299471,
            41.766241,
            207.25
          ],
          [
            -88.295148,
            41.767181,
            209.75
          ],
          [
            -88.29482,
            41.767248,
            209.25
          ],
          [
            -88.294495,
            41.767309,
            208.75
          ],
          [
            -88.293129,
            41.767527,
            209
          ],
          [
            -88.289817,
            41.768019,
            209
          ],
          [
            -88.284791,
            41.768769,
            210
          ],
          [
            -88.28292,
            41.769038,
            211.25
          ],
          [
            -88.279337,
            41.769578,
            214.25
          ],
          [
            -88.2792,
            41.769599,
            214.5
          ],
          [
            -88.277452,
            41.769858,
            212.75
          ],
          [
            -88.277194,
            41.769893,
            212.5
          ],
          [
            -88.276134,
            41.77001,
            212
          ],
          [
            -88.27585,
            41.770051,
            212
          ],
          [
            -88.274041,
            41.770321,
            213.5
          ],
          [
            -88.272797,
            41.770508,
            214.5
          ],
          [
            -88.270809,
            41.770806,
            214
          ],
          [
            -88.26835,
            41.77116,
            214
          ],
          [
            -88.266389,
            41.771457,
            214.5
          ],
          [
            -88.263508,
            41.77188,
            215.25
          ],
          [
            -88.262117,
            41.772091,
            216
          ],
          [
            -88.25175,
            41.773629,
            217
          ],
          [
            -88.248207,
            41.774154,
            217.75
          ],
          [
            -88.245419,
            41.774571,
            218.25
          ],
          [
            -88.245074,
            41.774622,
            218.5
          ],
          [
            -88.240601,
            41.775283,
            219.5
          ],
          [
            -88.239549,
            41.77544,
            219
          ],
          [
            -88.239175,
            41.775493,
            219.75
          ],
          [
            -88.238112,
            41.775694,
            219.5
          ],
          [
            -88.237773,
            41.775743,
            219.75
          ],
          [
            -88.232662,
            41.776505,
            221.25
          ],
          [
            -88.230653,
            41.776806,
            221.5
          ],
          [
            -88.226777,
            41.777365,
            220.75
          ],
          [
            -88.225889,
            41.777481,
            219
          ],
          [
            -88.225552,
            41.777519,
            218.75
          ],
          [
            -88.224961,
            41.777573,
            219
          ],
          [
            -88.223932,
            41.777639,
            217.75
          ],
          [
            -88.222056,
            41.777699,
            218
          ],
          [
            -88.217589,
            41.777818,
            218
          ],
          [
            -88.213531,
            41.777927,
            216.5
          ],
          [
            -88.205874,
            41.778141,
            213.25
          ],
          [
            -88.205466,
            41.778153,
            212.5
          ],
          [
            -88.194198,
            41.778454,
            214.75
          ],
          [
            -88.194149,
            41.778456,
            214.75
          ],
          [
            -88.185037,
            41.778705,
            215
          ],
          [
            -88.184742,
            41.778716,
            215
          ],
          [
            -88.178356,
            41.778883,
            216
          ],
          [
            -88.178178,
            41.778888,
            215.75
          ],
          [
            -88.177991,
            41.778893,
            215.75
          ],
          [
            -88.175765,
            41.778964,
            213.5
          ],
          [
            -88.174278,
            41.779011,
            215
          ],
          [
            -88.170346,
            41.779119,
            209.25
          ],
          [
            -88.169943,
            41.779129,
            209.5
          ],
          [
            -88.154836,
            41.779537,
            214
          ],
          [
            -88.151995,
            41.779613,
            215
          ],
          [
            -88.151696,
            41.779621,
            215
          ],
          [
            -88.150536,
            41.779651,
            215
          ],
          [
            -88.149126,
            41.779649,
            217
          ],
          [
            -88.148718,
            41.779661,
            217.25
          ],
          [
            -88.147053,
            41.779703,
            215.75
          ],
          [
            -88.144329,
            41.779781,
            220.25
          ],
          [
            -88.144244,
            41.779784,
            220.25
          ],
          [
            -88.142208,
            41.779832,
            221
          ],
          [
            -88.142096,
            41.779835,
            221
          ],
          [
            -88.140491,
            41.779864,
            224.5
          ],
          [
            -88.139474,
            41.77989,
            223.75
          ],
          [
            -88.139278,
            41.779892,
            224
          ],
          [
            -88.138583,
            41.779932,
            224
          ],
          [
            -88.137787,
            41.77997,
            224
          ],
          [
            -88.136283,
            41.780012,
            225
          ],
          [
            -88.136097,
            41.780016,
            224.75
          ],
          [
            -88.136042,
            41.780017,
            224.75
          ],
          [
            -88.135567,
            41.780031,
            224.25
          ],
          [
            -88.134535,
            41.780079,
            223.5
          ],
          [
            -88.133288,
            41.780124,
            223.25
          ],
          [
            -88.132678,
            41.780163,
            222
          ],
          [
            -88.132351,
            41.78019,
            221.25
          ],
          [
            -88.131657,
            41.780259,
            219.5
          ],
          [
            -88.13096,
            41.780349,
            215.25
          ],
          [
            -88.12967,
            41.78055,
            214.5
          ],
          [
            -88.128247,
            41.780841,
            217.25
          ],
          [
            -88.127125,
            41.781112,
            220.25
          ],
          [
            -88.125789,
            41.781504,
            222.5
          ],
          [
            -88.124318,
            41.782,
            219
          ],
          [
            -88.123241,
            41.782422,
            217.75
          ],
          [
            -88.121865,
            41.78304,
            218.5
          ],
          [
            -88.120389,
            41.783783,
            219.75
          ],
          [
            -88.11937,
            41.78431,
            220.75
          ],
          [
            -88.117618,
            41.785216,
            218.5
          ],
          [
            -88.115288,
            41.78642,
            218.5
          ],
          [
            -88.115029,
            41.786554,
            218.5
          ],
          [
            -88.110424,
            41.788925,
            220.5
          ],
          [
            -88.107899,
            41.790216,
            218
          ],
          [
            -88.10557,
            41.791411,
            220.75
          ],
          [
            -88.104734,
            41.791809,
            221.25
          ],
          [
            -88.103972,
            41.792121,
            222.75
          ],
          [
            -88.103536,
            41.79228,
            222.75
          ],
          [
            -88.102988,
            41.79246,
            222.5
          ],
          [
            -88.102602,
            41.792573,
            222.75
          ],
          [
            -88.102198,
            41.792681,
            222.75
          ],
          [
            -88.101786,
            41.79278,
            222.5
          ],
          [
            -88.101335,
            41.792878,
            221.75
          ],
          [
            -88.100752,
            41.792988,
            220
          ],
          [
            -88.094244,
            41.794111,
            216.25
          ],
          [
            -88.092402,
            41.794426,
            215.5
          ],
          [
            -88.091859,
            41.794519,
            216
          ],
          [
            -88.089933,
            41.794848,
            213.5
          ],
          [
            -88.087972,
            41.795185,
            210.25
          ],
          [
            -88.087425,
            41.79528,
            210.25
          ],
          [
            -88.085327,
            41.79564,
            208.25
          ],
          [
            -88.082748,
            41.796078,
            207.75
          ],
          [
            -88.080374,
            41.796484,
            204.25
          ],
          [
            -88.079971,
            41.796556,
            203.75
          ],
          [
            -88.077313,
            41.797009,
            205.75
          ],
          [
            -88.077069,
            41.79705,
            206
          ],
          [
            -88.072309,
            41.797874,
            209.5
          ],
          [
            -88.071319,
            41.798038,
            211.5
          ],
          [
            -88.070459,
            41.798161,
            212.5
          ],
          [
            -88.069932,
            41.798222,
            213.5
          ],
          [
            -88.069201,
            41.798293,
            215
          ],
          [
            -88.068413,
            41.798346,
            212.25
          ],
          [
            -88.067259,
            41.798405,
            210
          ],
          [
            -88.066481,
            41.798402,
            210.5
          ],
          [
            -88.065872,
            41.79839,
            209.75
          ],
          [
            -88.065332,
            41.798364,
            209.25
          ],
          [
            -88.064815,
            41.798332,
            209
          ],
          [
            -88.064404,
            41.798296,
            209
          ],
          [
            -88.064097,
            41.79827,
            209.5
          ],
          [
            -88.063415,
            41.798199,
            211
          ],
          [
            -88.062408,
            41.798079,
            212.25
          ],
          [
            -88.061311,
            41.797948,
            213
          ],
          [
            -88.059743,
            41.797757,
            212.5
          ],
          [
            -88.052441,
            41.79689,
            213.75
          ],
          [
            -88.045422,
            41.796039,
            218.25
          ],
          [
            -88.04217,
            41.795646,
            218.5
          ],
          [
            -88.041723,
            41.795598,
            219
          ],
          [
            -88.041381,
            41.795568,
            219
          ],
          [
            -88.040888,
            41.795528,
            218.75
          ],
          [
            -88.040431,
            41.795498,
            218.25
          ],
          [
            -88.039778,
            41.795475,
            217.5
          ],
          [
            -88.039064,
            41.79546,
            217.5
          ],
          [
            -88.03822,
            41.795459,
            216.5
          ],
          [
            -88.036611,
            41.795478,
            218
          ],
          [
            -88.034945,
            41.795465,
            218.25
          ],
          [
            -88.030428,
            41.795475,
            219.25
          ],
          [
            -88.025825,
            41.795487,
            217.75
          ],
          [
            -88.019989,
            41.795499,
            221
          ],
          [
            -88.011903,
            41.795521,
            219.75
          ],
          [
            -88.010411,
            41.795523,
            220
          ],
          [
            -88.006874,
            41.795531,
            222
          ],
          [
            -88.00645,
            41.795534,
            222
          ],
          [
            -88.002856,
            41.795541,
            221.75
          ],
          [
            -88.00221,
            41.795543,
            221.75
          ],
          [
            -88.000562,
            41.795544,
            221.75
          ],
          [
            -87.999076,
            41.795548,
            223.5
          ],
          [
            -87.998468,
            41.795549,
            223.75
          ],
          [
            -87.997987,
            41.795549,
            223.75
          ],
          [
            -87.996576,
            41.795553,
            224.5
          ],
          [
            -87.995213,
            41.795579,
            223.75
          ],
          [
            -87.994916,
            41.795557,
            223.5
          ],
          [
            -87.994694,
            41.795558,
            224
          ],
          [
            -87.98688,
            41.795573,
            228.75
          ],
          [
            -87.980317,
            41.795586,
            232.25
          ],
          [
            -87.97823,
            41.795596,
            231.75
          ],
          [
            -87.97543,
            41.795597,
            230.25
          ],
          [
            -87.975324,
            41.795597,
            230.25
          ],
          [
            -87.973087,
            41.795602,
            231
          ],
          [
            -87.970878,
            41.795626,
            227.5
          ],
          [
            -87.968222,
            41.795628,
            227
          ],
          [
            -87.967728,
            41.795626,
            226.75
          ],
          [
            -87.965679,
            41.79562,
            227.25
          ],
          [
            -87.964086,
            41.79564,
            226
          ],
          [
            -87.963257,
            41.795654,
            224.5
          ],
          [
            -87.96266,
            41.795673,
            224.5
          ],
          [
            -87.962388,
            41.795691,
            224.5
          ],
          [
            -87.96207,
            41.795704,
            225
          ],
          [
            -87.961746,
            41.795728,
            225.25
          ],
          [
            -87.96075,
            41.795818,
            225.75
          ],
          [
            -87.96012,
            41.795902,
            226.25
          ],
          [
            -87.959128,
            41.796057,
            226
          ],
          [
            -87.958781,
            41.796118,
            226.75
          ],
          [
            -87.957594,
            41.796363,
            227
          ],
          [
            -87.954684,
            41.797009,
            222.25
          ],
          [
            -87.954537,
            41.797043,
            222
          ],
          [
            -87.953063,
            41.797376,
            223.25
          ],
          [
            -87.952766,
            41.797442,
            223
          ],
          [
            -87.948882,
            41.798319,
            223
          ],
          [
            -87.945198,
            41.799151,
            220
          ],
          [
            -87.94165,
            41.79995,
            219.75
          ],
          [
            -87.939688,
            41.800395,
            218.25
          ],
          [
            -87.939338,
            41.800475,
            217.25
          ],
          [
            -87.939245,
            41.800496,
            217
          ],
          [
            -87.939159,
            41.800515,
            217
          ],
          [
            -87.93397,
            41.801684,
            213.5
          ],
          [
            -87.930911,
            41.802375,
            213.25
          ],
          [
            -87.930806,
            41.802399,
            213.25
          ],
          [
            -87.930699,
            41.802423,
            213.25
          ],
          [
            -87.930525,
            41.802462,
            213.5
          ],
          [
            -87.929424,
            41.802711,
            213.75
          ],
          [
            -87.929296,
            41.80274,
            213.75
          ],
          [
            -87.929181,
            41.802766,
            213.75
          ],
          [
            -87.928373,
            41.802953,
            214.75
          ],
          [
            -87.927363,
            41.803177,
            213.25
          ],
          [
            -87.927239,
            41.803204,
            213.25
          ],
          [
            -87.927123,
            41.803231,
            213
          ],
          [
            -87.924967,
            41.803723,
            213.25
          ],
          [
            -87.924591,
            41.803808,
            213.75
          ],
          [
            -87.922641,
            41.804247,
            214.75
          ],
          [
            -87.921237,
            41.804565,
            215
          ],
          [
            -87.920118,
            41.804817,
            213.75
          ],
          [
            -87.919937,
            41.804858,
            213.5
          ],
          [
            -87.919402,
            41.804979,
            211
          ],
          [
            -87.91869,
            41.80514,
            209
          ],
          [
            -87.912327,
            41.806578,
            205.25
          ],
          [
            -87.911954,
            41.806659,
            205
          ],
          [
            -87.911527,
            41.806754,
            205
          ],
          [
            -87.902009,
            41.808901,
            205
          ],
          [
            -87.901905,
            41.808925,
            205.25
          ],
          [
            -87.901802,
            41.808948,
            205.25
          ],
          [
            -87.901478,
            41.809021,
            206
          ],
          [
            -87.900606,
            41.809218,
            206
          ],
          [
            -87.900501,
            41.809242,
            206.25
          ],
          [
            -87.9004,
            41.809265,
            206.25
          ],
          [
            -87.898784,
            41.809631,
            207.5
          ],
          [
            -87.898661,
            41.809659,
            207.25
          ],
          [
            -87.898549,
            41.809684,
            207.25
          ],
          [
            -87.89313,
            41.810904,
            201
          ],
          [
            -87.892583,
            41.811027,
            201.25
          ],
          [
            -87.892472,
            41.811052,
            201.25
          ],
          [
            -87.889221,
            41.811786,
            202
          ],
          [
            -87.889107,
            41.811812,
            202
          ],
          [
            -87.889008,
            41.811834,
            202.5
          ],
          [
            -87.885127,
            41.812709,
            202
          ],
          [
            -87.879663,
            41.81394,
            198.25
          ],
          [
            -87.879562,
            41.813963,
            198
          ],
          [
            -87.879451,
            41.813987,
            198
          ],
          [
            -87.874734,
            41.815049,
            198
          ],
          [
            -87.874627,
            41.815073,
            198
          ],
          [
            -87.874534,
            41.815094,
            198
          ],
          [
            -87.874346,
            41.815136,
            198.25
          ],
          [
            -87.872434,
            41.815569,
            197.75
          ],
          [
            -87.87234,
            41.81559,
            197.75
          ],
          [
            -87.872222,
            41.815616,
            197.75
          ],
          [
            -87.869854,
            41.816149,
            198.25
          ],
          [
            -87.869711,
            41.81618,
            198
          ],
          [
            -87.869554,
            41.816215,
            198
          ],
          [
            -87.866514,
            41.816897,
            194
          ],
          [
            -87.866235,
            41.81696,
            194.5
          ],
          [
            -87.864499,
            41.817347,
            193.5
          ],
          [
            -87.86417,
            41.817421,
            193
          ],
          [
            -87.856279,
            41.819197,
            193.25
          ],
          [
            -87.852105,
            41.82014,
            194
          ],
          [
            -87.851395,
            41.8203,
            194
          ],
          [
            -87.851253,
            41.820332,
            193.5
          ],
          [
            -87.851114,
            41.820363,
            193
          ],
          [
            -87.85052,
            41.820497,
            191.75
          ],
          [
            -87.848938,
            41.820851,
            192
          ],
          [
            -87.846765,
            41.82134,
            190.5
          ],
          [
            -87.846237,
            41.821458,
            189.75
          ],
          [
            -87.844072,
            41.821946,
            190
          ],
          [
            -87.843969,
            41.82197,
            190
          ],
          [
            -87.843871,
            41.821993,
            190
          ],
          [
            -87.843223,
            41.822138,
            190
          ],
          [
            -87.841503,
            41.822523,
            191
          ],
          [
            -87.841114,
            41.822611,
            191
          ],
          [
            -87.837805,
            41.823353,
            190.25
          ],
          [
            -87.834431,
            41.824109,
            190.25
          ],
          [
            -87.834346,
            41.824128,
            190.25
          ],
          [
            -87.834254,
            41.824149,
            190
          ],
          [
            -87.828856,
            41.82537,
            192.5
          ],
          [
            -87.828603,
            41.825423,
            192.75
          ],
          [
            -87.827798,
            41.825606,
            193.75
          ],
          [
            -87.826858,
            41.825821,
            193
          ],
          [
            -87.825658,
            41.82609,
            191.25
          ],
          [
            -87.819595,
            41.827448,
            191.25
          ],
          [
            -87.819474,
            41.827475,
            191
          ],
          [
            -87.819361,
            41.8275,
            190.5
          ],
          [
            -87.819323,
            41.827509,
            190.5
          ],
          [
            -87.815107,
            41.828459,
            189.5
          ],
          [
            -87.814194,
            41.828659,
            190.5
          ],
          [
            -87.814101,
            41.82868,
            190.5
          ],
          [
            -87.814014,
            41.828699,
            190.5
          ],
          [
            -87.809385,
            41.829742,
            189.25
          ],
          [
            -87.805957,
            41.830514,
            188
          ],
          [
            -87.805862,
            41.830535,
            188
          ],
          [
            -87.805764,
            41.830557,
            187.75
          ],
          [
            -87.803076,
            41.831162,
            187
          ],
          [
            -87.802938,
            41.831193,
            187
          ],
          [
            -87.802809,
            41.831223,
            187
          ],
          [
            -87.802054,
            41.831392,
            188
          ],
          [
            -87.800093,
            41.831833,
            188
          ],
          [
            -87.79775,
            41.83236,
            186.5
          ],
          [
            -87.797644,
            41.832381,
            186.25
          ],
          [
            -87.797546,
            41.832403,
            186.25
          ],
          [
            -87.794159,
            41.83316,
            187
          ],
          [
            -87.794036,
            41.833187,
            187
          ],
          [
            -87.79395,
            41.833206,
            187
          ],
          [
            -87.793496,
            41.833311,
            187
          ],
          [
            -87.792939,
            41.833436,
            187.25
          ],
          [
            -87.79284,
            41.833459,
            187.25
          ],
          [
            -87.792732,
            41.833483,
            187.25
          ],
          [
            -87.79062,
            41.833958,
            187
          ],
          [
            -87.790066,
            41.83408,
            186
          ],
          [
            -87.788462,
            41.834481,
            186.5
          ],
          [
            -87.788105,
            41.834557,
            186
          ],
          [
            -87.787973,
            41.834586,
            186
          ],
          [
            -87.787892,
            41.834604,
            185.75
          ],
          [
            -87.787709,
            41.834646,
            185.75
          ],
          [
            -87.787519,
            41.834689,
            185.5
          ],
          [
            -87.786075,
            41.834975,
            186.75
          ],
          [
            -87.784918,
            41.835238,
            185.75
          ],
          [
            -87.783258,
            41.835611,
            186
          ],
          [
            -87.78313,
            41.835639,
            186
          ],
          [
            -87.782078,
            41.835878,
            186.25
          ],
          [
            -87.780459,
            41.836246,
            186.25
          ],
          [
            -87.779173,
            41.836578,
            186
          ],
          [
            -87.774432,
            41.837807,
            186.5
          ],
          [
            -87.773576,
            41.838057,
            186
          ],
          [
            -87.77301,
            41.838243,
            186
          ],
          [
            -87.767949,
            41.840129,
            186
          ],
          [
            -87.767058,
            41.840423,
            185.75
          ],
          [
            -87.766463,
            41.840611,
            185.5
          ],
          [
            -87.765592,
            41.840845,
            185.25
          ],
          [
            -87.765252,
            41.840936,
            185.25
          ],
          [
            -87.756226,
            41.842957,
            184
          ],
          [
            -87.755749,
            41.843052,
            184.25
          ],
          [
            -87.754767,
            41.843234,
            184.25
          ],
          [
            -87.754455,
            41.84328,
            184.5
          ],
          [
            -87.754118,
            41.843321,
            185
          ],
          [
            -87.753096,
            41.843441,
            184.5
          ],
          [
            -87.752613,
            41.84349,
            184.25
          ],
          [
            -87.750734,
            41.843656,
            184.25
          ],
          [
            -87.750592,
            41.84367,
            184.25
          ],
          [
            -87.749908,
            41.843738,
            184
          ],
          [
            -87.748746,
            41.843845,
            184.25
          ],
          [
            -87.748491,
            41.843867,
            184.25
          ],
          [
            -87.747235,
            41.843979,
            184
          ],
          [
            -87.746366,
            41.844072,
            183
          ],
          [
            -87.746086,
            41.844109,
            183.75
          ],
          [
            -87.745636,
            41.844169,
            183.75
          ],
          [
            -87.745004,
            41.844263,
            183
          ],
          [
            -87.744521,
            41.844343,
            182.5
          ],
          [
            -87.74402,
            41.844444,
            182.5
          ],
          [
            -87.742878,
            41.844702,
            183.5
          ],
          [
            -87.741742,
            41.844946,
            184.75
          ],
          [
            -87.738359,
            41.845708,
            186.25
          ],
          [
            -87.738222,
            41.845738,
            186
          ],
          [
            -87.736889,
            41.845999,
            184
          ],
          [
            -87.735961,
            41.846206,
            185.25
          ],
          [
            -87.735812,
            41.84624,
            185.5
          ],
          [
            -87.734164,
            41.84661,
            184
          ],
          [
            -87.729672,
            41.847611,
            184.5
          ],
          [
            -87.729351,
            41.847684,
            184.5
          ],
          [
            -87.726265,
            41.848381,
            185
          ],
          [
            -87.724822,
            41.848705,
            184
          ],
          [
            -87.72453,
            41.84877,
            184.25
          ],
          [
            -87.720665,
            41.849637,
            183.5
          ],
          [
            -87.719941,
            41.849799,
            183.75
          ],
          [
            -87.719693,
            41.849854,
            184
          ],
          [
            -87.718729,
            41.850066,
            184
          ],
          [
            -87.71849,
            41.850119,
            183.75
          ],
          [
            -87.717517,
            41.850338,
            181.25
          ],
          [
            -87.717277,
            41.850391,
            181.75
          ],
          [
            -87.716308,
            41.850608,
            183
          ],
          [
            -87.716065,
            41.850661,
            183.5
          ],
          [
            -87.715095,
            41.850872,
            183
          ],
          [
            -87.714852,
            41.850927,
            182.75
          ],
          [
            -87.713886,
            41.851144,
            182.25
          ],
          [
            -87.71364,
            41.851199,
            182.5
          ],
          [
            -87.712511,
            41.851463,
            183
          ],
          [
            -87.71117,
            41.851766,
            181.75
          ],
          [
            -87.710905,
            41.851826,
            182.25
          ],
          [
            -87.708756,
            41.852305,
            182.75
          ],
          [
            -87.707824,
            41.852503,
            182.75
          ],
          [
            -87.707809,
            41.852507,
            182.75
          ],
          [
            -87.707583,
            41.852557,
            183
          ],
          [
            -87.705941,
            41.852925,
            183
          ],
          [
            -87.705409,
            41.853044,
            183.25
          ],
          [
            -87.705161,
            41.853098,
            183.5
          ],
          [
            -87.704993,
            41.853135,
            183.75
          ],
          [
            -87.704242,
            41.853265,
            184.5
          ],
          [
            -87.702981,
            41.853547,
            184.25
          ],
          [
            -87.702736,
            41.853603,
            184.25
          ],
          [
            -87.700914,
            41.85402,
            185.75
          ],
          [
            -87.699337,
            41.854372,
            183.75
          ],
          [
            -87.699032,
            41.854442,
            183.5
          ],
          [
            -87.695676,
            41.855192,
            181.25
          ],
          [
            -87.695455,
            41.855241,
            181.5
          ],
          [
            -87.691865,
            41.856036,
            182.75
          ],
          [
            -87.691521,
            41.856114,
            183
          ],
          [
            -87.690507,
            41.856343,
            184.25
          ],
          [
            -87.688967,
            41.856688,
            186
          ],
          [
            -87.6884,
            41.856814,
            185.75
          ],
          [
            -87.687926,
            41.856919,
            184
          ],
          [
            -87.687086,
            41.857108,
            182
          ],
          [
            -87.686464,
            41.857269,
            182
          ],
          [
            -87.686084,
            41.857375,
            182.25
          ],
          [
            -87.683583,
            41.858144,
            182.75
          ],
          [
            -87.682004,
            41.858613,
            182.75
          ],
          [
            -87.681666,
            41.858705,
            182.5
          ],
          [
            -87.681357,
            41.85878,
            182.75
          ],
          [
            -87.680984,
            41.858861,
            183.5
          ],
          [
            -87.680658,
            41.858921,
            183.75
          ],
          [
            -87.680308,
            41.858976,
            183.75
          ],
          [
            -87.674984,
            41.85973,
            183.25
          ],
          [
            -87.674583,
            41.859774,
            183.5
          ],
          [
            -87.674221,
            41.859806,
            183.5
          ],
          [
            -87.673864,
            41.859832,
            184.5
          ],
          [
            -87.673437,
            41.859855,
            185.75
          ],
          [
            -87.67296,
            41.859869,
            186
          ],
          [
            -87.67157,
            41.859889,
            186.5
          ],
          [
            -87.66643,
            41.859958,
            184.75
          ],
          [
            -87.659926,
            41.86006,
            186
          ],
          [
            -87.657017,
            41.860115,
            185.75
          ],
          [
            -87.656477,
            41.860138,
            184.25
          ],
          [
            -87.656191,
            41.86015,
            183.25
          ],
          [
            -87.656032,
            41.860158,
            183
          ],
          [
            -87.653047,
            41.860303,
            183.25
          ],
          [
            -87.652377,
            41.860328,
            184
          ],
          [
            -87.651819,
            41.860325,
            185
          ],
          [
            -87.649564,
            41.86025,
            183.75
          ],
          [
            -87.648971,
            41.860244,
            183.25
          ],
          [
            -87.648472,
            41.86025,
            182.5
          ],
          [
            -87.64752,
            41.860263,
            182.5
          ],
          [
            -87.647245,
            41.860266,
            183.25
          ],
          [
            -87.646557,
            41.860277,
            184.5
          ],
          [
            -87.645787,
            41.860308,
            184.25
          ],
          [
            -87.645031,
            41.860347,
            184.75
          ],
          [
            -87.644028,
            41.860372,
            184
          ],
          [
            -87.643181,
            41.860368,
            182
          ],
          [
            -87.642249,
            41.860343,
            181.75
          ],
          [
            -87.641761,
            41.860327,
            180.75
          ],
          [
            -87.641402,
            41.860314,
            180.5
          ],
          [
            -87.640887,
            41.860287,
            180.25
          ],
          [
            -87.640611,
            41.860283,
            180.5
          ],
          [
            -87.640318,
            41.860296,
            180.75
          ],
          [
            -87.640105,
            41.860296,
            181
          ],
          [
            -87.63917,
            41.860261,
            180.5
          ],
          [
            -87.638868,
            41.860263,
            181
          ],
          [
            -87.638671,
            41.860272,
            181.25
          ],
          [
            -87.638522,
            41.860292,
            181.25
          ],
          [
            -87.638362,
            41.860322,
            181.5
          ],
          [
            -87.638236,
            41.860357,
            181.25
          ],
          [
            -87.638052,
            41.86042,
            180.75
          ],
          [
            -87.637879,
            41.860501,
            180.5
          ],
          [
            -87.637741,
            41.860575,
            180.25
          ],
          [
            -87.637488,
            41.860754,
            180
          ],
          [
            -87.637292,
            41.860948,
            180
          ],
          [
            -87.637222,
            41.861037,
            180.25
          ],
          [
            -87.637147,
            41.861161,
            180.25
          ],
          [
            -87.637079,
            41.861309,
            180
          ],
          [
            -87.637053,
            41.861387,
            180
          ],
          [
            -87.637012,
            41.86155,
            180
          ],
          [
            -87.636992,
            41.86169,
            180
          ],
          [
            -87.636981,
            41.861814,
            180.25
          ],
          [
            -87.636977,
            41.862049,
            180.75
          ],
          [
            -87.636981,
            41.862144,
            181
          ],
          [
            -87.63702,
            41.863706,
            180.5
          ],
          [
            -87.637048,
            41.86469,
            179.75
          ],
          [
            -87.637085,
            41.865348,
            179.25
          ],
          [
            -87.637163,
            41.866036,
            178.5
          ],
          [
            -87.637307,
            41.866998,
            179.25
          ],
          [
            -87.637375,
            41.867475,
            179.75
          ],
          [
            -87.637533,
            41.868534,
            179.75
          ],
          [
            -87.637578,
            41.868847,
            179.75
          ],
          [
            -87.637628,
            41.869005,
            179.75
          ],
          [
            -87.637673,
            41.86916,
            179.75
          ],
          [
            -87.637738,
            41.86961,
            182.5
          ],
          [
            -87.637791,
            41.869944,
            185
          ],
          [
            -87.638082,
            41.87194,
            184.25
          ],
          [
            -87.638181,
            41.872659,
            184
          ],
          [
            -87.638183,
            41.872668,
            184
          ],
          [
            -87.63825,
            41.873111,
            184
          ],
          [
            -87.638284,
            41.873365,
            184
          ],
          [
            -87.638333,
            41.873478,
            183.75
          ],
          [
            -87.638381,
            41.87359,
            183.75
          ],
          [
            -87.638448,
            41.873929,
            183.75
          ],
          [
            -87.638455,
            41.873958,
            183.75
          ],
          [
            -87.63859,
            41.874392,
            183.5
          ],
          [
            -87.638632,
            41.874541,
            183.5
          ],
          [
            -87.638755,
            41.874781,
            183.5
          ],
          [
            -87.638763,
            41.874797,
            183.5
          ],
          [
            -87.638891,
            41.875045,
            183.5
          ],
          [
            -87.63896,
            41.875346,
            183.25
          ],
          [
            -87.638971,
            41.875498,
            183.25
          ],
          [
            -87.638998,
            41.87689,
            183
          ],
          [
            -87.639029,
            41.877964,
            183
          ],
          [
            -87.639039,
            41.878289
          ],
          [
            -87.639039,
            41.878313
          ]
        ]
      }
    }
  ]
}