{
  "type": "FeatureCollection",
  "features": [
    {
      "type": "Feature",
      "properties": {
        "creator": "BRouter-1.7.0",
        "name": "[BART] Yellow Line",
        "track-length": "173806",
        "filtered ascend": "644",
        "plain-ascend": "-10",
        "total-time": "13903",
        "total-energy": "7654240",
        "cost": "347612",
        "messages": [
          [
            "Longitude",
            "Latitude",
            "Elevation",
            "Distance",
            "CostPerKm",
            "ElevCost",
            "TurnCost",
            "NodeCost",
            "InitialCost",
            "WayTags",
            "NodeTags",
            "Time",
            "Energy"
          ],
          [
            "-122386026",
            "37599510",
            "2",
            "3",
            "2000",
            "0",
            "0",
            "0",
            "0",
            "railway=subway",
            "",
            "0",
            "131"
          ],
          [
            "-122388833",
            "37602145",
            "0",
            "384",
            "2000",
            "0",
            "0",
            "0",
            "0",
            "reversedirection=yes railway=subway",
            "railway=switch",
            "30",
            "16124"
          ],
          [
            "-122389257",
            "37602625",
            "0",
            "65",
            "2000",
            "0",
            "0",
            "0",
            "0",
            "railway=subway",
            "railway=switch",
            "36",
            "18990"
          ],
          [
            "-122389335",
            "37602704",
            "0",
            "11",
            "2000",
            "0",
            "0",
            "0",
            "0",
            "railway=subway",
            "railway=switch",
            "37",
            "19475"
          ],
          [
            "-122395966",
            "37609273",
            "-1",
            "934",
            "2000",
            "0",
            "0",
            "0",
            "0",
            "railway=subway",
            "railway=switch",
            "111",
            "60564"
          ],
          [
            "-122396974",
            "37610187",
            "-1",
            "135",
            "2000",
            "0",
            "0",
            "0",
            "0",
            "railway=subway",
            "railway=switch",
            "122",
            "66502"
          ],
          [
            "-122397029",
            "37610241",
            "-1",
            "8",
            "2000",
            "0",
            "0",
            "0",
            "0",
            "railway=subway",
            "railway=switch",
            "123",
            "66854"
          ],
          [
            "-122397306",
            "37615568",
            "-8192",
            "815",
            "2000",
            "0",
            "0",
            "0",
            "0",
            "railway=subway",
            "railway=switch",
            "188",
            "101157"
          ],
          [
            "-122396669",
            "37615607",
            "-8192",
            "56",
            "2000",
            "0",
            "0",
            "0",
            "0",
            "reversedirection=yes railway=subway",
            "railway=switch",
            "192",
            "103620"
          ],
          [
            "-122395572",
            "37615624",
            "-8192",
            "97",
            "2000",
            "0",
            "0",
            "0",
            "0",
            "railway=subway",
            "railway=switch",
            "200",
            "107886"
          ],
          [
            "-122395351",
            "37615622",
            "-8192",
            "20",
            "2000",
            "0",
            "0",
            "0",
            "0",
            "railway=subway",
            "railway=switch",
            "202",
            "108766"
          ],
          [
            "-122390799",
            "37616399",
            "-8192",
            "414",
            "2000",
            "0",
            "0",
            "0",
            "0",
            "railway=subway",
            "",
            "235",
            "126976"
          ],
          [
            "-122395351",
            "37615622",
            "-8192",
            "414",
            "2000",
            "0",
            "0",
            "0",
            "0",
            "reversedirection=yes railway=subway",
            "railway=switch",
            "33",
            "18209"
          ],
          [
            "-122395572",
            "37615624",
            "-8192",
            "20",
            "2000",
            "0",
            "0",
            "0",
            "0",
            "reversedirection=yes railway=subway",
            "railway=switch",
            "34",
            "19089"
          ],
          [
            "-122396669",
            "37615607",
            "-8192",
            "97",
            "2000",
            "0",
            "0",
            "0",
            "0",
            "reversedirection=yes railway=subway",
            "railway=switch",
            "42",
            "23356"
          ],
          [
            "-122397012",
            "37615614",
            "-8192",
            "30",
            "2000",
            "0",
            "0",
            "0",
            "0",
            "reversedirection=yes railway=subway",
            "railway=switch",
            "44",
            "24675"
          ],
          [
            "-122397518",
            "37615621",
            "-8192",
            "45",
            "2000",
            "0",
            "0",
            "0",
            "0",
            "railway=subway",
            "railway=switch",
            "48",
            "26655"
          ],
          [
            "-122404558",
            "37619598",
            "1",
            "832",
            "2000",
            "0",
            "0",
            "0",
            "0",
            "railway=subway",
            "railway=switch",
            "115",
            "63444"
          ],
          [
            "-122405385",
            "37620695",
            "1",
            "142",
            "2000",
            "0",
            "0",
            "0",
            "0",
            "railway=subway",
            "railway=unknown",
            "126",
            "70380"
          ],
          [
            "-122406408",
            "37622056",
            "-8192",
            "21",
            "2000",
            "0",
            "0",
            "0",
            "0",
            "railway=subway",
            "",
            "128",
            "71387"
          ],
          [
            "-122406970",
            "37622803",
            "-8192",
            "252",
            "2000",
            "0",
            "0",
            "0",
            "0",
            "railway=subway",
            "railway=switch",
            "20",
            "11084"
          ],
          [
            "-122407097",
            "37622972",
            "-8192",
            "22",
            "2000",
            "0",
            "0",
            "0",
            "0",
            "railway=subway",
            "railway=switch",
            "21",
            "12051"
          ],
          [
            "-122416639",
            "37638399",
            "5",
            "1910",
            "2000",
            "0",
            "0",
            "0",
            "0",
            "railway=subway",
            "railway=unknown",
            "174",
            "94826"
          ],
          [
            "-122416782",
            "37638653",
            "-8192",
            "31",
            "2000",
            "0",
            "0",
            "0",
            "0",
            "railway=subway",
            "railway=switch",
            "177",
            "96108"
          ],
          [
            "-122420380",
            "37644466",
            "-8192",
            "721",
            "2000",
            "0",
            "0",
            "0",
            "0",
            "railway=subway",
            "railway=switch",
            "234",
            "127595"
          ],
          [
            "-122425071",
            "37649958",
            "-8192",
            "426",
            "2000",
            "0",
            "0",
            "0",
            "0",
            "railway=subway",
            "",
            "268",
            "146333"
          ],
          [
            "-122444775",
            "37664792",
            "-8192",
            "2729",
            "2000",
            "0",
            "0",
            "0",
            "0",
            "railway=subway",
            "railway=unknown",
            "218",
            "120035"
          ],
          [
            "-122463261",
            "37682664",
            "45",
            "2598",
            "2000",
            "0",
            "0",
            "0",
            "0",
            "railway=subway",
            "railway=switch",
            "426",
            "234064"
          ],
          [
            "-122467004",
            "37685314",
            "47",
            "442",
            "2000",
            "0",
            "0",
            "0",
            "0",
            "railway=subway",
            "railway=unknown",
            "461",
            "253067"
          ],
          [
            "-122468475",
            "37686916",
            "50",
            "222",
            "2000",
            "0",
            "0",
            "0",
            "0",
            "railway=subway",
            "railway=switch",
            "479",
            "265012"
          ],
          [
            "-122469167",
            "37688212",
            "51",
            "156",
            "2000",
            "0",
            "0",
            "0",
            "0",
            "railway=subway",
            "railway=switch",
            "491",
            "272931"
          ],
          [
            "-122469809",
            "37692370",
            "49",
            "470",
            "2000",
            "0",
            "0",
            "0",
            "0",
            "railway=subway",
            "railway=switch",
            "529",
            "294672"
          ],
          [
            "-122470500",
            "37696554",
            "58",
            "473",
            "2000",
            "0",
            "0",
            "0",
            "0",
            "railway=subway",
            "railway=switch",
            "567",
            "320522"
          ],
          [
            "-122471046",
            "37701347",
            "70",
            "537",
            "2000",
            "0",
            "0",
            "0",
            "0",
            "railway=subway",
            "railway=switch",
            "610",
            "350603"
          ],
          [
            "-122468191",
            "37707003",
            "80",
            "699",
            "2000",
            "0",
            "0",
            "0",
            "0",
            "railway=subway",
            "railway=unknown",
            "666",
            "389218"
          ],
          [
            "-122467899",
            "37707359",
            "81",
            "47",
            "2000",
            "0",
            "0",
            "0",
            "0",
            "railway=subway",
            "railway=switch",
            "669",
            "393670"
          ],
          [
            "-122466827",
            "37708663",
            "84",
            "85",
            "2000",
            "0",
            "0",
            "0",
            "0",
            "railway=subway",
            "",
            "676",
            "400317"
          ],
          [
            "-122466827",
            "37708663",
            "84",
            "87",
            "2000",
            "0",
            "0",
            "0",
            "0",
            "railway=subway",
            "railway=switch",
            "6",
            "4724"
          ],
          [
            "-122466651",
            "37708873",
            "84",
            "28",
            "2000",
            "0",
            "0",
            "0",
            "0",
            "railway=subway",
            "railway=switch",
            "9",
            "6168"
          ],
          [
            "-122452145",
            "37712860",
            "76",
            "1431",
            "2000",
            "0",
            "0",
            "0",
            "0",
            "railway=subway",
            "railway=switch",
            "123",
            "77933"
          ],
          [
            "-122452100",
            "37712896",
            "76",
            "6",
            "2000",
            "0",
            "0",
            "0",
            "0",
            "railway=subway",
            "railway=switch",
            "124",
            "78197"
          ],
          [
            "-122447209",
            "37722676",
            "62",
            "1206",
            "2000",
            "0",
            "0",
            "0",
            "0",
            "railway=subway",
            "railway=unknown",
            "220",
            "114417"
          ],
          [
            "-122444184",
            "37727413",
            "63",
            "566",
            "2000",
            "0",
            "0",
            "0",
            "0",
            "railway=subway",
            "",
            "265",
            "136831"
          ],
          [
            "-122432627",
            "37733829",
            "50",
            "1284",
            "2000",
            "0",
            "0",
            "0",
            "0",
            "railway=subway",
            "railway=unknown",
            "102",
            "46323"
          ],
          [
            "-122418536",
            "37753525",
            "-8192",
            "2670",
            "2000",
            "0",
            "0",
            "0",
            "0",
            "railway=subway",
            "railway=unknown",
            "316",
            "162439"
          ],
          [
            "-122419752",
            "37766311",
            "-8192",
            "1423",
            "2000",
            "0",
            "0",
            "0",
            "0",
            "railway=subway",
            "railway=unknown",
            "430",
            "225031"
          ],
          [
            "-122419800",
            "37766816",
            "-8192",
            "56",
            "2000",
            "0",
            "0",
            "0",
            "0",
            "railway=subway",
            "railway=switch",
            "434",
            "227494"
          ],
          [
            "-122419903",
            "37767878",
            "-8192",
            "59",
            "2000",
            "0",
            "0",
            "0",
            "0",
            "railway=subway",
            "",
            "439",
            "230089"
          ],
          [
            "-122419903",
            "37767878",
            "-8192",
            "59",
            "2000",
            "0",
            "0",
            "0",
            "0",
            "railway=subway",
            "railway=switch",
            "4",
            "2595"
          ],
          [
            "-122412865",
            "37780153",
            "-8192",
            "1608",
            "2000",
            "0",
            "0",
            "0",
            "0",
            "railway=subway",
            "railway=unknown",
            "133",
            "73323"
          ],
          [
            "-122406276",
            "37785345",
            "-8192",
            "818",
            "2000",
            "0",
            "0",
            "0",
            "0",
            "railway=subway",
            "railway=unknown",
            "198",
            "109303"
          ],
          [
            "-122402231",
            "37788544",
            "-8192",
            "503",
            "2000",
            "0",
            "0",
            "0",
            "0",
            "railway=subway",
            "railway=unknown",
            "239",
            "131427"
          ],
          [
            "-122400590",
            "37789842",
            "-8192",
            "204",
            "2000",
            "0",
            "0",
            "0",
            "0",
            "railway=subway",
            "railway=unknown",
            "255",
            "140400"
          ],
          [
            "-122399036",
            "37791069",
            "-8192",
            "193",
            "2000",
            "0",
            "0",
            "0",
            "0",
            "railway=subway",
            "railway=switch",
            "270",
            "148890"
          ],
          [
            "-122398031",
            "37791863",
            "-8192",
            "125",
            "2000",
            "0",
            "0",
            "0",
            "0",
            "railway=subway",
            "railway=switch",
            "280",
            "154388"
          ],
          [
            "-122395965",
            "37793494",
            "-8192",
            "257",
            "2000",
            "0",
            "0",
            "0",
            "0",
            "railway=subway",
            "railway=unknown",
            "301",
            "165692"
          ],
          [
            "-122314506",
            "37808618",
            "0",
            "7544",
            "2000",
            "0",
            "0",
            "0",
            "0",
            "railway=subway",
            "railway=unknown",
            "904",
            "496040"
          ],
          [
            "-122302563",
            "37806997",
            "0",
            "1067",
            "2000",
            "0",
            "0",
            "0",
            "0",
            "railway=subway",
            "railway=switch",
            "990",
            "542242"
          ],
          [
            "-122302241",
            "37806926",
            "0",
            "29",
            "2000",
            "0",
            "0",
            "0",
            "0",
            "railway=subway",
            "railway=switch",
            "992",
            "543517"
          ],
          [
            "-122294068",
            "37804431",
            "0",
            "775",
            "2000",
            "0",
            "0",
            "0",
            "0",
            "railway=subway",
            "railway=unknown",
            "1054",
            "577606"
          ],
          [
            "-122279754",
            "37799463",
            "1",
            "1382",
            "2000",
            "0",
            "0",
            "0",
            "0",
            "railway=subway",
            "railway=switch",
            "1165",
            "639681"
          ],
          [
            "-122278688",
            "37798890",
            "5",
            "113",
            "2000",
            "0",
            "0",
            "0",
            "0",
            "railway=subway",
            "railway=unknown",
            "1174",
            "645310"
          ],
          [
            "-122273834",
            "37799971",
            "7",
            "510",
            "2000",
            "0",
            "0",
            "0",
            "0",
            "railway=subway",
            "railway=switch",
            "1214",
            "669759"
          ],
          [
            "-122272672",
            "37801832",
            "7",
            "230",
            "2000",
            "0",
            "0",
            "0",
            "0",
            "railway=subway",
            "railway=switch",
            "1233",
            "679885"
          ],
          [
            "-122271059",
            "37804435",
            "7",
            "322",
            "2000",
            "0",
            "0",
            "0",
            "0",
            "railway=subway",
            "railway=unknown",
            "1259",
            "694049"
          ],
          [
            "-122268129",
            "37809135",
            "7",
            "582",
            "2000",
            "0",
            "0",
            "0",
            "0",
            "railway=subway",
            "railway=unknown",
            "1305",
            "719649"
          ],
          [
            "-122270538",
            "37813487",
            "8",
            "547",
            "2000",
            "0",
            "0",
            "0",
            "0",
            "railway=subway",
            "",
            "1349",
            "746013"
          ],
          [
            "-122269870",
            "37818526",
            "16",
            "593",
            "2000",
            "0",
            "0",
            "0",
            "0",
            "railway=subway",
            "railway=switch",
            "47",
            "30158"
          ],
          [
            "-122269339",
            "37820444",
            "15",
            "218",
            "2000",
            "0",
            "0",
            "0",
            "0",
            "railway=subway",
            "railway=switch",
            "64",
            "41654"
          ],
          [
            "-122269034",
            "37821559",
            "14",
            "96",
            "2000",
            "0",
            "0",
            "0",
            "0",
            "railway=subway",
            "",
            "72",
            "45590"
          ],
          [
            "-122268133",
            "37824468",
            "21",
            "363",
            "2000",
            "0",
            "0",
            "0",
            "0",
            "railway=subway",
            "railway=switch",
            "29",
            "18834"
          ],
          [
            "-122267531",
            "37826230",
            "22",
            "203",
            "2000",
            "0",
            "0",
            "0",
            "0",
            "railway=subway",
            "railway=unknown",
            "45",
            "29996"
          ],
          [
            "-122266860",
            "37829292",
            "26",
            "279",
            "2000",
            "0",
            "0",
            "0",
            "0",
            "railway=subway",
            "",
            "67",
            "44302"
          ],
          [
            "-122266769",
            "37829730",
            "29",
            "115",
            "2000",
            "0",
            "0",
            "0",
            "0",
            "railway=subway",
            "railway=unknown",
            "9",
            "5661"
          ],
          [
            "-122266661",
            "37830218",
            "29",
            "55",
            "2000",
            "0",
            "0",
            "0",
            "0",
            "railway=subway",
            "railway=switch",
            "13",
            "8128"
          ],
          [
            "-122265735",
            "37835689",
            "32",
            "612",
            "2000",
            "0",
            "0",
            "0",
            "0",
            "railway=subway",
            "railway=switch",
            "62",
            "38808"
          ],
          [
            "-122250134",
            "37845132",
            "61",
            "1861",
            "2000",
            "0",
            "0",
            "0",
            "0",
            "railway=subway",
            "railway=unknown",
            "211",
            "141827"
          ],
          [
            "-122244849",
            "37847645",
            "75",
            "543",
            "2000",
            "0",
            "0",
            "0",
            "0",
            "railway=subway",
            "railway=switch",
            "254",
            "180200"
          ],
          [
            "-122243037",
            "37848663",
            "84",
            "196",
            "2000",
            "0",
            "0",
            "0",
            "0",
            "railway=subway",
            "railway=switch",
            "270",
            "196130"
          ],
          [
            "-122239253",
            "37850762",
            "84",
            "407",
            "2000",
            "0",
            "0",
            "0",
            "0",
            "railway=subway",
            "railway=unknown",
            "303",
            "219373"
          ],
          [
            "-122191447",
            "37872665",
            "-8192",
            "3304",
            "2000",
            "0",
            "0",
            "0",
            "0",
            "railway=subway",
            "",
            "567",
            "370920"
          ],
          [
            "-122186350",
            "37875564",
            "162",
            "2108",
            "2000",
            "0",
            "0",
            "0",
            "0",
            "railway=subway",
            "railway=unknown",
            "168",
            "89974"
          ],
          [
            "-122183023",
            "37879256",
            "155",
            "507",
            "2000",
            "0",
            "0",
            "0",
            "0",
            "railway=subway",
            "railway=unknown",
            "209",
            "100933"
          ],
          [
            "-122179343",
            "37884500",
            "170",
            "667",
            "2000",
            "0",
            "0",
            "0",
            "0",
            "railway=subway",
            "railway=switch",
            "262",
            "140890"
          ],
          [
            "-122179312",
            "37884549",
            "170",
            "6",
            "2000",
            "0",
            "0",
            "0",
            "0",
            "railway=subway",
            "railway=switch",
            "263",
            "141227"
          ],
          [
            "-122127688",
            "37892392",
            "112",
            "4995",
            "2000",
            "0",
            "0",
            "0",
            "0",
            "railway=subway",
            "railway=unknown",
            "662",
            "316796"
          ],
          [
            "-122123459",
            "37893421",
            "107",
            "389",
            "2000",
            "0",
            "0",
            "0",
            "0",
            "railway=subway",
            "railway=unknown",
            "693",
            "329222"
          ],
          [
            "-122120214",
            "37894071",
            "107",
            "294",
            "2000",
            "0",
            "0",
            "0",
            "0",
            "railway=subway",
            "railway=switch",
            "717",
            "339310"
          ],
          [
            "-122119030",
            "37894309",
            "106",
            "107",
            "2000",
            "0",
            "0",
            "0",
            "0",
            "railway=subway",
            "railway=switch",
            "725",
            "343665"
          ],
          [
            "-122116906",
            "37894658",
            "103",
            "191",
            "2000",
            "0",
            "0",
            "0",
            "0",
            "reversedirection=yes railway=subway",
            "",
            "741",
            "351397"
          ],
          [
            "-122116362",
            "37894747",
            "103",
            "49",
            "2000",
            "0",
            "0",
            "0",
            "0",
            "railway=subway",
            "",
            "745",
            "352652"
          ],
          [
            "-122116321",
            "37894754",
            "104",
            "4",
            "2000",
            "0",
            "0",
            "0",
            "0",
            "reversedirection=yes railway=subway",
            "railway=switch",
            "745",
            "352781"
          ],
          [
            "-122115158",
            "37894899",
            "102",
            "104",
            "2000",
            "0",
            "0",
            "0",
            "0",
            "railway=subway",
            "railway=switch",
            "753",
            "355870"
          ],
          [
            "-122078007",
            "37897398",
            "90",
            "3303",
            "2000",
            "0",
            "0",
            "0",
            "0",
            "railway=subway",
            "railway=unknown",
            "1017",
            "493120"
          ],
          [
            "-122066808",
            "37906658",
            "-8192",
            "1036",
            "2000",
            "0",
            "0",
            "0",
            "0",
            "railway=subway",
            "",
            "1100",
            "524169"
          ],
          [
            "-122066808",
            "37906658",
            "-8192",
            "483",
            "2000",
            "0",
            "0",
            "0",
            "0",
            "railway=subway",
            "railway=unknown",
            "38",
            "21244"
          ],
          [
            "-122063644",
            "37914505",
            "36",
            "922",
            "2000",
            "0",
            "0",
            "0",
            "0",
            "railway=subway",
            "railway=switch",
            "112",
            "58251"
          ],
          [
            "-122061106",
            "37921479",
            "29",
            "810",
            "2000",
            "0",
            "0",
            "0",
            "0",
            "railway=subway",
            "railway=switch",
            "177",
            "86722"
          ],
          [
            "-122055110",
            "37929107",
            "28",
            "1019",
            "2000",
            "0",
            "0",
            "0",
            "0",
            "railway=subway",
            "railway=unknown",
            "258",
            "133411"
          ],
          [
            "-122049480",
            "37932677",
            "25",
            "636",
            "2000",
            "0",
            "0",
            "0",
            "0",
            "railway=subway",
            "railway=switch",
            "309",
            "158819"
          ],
          [
            "-122049388",
            "37932724",
            "25",
            "10",
            "2000",
            "0",
            "0",
            "0",
            "0",
            "railway=subway",
            "railway=switch",
            "310",
            "159210"
          ],
          [
            "-122035996",
            "37939625",
            "21",
            "874",
            "2000",
            "0",
            "0",
            "0",
            "0",
            "railway=subway",
            "",
            "380",
            "192049"
          ],
          [
            "-122035996",
            "37939625",
            "21",
            "531",
            "2000",
            "0",
            "0",
            "0",
            "0",
            "railway=subway",
            "railway=unknown",
            "42",
            "22257"
          ],
          [
            "-122025508",
            "37951068",
            "19",
            "1752",
            "2000",
            "0",
            "0",
            "0",
            "0",
            "railway=subway",
            "railway=switch",
            "182",
            "98220"
          ],
          [
            "-122025818",
            "37951841",
            "17",
            "90",
            "2000",
            "0",
            "0",
            "0",
            "0",
            "railway=subway",
            "railway=switch",
            "189",
            "100994"
          ],
          [
            "-122025839",
            "37951892",
            "17",
            "6",
            "2000",
            "0",
            "0",
            "0",
            "0",
            "railway=subway",
            "railway=switch",
            "190",
            "101198"
          ],
          [
            "-122030347",
            "37962972",
            "18",
            "1292",
            "2000",
            "0",
            "0",
            "0",
            "0",
            "railway=subway",
            "railway=switch",
            "293",
            "157717"
          ],
          [
            "-122030387",
            "37963073",
            "18",
            "12",
            "2000",
            "0",
            "0",
            "0",
            "0",
            "railway=subway",
            "railway=switch",
            "294",
            "158245"
          ],
          [
            "-122030704",
            "37963854",
            "19",
            "91",
            "2000",
            "0",
            "0",
            "0",
            "0",
            "railway=subway",
            "railway=switch",
            "301",
            "162775"
          ],
          [
            "-122029940",
            "37971675",
            "25",
            "895",
            "2000",
            "0",
            "0",
            "0",
            "0",
            "railway=subway",
            "railway=switch",
            "373",
            "204901"
          ],
          [
            "-122029783",
            "37972185",
            "25",
            "58",
            "2000",
            "0",
            "0",
            "0",
            "0",
            "railway=subway",
            "railway=unknown",
            "378",
            "207657"
          ],
          [
            "-122029507",
            "37972658",
            "26",
            "58",
            "2000",
            "0",
            "0",
            "0",
            "0",
            "reversedirection=yes railway=subway",
            "railway=switch",
            "382",
            "210517"
          ],
          [
            "-122028624",
            "37974652",
            "29",
            "235",
            "2000",
            "0",
            "0",
            "0",
            "0",
            "railway=subway",
            "railway=unknown",
            "401",
            "223033"
          ],
          [
            "-122033469",
            "37987841",
            "23",
            "1543",
            "2000",
            "0",
            "0",
            "0",
            "0",
            "railway=subway",
            "",
            "525",
            "292318"
          ],
          [
            "-122023793",
            "38004190",
            "38",
            "2052",
            "2000",
            "0",
            "0",
            "0",
            "0",
            "railway=subway",
            "railway=unknown",
            "164",
            "101017"
          ],
          [
            "-122023548",
            "38004487",
            "38",
            "39",
            "2000",
            "0",
            "0",
            "0",
            "0",
            "railway=subway",
            "railway=switch",
            "167",
            "102751"
          ],
          [
            "-122022709",
            "38005506",
            "37",
            "135",
            "2000",
            "0",
            "0",
            "0",
            "0",
            "railway=subway",
            "railway=switch",
            "178",
            "110352"
          ],
          [
            "-122021631",
            "38006833",
            "36",
            "175",
            "2000",
            "0",
            "0",
            "0",
            "0",
            "railway=subway",
            "railway=unknown",
            "192",
            "117654"
          ],
          [
            "-122012638",
            "38011227",
            "20",
            "955",
            "2000",
            "0",
            "0",
            "0",
            "0",
            "railway=subway",
            "",
            "268",
            "148738"
          ],
          [
            "-122000317",
            "38013085",
            "62",
            "1133",
            "2000",
            "0",
            "0",
            "0",
            "0",
            "railway=subway",
            "railway=unknown",
            "90",
            "82215"
          ],
          [
            "-121985972",
            "38019421",
            "117",
            "1458",
            "2000",
            "0",
            "0",
            "0",
            "0",
            "railway=subway",
            "railway=switch",
            "207",
            "196158"
          ],
          [
            "-121983584",
            "38020460",
            "115",
            "239",
            "2000",
            "0",
            "0",
            "0",
            "0",
            "railway=subway",
            "railway=switch",
            "226",
            "207798"
          ],
          [
            "-121978943",
            "38022474",
            "100",
            "112",
            "2000",
            "0",
            "0",
            "0",
            "0",
            "railway=subway",
            "",
            "235",
            "212355"
          ],
          [
            "-121943023",
            "38018868",
            "41",
            "3604",
            "2000",
            "0",
            "0",
            "0",
            "0",
            "railway=subway",
            "railway=unknown",
            "288",
            "96109"
          ],
          [
            "-121942191",
            "38018869",
            "40",
            "9",
            "2000",
            "0",
            "0",
            "0",
            "0",
            "railway=subway",
            "",
            "289",
            "96481"
          ],
          [
            "-121940950",
            "38018872",
            "41",
            "173",
            "2000",
            "0",
            "0",
            "0",
            "0",
            "railway=subway",
            "railway=switch",
            "13",
            "7505"
          ],
          [
            "-121939031",
            "38018875",
            "37",
            "168",
            "2000",
            "0",
            "0",
            "0",
            "0",
            "railway=subway",
            "railway=switch",
            "27",
            "14440"
          ],
          [
            "-121936980",
            "38018880",
            "34",
            "180",
            "2000",
            "0",
            "0",
            "0",
            "0",
            "railway=subway",
            "railway=unknown",
            "41",
            "20613"
          ],
          [
            "-121934217",
            "38018984",
            "29",
            "243",
            "2000",
            "0",
            "0",
            "0",
            "0",
            "railway=subway",
            "railway=switch",
            "61",
            "26881"
          ],
          [
            "-121934014",
            "38018985",
            "29",
            "18",
            "2000",
            "0",
            "0",
            "0",
            "0",
            "reversedirection=yes railway=subway",
            "railway=unknown",
            "62",
            "27508"
          ],
          [
            "-121931388",
            "38018990",
            "30",
            "230",
            "2000",
            "0",
            "0",
            "0",
            "0",
            "reversedirection=yes railway=subway",
            "railway=unknown",
            "80",
            "35481"
          ],
          [
            "-121931360",
            "38018990",
            "30",
            "1",
            "2000",
            "0",
            "0",
            "0",
            "0",
            "reversedirection=yes railway=subway",
            "",
            "81",
            "35523"
          ],
          [
            "-121931388",
            "38018990",
            "30",
            "1",
            "2000",
            "0",
            "0",
            "0",
            "0",
            "railway=subway",
            "railway=unknown",
            "0",
            "43"
          ],
          [
            "-121934014",
            "38018985",
            "29",
            "230",
            "2000",
            "0",
            "0",
            "0",
            "0",
            "railway=subway",
            "railway=unknown",
            "18",
            "9167"
          ],
          [
            "-121934217",
            "38018984",
            "29",
            "18",
            "2000",
            "0",
            "0",
            "0",
            "0",
            "railway=subway",
            "railway=switch",
            "19",
            "9941"
          ],
          [
            "-121936980",
            "38018979",
            "34",
            "243",
            "2000",
            "0",
            "0",
            "0",
            "0",
            "railway=subway",
            "railway=unknown",
            "39",
            "22759"
          ],
          [
            "-121939030",
            "38018975",
            "37",
            "180",
            "2000",
            "0",
            "0",
            "0",
            "0",
            "railway=subway",
            "railway=switch",
            "53",
            "32690"
          ],
          [
            "-121940951",
            "38018967",
            "41",
            "169",
            "2000",
            "0",
            "0",
            "0",
            "0",
            "railway=subway",
            "railway=switch",
            "67",
            "43149"
          ],
          [
            "-121945447",
            "38018960",
            "40",
            "395",
            "2000",
            "0",
            "0",
            "0",
            "0",
            "railway=subway",
            "railway=unknown",
            "98",
            "62914"
          ],
          [
            "-121946707",
            "38018959",
            "41",
            "65",
            "2000",
            "0",
            "0",
            "0",
            "0",
            "railway=subway",
            "",
            "104",
            "66118"
          ],
          [
            "-121982578",
            "38020940",
            "110",
            "3340",
            "2000",
            "0",
            "0",
            "0",
            "0",
            "railway=subway",
            "railway=switch",
            "267",
            "205126"
          ],
          [
            "-121983584",
            "38020460",
            "115",
            "103",
            "2000",
            "0",
            "0",
            "0",
            "0",
            "reversedirection=yes railway=subway",
            "railway=switch",
            "275",
            "212560"
          ],
          [
            "-121985972",
            "38019421",
            "117",
            "239",
            "2000",
            "0",
            "0",
            "0",
            "0",
            "reversedirection=yes railway=subway",
            "railway=switch",
            "294",
            "226701"
          ],
          [
            "-121986926",
            "38019048",
            "117",
            "93",
            "2000",
            "0",
            "0",
            "0",
            "0",
            "reversedirection=yes railway=subway",
            "railway=switch",
            "301",
            "232449"
          ],
          [
            "-122000339",
            "38013161",
            "63",
            "1360",
            "2000",
            "0",
            "0",
            "0",
            "0",
            "railway=subway",
            "railway=unknown",
            "410",
            "253627"
          ],
          [
            "-122016303",
            "38010699",
            "25",
            "1147",
            "2000",
            "0",
            "0",
            "0",
            "0",
            "railway=subway",
            "",
            "502",
            "263034"
          ],
          [
            "-122021730",
            "38006879",
            "36",
            "944",
            "2000",
            "0",
            "0",
            "0",
            "0",
            "railway=subway",
            "railway=unknown",
            "75",
            "51477"
          ],
          [
            "-122022689",
            "38005720",
            "36",
            "154",
            "2000",
            "0",
            "0",
            "0",
            "0",
            "railway=subway",
            "railway=switch",
            "87",
            "59100"
          ],
          [
            "-122022807",
            "38005576",
            "38",
            "19",
            "2000",
            "0",
            "0",
            "0",
            "0",
            "railway=subway",
            "railway=switch",
            "89",
            "60205"
          ],
          [
            "-122023652",
            "38004540",
            "39",
            "137",
            "2000",
            "0",
            "0",
            "0",
            "0",
            "railway=subway",
            "railway=switch",
            "100",
            "67849"
          ],
          [
            "-122025236",
            "38002613",
            "33",
            "255",
            "2000",
            "0",
            "0",
            "0",
            "0",
            "railway=subway",
            "railway=unknown",
            "120",
            "77539"
          ],
          [
            "-122033282",
            "37986959",
            "-8192",
            "1906",
            "2000",
            "0",
            "0",
            "0",
            "0",
            "railway=subway",
            "",
            "273",
            "151905"
          ],
          [
            "-122029547",
            "37972869",
            "26",
            "1687",
            "2000",
            "0",
            "0",
            "0",
            "0",
            "railway=subway",
            "railway=unknown",
            "134",
            "71331"
          ],
          [
            "-122029623",
            "37972694",
            "26",
            "21",
            "2000",
            "0",
            "0",
            "0",
            "0",
            "railway=subway",
            "railway=switch",
            "136",
            "72004"
          ],
          [
            "-122029783",
            "37972185",
            "25",
            "59",
            "2000",
            "0",
            "0",
            "0",
            "0",
            "reversedirection=yes railway=subway",
            "railway=unknown",
            "141",
            "73971"
          ],
          [
            "-122029940",
            "37971675",
            "25",
            "58",
            "2000",
            "0",
            "0",
            "0",
            "0",
            "reversedirection=yes railway=subway",
            "railway=switch",
            "146",
            "75939"
          ],
          [
            "-122030704",
            "37963854",
            "19",
            "895",
            "2000",
            "0",
            "0",
            "0",
            "0",
            "reversedirection=yes railway=subway",
            "railway=switch",
            "217",
            "113421"
          ],
          [
            "-122030387",
            "37963073",
            "18",
            "91",
            "2000",
            "0",
            "0",
            "0",
            "0",
            "reversedirection=yes railway=subway",
            "railway=switch",
            "224",
            "116128"
          ],
          [
            "-122030347",
            "37962972",
            "18",
            "12",
            "2000",
            "0",
            "0",
            "0",
            "0",
            "reversedirection=yes railway=subway",
            "railway=switch",
            "225",
            "116557"
          ],
          [
            "-122025839",
            "37951892",
            "17",
            "1292",
            "2000",
            "0",
            "0",
            "0",
            "0",
            "reversedirection=yes railway=subway",
            "railway=switch",
            "329",
            "169316"
          ],
          [
            "-122025818",
            "37951841",
            "17",
            "6",
            "2000",
            "0",
            "0",
            "0",
            "0",
            "reversedirection=yes railway=subway",
            "railway=switch",
            "329",
            "169592"
          ],
          [
            "-122025552",
            "37951062",
            "19",
            "90",
            "2000",
            "0",
            "0",
            "0",
            "0",
            "reversedirection=yes railway=subway",
            "railway=switch",
            "336",
            "174320"
          ],
          [
            "-122036027",
            "37939655",
            "21",
            "1742",
            "2000",
            "0",
            "0",
            "0",
            "0",
            "railway=subway",
            "railway=unknown",
            "476",
            "253653"
          ],
          [
            "-122041438",
            "37936870",
            "22",
            "560",
            "2000",
            "0",
            "0",
            "0",
            "0",
            "railway=subway",
            "",
            "521",
            "279188"
          ],
          [
            "-122048812",
            "37933068",
            "25",
            "781",
            "2000",
            "0",
            "0",
            "0",
            "0",
            "railway=subway",
            "railway=switch",
            "62",
            "36132"
          ],
          [
            "-122049388",
            "37932724",
            "25",
            "63",
            "2000",
            "0",
            "0",
            "0",
            "0",
            "railway=subway",
            "railway=switch",
            "67",
            "39309"
          ],
          [
            "-122049480",
            "37932677",
            "25",
            "10",
            "2000",
            "0",
            "0",
            "0",
            "0",
            "reversedirection=yes railway=subway",
            "railway=switch",
            "68",
            "39814"
          ],
          [
            "-122055110",
            "37929107",
            "28",
            "636",
            "2000",
            "0",
            "0",
            "0",
            "0",
            "reversedirection=yes railway=subway",
            "railway=unknown",
            "119",
            "68626"
          ],
          [
            "-122061106",
            "37921479",
            "29",
            "1019",
            "2000",
            "0",
            "0",
            "0",
            "0",
            "reversedirection=yes railway=subway",
            "railway=switch",
            "200",
            "116167"
          ],
          [
            "-122063644",
            "37914505",
            "36",
            "810",
            "2000",
            "0",
            "0",
            "0",
            "0",
            "reversedirection=yes railway=subway",
            "railway=switch",
            "265",
            "157230"
          ],
          [
            "-122063766",
            "37913783",
            "38",
            "81",
            "2000",
            "0",
            "0",
            "0",
            "0",
            "railway=subway",
            "railway=switch",
            "272",
            "162148"
          ],
          [
            "-122067884",
            "37904937",
            "-8192",
            "1054",
            "2000",
            "0",
            "0",
            "0",
            "0",
            "railway=subway",
            "railway=unknown",
            "356",
            "212905"
          ],
          [
            "-122069599",
            "37902057",
            "-8192",
            "319",
            "2000",
            "0",
            "0",
            "0",
            "0",
            "railway=subway",
            "",
            "381",
            "226937"
          ],
          [
            "-122078007",
            "37897437",
            "90",
            "980",
            "2000",
            "0",
            "0",
            "0",
            "0",
            "railway=subway",
            "railway=unknown",
            "78",
            "52084"
          ],
          [
            "-122115180",
            "37894986",
            "102",
            "3306",
            "2000",
            "0",
            "0",
            "0",
            "0",
            "railway=subway",
            "railway=switch",
            "342",
            "211686"
          ],
          [
            "-122116321",
            "37894754",
            "104",
            "104",
            "2000",
            "0",
            "0",
            "0",
            "0",
            "railway=subway",
            "railway=switch",
            "351",
            "217479"
          ],
          [
            "-122116362",
            "37894747",
            "103",
            "4",
            "2000",
            "0",
            "0",
            "0",
            "0",
            "railway=subway",
            "",
            "351",
            "217676"
          ],
          [
            "-122116906",
            "37894658",
            "103",
            "49",
            "2000",
            "0",
            "0",
            "0",
            "0",
            "reversedirection=yes railway=subway",
            "",
            "355",
            "219868"
          ],
          [
            "-122119030",
            "37894309",
            "106",
            "191",
            "2000",
            "0",
            "0",
            "0",
            "0",
            "railway=subway",
            "railway=switch",
            "370",
            "228319"
          ],
          [
            "-122120214",
            "37894071",
            "107",
            "107",
            "2000",
            "0",
            "0",
            "0",
            "0",
            "reversedirection=yes railway=subway",
            "railway=switch",
            "379",
            "233944"
          ],
          [
            "-122123459",
            "37893421",
            "107",
            "294",
            "2000",
            "0",
            "0",
            "0",
            "0",
            "reversedirection=yes railway=subway",
            "railway=unknown",
            "402",
            "249801"
          ],
          [
            "-122127688",
            "37892392",
            "112",
            "389",
            "2000",
            "0",
            "0",
            "0",
            "0",
            "reversedirection=yes railway=subway",
            "railway=unknown",
            "433",
            "267454"
          ],
          [
            "-122179312",
            "37884549",
            "170",
            "4995",
            "2000",
            "0",
            "0",
            "0",
            "0",
            "reversedirection=yes railway=subway",
            "railway=switch",
            "833",
            "545829"
          ],
          [
            "-122179343",
            "37884500",
            "170",
            "6",
            "2000",
            "0",
            "0",
            "0",
            "0",
            "reversedirection=yes railway=subway",
            "railway=switch",
            "833",
            "546033"
          ],
          [
            "-122179714",
            "37883980",
            "169",
            "66",
            "2000",
            "0",
            "0",
            "0",
            "0",
            "reversedirection=yes railway=subway",
            "railway=switch",
            "839",
            "548044"
          ],
          [
            "-122184354",
            "37877702",
            "153",
            "807",
            "2000",
            "0",
            "0",
            "0",
            "0",
            "railway=subway",
            "railway=unknown",
            "903",
            "563192"
          ],
          [
            "-122186417",
            "37875616",
            "162",
            "296",
            "2000",
            "0",
            "0",
            "0",
            "0",
            "railway=subway",
            "railway=unknown",
            "927",
            "580581"
          ],
          [
            "-122237230",
            "37851915",
            "-8192",
            "2527",
            "2000",
            "0",
            "0",
            "0",
            "0",
            "railway=subway",
            "",
            "1129",
            "701680"
          ],
          [
            "-122239304",
            "37850819",
            "83",
            "2886",
            "2000",
            "0",
            "0",
            "0",
            "0",
            "railway=subway",
            "railway=unknown",
            "230",
            "122865"
          ],
          [
            "-122242359",
            "37849103",
            "83",
            "329",
            "2000",
            "0",
            "0",
            "0",
            "0",
            "railway=subway",
            "railway=switch",
            "257",
            "133573"
          ],
          [
            "-122245599",
            "37847285",
            "73",
            "349",
            "2000",
            "0",
            "0",
            "0",
            "0",
            "railway=subway",
            "railway=switch",
            "285",
            "140943"
          ],
          [
            "-122252380",
            "37844380",
            "56",
            "680",
            "2000",
            "0",
            "0",
            "0",
            "0",
            "railway=subway",
            "railway=unknown",
            "339",
            "156360"
          ],
          [
            "-122265824",
            "37835874",
            "31",
            "1630",
            "2000",
            "0",
            "0",
            "0",
            "0",
            "railway=subway",
            "railway=switch",
            "469",
            "205163"
          ],
          [
            "-122267008",
            "37830167",
            "28",
            "642",
            "2000",
            "0",
            "0",
            "0",
            "0",
            "railway=subway",
            "railway=switch",
            "521",
            "227713"
          ],
          [
            "-122267481",
            "37827880",
            "25",
            "162",
            "2000",
            "0",
            "0",
            "0",
            "0",
            "railway=subway",
            "",
            "534",
            "233304"
          ],
          [
            "-122267481",
            "37827880",
            "25",
            "96",
            "2000",
            "0",
            "0",
            "0",
            "0",
            "railway=subway",
            "railway=unknown",
            "7",
            "3813"
          ],
          [
            "-122267840",
            "37826285",
            "21",
            "180",
            "2000",
            "0",
            "0",
            "0",
            "0",
            "railway=subway",
            "railway=unknown",
            "22",
            "9612"
          ],
          [
            "-122268424",
            "37824269",
            "21",
            "230",
            "2000",
            "0",
            "0",
            "0",
            "0",
            "railway=subway",
            "railway=switch",
            "40",
            "18626"
          ],
          [
            "-122269005",
            "37822048",
            "14",
            "196",
            "2000",
            "0",
            "0",
            "0",
            "0",
            "railway=subway",
            "",
            "56",
            "24354"
          ],
          [
            "-122269164",
            "37821459",
            "14",
            "122",
            "2000",
            "0",
            "0",
            "0",
            "0",
            "railway=subway",
            "railway=switch",
            "9",
            "4995"
          ],
          [
            "-122269205",
            "37821303",
            "14",
            "18",
            "2000",
            "0",
            "0",
            "0",
            "0",
            "railway=subway",
            "railway=switch",
            "11",
            "5738"
          ],
          [
            "-122270128",
            "37817985",
            "15",
            "376",
            "2000",
            "0",
            "0",
            "0",
            "0",
            "railway=subway",
            "railway=switch",
            "41",
            "23706"
          ],
          [
            "-122270148",
            "37817919",
            "15",
            "8",
            "2000",
            "0",
            "0",
            "0",
            "0",
            "railway=subway",
            "railway=switch",
            "41",
            "24031"
          ],
          [
            "-122269890",
            "37812420",
            "-8192",
            "638",
            "2000",
            "0",
            "0",
            "0",
            "0",
            "railway=subway",
            "",
            "92",
            "45178"
          ],
          [
            "-122269308",
            "37807211",
            "-8192",
            "676",
            "2000",
            "0",
            "0",
            "0",
            "0",
            "railway=subway",
            "railway=unknown",
            "54",
            "29734"
          ],
          [
            "-122272240",
            "37802516",
            "-8192",
            "581",
            "2000",
            "0",
            "0",
            "0",
            "0",
            "railway=subway",
            "railway=unknown",
            "100",
            "55289"
          ],
          [
            "-122272660",
            "37801827",
            "-8192",
            "85",
            "2000",
            "0",
            "0",
            "0",
            "0",
            "railway=subway",
            "railway=switch",
            "107",
            "59028"
          ],
          [
            "-122273828",
            "37799956",
            "-8192",
            "232",
            "2000",
            "0",
            "0",
            "0",
            "0",
            "railway=subway",
            "railway=switch",
            "125",
            "69232"
          ],
          [
            "-122278168",
            "37798793",
            "6",
            "439",
            "2000",
            "0",
            "0",
            "0",
            "0",
            "railway=subway",
            "",
            "161",
            "88351"
          ],
          [
            "-122278632",
            "37798984",
            "5",
            "64",
            "2000",
            "0",
            "0",
            "0",
            "0",
            "railway=subway",
            "railway=unknown",
            "5",
            "2275"
          ],
          [
            "-122279725",
            "37799508",
            "1",
            "113",
            "2000",
            "0",
            "0",
            "0",
            "0",
            "railway=subway",
            "railway=switch",
            "14",
            "6591"
          ],
          [
            "-122296262",
            "37805354",
            "0",
            "1604",
            "2000",
            "0",
            "0",
            "0",
            "0",
            "railway=subway",
            "railway=unknown",
            "142",
            "76351"
          ],
          [
            "-122301454",
            "37806793",
            "0",
            "486",
            "2000",
            "0",
            "0",
            "0",
            "0",
            "railway=subway",
            "railway=switch",
            "181",
            "95099"
          ],
          [
            "-122303246",
            "37807189",
            "0",
            "164",
            "2000",
            "0",
            "0",
            "0",
            "0",
            "railway=subway",
            "railway=switch",
            "194",
            "102296"
          ],
          [
            "-122314498",
            "37808663",
            "0",
            "1004",
            "2000",
            "0",
            "0",
            "0",
            "0",
            "railway=subway",
            "railway=unknown",
            "274",
            "145356"
          ],
          [
            "-122394297",
            "37794746",
            "-8192",
            "7247",
            "2000",
            "0",
            "0",
            "0",
            "0",
            "railway=subway",
            "",
            "854",
            "465656"
          ],
          [
            "-122397778",
            "37792236",
            "-8192",
            "515",
            "2000",
            "0",
            "0",
            "0",
            "0",
            "railway=subway",
            "railway=unknown",
            "41",
            "22652"
          ],
          [
            "-122398143",
            "37791950",
            "-8192",
            "45",
            "2000",
            "0",
            "0",
            "0",
            "0",
            "railway=subway",
            "railway=switch",
            "44",
            "24631"
          ],
          [
            "-122399150",
            "37791154",
            "-8192",
            "125",
            "2000",
            "0",
            "0",
            "0",
            "0",
            "railway=subway",
            "railway=switch",
            "54",
            "30129"
          ],
          [
            "-122402339",
            "37788635",
            "-8192",
            "396",
            "2000",
            "0",
            "0",
            "0",
            "0",
            "railway=subway",
            "railway=unknown",
            "86",
            "47548"
          ],
          [
            "-122408107",
            "37784073",
            "-8192",
            "718",
            "2000",
            "0",
            "0",
            "0",
            "0",
            "railway=subway",
            "railway=unknown",
            "143",
            "79129"
          ],
          [
            "-122414629",
            "37778934",
            "-8192",
            "809",
            "2000",
            "0",
            "0",
            "0",
            "0",
            "railway=subway",
            "railway=unknown",
            "208",
            "114713"
          ],
          [
            "-122420014",
            "37767868",
            "-8192",
            "1413",
            "2000",
            "0",
            "0",
            "0",
            "0",
            "railway=subway",
            "railway=switch",
            "321",
            "176864"
          ],
          [
            "-122419916",
            "37766812",
            "-8192",
            "69",
            "2000",
            "0",
            "0",
            "0",
            "0",
            "railway=subway",
            "",
            "327",
            "179899"
          ],
          [
            "-122419916",
            "37766812",
            "-8192",
            "49",
            "2000",
            "0",
            "0",
            "0",
            "0",
            "railway=subway",
            "railway=switch",
            "3",
            "2155"
          ],
          [
            "-122419682",
            "37764403",
            "-8192",
            "268",
            "2000",
            "0",
            "0",
            "0",
            "0",
            "railway=subway",
            "railway=unknown",
            "25",
            "13943"
          ],
          [
            "-122418455",
            "37751626",
            "-8192",
            "1422",
            "2000",
            "0",
            "0",
            "0",
            "0",
            "railway=subway",
            "railway=unknown",
            "139",
            "76490"
          ],
          [
            "-122434543",
            "37732653",
            "-8192",
            "2668",
            "2000",
            "0",
            "0",
            "0",
            "0",
            "railway=subway",
            "railway=unknown",
            "352",
            "193842"
          ],
          [
            "-122445275",
            "37726542",
            "63",
            "1118",
            "2000",
            "0",
            "0",
            "0",
            "0",
            "railway=subway",
            "",
            "442",
            "251778"
          ],
          [
            "-122447731",
            "37720808",
            "68",
            "731",
            "2000",
            "0",
            "0",
            "0",
            "0",
            "railway=subway",
            "railway=unknown",
            "58",
            "34838"
          ],
          [
            "-122451622",
            "37713339",
            "77",
            "926",
            "2000",
            "0",
            "0",
            "0",
            "0",
            "railway=subway",
            "railway=switch",
            "132",
            "79904"
          ],
          [
            "-122452722",
            "37712452",
            "79",
            "138",
            "2000",
            "0",
            "0",
            "0",
            "0",
            "railway=subway",
            "railway=switch",
            "143",
            "86006"
          ],
          [
            "-122466746",
            "37708939",
            "83",
            "1364",
            "2000",
            "0",
            "0",
            "0",
            "0",
            "railway=subway",
            "railway=unknown",
            "252",
            "161144"
          ],
          [
            "-122466825",
            "37708849",
            "83",
            "12",
            "2000",
            "0",
            "0",
            "0",
            "0",
            "railway=subway",
            "railway=switch",
            "253",
            "161359"
          ],
          [
            "-122467555",
            "37708029",
            "80",
            "96",
            "2000",
            "0",
            "0",
            "0",
            "0",
            "railway=subway",
            "",
            "261",
            "163149"
          ],
          [
            "-122468199",
            "37707245",
            "80",
            "120",
            "2000",
            "0",
            "0",
            "0",
            "0",
            "railway=subway",
            "railway=switch",
            "9",
            "4827"
          ],
          [
            "-122469639",
            "37705491",
            "76",
            "232",
            "2000",
            "0",
            "0",
            "0",
            "0",
            "railway=subway",
            "railway=unknown",
            "28",
            "14045"
          ],
          [
            "-122471160",
            "37701686",
            "68",
            "458",
            "2000",
            "0",
            "0",
            "0",
            "0",
            "railway=subway",
            "railway=switch",
            "64",
            "34084"
          ],
          [
            "-122470994",
            "37697599",
            "60",
            "453",
            "2000",
            "0",
            "0",
            "0",
            "0",
            "railway=subway",
            "",
            "101",
            "41636"
          ],
          [
            "-122470724",
            "37696832",
            "57",
            "88",
            "2000",
            "0",
            "0",
            "0",
            "0",
            "railway=subway",
            "railway=switch",
            "7",
            "2808"
          ],
          [
            "-122470448",
            "37696281",
            "57",
            "65",
            "2000",
            "0",
            "0",
            "0",
            "0",
            "reversedirection=yes railway=subway",
            "railway=switch",
            "12",
            "5331"
          ],
          [
            "-122470314",
            "37695954",
            "56",
            "38",
            "2000",
            "0",
            "0",
            "0",
            "0",
            "reversedirection=yes railway=subway",
            "railway=switch",
            "15",
            "6886"
          ],
          [
            "-122469862",
            "37692652",
            "49",
            "370",
            "2000",
            "0",
            "0",
            "0",
            "0",
            "reversedirection=yes railway=subway",
            "railway=switch",
            "44",
            "19787"
          ],
          [
            "-122469906",
            "37692061",
            "49",
            "66",
            "2000",
            "0",
            "0",
            "0",
            "0",
            "railway=subway",
            "railway=switch",
            "50",
            "21639"
          ],
          [
            "-122469903",
            "37691981",
            "49",
            "9",
            "2000",
            "0",
            "0",
            "0",
            "0",
            "railway=subway",
            "railway=switch",
            "50",
            "21938"
          ],
          [
            "-122469840",
            "37691393",
            "48",
            "65",
            "2000",
            "0",
            "0",
            "0",
            "0",
            "railway=subway",
            "railway=switch",
            "56",
            "24201"
          ],
          [
            "-122469838",
            "37691314",
            "48",
            "9",
            "2000",
            "0",
            "0",
            "0",
            "0",
            "reversedirection=yes railway=subway",
            "railway=switch",
            "56",
            "24541"
          ],
          [
            "-122469161",
            "37688085",
            "50",
            "369",
            "2000",
            "0",
            "0",
            "0",
            "0",
            "reversedirection=yes railway=subway",
            "",
            "86",
            "39420"
          ],
          [
            "-122468895",
            "37687582",
            "49",
            "61",
            "2000",
            "0",
            "0",
            "0",
            "0",
            "railway=subway",
            "railway=switch",
            "91",
            "42347"
          ],
          [
            "-122468805",
            "37687413",
            "49",
            "20",
            "2000",
            "0",
            "0",
            "0",
            "0",
            "railway=subway",
            "railway=switch",
            "92",
            "43280"
          ],
          [
            "-122465276",
            "37684008",
            "44",
            "499",
            "2000",
            "0",
            "0",
            "0",
            "0",
            "railway=subway",
            "railway=unknown",
            "132",
            "62209"
          ],
          [
            "-122464534",
            "37683504",
            "39",
            "86",
            "2000",
            "0",
            "0",
            "0",
            "0",
            "railway=subway",
            "railway=switch",
            "139",
            "63415"
          ],
          [
            "-122464099",
            "37683210",
            "40",
            "50",
            "2000",
            "0",
            "0",
            "0",
            "0",
            "railway=subway",
            "railway=switch",
            "143",
            "64349"
          ],
          [
            "-122463296",
            "37682636",
            "43",
            "95",
            "2000",
            "0",
            "0",
            "0",
            "0",
            "railway=subway",
            "railway=switch",
            "151",
            "67331"
          ],
          [
            "-122442952",
            "37663516",
            "-8192",
            "2813",
            "2000",
            "0",
            "0",
            "0",
            "0",
            "railway=subway",
            "railway=unknown",
            "376",
            "193398"
          ],
          [
            "-122442246",
            "37663119",
            "-8192",
            "30",
            "2000",
            "0",
            "0",
            "0",
            "0",
            "railway=subway",
            "",
            "378",
            "194717"
          ],
          [
            "-122421292",
            "37645454",
            "-8192",
            "2554",
            "2000",
            "0",
            "0",
            "0",
            "0",
            "railway=subway",
            "",
            "204",
            "112338"
          ],
          [
            "-122420427",
            "37644440",
            "-8192",
            "356",
            "2000",
            "0",
            "0",
            "0",
            "0",
            "railway=subway",
            "railway=switch",
            "28",
            "15658"
          ],
          [
            "-122416835",
            "37638635",
            "-8192",
            "719",
            "2000",
            "0",
            "0",
            "0",
            "0",
            "railway=subway",
            "railway=switch",
            "86",
            "47284"
          ],
          [
            "-122415650",
            "37636641",
            "9",
            "245",
            "2000",
            "0",
            "0",
            "0",
            "0",
            "railway=subway",
            "railway=unknown",
            "105",
            "59122"
          ],
          [
            "-122407597",
            "37623548",
            "3",
            "1618",
            "2000",
            "0",
            "0",
            "0",
            "0",
            "railway=subway",
            "railway=switch",
            "235",
            "132703"
          ],
          [
            "-122407019",
            "37622780",
            "2",
            "99",
            "2000",
            "0",
            "0",
            "0",
            "0",
            "railway=subway",
            "railway=switch",
            "242",
            "137370"
          ],
          [
            "-122406457",
            "37622033",
            "2",
            "97",
            "2000",
            "0",
            "0",
            "0",
            "0",
            "railway=subway",
            "railway=switch",
            "250",
            "141752"
          ],
          [
            "-122406408",
            "37621968",
            "2",
            "8",
            "2000",
            "0",
            "0",
            "0",
            "0",
            "railway=subway",
            "railway=switch",
            "251",
            "142109"
          ],
          [
            "-122405433",
            "37620672",
            "2",
            "168",
            "2000",
            "0",
            "0",
            "0",
            "0",
            "railway=subway",
            "railway=unknown",
            "264",
            "146139"
          ],
          [
            "-122398610",
            "37615665",
            "-8192",
            "875",
            "2000",
            "0",
            "0",
            "0",
            "0",
            "railway=subway",
            "railway=switch",
            "334",
            "182974"
          ],
          [
            "-122397518",
            "37615621",
            "-8192",
            "96",
            "2000",
            "0",
            "0",
            "0",
            "0",
            "railway=subway",
            "railway=switch",
            "342",
            "187197"
          ],
          [
            "-122397012",
            "37615614",
            "-8192",
            "45",
            "2000",
            "0",
            "0",
            "0",
            "0",
            "reversedirection=yes railway=subway",
            "railway=switch",
            "346",
            "189176"
          ],
          [
            "-122396669",
            "37615607",
            "-8192",
            "30",
            "2000",
            "0",
            "0",
            "0",
            "0",
            "railway=subway",
            "railway=switch",
            "348",
            "190496"
          ],
          [
            "-122395572",
            "37615624",
            "-8192",
            "97",
            "2000",
            "0",
            "0",
            "0",
            "0",
            "railway=subway",
            "railway=switch",
            "356",
            "194762"
          ],
          [
            "-122395351",
            "37615622",
            "-8192",
            "20",
            "2000",
            "0",
            "0",
            "0",
            "0",
            "railway=subway",
            "railway=switch",
            "357",
            "195642"
          ],
          [
            "-122390799",
            "37616399",
            "-8192",
            "414",
            "2000",
            "0",
            "0",
            "0",
            "0",
            "railway=subway",
            "",
            "390",
            "213852"
          ],
          [
            "-122395351",
            "37615622",
            "-8192",
            "414",
            "2000",
            "0",
            "0",
            "0",
            "0",
            "reversedirection=yes railway=subway",
            "railway=switch",
            "33",
            "18209"
          ],
          [
            "-122395572",
            "37615624",
            "-8192",
            "20",
            "2000",
            "0",
            "0",
            "0",
            "0",
            "reversedirection=yes railway=subway",
            "railway=switch",
            "34",
            "19089"
          ],
          [
            "-122396669",
            "37615607",
            "-8192",
            "97",
            "2000",
            "0",
            "0",
            "0",
            "0",
            "reversedirection=yes railway=subway",
            "railway=switch",
            "42",
            "23356"
          ],
          [
            "-122397012",
            "37615614",
            "-8192",
            "30",
            "2000",
            "0",
            "0",
            "0",
            "0",
            "reversedirection=yes railway=subway",
            "railway=switch",
            "44",
            "24675"
          ],
          [
            "-122399879",
            "37614283",
            "-8192",
            "315",
            "2000",
            "0",
            "0",
            "0",
            "0",
            "railway=subway",
            "",
            "70",
            "38531"
          ],
          [
            "-122397508",
            "37610648",
            "0",
            "474",
            "2000",
            "0",
            "0",
            "0",
            "0",
            "railway=subway",
            "railway=switch",
            "37",
            "20749"
          ],
          [
            "-122396600",
            "37609754",
            "-8192",
            "66",
            "2000",
            "0",
            "0",
            "0",
            "0",
            "railway=subway",
            "",
            "43",
            "23913"
          ],
          [
            "-122396600",
            "37609754",
            "-8192",
            "61",
            "2000",
            "0",
            "0",
            "0",
            "0",
            "railway=subway",
            "railway=switch",
            "4",
            "2683"
          ],
          [
            "-122396077",
            "37609198",
            "-8192",
            "77",
            "2000",
            "0",
            "0",
            "0",
            "0",
            "railway=subway",
            "railway=switch",
            "11",
            "6069"
          ],
          [
            "-122389819",
            "37603103",
            "-8192",
            "864",
            "2000",
            "0",
            "0",
            "0",
            "0",
            "railway=subway",
            "",
            "80",
            "44073"
          ],
          [
            "-122389819",
            "37603103",
            "-8192",
            "10",
            "2000",
            "0",
            "0",
            "0",
            "0",
            "railway=subway",
            "railway=switch",
            "0",
            "439"
          ],
          [
            "-122388833",
            "37602145",
            "-8192",
            "137",
            "2000",
            "0",
            "0",
            "0",
            "0",
            "railway=subway",
            "railway=switch",
            "11",
            "6465"
          ],
          [
            "-122386026",
            "37599510",
            "2",
            "384",
            "2000",
            "0",
            "0",
            "0",
            "0",
            "railway=subway",
            "",
            "42",
            "24122"
          ],
          [
            "-122385563",
            "37599064",
            "2",
            "3",
            "2000",
            "0",
            "0",
            "0",
            "0",
            "reversedirection=yes railway=subway",
            "",
            "42",
            "24258"
          ]
        ],
        "times": [
          0,
          0.24,
          17.04,
          19.92,
          27.76,
          30.96,
          36.16,
          37.04,
          44.8,
          70.88,
          86.96,
          111.76,
          116.8,
          122.56,
          123.2,
          125.92,
          136.72,
          141.12,
          146.8,
          150.8,
          153.6,
          155.28,
          156.72,
          157.92,
          159.12,
          160.48,
          161.76,
          162.8,
          163.92,
          165.2,
          165.84,
          167.28,
          168.64,
          170,
          171.36,
          172.72,
          174.16,
          174.96,
          176.56,
          177.28,
          178.88,
          180.48,
          181.92,
          183.52,
          184.48,
          188.4,
          192.88,
          200.64,
          202.24,
          209.2,
          210.48,
          211.68,
          212.88,
          214,
          215.76,
          235.36,
          254.96,
          256.72,
          257.84,
          259.04,
          260.24,
          261.52,
          268.48,
          270.08,
          277.84,
          280.24,
          283.84,
          294,
          296.24,
          298.32,
          300.96,
          303.12,
          305.28,
          306.64,
          308.72,
          310.4,
          311.52,
          314.32,
          316.48,
          319.12,
          320.88,
          322.64,
          326,
          337.52,
          339.92,
          344.64,
          350.4,
          361.76,
          362.56,
          363.44,
          375.84,
          383.6,
          385.36,
          399.2,
          404.88,
          411.12,
          479.6,
          487.76,
          511.2,
          516.48,
          524,
          526.08,
          537.28,
          538.16,
          540.64,
          544.4,
          556.8,
          576.32,
          579.28,
          582.4,
          585.68,
          589.04,
          598.32,
          609.2,
          627.36,
          632.4,
          657.28,
          662.8,
          668.32,
          673.76,
          678.64,
          683.92,
          689.92,
          695.6,
          723.12,
          730.08,
          736.32,
          742.56,
          748.24,
          753.2,
          758.08,
          762.32,
          765.84,
          769.84,
          789.12,
          793.44,
          797.68,
          802.24,
          806.8,
          811.76,
          816.72,
          821.36,
          829.84,
          833.36,
          850.72,
          857.92,
          870.16,
          874.8,
          879.28,
          883.84,
          889.04,
          893.68,
          898,
          914.48,
          935.12,
          940.4,
          946.24,
          952.16,
          957.28,
          962.64,
          967.84,
          973.68,
          980.56,
          986.88,
          992.96,
          998.72,
          1004.48,
          1014.32,
          1036.08,
          1038.96,
          1041.68,
          1044.24,
          1046.96,
          1049.52,
          1052.08,
          1053.36,
          1058.56,
          1062.96,
          1067.36,
          1077.2,
          1093.92,
          1097.68,
          1100.24,
          1101.92,
          1103.52,
          1105.2,
          1107.84,
          1111.68,
          1114.64,
          1123.12,
          1124.16,
          1126.88,
          1130,
          1132.72,
          1136.16,
          1138.72,
          1140.8,
          1153.44,
          1161.76,
          1169.44,
          1171.92,
          1176.88,
          1179.2,
          1183.52,
          1185.92,
          1188.64,
          1191.44,
          1197.76,
          1199.6,
          1205.76,
          1207.52,
          1209.36,
          1211.2,
          1213.12,
          1217.44,
          1228.32,
          1242.56,
          1250.48,
          1255.6,
          1257.36,
          1258.96,
          1260.4,
          1262.08,
          1263.92,
          1265.76,
          1267.52,
          1281.6,
          1291.12,
          1295.6,
          1298.48,
          1302.24,
          1309.04,
          1316,
          1318.24,
          1319.6,
          1321.04,
          1322.64,
          1324.32,
          1325.84,
          1327.28,
          1328.72,
          1330.16,
          1331.6,
          1334.24,
          1335.6,
          1336.88,
          1338.24,
          1339.6,
          1340.96,
          1343.84,
          1359.12,
          1367.92,
          1378.48,
          1380.24,
          1383.6,
          1385.36,
          1388.8,
          1390.48,
          1393.76,
          1397.12,
          1400.56,
          1402.4,
          1404.32,
          1406,
          1407.84,
          1409.68,
          1411.6,
          1413.52,
          1417.28,
          1420.8,
          1432.72,
          1433.2,
          1442.32,
          1444.48,
          1448.48,
          1452.32,
          1458.88,
          1462.48,
          1465.68,
          1468.88,
          1472,
          1473.6,
          1476.8,
          1479.92,
          1483.04,
          1485.36,
          1499.44,
          1502.24,
          1508.72,
          1523.76,
          1529.68,
          1532.16,
          1538.24,
          1542.08,
          1545.44,
          1551.76,
          1557.6,
          1559.6,
          1562,
          1564.4,
          1567.04,
          1571.52,
          1573.52,
          1574.96,
          1577.84,
          1580,
          1584.16,
          1588.48,
          1590.64,
          1594.96,
          1599.44,
          1606.16,
          1617.44,
          1631.12,
          1652.16,
          1660.64,
          1677.68,
          1744.8,
          1761.2,
          1762.64,
          1779.2,
          1842.4,
          1843.68,
          1844.64,
          1845.36,
          1846.24,
          1847.68,
          1874.4,
          1891.28,
          2005.12,
          2009.6,
          2014.32,
          2019.04,
          2049.92,
          2055.68,
          2058.8,
          2061.92,
          2065.04,
          2068.16,
          2071.28,
          2074.4,
          2077.52,
          2080.72,
          2083.84,
          2087.04,
          2090.24,
          2093.44,
          2131.28,
          2147.68,
          2189.6,
          2213.12,
          2253.36,
          2269.68,
          2285.12,
          2295.12,
          2315.68,
          2326.16,
          2327.6,
          2329.04,
          2330.48,
          2354.96,
          2464.24,
          2472.32,
          2480.4,
          2488.4,
          2496.64,
          2504.64,
          2513.52,
          2731.76,
          2744.4,
          2756.8,
          2769.12,
          2780.48,
          2792.48,
          2806.16,
          2821.04,
          2836.16,
          2908.32,
          2919.2,
          2920.16,
          2955.92,
          2967.92,
          2971.2,
          2975.2,
          2982.08,
          2987.68,
          3004.56,
          3006.88,
          3032,
          3036.16,
          3039.52,
          3043.68,
          3046.72,
          3068.88,
          3074.72,
          3084.56,
          3091.52,
          3094.88,
          3097.6,
          3101.52,
          3129.76,
          3136.64,
          3139.04,
          3140.88,
          3144.56,
          3146.4,
          3149.68,
          3153.12,
          3157.2,
          3167.36,
          3177.76,
          3179.44,
          3184.8,
          3187.04,
          3188.48,
          3189.6,
          3192.08,
          3194.24,
          3195.44,
          3197.36,
          3199.36,
          3202.16,
          3204.8,
          3206.08,
          3207.52,
          3208.64,
          3209.52,
          3210.56,
          3211.52,
          3212.24,
          3215.6,
          3218.96,
          3222.32,
          3229.28,
          3247.68,
          3273.44,
          3320,
          3322.08,
          3324.72,
          3326.64,
          3328.24,
          3329.84,
          3331.44,
          3333.44,
          3335.44,
          3337.52,
          3339.6,
          3354.88,
          3356.8,
          3358.72,
          3360.88,
          3363.12,
          3363.76,
          3365.28,
          3367.36,
          3369.52,
          3371.44,
          3374.64,
          3376.32,
          3378.16,
          3379.92,
          3381.84,
          3383.6,
          3385.04,
          3387.52,
          3397.44,
          3403.36,
          3411.2,
          3412.32,
          3415.28,
          3417.92,
          3420.88,
          3428.64,
          3436.32,
          3438.8,
          3451.6,
          3455.76,
          3465.36,
          3478.56,
          3481.6,
          3483.76,
          3485.68,
          3490.24,
          3503.92,
          3509.2,
          3513.12,
          3513.36,
          3517.52,
          3525.28,
          3528.32,
          3544.08,
          3547.36,
          3550.16,
          3553.2,
          3559.04,
          3562.4,
          3566.48,
          3574.72,
          3579.04,
          3581.76,
          3585.04,
          3586.96,
          3588.72,
          3590.72,
          3593.2,
          3595.6,
          3598.64,
          3600.32,
          3602.56,
          3605.04,
          3607.36,
          3610.24,
          3612.72,
          3615.44,
          3617.84,
          3620.24,
          3622.56,
          3624.88,
          3629.04,
          3632.48,
          3651.36,
          3666.16,
          3681.6,
          3686.16,
          3687.92,
          3692.16,
          3715.36,
          3723.28,
          3729.84,
          3733.12,
          3737.44,
          3740.56,
          3746,
          3758.8,
          3761.2,
          3774.08,
          3774.48,
          3780.88,
          3796.4,
          3800.88,
          3803.92,
          3807.04,
          3812.16,
          3815.28,
          3816.56,
          4071.36,
          4195.76,
          4208.88,
          4212.56,
          4216.64,
          4220.64,
          4227.52,
          4236.4,
          4240,
          4242.4,
          4245.68,
          4248.72,
          4252.16,
          4253.92,
          4257.12,
          4263.68,
          4280.56,
          4280.8,
          4304.64,
          4311.52,
          4316.4,
          4321.2,
          4333.92,
          4334.4,
          4350.24,
          4354.56,
          4357.92,
          4361.68,
          4365.28,
          4369.12,
          4372.32,
          4375.84,
          4379.52,
          4383.28,
          4387.2,
          4390.96,
          4394.48,
          4398.16,
          4402,
          4405.52,
          4409.2,
          4413.04,
          4416.64,
          4420.32,
          4423.84,
          4427.28,
          4430.96,
          4434.4,
          4441.04,
          4447.92,
          4451.52,
          4455.12,
          4458.64,
          4465.44,
          4471.84,
          4478.16,
          4481.76,
          4487.92,
          4494.32,
          4500.48,
          4506.72,
          4510.48,
          4540.64,
          4542.88,
          4570.8,
          4577.28,
          4580.88,
          4584.08,
          4587.12,
          4590.16,
          4593.2,
          4596.48,
          4601.36,
          4611.92,
          4616.64,
          4619.12,
          4621.68,
          4624.24,
          4626.64,
          4629.28,
          4632,
          4634.8,
          4637.84,
          4641.44,
          4654.32,
          4657.76,
          4661.36,
          4663.68,
          4667.28,
          4670.88,
          4674.48,
          4678,
          4681.6,
          4685.28,
          4688.72,
          4694.64,
          4726.24,
          4729.52,
          4734,
          4743.04,
          4747.84,
          4765.12,
          4772.32,
          4774.64,
          4779.28,
          4784.56,
          4788.64,
          4791.04,
          4794.8,
          4797.2,
          4812.48,
          4816.4,
          4816.72,
          4818.96,
          4823.36,
          4825.04,
          4843.76,
          4860,
          4934.96,
          4941.84,
          4946.48,
          4950.96,
          4953.44,
          4959.52,
          4966.48,
          4990.88,
          5030,
          5034.32,
          5040.48,
          5046.48,
          5076.96,
          5080,
          5082.88,
          5086.08,
          5089.28,
          5092.32,
          5095.12,
          5098.08,
          5100.96,
          5103.84,
          5106.72,
          5109.6,
          5112.08,
          5114.48,
          5116.8,
          5119.12,
          5121.76,
          5124.32,
          5126.88,
          5129.6,
          5132.16,
          5134.8,
          5136.88,
          5139.28,
          5141.36,
          5144,
          5146.72,
          5149.28,
          5151.12,
          5154.08,
          5157.04,
          5159.92,
          5164.56,
          5170.16,
          5172.16,
          5210.8,
          5239.04,
          5241.68,
          5248.88,
          5253.04,
          5256.8,
          5259.84,
          5262.88,
          5265.68,
          5271.36,
          5274.16,
          5278.16,
          5284.56,
          5289.12,
          5295.68,
          5298.88,
          5302.16,
          5305.28,
          5308.56,
          5311.6,
          5314.8,
          5330.4,
          5333.92,
          5337.44,
          5344.56,
          5349.36,
          5364.16,
          5367.6,
          5371.2,
          5374.4,
          5377.76,
          5381.04,
          5384.16,
          5387.28,
          5392.96,
          5399.76,
          5402.72,
          5413.84,
          5430.88,
          5442.8,
          5448.64,
          5451.52,
          5454.32,
          5459.92,
          5462.72,
          5469.92,
          5481.76,
          5482.56,
          5494.24,
          5499.92,
          5501.68,
          5505.92,
          5549.52,
          5552.48,
          5594.96,
          5618.4,
          5650.24,
          5654.4,
          5657.92,
          5662.96,
          5665.68,
          5668.48,
          5671.28,
          5674.16,
          5677.04,
          5679.92,
          5682.72,
          5685.68,
          5688.72,
          5691.92,
          5695.12,
          5698.08,
          5700.88,
          5703.76,
          5706.4,
          5709.36,
          5712.08,
          5714.96,
          5717.84,
          5720.8,
          5723.76,
          5726.8,
          5729.92,
          5735.12,
          5742.32,
          5742.8,
          5749.44,
          5750.88,
          5765.68,
          5777.6,
          5846.16,
          5847.12,
          5854.4,
          5855.28,
          5859.04,
          5862.64,
          5866.24,
          5868.88,
          5871.2,
          5873.6,
          5876.16,
          5878.64,
          5881.2,
          5883.76,
          5886.32,
          5888.88,
          5891.52,
          5894.16,
          5896.88,
          5899.76,
          5902.48,
          5908.08,
          5925.28,
          5926,
          5930.64,
          5935.28,
          5941.28,
          5948.16,
          5954.08,
          5956.4,
          5958.64,
          5961.04,
          5963.2,
          5965.52,
          5967.76,
          5970.08,
          5972.48,
          5974.72,
          5976.96,
          5979.12,
          5981.2,
          5983.28,
          5985.44,
          5996.56,
          5999.28,
          6002,
          6004.8,
          6007.52,
          6010.08,
          6061.6,
          6064.72,
          6070.48,
          6073.2,
          6075.6,
          6077.52,
          6078.4,
          6081.12,
          6084.16,
          6087.52,
          6090.72,
          6093.44,
          6096,
          6099.84,
          6103.28,
          6106.24,
          6109.44,
          6112.8,
          6115.84,
          6118.96,
          6122.24,
          6125.6,
          6133.2,
          6147.44,
          6152.16,
          6166.56,
          6199.36,
          6202,
          6204.96,
          6220,
          6241.68,
          6244.8,
          6255.6,
          6261.76,
          6269.6,
          6286.24,
          6290,
          6291.92,
          6293.84,
          6295.84,
          6297.84,
          6299.68,
          6301.6,
          6304.24,
          6306.88,
          6309.28,
          6311.84,
          6314.4,
          6317.12,
          6319.68,
          6322.4,
          6346,
          6348.56,
          6364.16,
          6424.32,
          6436.64,
          6439.84,
          6444.24,
          6447.84,
          6451.36,
          6455.2,
          6460.4,
          6464.24,
          6467.6,
          6473.52,
          6477.2,
          6481.2,
          6485.12,
          6488.64,
          6492.24,
          6495.52,
          6500.88,
          6514.56,
          6517.76,
          6524.16,
          6526.96,
          6529.76,
          6535.68,
          6539.12,
          6553.28,
          6572.4,
          6581.36,
          6609.6,
          6615.04,
          6618,
          6623.76,
          6626.72,
          6629.6,
          6632.48,
          6635.52,
          6638.4,
          6641.36,
          6644.48,
          6647.6,
          6650.64,
          6653.84,
          6657.04,
          6660,
          6663.2,
          6666.32,
          6669.36,
          6672.56,
          6675.6,
          6678.72,
          6681.76,
          6702.56,
          6706.96,
          6773.76,
          6780,
          6783.28,
          6786.56,
          6789.84,
          6793.76,
          6797.68,
          6819.52,
          6825.2,
          6828,
          6830.64,
          6833.44,
          6838.72,
          6841.28,
          6843.84,
          6848.32,
          6869.68,
          6870.4,
          6875.52,
          6878.72,
          6884.24,
          6897.68,
          6912.08,
          6920.32,
          6931.52,
          6932.96,
          6951.36,
          6951.44,
          6951.52,
          6969.92,
          6971.36,
          6990.8,
          7005.2,
          7018.72,
          7024.24,
          7027.44,
          7050.32,
          7055.52,
          7059.2,
          7061.68,
          7064.24,
          7066.88,
          7069.52,
          7072.32,
          7074.88,
          7077.68,
          7080.4,
          7083.36,
          7105.28,
          7109.2,
          7113.12,
          7116.4,
          7119.68,
          7122.96,
          7129.2,
          7196,
          7200.48,
          7221.28,
          7227.52,
          7230.56,
          7233.84,
          7236.88,
          7240,
          7243.2,
          7246.16,
          7249.36,
          7252.56,
          7255.6,
          7261.92,
          7264.88,
          7267.84,
          7270.96,
          7273.76,
          7276.56,
          7279.6,
          7282.48,
          7285.36,
          7288.32,
          7293.76,
          7322.72,
          7325.52,
          7330.96,
          7350.08,
          7352.72,
          7357.52,
          7364.24,
          7367.68,
          7373.68,
          7376.48,
          7379.28,
          7385.6,
          7407.84,
          7411.04,
          7414.64,
          7418.16,
          7422,
          7426,
          7429.68,
          7435.6,
          7438.96,
          7442.88,
          7447.92,
          7451.68,
          7455.2,
          7458.8,
          7462.32,
          7466.32,
          7538.8,
          7554.48,
          7558.08,
          7580.56,
          7585.84,
          7588.56,
          7591.2,
          7593.76,
          7596.24,
          7598.88,
          7601.52,
          7602.56,
          7605.2,
          7607.36,
          7609.36,
          7611.28,
          7613.2,
          7633.6,
          7645.92,
          7647.44,
          7654,
          7658.4,
          7678.8,
          7696.64,
          7706.56,
          7736.56,
          7750.96,
          7755.76,
          7770,
          7777.6,
          7780.96,
          7784.24,
          7787.36,
          7790.4,
          7793.76,
          7796.96,
          7799.92,
          7803.36,
          7807.2,
          7809.84,
          7812.64,
          7815.92,
          7819.28,
          7822.4,
          7825.2,
          7828,
          7830.4,
          7831.28,
          7833.12,
          7838.88,
          7893.6,
          7896.16,
          7898.88,
          7901.76,
          7904.48,
          7907.2,
          7909.84,
          7918.32,
          7920.48,
          7922.56,
          7924.72,
          7926.8,
          7928.96,
          7931.2,
          7933.52,
          7935.76,
          7937.92,
          7940.16,
          7942.24,
          7944.56,
          7946.8,
          7955.04,
          7961.92,
          7966.24,
          7967.92,
          7970.48,
          7972.64,
          7977.28,
          7978,
          7995.2,
          8000.8,
          8003.52,
          8006.4,
          8009.12,
          8011.76,
          8014.4,
          8016.96,
          8019.52,
          8022.08,
          8024.64,
          8027.12,
          8029.68,
          8032.08,
          8034.4,
          8037.04,
          8040.64,
          8044.24,
          8048,
          8048.88,
          8056.16,
          8057.12,
          8125.68,
          8137.6,
          8152.4,
          8153.84,
          8160.48,
          8160.96,
          8168.16,
          8176.56,
          8179.6,
          8182.48,
          8185.36,
          8188.24,
          8191.04,
          8193.68,
          8196.64,
          8199.28,
          8202.16,
          8204.88,
          8207.84,
          8211.04,
          8214.16,
          8217.2,
          8220.16,
          8222.88,
          8225.76,
          8228.56,
          8231.44,
          8234.24,
          8236.96,
          8239.6,
          8244.64,
          8248.08,
          8252.24,
          8284.08,
          8307.52,
          8352.32,
          8352.88,
          8396.48,
          8400.72,
          8402.48,
          8408.16,
          8414.8,
          8419.84,
          8420.64,
          8432.48,
          8439.68,
          8442.48,
          8448.08,
          8450.88,
          8453.76,
          8459.6,
          8471.52,
          8488.56,
          8499.68,
          8502.64,
          8509.44,
          8515.12,
          8518.24,
          8521.36,
          8524.64,
          8528,
          8531.2,
          8534.8,
          8538.24,
          8553.04,
          8557.84,
          8564.96,
          8568.48,
          8572,
          8587.6,
          8590.8,
          8593.84,
          8597.12,
          8600.24,
          8603.52,
          8606.72,
          8613.28,
          8617.84,
          8624.32,
          8628.32,
          8631.12,
          8634.08,
          8639.6,
          8642.64,
          8645.6,
          8647.44,
          8649.36,
          8653.52,
          8657.84,
          8662.08,
          8668.08,
          8708.64,
          8734.16,
          8736.88,
          8740.48,
          8743.36,
          8746.32,
          8748.24,
          8751.12,
          8753.76,
          8756.4,
          8758.96,
          8762.88,
          8766.96,
          8770.88,
          8772.72,
          8775.6,
          8777.92,
          8780.24,
          8782.8,
          8785.12,
          8787.36,
          8789.76,
          8792.24,
          8795.12,
          8798,
          8800.88,
          8803.76,
          8806.72,
          8809.52,
          8812.56,
          8815.76,
          8818.96,
          8821.84,
          8824.88,
          8855.36,
          8861.44,
          8863.44,
          8867.52,
          8871.84,
          8935.44,
          8942.48,
          8948.56,
          8953.28,
          8957.84,
          8962.48,
          8964.72,
          8971.68,
          9042.08,
          9051.84,
          9058.32,
          9068.32,
          9077.04,
          9078.72,
          9085.36,
          9085.68,
          9089.6,
          9104.88,
          9107.28,
          9111.04,
          9113.44,
          9117.52,
          9122.8,
          9127.44,
          9129.76,
          9136.96,
          9154.24,
          9159.04,
          9168.08,
          9172.56,
          9175.84,
          9207.44,
          9213.36,
          9216.8,
          9220.48,
          9224.08,
          9227.6,
          9231.2,
          9234.8,
          9238.4,
          9240.72,
          9244.32,
          9247.76,
          9260.64,
          9264.24,
          9267.28,
          9270.08,
          9272.8,
          9275.44,
          9277.84,
          9280.4,
          9282.96,
          9285.44,
          9290.16,
          9300.72,
          9305.6,
          9308.88,
          9311.92,
          9314.96,
          9318,
          9321.2,
          9324.8,
          9331.28,
          9359.2,
          9361.44,
          9391.6,
          9395.36,
          9401.6,
          9407.76,
          9414.16,
          9420.32,
          9423.92,
          9430.24,
          9436.64,
          9443.44,
          9446.96,
          9450.56,
          9454.16,
          9461.04,
          9467.68,
          9471.12,
          9474.8,
          9478.24,
          9481.76,
          9485.44,
          9489.04,
          9492.88,
          9496.56,
          9500.08,
          9503.92,
          9507.6,
          9511.12,
          9514.88,
          9518.8,
          9522.56,
          9526.24,
          9529.76,
          9532.96,
          9536.8,
          9540.4,
          9544.16,
          9547.52,
          9551.84,
          9567.68,
          9568.16,
          9573.44,
          9580.88,
          9583.2,
          9587.92,
          9621.12,
          9638,
          9638.16,
          9645.68,
          9649.6,
          9651.76,
          9655.92,
          9658.16,
          9661.68,
          9674.08,
          9678.08,
          9681.76,
          9685.36,
          9688.72,
          9863.84,
          10077.12,
          10085.2,
          10087.36,
          10090.48,
          10094.72,
          10097.6,
          10100.72,
          10105.28,
          10120.8,
          10121.04,
          10127.6,
          10140.32,
          10148.96,
          10155.6,
          10159.12,
          10160.96,
          10164.08,
          10168.4,
          10171.68,
          10186.16,
          10203.36,
          10216.88,
          10220,
          10226.88,
          10235.84,
          10249.76,
          10269.2,
          10272.56,
          10275.6,
          10277.92,
          10280.24,
          10282.08,
          10284.4,
          10286.88,
          10289.44,
          10291.92,
          10294.32,
          10296.64,
          10300,
          10302.16,
          10303.12,
          10305.6,
          10307.84,
          10311.28,
          10313.12,
          10315.84,
          10320.16,
          10324.08,
          10333.76,
          10338.4,
          10342.08,
          10353.92,
          10358,
          10373.44,
          10376.48,
          10385.12,
          10388.4,
          10392.56,
          10398.08,
          10405.76,
          10411.6,
          10416.16,
          10420.16,
          10438.56,
          10447.28,
          10454.24,
          10458.64,
          10464,
          10465.44,
          10480.8,
          10483.68,
          10486.24,
          10489.2,
          10495.52,
          10496.16,
          10504.08,
          10512.4,
          10515.6,
          10517.6,
          10519.68,
          10521.76,
          10523.52,
          10525.36,
          10527.2,
          10528.8,
          10530.48,
          10532.48,
          10534.56,
          10536.8,
          10538.96,
          10540.64,
          10543.6,
          10545.52,
          10547.2,
          10547.44,
          10565.12,
          10566.8,
          10568.48,
          10570.16,
          10571.84,
          10573.52,
          10575.2,
          10576.88,
          10578.56,
          10582.32,
          10601.28,
          10647.76,
          10654.56,
          10673.12,
          10679.84,
          10682.88,
          10685.92,
          10688.96,
          10690.08,
          10692.72,
          10694.08,
          10696.24,
          10702.8,
          10704.64,
          10705.68,
          10706.8,
          10708,
          10708.24,
          10709.6,
          10712.48,
          10713.36,
          10714.72,
          10716.88,
          10722.4,
          10724.16,
          10734.72,
          10739.44,
          10744.72,
          10750.48,
          10753.92,
          10757.44,
          10761.12,
          10762.96,
          10765.44,
          10772.32,
          10800.56,
          10804.4,
          10807.12,
          10810.56,
          10817.52,
          10850.72,
          10853.04,
          10855.36,
          10860.16,
          10863.76,
          10865.92,
          10868.48,
          10873.2,
          10889.6,
          10902.72,
          10914.48,
          10918.56,
          10923.28,
          10927.04,
          10929.36,
          10934.32,
          10937.6,
          10974.96,
          10982.08,
          10983.04,
          10988.88,
          10993.92,
          11066.08,
          11081.2,
          11096.16,
          11109.84,
          11121.84,
          11133.28,
          11145.6,
          11158.08,
          11170.72,
          11388.96,
          11397.84,
          11405.92,
          11414.16,
          11422.16,
          11430.32,
          11438.4,
          11547.76,
          11562.8,
          11570.72,
          11572.56,
          11574.4,
          11576.24,
          11578.08,
          11579.92,
          11581.76,
          11604,
          11607.6,
          11617.6,
          11649.28,
          11692.64,
          11706.72,
          11743.44,
          11755.04,
          11771.44,
          11788.8,
          11809.28,
          11812.56,
          11815.76,
          11818.96,
          11822.16,
          11825.36,
          11828.56,
          11831.76,
          11834.96,
          11838.16,
          11841.36,
          11844.56,
          11847.76,
          11853.6,
          11884.48,
          11890,
          11893.92,
          11915.36,
          12012.24,
          12029.12,
          12053.92,
          12056.24,
          12057.2,
          12058.24,
          12059.28,
          12061.36,
          12125.36,
          12142,
          12158.16,
          12225.44,
          12233.28,
          12242.56,
          12251.28,
          12272.08,
          12285.68,
          12296.88,
          12301.36,
          12305.84,
          12308.08,
          12312.4,
          12314.56,
          12318.88,
          12323.04,
          12325.2,
          12327.44,
          12329.6,
          12331.6,
          12332,
          12336.08,
          12338.72,
          12341.12,
          12345.52,
          12349.2,
          12351.28,
          12357.68,
          12361.12,
          12364.88,
          12368.88,
          12373.52,
          12379.44,
          12389.52,
          12390.48,
          12390.56,
          12394.8,
          12404.48,
          12409.52,
          12411.52,
          12416,
          12418.08,
          12420.08,
          12423.2,
          12424.8,
          12427.84,
          12431.12,
          12434.24,
          12437.36,
          12440.56,
          12444.16,
          12448.56,
          12452.64,
          12458.48,
          12464.56,
          12475.6,
          12482.08,
          12485.6,
          12489.36,
          12493.2,
          12494.96,
          12498.4,
          12500.32,
          12502.16,
          12505.6,
          12508.88,
          12512.16,
          12513.84,
          12515.52,
          12518.96,
          12522.32,
          12525.84,
          12543.44,
          12560,
          12561.52,
          12562.88,
          12564.24,
          12566.96,
          12568.32,
          12569.68,
          12571.04,
          12573.84,
          12575.36,
          12576.96,
          12578.56,
          12580.24,
          12581.76,
          12583.28,
          12584.72,
          12585.68,
          12589.92,
          12592.16,
          12593.36,
          12594.64,
          12602.96,
          12607.6,
          12612.08,
          12621.52,
          12633.76,
          12635.6,
          12637.44,
          12639.36,
          12641.28,
          12642.96,
          12644.56,
          12646.32,
          12648.08,
          12653.2,
          12658.16,
          12675.44,
          12684.16,
          12686.32,
          12688.64,
          12690.64,
          12692.56,
          12694.4,
          12696.24,
          12699.76,
          12701.44,
          12706.08,
          12706.64,
          12709.68,
          12715.12,
          12717.76,
          12720.08,
          12722.56,
          12724.4,
          12726.72,
          12731.6,
          12734.08,
          12739.28,
          12740.88,
          12744.56,
          12745.28,
          12750.48,
          12751.2,
          12761.36,
          12764.88,
          12767.44,
          12770.8,
          12774,
          12776.88,
          12780.72,
          12785.6,
          12787.2,
          12789.2,
          12794,
          12799.44,
          12801.28,
          12802.96,
          12804.72,
          12806.48,
          12810.32,
          12815.76,
          12821.28,
          12827.12,
          12834,
          12838,
          12845.6,
          12850.8,
          12852.08,
          12854.64,
          12857.28,
          12860,
          12862.56,
          12865.2,
          12868.08,
          12889.84,
          12899.68,
          12905.52,
          12911.28,
          12917.36,
          12923.68,
          12930.56,
          12936.4,
          12941.52,
          12946.88,
          12952,
          12957.92,
          12963.76,
          12969.04,
          12989.6,
          13006.08,
          13010.4,
          13015.04,
          13020.24,
          13024.8,
          13029.36,
          13034.08,
          13053.52,
          13070.64,
          13073.04,
          13076.8,
          13082.96,
          13087.52,
          13092.48,
          13097.44,
          13102,
          13106.56,
          13110.8,
          13115.12,
          13134.4,
          13138.4,
          13141.92,
          13146.16,
          13151.04,
          13156,
          13161.68,
          13167.92,
          13174.16,
          13181.12,
          13208.64,
          13214.32,
          13220.32,
          13223.92,
          13225.6,
          13230.4,
          13235.84,
          13241.36,
          13246.88,
          13276.8,
          13277.36,
          13294.96,
          13305.84,
          13315.12,
          13318.4,
          13324.72,
          13327.68,
          13347.2,
          13359.6,
          13363.36,
          13365.84,
          13366.72,
          13377.92,
          13380,
          13382.96,
          13392.72,
          13407.84,
          13424.32,
          13492.8,
          13499.04,
          13504.8,
          13512.4,
          13520.32,
          13528.08,
          13528.72,
          13541.36,
          13542.16,
          13554,
          13573.52,
          13577.44,
          13581.36,
          13582.72,
          13583.68,
          13586.64,
          13589.36,
          13591.92,
          13592.88,
          13595.44,
          13597.2,
          13599.04,
          13600.96,
          13601.92,
          13605.12,
          13607.92,
          13612.16,
          13619.84,
          13623.44,
          13625.84,
          13633.6,
          13635.2,
          13642.16,
          13643.44,
          13644.64,
          13645.84,
          13646.96,
          13648.72,
          13668.32,
          13687.92,
          13689.68,
          13690.8,
          13692,
          13693.2,
          13694.48,
          13701.44,
          13703.04,
          13710.8,
          13713.2,
          13718.4,
          13721.04,
          13722.56,
          13724.08,
          13724.88,
          13726.56,
          13727.36,
          13728.96,
          13730.56,
          13731.92,
          13733.36,
          13734.72,
          13736.08,
          13737.52,
          13738.4,
          13738.88,
          13739.6,
          13740.8,
          13741.92,
          13743.04,
          13744.32,
          13745.68,
          13746.8,
          13748.16,
          13749.84,
          13752.64,
          13757.6,
          13763.28,
          13767.84,
          13776.32,
          13778.48,
          13781.6,
          13786.48,
          13787.6,
          13792.64,
          13817.44,
          13861.76,
          13862.56,
          13873.52,
          13876.72,
          13884.56,
          13887.44,
          13904.24,
          13904.48
        ]
      },
      "geometry": {
        "type": "LineString",
        "coordinates": [
          [
            -122.386005,
            37.599489,
            2
          ],
          [
            -122.386026,
            37.59951,
            2
          ],
          [
            -122.387557,
            37.600962,
            0.75
          ],
          [
            -122.387815,
            37.601208,
            0.5
          ],
          [
            -122.38855,
            37.601868,
            0.5
          ],
          [
            -122.388833,
            37.602145,
            0.25
          ],
          [
            -122.389257,
            37.602625,
            0.25
          ],
          [
            -122.389335,
            37.602704,
            0.25
          ],
          [
            -122.390048,
            37.603375,
            0
          ],
          [
            -122.392373,
            37.605662,
            -0.25
          ],
          [
            -122.393783,
            37.607088,
            -0.5
          ],
          [
            -122.395966,
            37.609273,
            -1
          ],
          [
            -122.396454,
            37.609687,
            -1.25
          ],
          [
            -122.396974,
            37.610187,
            -1.25
          ],
          [
            -122.397029,
            37.610241,
            -1.25
          ],
          [
            -122.39727,
            37.610484,
            -1.5
          ],
          [
            -122.398236,
            37.611428,
            -1.5
          ],
          [
            -122.398607,
            37.611825,
            -0.75
          ],
          [
            -122.399072,
            37.61235
          ],
          [
            -122.399373,
            37.61273
          ],
          [
            -122.399574,
            37.613007
          ],
          [
            -122.399679,
            37.61318
          ],
          [
            -122.399757,
            37.613333
          ],
          [
            -122.399809,
            37.613465
          ],
          [
            -122.399845,
            37.613595
          ],
          [
            -122.399868,
            37.613744
          ],
          [
            -122.399879,
            37.613886
          ],
          [
            -122.399873,
            37.614004
          ],
          [
            -122.399856,
            37.61413
          ],
          [
            -122.399822,
            37.614272
          ],
          [
            -122.399797,
            37.614345
          ],
          [
            -122.399734,
            37.614495
          ],
          [
            -122.399654,
            37.614637
          ],
          [
            -122.39956,
            37.614769
          ],
          [
            -122.399452,
            37.614893
          ],
          [
            -122.399328,
            37.61501
          ],
          [
            -122.399178,
            37.615126
          ],
          [
            -122.399092,
            37.615184
          ],
          [
            -122.398909,
            37.615287
          ],
          [
            -122.398817,
            37.61533
          ],
          [
            -122.398612,
            37.615409
          ],
          [
            -122.398403,
            37.615468
          ],
          [
            -122.398211,
            37.615508
          ],
          [
            -122.397986,
            37.615536
          ],
          [
            -122.397856,
            37.615545
          ],
          [
            -122.397306,
            37.615568
          ],
          [
            -122.396669,
            37.615607
          ],
          [
            -122.395572,
            37.615624
          ],
          [
            -122.395351,
            37.615622
          ],
          [
            -122.394368,
            37.615627
          ],
          [
            -122.394185,
            37.615635
          ],
          [
            -122.394012,
            37.615649
          ],
          [
            -122.393842,
            37.615671
          ],
          [
            -122.393687,
            37.615698
          ],
          [
            -122.393451,
            37.615755
          ],
          [
            -122.390799,
            37.616399,
            0.5
          ],
          [
            -122.393451,
            37.615755,
            0.5
          ],
          [
            -122.393687,
            37.615698,
            0.5
          ],
          [
            -122.393842,
            37.615671,
            0.5
          ],
          [
            -122.394012,
            37.615649,
            0.5
          ],
          [
            -122.394185,
            37.615635,
            0.5
          ],
          [
            -122.394368,
            37.615627,
            0.5
          ],
          [
            -122.395351,
            37.615622,
            0.5
          ],
          [
            -122.395572,
            37.615624,
            0.5
          ],
          [
            -122.396669,
            37.615607,
            0.5
          ],
          [
            -122.397012,
            37.615614,
            0.5
          ],
          [
            -122.397518,
            37.615621,
            0.5
          ],
          [
            -122.398952,
            37.615621,
            0.5
          ],
          [
            -122.39927,
            37.615626,
            0.5
          ],
          [
            -122.399565,
            37.615643,
            0.5
          ],
          [
            -122.399931,
            37.615684,
            0.5
          ],
          [
            -122.400226,
            37.615737,
            0.5
          ],
          [
            -122.400513,
            37.615808,
            0.5
          ],
          [
            -122.400698,
            37.615862,
            0.5
          ],
          [
            -122.400965,
            37.615959,
            0.5
          ],
          [
            -122.401172,
            37.616046,
            0.5
          ],
          [
            -122.401308,
            37.61611,
            0.5
          ],
          [
            -122.401627,
            37.616291,
            0.5
          ],
          [
            -122.401864,
            37.616441,
            0.5
          ],
          [
            -122.402128,
            37.616653,
            0.5
          ],
          [
            -122.402287,
            37.616805,
            0.5
          ],
          [
            -122.402436,
            37.616959,
            0.5
          ],
          [
            -122.402706,
            37.617276,
            0.5
          ],
          [
            -122.403569,
            37.618375,
            0.5
          ],
          [
            -122.403759,
            37.618602,
            0.75
          ],
          [
            -122.404114,
            37.619053,
            0.25
          ],
          [
            -122.404558,
            37.619598,
            1
          ],
          [
            -122.405385,
            37.620695,
            1.75
          ],
          [
            -122.405443,
            37.620772,
            2
          ],
          [
            -122.405509,
            37.620859,
            2
          ],
          [
            -122.406408,
            37.622056,
            9.75
          ],
          [
            -122.40697,
            37.622803,
            9.75
          ],
          [
            -122.407097,
            37.622972,
            9.75
          ],
          [
            -122.4081,
            37.624308,
            9.75
          ],
          [
            -122.408492,
            37.624869,
            9.75
          ],
          [
            -122.408891,
            37.625495,
            9.75
          ],
          [
            -122.412992,
            37.632489,
            9.75
          ],
          [
            -122.413515,
            37.633311,
            9.75
          ],
          [
            -122.415013,
            37.635666,
            9.75
          ],
          [
            -122.415333,
            37.636199,
            9.75
          ],
          [
            -122.415791,
            37.636962,
            9.75
          ],
          [
            -122.415914,
            37.63717,
            9
          ],
          [
            -122.416588,
            37.638312,
            5
          ],
          [
            -122.416639,
            37.638399,
            5
          ],
          [
            -122.416782,
            37.638653
          ],
          [
            -122.417002,
            37.639043
          ],
          [
            -122.417721,
            37.640318
          ],
          [
            -122.41878,
            37.642351
          ],
          [
            -122.418961,
            37.64265
          ],
          [
            -122.419168,
            37.642958
          ],
          [
            -122.419395,
            37.643278
          ],
          [
            -122.419643,
            37.643598
          ],
          [
            -122.42038,
            37.644466
          ],
          [
            -122.421245,
            37.645479
          ],
          [
            -122.42265,
            37.647191
          ],
          [
            -122.423059,
            37.647657,
            45.25
          ],
          [
            -122.425071,
            37.649958,
            45.25
          ],
          [
            -122.425542,
            37.650454,
            45.25
          ],
          [
            -122.42604,
            37.650936,
            45.25
          ],
          [
            -122.426551,
            37.651392,
            45.25
          ],
          [
            -122.427042,
            37.651774,
            45.25
          ],
          [
            -122.427607,
            37.65217,
            45.25
          ],
          [
            -122.428269,
            37.652596,
            45.25
          ],
          [
            -122.428921,
            37.652969,
            45.25
          ],
          [
            -122.432174,
            37.654677,
            45.25
          ],
          [
            -122.432986,
            37.655126,
            45.25
          ],
          [
            -122.433701,
            37.655542,
            45.25
          ],
          [
            -122.434389,
            37.655976,
            45.25
          ],
          [
            -122.435003,
            37.656385,
            45.25
          ],
          [
            -122.435505,
            37.656771,
            45.25
          ],
          [
            -122.435972,
            37.657173,
            45.25
          ],
          [
            -122.436354,
            37.657541,
            45.25
          ],
          [
            -122.436658,
            37.657853,
            45.25
          ],
          [
            -122.436976,
            37.658225,
            45.25
          ],
          [
            -122.438441,
            37.660056,
            45.25
          ],
          [
            -122.438788,
            37.660459,
            45.25
          ],
          [
            -122.439152,
            37.660843,
            45.25
          ],
          [
            -122.439566,
            37.661241,
            45.25
          ],
          [
            -122.439997,
            37.661629,
            45.25
          ],
          [
            -122.440492,
            37.662027,
            45.25
          ],
          [
            -122.441006,
            37.662413,
            45.25
          ],
          [
            -122.441504,
            37.662756,
            45.25
          ],
          [
            -122.442457,
            37.663337,
            45.25
          ],
          [
            -122.442851,
            37.663578,
            45.25
          ],
          [
            -122.444775,
            37.664792,
            45.25
          ],
          [
            -122.44557,
            37.665304,
            45.25
          ],
          [
            -122.446919,
            37.666172,
            45.25
          ],
          [
            -122.447413,
            37.666523,
            45.25
          ],
          [
            -122.447863,
            37.666883,
            45.25
          ],
          [
            -122.448276,
            37.667274,
            45.25
          ],
          [
            -122.448703,
            37.667747,
            45.25
          ],
          [
            -122.44905,
            37.668186,
            45.25
          ],
          [
            -122.449352,
            37.668609,
            45.25
          ],
          [
            -122.450435,
            37.670256,
            45.25
          ],
          [
            -122.451758,
            37.672325,
            45.25
          ],
          [
            -122.452141,
            37.672839,
            45.25
          ],
          [
            -122.452615,
            37.673379,
            45.25
          ],
          [
            -122.453147,
            37.6739,
            45.25
          ],
          [
            -122.453651,
            37.674314,
            45.25
          ],
          [
            -122.454212,
            37.674719,
            45.25
          ],
          [
            -122.454786,
            37.675082,
            45.25
          ],
          [
            -122.455454,
            37.675466,
            45.25
          ],
          [
            -122.456231,
            37.675928,
            45.25
          ],
          [
            -122.456909,
            37.676387,
            45.25
          ],
          [
            -122.457502,
            37.676888,
            45.25
          ],
          [
            -122.458032,
            37.677376,
            45.25
          ],
          [
            -122.458535,
            37.67789,
            45.25
          ],
          [
            -122.459336,
            37.678799,
            45.25
          ],
          [
            -122.461055,
            37.680831,
            45.25
          ],
          [
            -122.461298,
            37.681092,
            45.25
          ],
          [
            -122.461537,
            37.681329,
            45.25
          ],
          [
            -122.461775,
            37.681548,
            45.25
          ],
          [
            -122.46204,
            37.681775,
            45.25
          ],
          [
            -122.462304,
            37.681978,
            45.25
          ],
          [
            -122.462579,
            37.682168,
            45.25
          ],
          [
            -122.462716,
            37.682269,
            45
          ],
          [
            -122.463261,
            37.682664,
            45
          ],
          [
            -122.463724,
            37.682998,
            44.75
          ],
          [
            -122.464175,
            37.683338,
            44.75
          ],
          [
            -122.465199,
            37.684092,
            44.75
          ],
          [
            -122.467004,
            37.685314,
            47.5
          ],
          [
            -122.4674,
            37.685596,
            46.25
          ],
          [
            -122.467653,
            37.685807,
            46
          ],
          [
            -122.467809,
            37.685955,
            46.5
          ],
          [
            -122.467939,
            37.686098,
            47.25
          ],
          [
            -122.46807,
            37.686261,
            48
          ],
          [
            -122.468255,
            37.686524,
            48.5
          ],
          [
            -122.468475,
            37.686916,
            50
          ],
          [
            -122.468644,
            37.687225,
            51.5
          ],
          [
            -122.469109,
            37.688103,
            51.5
          ],
          [
            -122.469167,
            37.688212,
            51.25
          ],
          [
            -122.469323,
            37.688497,
            50.5
          ],
          [
            -122.469484,
            37.688828,
            49.5
          ],
          [
            -122.469596,
            37.689118,
            48.5
          ],
          [
            -122.469694,
            37.689494,
            48
          ],
          [
            -122.469737,
            37.689784,
            48.25
          ],
          [
            -122.469754,
            37.690014,
            48.25
          ],
          [
            -122.469781,
            37.691434,
            49.25
          ],
          [
            -122.469809,
            37.69237,
            49.5
          ],
          [
            -122.469819,
            37.693238,
            52.75
          ],
          [
            -122.469831,
            37.693514,
            53.5
          ],
          [
            -122.469826,
            37.69407,
            55
          ],
          [
            -122.46984,
            37.694331,
            55.75
          ],
          [
            -122.46989,
            37.694816,
            57.5
          ],
          [
            -122.469937,
            37.695083,
            57.5
          ],
          [
            -122.470029,
            37.695377,
            57.75
          ],
          [
            -122.470144,
            37.695683,
            57.75
          ],
          [
            -122.470422,
            37.696357,
            58.25
          ],
          [
            -122.4705,
            37.696554,
            58.25
          ],
          [
            -122.470759,
            37.697221,
            59
          ],
          [
            -122.470825,
            37.697416,
            59.5
          ],
          [
            -122.470882,
            37.697614,
            60.75
          ],
          [
            -122.470925,
            37.697817,
            62.5
          ],
          [
            -122.470956,
            37.698028,
            64
          ],
          [
            -122.470988,
            37.698513,
            65.75
          ],
          [
            -122.471008,
            37.699742,
            67.75
          ],
          [
            -122.471046,
            37.701347,
            70.25
          ],
          [
            -122.47106,
            37.702242,
            71.75
          ],
          [
            -122.471061,
            37.702815,
            72.75
          ],
          [
            -122.471041,
            37.70301,
            73.25
          ],
          [
            -122.471007,
            37.703192,
            73.5
          ],
          [
            -122.470962,
            37.70335,
            73.75
          ],
          [
            -122.470897,
            37.703529,
            74
          ],
          [
            -122.470806,
            37.703727,
            74.5
          ],
          [
            -122.470697,
            37.703911,
            74.75
          ],
          [
            -122.470582,
            37.704084,
            75
          ],
          [
            -122.469496,
            37.705411,
            77.75
          ],
          [
            -122.468758,
            37.706311,
            79.5
          ],
          [
            -122.468414,
            37.706731,
            80.5
          ],
          [
            -122.468191,
            37.707003,
            80.5
          ],
          [
            -122.467899,
            37.707359,
            81.5
          ],
          [
            -122.467369,
            37.708003,
            84.5
          ],
          [
            -122.466827,
            37.708663,
            84.5
          ],
          [
            -122.466651,
            37.708873,
            84.75
          ],
          [
            -122.466541,
            37.709002,
            85.5
          ],
          [
            -122.466412,
            37.709133,
            86.25
          ],
          [
            -122.466261,
            37.709264,
            87.5
          ],
          [
            -122.466088,
            37.709396,
            89
          ],
          [
            -122.465923,
            37.709509,
            90.25
          ],
          [
            -122.465761,
            37.709606,
            91.5
          ],
          [
            -122.465594,
            37.709694,
            92.5
          ],
          [
            -122.465416,
            37.709775,
            93.5
          ],
          [
            -122.465237,
            37.709848,
            94.25
          ],
          [
            -122.464889,
            37.70996,
            94.75
          ],
          [
            -122.46471,
            37.710005,
            94.5
          ],
          [
            -122.46453,
            37.710042,
            94.5
          ],
          [
            -122.464345,
            37.710071,
            94.75
          ],
          [
            -122.464153,
            37.710093,
            94.75
          ],
          [
            -122.463966,
            37.710105,
            95
          ],
          [
            -122.46356,
            37.71011,
            96
          ],
          [
            -122.461398,
            37.710091,
            92.5
          ],
          [
            -122.460153,
            37.710082,
            90.75
          ],
          [
            -122.458653,
            37.710074,
            88.25
          ],
          [
            -122.458404,
            37.710076,
            88
          ],
          [
            -122.457927,
            37.710094,
            87.25
          ],
          [
            -122.45768,
            37.71011,
            86.75
          ],
          [
            -122.457194,
            37.710161,
            86
          ],
          [
            -122.45696,
            37.710196,
            85.75
          ],
          [
            -122.456509,
            37.710283,
            85
          ],
          [
            -122.456059,
            37.710403,
            84.25
          ],
          [
            -122.455611,
            37.710553,
            83.5
          ],
          [
            -122.455379,
            37.710642,
            83.25
          ],
          [
            -122.455139,
            37.710745,
            82.75
          ],
          [
            -122.454937,
            37.710841,
            82.25
          ],
          [
            -122.454723,
            37.710952,
            82
          ],
          [
            -122.454514,
            37.71107,
            81.5
          ],
          [
            -122.454302,
            37.7112,
            81.25
          ],
          [
            -122.45409,
            37.71134,
            80.75
          ],
          [
            -122.453692,
            37.711624,
            80
          ],
          [
            -122.453332,
            37.711903,
            79.25
          ],
          [
            -122.452145,
            37.71286,
            76.5
          ],
          [
            -122.4521,
            37.712896,
            76.5
          ],
          [
            -122.451196,
            37.713626,
            74.5
          ],
          [
            -122.450981,
            37.713804,
            74
          ],
          [
            -122.450599,
            37.714136,
            73.25
          ],
          [
            -122.450245,
            37.714465,
            72.25
          ],
          [
            -122.449672,
            37.715045,
            71
          ],
          [
            -122.449372,
            37.715378,
            71
          ],
          [
            -122.449127,
            37.715686,
            70.75
          ],
          [
            -122.4489,
            37.715994,
            70.5
          ],
          [
            -122.448704,
            37.71631,
            70.75
          ],
          [
            -122.44861,
            37.716476,
            71
          ],
          [
            -122.448453,
            37.716813,
            72
          ],
          [
            -122.448328,
            37.717153,
            73.5
          ],
          [
            -122.44823,
            37.717497,
            72.5
          ],
          [
            -122.448172,
            37.71775,
            72
          ],
          [
            -122.447887,
            37.71932,
            68.25
          ],
          [
            -122.447849,
            37.719631,
            67.75
          ],
          [
            -122.447726,
            37.720357,
            66
          ],
          [
            -122.447354,
            37.722023,
            62
          ],
          [
            -122.447209,
            37.722676,
            62.5
          ],
          [
            -122.447139,
            37.722951,
            62.75
          ],
          [
            -122.446973,
            37.723623,
            63.5
          ],
          [
            -122.446838,
            37.724039,
            64
          ],
          [
            -122.446699,
            37.724405,
            64.5
          ],
          [
            -122.446367,
            37.725067,
            65.25
          ],
          [
            -122.44598,
            37.725644,
            65.25
          ],
          [
            -122.445833,
            37.725838,
            65
          ],
          [
            -122.44565,
            37.726062,
            64
          ],
          [
            -122.445455,
            37.726282,
            63.25
          ],
          [
            -122.445231,
            37.726515,
            63
          ],
          [
            -122.444818,
            37.726903,
            64.25
          ],
          [
            -122.444625,
            37.72707,
            64.75
          ],
          [
            -122.444479,
            37.727184,
            63.75
          ],
          [
            -122.444184,
            37.727413,
            63.75
          ],
          [
            -122.443954,
            37.727576,
            62.75
          ],
          [
            -122.443499,
            37.72787,
            59.25
          ],
          [
            -122.44301,
            37.728156,
            54.75
          ],
          [
            -122.442752,
            37.728293,
            52.25
          ],
          [
            -122.442234,
            37.72855,
            51.25
          ],
          [
            -122.44168,
            37.728798,
            50.25
          ],
          [
            -122.440833,
            37.729136,
            50.25
          ],
          [
            -122.439411,
            37.72972,
            50.25
          ],
          [
            -122.437736,
            37.730505,
            50.25
          ],
          [
            -122.435387,
            37.73196,
            50.5
          ],
          [
            -122.434487,
            37.732599,
            50.5
          ],
          [
            -122.432627,
            37.733829,
            50.5
          ],
          [
            -122.42528,
            37.738634,
            51
          ],
          [
            -122.423671,
            37.739974,
            51
          ],
          [
            -122.423567,
            37.740115,
            51.25
          ],
          [
            -122.422351,
            37.741711
          ],
          [
            -122.418261,
            37.748047
          ],
          [
            -122.418172,
            37.748176
          ],
          [
            -122.418118,
            37.748278
          ],
          [
            -122.418084,
            37.748358
          ],
          [
            -122.41807,
            37.748458
          ],
          [
            -122.418063,
            37.748623
          ],
          [
            -122.418353,
            37.751625
          ],
          [
            -122.418536,
            37.753525
          ],
          [
            -122.419752,
            37.766311
          ],
          [
            -122.4198,
            37.766816
          ],
          [
            -122.419852,
            37.76735,
            1.75
          ],
          [
            -122.419903,
            37.767878,
            1.75
          ],
          [
            -122.420215,
            37.771344,
            1.75
          ],
          [
            -122.420241,
            37.77199,
            1.75
          ],
          [
            -122.420251,
            37.772345,
            1.75
          ],
          [
            -122.420229,
            37.7727,
            1.75
          ],
          [
            -122.420174,
            37.773052,
            1.75
          ],
          [
            -122.420087,
            37.773401,
            1.75
          ],
          [
            -122.419967,
            37.773743,
            1.75
          ],
          [
            -122.419816,
            37.774078,
            1.75
          ],
          [
            -122.419635,
            37.774402,
            1.75
          ],
          [
            -122.419424,
            37.774716,
            1.75
          ],
          [
            -122.419184,
            37.775016,
            1.75
          ],
          [
            -122.418917,
            37.775302,
            1.75
          ],
          [
            -122.418625,
            37.775572,
            1.75
          ],
          [
            -122.418311,
            37.775831,
            1.75
          ],
          [
            -122.414516,
            37.778849,
            1.75
          ],
          [
            -122.412865,
            37.780153,
            1.75
          ],
          [
            -122.408641,
            37.783476,
            1.75
          ],
          [
            -122.406276,
            37.785345,
            1.75
          ],
          [
            -122.402231,
            37.788544,
            1.75
          ],
          [
            -122.40059,
            37.789842,
            1.75
          ],
          [
            -122.399036,
            37.791069,
            1.75
          ],
          [
            -122.398031,
            37.791863,
            1.75
          ],
          [
            -122.395965,
            37.793494,
            1.75
          ],
          [
            -122.394911,
            37.794332,
            1.75
          ],
          [
            -122.394763,
            37.79444,
            1.75
          ],
          [
            -122.394606,
            37.794538,
            1.75
          ],
          [
            -122.394441,
            37.794628,
            1.75
          ],
          [
            -122.391408,
            37.795965,
            1.75
          ],
          [
            -122.377868,
            37.801953,
            1.75
          ],
          [
            -122.376847,
            37.802359,
            1.75
          ],
          [
            -122.375788,
            37.802717,
            1.75
          ],
          [
            -122.374718,
            37.803019,
            1.75
          ],
          [
            -122.373604,
            37.803292,
            1.75
          ],
          [
            -122.372501,
            37.803526,
            1.75
          ],
          [
            -122.371273,
            37.803766,
            1.75
          ],
          [
            -122.34098,
            37.808959,
            1.75
          ],
          [
            -122.339216,
            37.80922,
            1.75
          ],
          [
            -122.337471,
            37.809431,
            1.75
          ],
          [
            -122.335732,
            37.8096,
            1.75
          ],
          [
            -122.334121,
            37.809712,
            1.75
          ],
          [
            -122.332421,
            37.809802,
            1.75
          ],
          [
            -122.330483,
            37.809859,
            1.75
          ],
          [
            -122.328367,
            37.809811,
            1.75
          ],
          [
            -122.326224,
            37.809697,
            1.75
          ],
          [
            -122.316041,
            37.808769,
            1.75
          ],
          [
            -122.314506,
            37.808618,
            -0.5
          ],
          [
            -122.314365,
            37.808605,
            -0.25
          ],
          [
            -122.309318,
            37.808118,
            0
          ],
          [
            -122.307624,
            37.807947,
            0
          ],
          [
            -122.307158,
            37.807891,
            0
          ],
          [
            -122.306602,
            37.807813,
            0
          ],
          [
            -122.305642,
            37.807655,
            0
          ],
          [
            -122.304868,
            37.807504,
            0
          ],
          [
            -122.302563,
            37.806997,
            0
          ],
          [
            -122.302241,
            37.806926,
            0
          ],
          [
            -122.298802,
            37.806162,
            0.25
          ],
          [
            -122.298239,
            37.806018,
            0.25
          ],
          [
            -122.297797,
            37.805887,
            0.25
          ],
          [
            -122.297257,
            37.805704,
            0.25
          ],
          [
            -122.296872,
            37.805556,
            0.25
          ],
          [
            -122.294068,
            37.804431,
            0.5
          ],
          [
            -122.293325,
            37.80413,
            0.5
          ],
          [
            -122.292083,
            37.803626,
            0.75
          ],
          [
            -122.291201,
            37.80328,
            0.75
          ],
          [
            -122.290764,
            37.803121,
            0.75
          ],
          [
            -122.290404,
            37.80301,
            0.75
          ],
          [
            -122.289879,
            37.802859,
            0.75
          ],
          [
            -122.28602,
            37.801979,
            1
          ],
          [
            -122.285084,
            37.801759,
            1
          ],
          [
            -122.284759,
            37.801675,
            1
          ],
          [
            -122.284511,
            37.801604,
            1
          ],
          [
            -122.284022,
            37.801447,
            1
          ],
          [
            -122.283788,
            37.80136,
            1.25
          ],
          [
            -122.283371,
            37.801193,
            1.25
          ],
          [
            -122.282948,
            37.801004,
            1.25
          ],
          [
            -122.282454,
            37.800771,
            1.25
          ],
          [
            -122.281226,
            37.800171,
            1.25
          ],
          [
            -122.27996,
            37.799563,
            1.5
          ],
          [
            -122.279754,
            37.799463,
            1.5
          ],
          [
            -122.279132,
            37.799113,
            4.75
          ],
          [
            -122.278861,
            37.798978,
            4.75
          ],
          [
            -122.278688,
            37.79889,
            5
          ],
          [
            -122.27855,
            37.798824,
            5
          ],
          [
            -122.278237,
            37.798699,
            5.75
          ],
          [
            -122.277946,
            37.798614,
            6.75
          ],
          [
            -122.277785,
            37.798579,
            7
          ],
          [
            -122.277515,
            37.798537,
            7.5
          ],
          [
            -122.277229,
            37.798509,
            7.25
          ],
          [
            -122.276828,
            37.798483,
            7.25
          ],
          [
            -122.276452,
            37.798471,
            7.25
          ],
          [
            -122.27627,
            37.798472,
            7.25
          ],
          [
            -122.27607,
            37.798481,
            7.25
          ],
          [
            -122.275914,
            37.798495,
            7.25
          ],
          [
            -122.275787,
            37.798514,
            7.25
          ],
          [
            -122.275646,
            37.798539,
            7.25
          ],
          [
            -122.275521,
            37.798573,
            7.25
          ],
          [
            -122.275427,
            37.798606,
            7.25
          ],
          [
            -122.275006,
            37.798777,
            7.25
          ],
          [
            -122.27463,
            37.799006,
            7.25
          ],
          [
            -122.274313,
            37.799284,
            7.25
          ],
          [
            -122.273834,
            37.799971,
            7.25
          ],
          [
            -122.272672,
            37.801832,
            7.5
          ],
          [
            -122.271059,
            37.804435,
            7.5
          ],
          [
            -122.268129,
            37.809135,
            7.75
          ],
          [
            -122.268,
            37.809342,
            8
          ],
          [
            -122.267882,
            37.809623,
            8
          ],
          [
            -122.267832,
            37.809836,
            8
          ],
          [
            -122.267816,
            37.810016,
            8
          ],
          [
            -122.267822,
            37.810196,
            8
          ],
          [
            -122.267852,
            37.810376,
            8
          ],
          [
            -122.267922,
            37.810597,
            8
          ],
          [
            -122.268024,
            37.810804,
            8
          ],
          [
            -122.268166,
            37.81101,
            8
          ],
          [
            -122.268341,
            37.811201,
            8
          ],
          [
            -122.269795,
            37.812474,
            8
          ],
          [
            -122.269967,
            37.812643,
            8
          ],
          [
            -122.270123,
            37.812825,
            8
          ],
          [
            -122.270278,
            37.813034,
            8
          ],
          [
            -122.270418,
            37.813262,
            8.25
          ],
          [
            -122.270454,
            37.813329,
            8
          ],
          [
            -122.270538,
            37.813487,
            8
          ],
          [
            -122.270636,
            37.813706,
            8.25
          ],
          [
            -122.270717,
            37.813937,
            8.5
          ],
          [
            -122.270773,
            37.814145,
            8.75
          ],
          [
            -122.270834,
            37.814505,
            8
          ],
          [
            -122.27085,
            37.814696,
            7.75
          ],
          [
            -122.270857,
            37.814906,
            7.25
          ],
          [
            -122.270845,
            37.815105,
            6.75
          ],
          [
            -122.270821,
            37.815317,
            7.75
          ],
          [
            -122.270791,
            37.815514,
            8.5
          ],
          [
            -122.270758,
            37.815675,
            9.25
          ],
          [
            -122.270689,
            37.815948,
            10.75
          ],
          [
            -122.270335,
            37.817025,
            15.75
          ],
          [
            -122.270123,
            37.817669,
            16
          ],
          [
            -122.26987,
            37.818526,
            16
          ],
          [
            -122.269833,
            37.818652,
            16.25
          ],
          [
            -122.269743,
            37.81898,
            16.5
          ],
          [
            -122.269664,
            37.819269,
            16.5
          ],
          [
            -122.269575,
            37.819593,
            16
          ],
          [
            -122.269339,
            37.820444,
            15.25
          ],
          [
            -122.269108,
            37.821289,
            14.25
          ],
          [
            -122.269034,
            37.821559,
            14.25
          ],
          [
            -122.268624,
            37.822964,
            15.5
          ],
          [
            -122.268485,
            37.823421,
            16.5
          ],
          [
            -122.268133,
            37.824468,
            21.25
          ],
          [
            -122.267632,
            37.825898,
            22.5
          ],
          [
            -122.267531,
            37.82623,
            22
          ],
          [
            -122.267459,
            37.826466,
            21.25
          ],
          [
            -122.267409,
            37.826675,
            21
          ],
          [
            -122.267296,
            37.827177,
            23
          ],
          [
            -122.266982,
            37.828701,
            26.5
          ],
          [
            -122.26686,
            37.829292,
            27.5
          ],
          [
            -122.266769,
            37.82973,
            29
          ],
          [
            -122.266764,
            37.829756,
            29.25
          ],
          [
            -122.266661,
            37.830218,
            29.25
          ],
          [
            -122.266485,
            37.831078,
            29.75
          ],
          [
            -122.266414,
            37.831418,
            29.75
          ],
          [
            -122.266054,
            37.833169,
            28.75
          ],
          [
            -122.265988,
            37.833537,
            28.75
          ],
          [
            -122.265934,
            37.833853,
            29.75
          ],
          [
            -122.265891,
            37.834191,
            30.75
          ],
          [
            -122.265821,
            37.834847,
            32.5
          ],
          [
            -122.265781,
            37.835228,
            32.5
          ],
          [
            -122.265735,
            37.835689,
            32
          ],
          [
            -122.265609,
            37.836613,
            31
          ],
          [
            -122.26553,
            37.837092,
            31.25
          ],
          [
            -122.265468,
            37.837391,
            32
          ],
          [
            -122.265375,
            37.837749,
            33.25
          ],
          [
            -122.265306,
            37.837962,
            33.75
          ],
          [
            -122.265232,
            37.838154,
            34.5
          ],
          [
            -122.265141,
            37.838364,
            34.5
          ],
          [
            -122.265009,
            37.83862,
            34.75
          ],
          [
            -122.264865,
            37.838862,
            34.75
          ],
          [
            -122.264655,
            37.839165,
            35.25
          ],
          [
            -122.264526,
            37.839329,
            35.5
          ],
          [
            -122.264345,
            37.839538,
            36
          ],
          [
            -122.264132,
            37.839755,
            36.5
          ],
          [
            -122.263918,
            37.839954,
            36.5
          ],
          [
            -122.263631,
            37.840189,
            37.25
          ],
          [
            -122.263373,
            37.840374,
            37.75
          ],
          [
            -122.263076,
            37.840565,
            38.75
          ],
          [
            -122.262801,
            37.840723,
            38.75
          ],
          [
            -122.262511,
            37.840869,
            39
          ],
          [
            -122.262228,
            37.840997,
            39.25
          ],
          [
            -122.261937,
            37.841116,
            39.5
          ],
          [
            -122.261399,
            37.841311,
            40
          ],
          [
            -122.260952,
            37.841461,
            40.25
          ],
          [
            -122.258455,
            37.842243,
            46.25
          ],
          [
            -122.256501,
            37.842856,
            49.25
          ],
          [
            -122.254459,
            37.843496,
            53
          ],
          [
            -122.253864,
            37.843694,
            54
          ],
          [
            -122.253637,
            37.843775,
            54.5
          ],
          [
            -122.253093,
            37.843979,
            55.5
          ],
          [
            -122.250134,
            37.845132,
            61.25
          ],
          [
            -122.249121,
            37.845529,
            61.5
          ],
          [
            -122.248291,
            37.845866,
            64
          ],
          [
            -122.247884,
            37.846045,
            64.75
          ],
          [
            -122.247351,
            37.846293,
            66.25
          ],
          [
            -122.246976,
            37.846478,
            68.5
          ],
          [
            -122.246332,
            37.846818,
            71.25
          ],
          [
            -122.244849,
            37.847645,
            75.25
          ],
          [
            -122.244572,
            37.847801,
            75.25
          ],
          [
            -122.243082,
            37.848638,
            84
          ],
          [
            -122.243037,
            37.848663,
            84.25
          ],
          [
            -122.242291,
            37.849081,
            84
          ],
          [
            -122.240496,
            37.850091,
            88.25
          ],
          [
            -122.239973,
            37.85038,
            86
          ],
          [
            -122.23962,
            37.850571,
            86
          ],
          [
            -122.239253,
            37.850762,
            84.75
          ],
          [
            -122.238633,
            37.851066,
            87.5
          ],
          [
            -122.238252,
            37.851243,
            92
          ],
          [
            -122.238095,
            37.851315,
            95.25
          ],
          [
            -122.206748,
            37.865661,
            95.25
          ],
          [
            -122.191447,
            37.872665,
            170
          ],
          [
            -122.189834,
            37.873404,
            170
          ],
          [
            -122.189389,
            37.873628,
            170
          ],
          [
            -122.188919,
            37.873889,
            170
          ],
          [
            -122.18846,
            37.874162,
            170
          ],
          [
            -122.187705,
            37.87466,
            170
          ],
          [
            -122.186738,
            37.875298,
            163.75
          ],
          [
            -122.18635,
            37.875564,
            162.25
          ],
          [
            -122.186094,
            37.875748,
            159.75
          ],
          [
            -122.185762,
            37.876006,
            156.75
          ],
          [
            -122.185472,
            37.876257,
            156.5
          ],
          [
            -122.18516,
            37.876556,
            155.5
          ],
          [
            -122.18501,
            37.876715,
            154.5
          ],
          [
            -122.184752,
            37.877007,
            154
          ],
          [
            -122.184262,
            37.877631,
            154.5
          ],
          [
            -122.183023,
            37.879256,
            155.75
          ],
          [
            -122.183006,
            37.879278,
            156
          ],
          [
            -122.181252,
            37.881578,
            156
          ],
          [
            -122.180769,
            37.882252,
            159.75
          ],
          [
            -122.180442,
            37.882736,
            164.75
          ],
          [
            -122.180134,
            37.883215,
            165.5
          ],
          [
            -122.179343,
            37.8845,
            170.5
          ],
          [
            -122.179312,
            37.884549,
            170.5
          ],
          [
            -122.178328,
            37.886156,
            176.75
          ],
          [
            -122.178047,
            37.886585,
            179.25
          ],
          [
            -122.177814,
            37.886915,
            181
          ],
          [
            -122.177542,
            37.887276,
            179.5
          ],
          [
            -122.177262,
            37.887616,
            179.75
          ],
          [
            -122.176943,
            37.88797,
            182
          ],
          [
            -122.176665,
            37.888257,
            181.75
          ],
          [
            -122.176348,
            37.888561,
            184.75
          ],
          [
            -122.176004,
            37.888871,
            184.5
          ],
          [
            -122.175632,
            37.889181,
            183
          ],
          [
            -122.175236,
            37.889485,
            186.5
          ],
          [
            -122.174836,
            37.889767,
            187.25
          ],
          [
            -122.174454,
            37.890018,
            186.5
          ],
          [
            -122.174042,
            37.890269,
            189.25
          ],
          [
            -122.173594,
            37.890521,
            192.75
          ],
          [
            -122.173178,
            37.890738,
            193
          ],
          [
            -122.172736,
            37.890952,
            194.25
          ],
          [
            -122.172255,
            37.891164,
            196.25
          ],
          [
            -122.171799,
            37.891346,
            195.75
          ],
          [
            -122.171326,
            37.891522,
            195
          ],
          [
            -122.170866,
            37.891678,
            195
          ],
          [
            -122.170417,
            37.891821,
            196.5
          ],
          [
            -122.169932,
            37.891966,
            197.25
          ],
          [
            -122.169472,
            37.892094,
            197.5
          ],
          [
            -122.168573,
            37.892317,
            192
          ],
          [
            -122.167623,
            37.892511,
            187.25
          ],
          [
            -122.167126,
            37.8926,
            187
          ],
          [
            -122.16662,
            37.892681,
            185.75
          ],
          [
            -122.166125,
            37.892747,
            185.75
          ],
          [
            -122.16517,
            37.892849,
            182
          ],
          [
            -122.164266,
            37.892916,
            178
          ],
          [
            -122.163373,
            37.892949,
            176.5
          ],
          [
            -122.162861,
            37.892953,
            174.75
          ],
          [
            -122.161988,
            37.892941,
            172.25
          ],
          [
            -122.16108,
            37.892896,
            168.5
          ],
          [
            -122.16021,
            37.892823,
            165.5
          ],
          [
            -122.159335,
            37.892723,
            161
          ],
          [
            -122.158804,
            37.892647,
            159.75
          ],
          [
            -122.154602,
            37.89201,
            143.25
          ],
          [
            -122.154291,
            37.891963,
            142.25
          ],
          [
            -122.150401,
            37.891372,
            130.5
          ],
          [
            -122.149493,
            37.891252,
            131.75
          ],
          [
            -122.148983,
            37.891201,
            132.25
          ],
          [
            -122.148534,
            37.891171,
            131
          ],
          [
            -122.1481,
            37.891156,
            130
          ],
          [
            -122.147673,
            37.891154,
            128.75
          ],
          [
            -122.147245,
            37.891164,
            128
          ],
          [
            -122.14678,
            37.891188,
            127.5
          ],
          [
            -122.146088,
            37.891244,
            126.75
          ],
          [
            -122.144601,
            37.891375,
            125.5
          ],
          [
            -122.143933,
            37.891418,
            125
          ],
          [
            -122.143586,
            37.891432,
            125
          ],
          [
            -122.143224,
            37.891436,
            126.25
          ],
          [
            -122.142863,
            37.891431,
            127.5
          ],
          [
            -122.142519,
            37.891415,
            128.5
          ],
          [
            -122.142148,
            37.891388,
            129.5
          ],
          [
            -122.141761,
            37.891348,
            130.5
          ],
          [
            -122.141364,
            37.891297,
            131.5
          ],
          [
            -122.140941,
            37.891233,
            132
          ],
          [
            -122.140444,
            37.891154,
            133.5
          ],
          [
            -122.138665,
            37.890836,
            140.25
          ],
          [
            -122.138181,
            37.890757,
            141.75
          ],
          [
            -122.137674,
            37.890688,
            142.75
          ],
          [
            -122.137347,
            37.890652,
            142.75
          ],
          [
            -122.13684,
            37.890618,
            141.25
          ],
          [
            -122.13633,
            37.890607,
            138.5
          ],
          [
            -122.135821,
            37.890621,
            135.25
          ],
          [
            -122.13532,
            37.890657,
            134
          ],
          [
            -122.134816,
            37.890719,
            133
          ],
          [
            -122.134308,
            37.890804,
            132
          ],
          [
            -122.133832,
            37.890902,
            132.5
          ],
          [
            -122.133028,
            37.89109,
            132.25
          ],
          [
            -122.128743,
            37.892135,
            113.75
          ],
          [
            -122.1283,
            37.892242,
            112.25
          ],
          [
            -122.127688,
            37.892392,
            112.5
          ],
          [
            -122.126456,
            37.892691,
            108.75
          ],
          [
            -122.1258,
            37.892851,
            105
          ],
          [
            -122.123459,
            37.893421,
            107.75
          ],
          [
            -122.122481,
            37.893653,
            108
          ],
          [
            -122.122162,
            37.893722,
            108
          ],
          [
            -122.121519,
            37.893849,
            108
          ],
          [
            -122.120783,
            37.893978,
            106.25
          ],
          [
            -122.120214,
            37.894071,
            107.75
          ],
          [
            -122.119879,
            37.894136,
            108.25
          ],
          [
            -122.119366,
            37.894246,
            107
          ],
          [
            -122.11903,
            37.894309,
            106.25
          ],
          [
            -122.116906,
            37.894658,
            103.25
          ],
          [
            -122.116362,
            37.894747,
            103.75
          ],
          [
            -122.116321,
            37.894754,
            104
          ],
          [
            -122.116012,
            37.894795,
            103.75
          ],
          [
            -122.115392,
            37.894866,
            102.75
          ],
          [
            -122.115158,
            37.894899,
            102
          ],
          [
            -122.112555,
            37.895326,
            100.25
          ],
          [
            -122.110298,
            37.895696,
            99
          ],
          [
            -122.099869,
            37.8974,
            99.75
          ],
          [
            -122.098907,
            37.897528,
            99
          ],
          [
            -122.098253,
            37.897594,
            99
          ],
          [
            -122.097622,
            37.897643,
            96.5
          ],
          [
            -122.097265,
            37.897663,
            94.5
          ],
          [
            -122.096401,
            37.897696,
            90.25
          ],
          [
            -122.095408,
            37.897727,
            89.5
          ],
          [
            -122.091941,
            37.897827,
            91.75
          ],
          [
            -122.086385,
            37.897985,
            111.25
          ],
          [
            -122.085775,
            37.897994,
            111.5
          ],
          [
            -122.084898,
            37.89799,
            109
          ],
          [
            -122.084045,
            37.897922,
            106.5
          ],
          [
            -122.079757,
            37.897445,
            94
          ],
          [
            -122.079329,
            37.897411,
            94.25
          ],
          [
            -122.07892,
            37.897393,
            93.5
          ],
          [
            -122.078464,
            37.897388,
            91.75
          ],
          [
            -122.078007,
            37.897398,
            90.25
          ],
          [
            -122.077577,
            37.897419,
            88.5
          ],
          [
            -122.077177,
            37.897456,
            89
          ],
          [
            -122.076757,
            37.897507,
            89.75
          ],
          [
            -122.076356,
            37.897568,
            88.25
          ],
          [
            -122.075955,
            37.89765,
            85.75
          ],
          [
            -122.075559,
            37.897742,
            82.75
          ],
          [
            -122.075172,
            37.897841,
            82.25
          ],
          [
            -122.074845,
            37.897937,
            82
          ],
          [
            -122.074527,
            37.898042,
            81.5
          ],
          [
            -122.074233,
            37.898153,
            81.25
          ],
          [
            -122.073939,
            37.898275,
            81
          ],
          [
            -122.073621,
            37.898427,
            80.75
          ],
          [
            -122.073306,
            37.898564,
            80.75
          ],
          [
            -122.072997,
            37.898722,
            82.25
          ],
          [
            -122.072683,
            37.898902,
            82.25
          ],
          [
            -122.072399,
            37.899077,
            81.25
          ],
          [
            -122.072109,
            37.899271,
            80.5
          ],
          [
            -122.071895,
            37.899429,
            78.75
          ],
          [
            -122.071657,
            37.899619,
            74.75
          ],
          [
            -122.07145,
            37.899788
          ],
          [
            -122.0712,
            37.900005
          ],
          [
            -122.070951,
            37.900239
          ],
          [
            -122.070726,
            37.900468
          ],
          [
            -122.070571,
            37.900637
          ],
          [
            -122.070337,
            37.90091
          ],
          [
            -122.070116,
            37.901195
          ],
          [
            -122.069914,
            37.90148
          ],
          [
            -122.069611,
            37.901947
          ],
          [
            -122.069268,
            37.902516
          ],
          [
            -122.069149,
            37.902718,
            42
          ],
          [
            -122.066808,
            37.906658,
            42
          ],
          [
            -122.065095,
            37.909536,
            42
          ],
          [
            -122.064942,
            37.909807,
            42
          ],
          [
            -122.064541,
            37.910555,
            42
          ],
          [
            -122.064343,
            37.911,
            42
          ],
          [
            -122.064185,
            37.911406,
            42
          ],
          [
            -122.06408,
            37.911735,
            42
          ],
          [
            -122.063992,
            37.912068,
            42
          ],
          [
            -122.063924,
            37.91238,
            41.75
          ],
          [
            -122.063808,
            37.913017,
            40
          ],
          [
            -122.063763,
            37.913333,
            38.75
          ],
          [
            -122.063722,
            37.913786,
            38.25
          ],
          [
            -122.063644,
            37.914505,
            36.75
          ],
          [
            -122.063568,
            37.915013,
            35.25
          ],
          [
            -122.063445,
            37.915741,
            34
          ],
          [
            -122.063364,
            37.916096,
            33.25
          ],
          [
            -122.063269,
            37.916457,
            32.5
          ],
          [
            -122.063159,
            37.9168,
            31.5
          ],
          [
            -122.063035,
            37.917152,
            30.75
          ],
          [
            -122.062898,
            37.917478,
            30
          ],
          [
            -122.062744,
            37.917815,
            29.5
          ],
          [
            -122.061911,
            37.919445,
            30.5
          ],
          [
            -122.061737,
            37.91982,
            30
          ],
          [
            -122.061579,
            37.920192,
            30
          ],
          [
            -122.06129,
            37.92096,
            30.5
          ],
          [
            -122.061106,
            37.921479,
            29.25
          ],
          [
            -122.060548,
            37.923087,
            28
          ],
          [
            -122.060412,
            37.923458,
            27.5
          ],
          [
            -122.06026,
            37.923847,
            27.75
          ],
          [
            -122.060109,
            37.924189,
            28
          ],
          [
            -122.059931,
            37.92454,
            28.75
          ],
          [
            -122.059737,
            37.92488,
            30
          ],
          [
            -122.059533,
            37.92519,
            30.5
          ],
          [
            -122.059303,
            37.925494,
            31
          ],
          [
            -122.05884,
            37.92602,
            30.5
          ],
          [
            -122.058226,
            37.926609,
            30
          ],
          [
            -122.057934,
            37.926854,
            30
          ],
          [
            -122.056823,
            37.927746,
            29.25
          ],
          [
            -122.05511,
            37.929107,
            28
          ],
          [
            -122.053912,
            37.930055,
            27.25
          ],
          [
            -122.053305,
            37.930506,
            27
          ],
          [
            -122.052999,
            37.930722,
            26.75
          ],
          [
            -122.052695,
            37.930923,
            26.5
          ],
          [
            -122.052063,
            37.931313,
            26.25
          ],
          [
            -122.051739,
            37.931501,
            26
          ],
          [
            -122.050886,
            37.931951,
            25.75
          ],
          [
            -122.04948,
            37.932677,
            25.75
          ],
          [
            -122.049388,
            37.932724,
            25.5
          ],
          [
            -122.047997,
            37.933441,
            24.5
          ],
          [
            -122.047321,
            37.933791,
            23.25
          ],
          [
            -122.047112,
            37.933898,
            23.25
          ],
          [
            -122.046609,
            37.934159,
            24
          ],
          [
            -122.041411,
            37.936836,
            22.75
          ],
          [
            -122.041056,
            37.937019,
            21.25
          ],
          [
            -122.035996,
            37.939625,
            21.25
          ],
          [
            -122.033204,
            37.941063,
            21
          ],
          [
            -122.029405,
            37.94302,
            20.5
          ],
          [
            -122.028906,
            37.943274,
            19.25
          ],
          [
            -122.028489,
            37.943488,
            20
          ],
          [
            -122.027903,
            37.943811,
            20.75
          ],
          [
            -122.027599,
            37.943995,
            21.25
          ],
          [
            -122.027296,
            37.944194,
            21.75
          ],
          [
            -122.027003,
            37.944411,
            21.25
          ],
          [
            -122.026721,
            37.944644,
            21.25
          ],
          [
            -122.026456,
            37.944887,
            21
          ],
          [
            -122.026206,
            37.945147,
            20.75
          ],
          [
            -122.025983,
            37.945405,
            20.75
          ],
          [
            -122.025765,
            37.945692,
            20.75
          ],
          [
            -122.025568,
            37.945999,
            21
          ],
          [
            -122.025384,
            37.946325,
            21.5
          ],
          [
            -122.025224,
            37.946663,
            22.25
          ],
          [
            -122.025108,
            37.946984,
            22
          ],
          [
            -122.025013,
            37.947286,
            21.5
          ],
          [
            -122.024937,
            37.947604,
            21
          ],
          [
            -122.024888,
            37.947903,
            21
          ],
          [
            -122.024857,
            37.948233,
            21
          ],
          [
            -122.024855,
            37.948535,
            21
          ],
          [
            -122.024872,
            37.948857,
            21.25
          ],
          [
            -122.02491,
            37.949184,
            21.75
          ],
          [
            -122.024972,
            37.94951,
            21.75
          ],
          [
            -122.025058,
            37.949833,
            21.75
          ],
          [
            -122.025164,
            37.950168,
            21
          ],
          [
            -122.025288,
            37.95051,
            20
          ],
          [
            -122.025508,
            37.951068,
            19
          ],
          [
            -122.025818,
            37.951841,
            17.75
          ],
          [
            -122.025839,
            37.951892,
            17.5
          ],
          [
            -122.02613,
            37.952606,
            17.5
          ],
          [
            -122.026198,
            37.952762,
            17.5
          ],
          [
            -122.026886,
            37.95434,
            17.25
          ],
          [
            -122.027412,
            37.955612,
            16.75
          ],
          [
            -122.030347,
            37.962972,
            18.25
          ],
          [
            -122.030387,
            37.963073,
            18.25
          ],
          [
            -122.030704,
            37.963854,
            19.25
          ],
          [
            -122.030744,
            37.963951,
            19.75
          ],
          [
            -122.030906,
            37.964351,
            21
          ],
          [
            -122.031046,
            37.964738,
            21.75
          ],
          [
            -122.031173,
            37.965134,
            21.75
          ],
          [
            -122.031246,
            37.965423,
            22
          ],
          [
            -122.031299,
            37.965685,
            22
          ],
          [
            -122.031344,
            37.965953,
            22.25
          ],
          [
            -122.03138,
            37.966236,
            22.25
          ],
          [
            -122.031403,
            37.966515,
            22.5
          ],
          [
            -122.031417,
            37.966806,
            22.5
          ],
          [
            -122.031415,
            37.967093,
            22.75
          ],
          [
            -122.0314,
            37.967385,
            22.75
          ],
          [
            -122.031373,
            37.967673,
            23
          ],
          [
            -122.031332,
            37.967968,
            23
          ],
          [
            -122.03128,
            37.968258,
            23.25
          ],
          [
            -122.03121,
            37.968556,
            23.5
          ],
          [
            -122.03112,
            37.968875,
            23.5
          ],
          [
            -122.031021,
            37.969168,
            23.75
          ],
          [
            -122.03078,
            37.969772,
            24
          ],
          [
            -122.029973,
            37.971601,
            24.75
          ],
          [
            -122.02994,
            37.971675,
            25
          ],
          [
            -122.029783,
            37.972185,
            25.5
          ],
          [
            -122.029507,
            37.972658,
            26
          ],
          [
            -122.029227,
            37.973292,
            27.5
          ],
          [
            -122.028904,
            37.974021,
            26.75
          ],
          [
            -122.028624,
            37.974652,
            29.25
          ],
          [
            -122.028512,
            37.974901,
            29
          ],
          [
            -122.028417,
            37.975142,
            29
          ],
          [
            -122.028329,
            37.975406,
            28.75
          ],
          [
            -122.028273,
            37.975643,
            28.75
          ],
          [
            -122.028238,
            37.975899,
            28.5
          ],
          [
            -122.028226,
            37.976151,
            28.5
          ],
          [
            -122.028243,
            37.976408,
            28.25
          ],
          [
            -122.028282,
            37.976675,
            28.25
          ],
          [
            -122.028349,
            37.976926,
            28
          ],
          [
            -122.028443,
            37.97717,
            28
          ],
          [
            -122.028549,
            37.977399,
            28
          ],
          [
            -122.028668,
            37.977609,
            27.75
          ],
          [
            -122.028807,
            37.977819,
            27.75
          ],
          [
            -122.028958,
            37.978029,
            27.5
          ],
          [
            -122.02976,
            37.979112,
            27
          ],
          [
            -122.029942,
            37.979383,
            27
          ],
          [
            -122.030107,
            37.979663,
            26.75
          ],
          [
            -122.030266,
            37.979956,
            26.5
          ],
          [
            -122.030402,
            37.980239,
            26.5
          ],
          [
            -122.030521,
            37.980507,
            26.25
          ],
          [
            -122.032864,
            37.986009,
            23.75
          ],
          [
            -122.033004,
            37.986347,
            23.75
          ],
          [
            -122.033234,
            37.986969,
            23.5
          ],
          [
            -122.033331,
            37.987266,
            23.25
          ],
          [
            -122.033402,
            37.987531,
            23
          ],
          [
            -122.033448,
            37.98774,
            23.25
          ],
          [
            -122.033469,
            37.987841,
            23.25
          ],
          [
            -122.033523,
            37.988148,
            23.75
          ],
          [
            -122.033566,
            37.988492,
            24.25
          ],
          [
            -122.033595,
            37.98887,
            24.5
          ],
          [
            -122.033598,
            37.989233,
            24.25
          ],
          [
            -122.033586,
            37.989543,
            24
          ],
          [
            -122.033558,
            37.989833,
            23.75
          ],
          [
            -122.033494,
            37.990259,
            24
          ],
          [
            -122.033408,
            37.990639,
            23.25
          ],
          [
            -122.033315,
            37.990967,
            22.25
          ],
          [
            -122.0332,
            37.991314,
            20.5
          ],
          [
            -122.033053,
            37.991674,
            19
          ],
          [
            -122.032901,
            37.991996,
            19
          ],
          [
            -122.032731,
            37.992317,
            19
          ],
          [
            -122.03253,
            37.992652,
            18.75
          ],
          [
            -122.032309,
            37.992984,
            18.5
          ],
          [
            -122.031769,
            37.993729,
            18.75
          ],
          [
            -122.030761,
            37.995122,
            19
          ],
          [
            -122.030426,
            37.995587,
            19.75
          ],
          [
            -122.029407,
            37.996997,
            19.75
          ],
          [
            -122.027088,
            38.000197,
            22
          ],
          [
            -122.026895,
            38.000451,
            22
          ],
          [
            -122.026665,
            38.000733,
            22
          ],
          [
            -122.025472,
            38.002141,
            31.25
          ],
          [
            -122.023793,
            38.00419,
            38.75
          ],
          [
            -122.023548,
            38.004487,
            38.25
          ],
          [
            -122.022709,
            38.005506,
            37.75
          ],
          [
            -122.022231,
            38.006087,
            38.25
          ],
          [
            -122.021631,
            38.006833,
            36
          ],
          [
            -122.020388,
            38.008427,
            29.5
          ],
          [
            -122.020097,
            38.00878,
            27.75
          ],
          [
            -122.019937,
            38.008952,
            27.25
          ],
          [
            -122.019765,
            38.009119,
            27.25
          ],
          [
            -122.019579,
            38.009285,
            27
          ],
          [
            -122.019382,
            38.009444,
            26.75
          ],
          [
            -122.01919,
            38.009588,
            26.75
          ],
          [
            -122.018982,
            38.009726,
            26.5
          ],
          [
            -122.018674,
            38.009903,
            26.5
          ],
          [
            -122.01836,
            38.010065,
            26.5
          ],
          [
            -122.018056,
            38.010198,
            26.25
          ],
          [
            -122.017731,
            38.01032,
            26.25
          ],
          [
            -122.017389,
            38.010426,
            26.25
          ],
          [
            -122.017022,
            38.01052,
            26.25
          ],
          [
            -122.016665,
            38.010593,
            26.25
          ],
          [
            -122.016291,
            38.010654,
            25.75
          ],
          [
            -122.012997,
            38.01117,
            20.75
          ],
          [
            -122.012638,
            38.011227,
            20.75
          ],
          [
            -122.010459,
            38.01156,
            24.25
          ],
          [
            -122.002042,
            38.012839,
            54
          ],
          [
            -122.000317,
            38.013085,
            62.5
          ],
          [
            -121.999874,
            38.013153,
            65.75
          ],
          [
            -121.999263,
            38.013258,
            69.25
          ],
          [
            -121.998764,
            38.013362,
            71.5
          ],
          [
            -121.998281,
            38.013471,
            72
          ],
          [
            -121.997758,
            38.013605,
            71.25
          ],
          [
            -121.997056,
            38.013803,
            71.75
          ],
          [
            -121.996554,
            38.013963,
            73.75
          ],
          [
            -121.996112,
            38.014118,
            76
          ],
          [
            -121.995356,
            38.014407,
            81
          ],
          [
            -121.994894,
            38.014604,
            84.25
          ],
          [
            -121.9944,
            38.014824,
            85.5
          ],
          [
            -121.993926,
            38.015058,
            88
          ],
          [
            -121.993503,
            38.015278,
            91.5
          ],
          [
            -121.993084,
            38.015511,
            94
          ],
          [
            -121.992709,
            38.015731,
            94.5
          ],
          [
            -121.992115,
            38.016109,
            99
          ],
          [
            -121.990613,
            38.017096,
            106
          ],
          [
            -121.99026,
            38.01732,
            107
          ],
          [
            -121.989537,
            38.017752,
            111.5
          ],
          [
            -121.98921,
            38.017933,
            113.5
          ],
          [
            -121.988883,
            38.018106,
            114.75
          ],
          [
            -121.988168,
            38.018457,
            115
          ],
          [
            -121.987742,
            38.018649,
            118.5
          ],
          [
            -121.985972,
            38.019421,
            117.5
          ],
          [
            -121.983584,
            38.02046,
            115.5
          ],
          [
            -121.982466,
            38.020945,
            100
          ],
          [
            -121.978943,
            38.022474,
            100
          ],
          [
            -121.978249,
            38.022754,
            99
          ],
          [
            -121.977863,
            38.022895,
            97.75
          ],
          [
            -121.977102,
            38.02314,
            94.5
          ],
          [
            -121.976707,
            38.023249,
            92.5
          ],
          [
            -121.97632,
            38.023346,
            91.25
          ],
          [
            -121.975931,
            38.023435,
            89.5
          ],
          [
            -121.975509,
            38.023522,
            87.75
          ],
          [
            -121.975104,
            38.023593,
            86
          ],
          [
            -121.97469,
            38.023654,
            85
          ],
          [
            -121.974247,
            38.023711,
            84.25
          ],
          [
            -121.973802,
            38.023758,
            83
          ],
          [
            -121.973369,
            38.023789,
            81.75
          ],
          [
            -121.972916,
            38.023808,
            81
          ],
          [
            -121.972458,
            38.023823,
            80
          ],
          [
            -121.972039,
            38.023821,
            77.75
          ],
          [
            -121.971581,
            38.023809,
            75.25
          ],
          [
            -121.971143,
            38.023785,
            73.25
          ],
          [
            -121.970709,
            38.02375,
            71.25
          ],
          [
            -121.970253,
            38.023704,
            69.5
          ],
          [
            -121.969825,
            38.023648,
            67.5
          ],
          [
            -121.969387,
            38.023581,
            65.75
          ],
          [
            -121.96896,
            38.023507,
            64.5
          ],
          [
            -121.966082,
            38.022972,
            56
          ],
          [
            -121.965468,
            38.022855,
            55
          ],
          [
            -121.956219,
            38.02109,
            42.5
          ],
          [
            -121.955361,
            38.020911,
            42.5
          ],
          [
            -121.954911,
            38.020807,
            40.75
          ],
          [
            -121.954462,
            38.020695,
            40.75
          ],
          [
            -121.954022,
            38.020582,
            40.75
          ],
          [
            -121.9535,
            38.020437,
            42
          ],
          [
            -121.952976,
            38.020284,
            41.75
          ],
          [
            -121.950075,
            38.019386,
            44.25
          ],
          [
            -121.94931,
            38.019192,
            40.75
          ],
          [
            -121.94893,
            38.019112,
            39.75
          ],
          [
            -121.948564,
            38.019043,
            39.25
          ],
          [
            -121.948177,
            38.018982,
            39.75
          ],
          [
            -121.94743,
            38.018904,
            41.75
          ],
          [
            -121.947068,
            38.01888,
            42
          ],
          [
            -121.946705,
            38.018868,
            42.25
          ],
          [
            -121.946067,
            38.018861,
            41.25
          ],
          [
            -121.943023,
            38.018868,
            41
          ],
          [
            -121.942923,
            38.018868,
            40
          ],
          [
            -121.942191,
            38.018869,
            40
          ],
          [
            -121.941735,
            38.01887,
            39.25
          ],
          [
            -121.94095,
            38.018872,
            41.25
          ],
          [
            -121.939031,
            38.018875,
            37
          ],
          [
            -121.93698,
            38.01888,
            34.75
          ],
          [
            -121.935804,
            38.018884,
            32.75
          ],
          [
            -121.934217,
            38.018984,
            29
          ],
          [
            -121.934014,
            38.018985,
            29
          ],
          [
            -121.931388,
            38.01899,
            30.25
          ],
          [
            -121.931387,
            38.01899,
            30.25
          ],
          [
            -121.931388,
            38.01899,
            30.25
          ],
          [
            -121.934014,
            38.018985,
            29
          ],
          [
            -121.934217,
            38.018984,
            29
          ],
          [
            -121.93698,
            38.018979,
            34.75
          ],
          [
            -121.93903,
            38.018975,
            37.25
          ],
          [
            -121.940951,
            38.018967,
            41
          ],
          [
            -121.941734,
            38.01897,
            39.25
          ],
          [
            -121.94219,
            38.018969,
            40
          ],
          [
            -121.945447,
            38.01896,
            40
          ],
          [
            -121.946183,
            38.018959,
            41.5
          ],
          [
            -121.946707,
            38.018959,
            41.5
          ],
          [
            -121.947063,
            38.018966,
            41.5
          ],
          [
            -121.947424,
            38.018981,
            41.25
          ],
          [
            -121.947795,
            38.019003,
            40.25
          ],
          [
            -121.948163,
            38.01904,
            39
          ],
          [
            -121.948552,
            38.01909,
            38.75
          ],
          [
            -121.94891,
            38.019153,
            39
          ],
          [
            -121.949291,
            38.019233,
            40.75
          ],
          [
            -121.949659,
            38.019318,
            42.75
          ],
          [
            -121.950057,
            38.019424,
            44
          ],
          [
            -121.952961,
            38.020321,
            41.5
          ],
          [
            -121.953483,
            38.020474,
            41.75
          ],
          [
            -121.954006,
            38.020619,
            40.75
          ],
          [
            -121.954447,
            38.020732,
            40.75
          ],
          [
            -121.954896,
            38.020845,
            40.75
          ],
          [
            -121.955348,
            38.020948,
            42
          ],
          [
            -121.956207,
            38.021128,
            42.25
          ],
          [
            -121.96545,
            38.022893,
            55
          ],
          [
            -121.966069,
            38.023011,
            56
          ],
          [
            -121.96895,
            38.023543,
            64
          ],
          [
            -121.969815,
            38.023689,
            67.25
          ],
          [
            -121.970243,
            38.023743,
            69
          ],
          [
            -121.970704,
            38.023791,
            71
          ],
          [
            -121.971135,
            38.023825,
            73
          ],
          [
            -121.97158,
            38.023851,
            75
          ],
          [
            -121.972039,
            38.023863,
            77.25
          ],
          [
            -121.972463,
            38.023863,
            79.5
          ],
          [
            -121.972917,
            38.02385,
            80.5
          ],
          [
            -121.973372,
            38.023831,
            81.5
          ],
          [
            -121.973806,
            38.0238,
            82.5
          ],
          [
            -121.974698,
            38.023695,
            84.75
          ],
          [
            -121.975113,
            38.023633,
            85.75
          ],
          [
            -121.97552,
            38.023562,
            87.75
          ],
          [
            -121.97595,
            38.023473,
            89.75
          ],
          [
            -121.976337,
            38.023384,
            91.5
          ],
          [
            -121.976717,
            38.023288,
            93
          ],
          [
            -121.977126,
            38.023174,
            95.25
          ],
          [
            -121.977508,
            38.023056,
            96.75
          ],
          [
            -121.977889,
            38.022928,
            98.5
          ],
          [
            -121.97827,
            38.022788,
            99.75
          ],
          [
            -121.978964,
            38.02251,
            100.5
          ],
          [
            -121.982578,
            38.02094,
            110
          ],
          [
            -121.982923,
            38.020781,
            112.5
          ],
          [
            -121.983584,
            38.02046,
            115.5
          ],
          [
            -121.985972,
            38.019421,
            117.5
          ],
          [
            -121.986307,
            38.019287,
            117
          ],
          [
            -121.986926,
            38.019048,
            117.25
          ],
          [
            -121.987765,
            38.018685,
            118.5
          ],
          [
            -121.988188,
            38.018493,
            115.25
          ],
          [
            -121.98891,
            38.018139,
            114.5
          ],
          [
            -121.989239,
            38.017966,
            113.5
          ],
          [
            -121.989566,
            38.017784,
            111.75
          ],
          [
            -121.99029,
            38.017355,
            106.75
          ],
          [
            -121.992773,
            38.015796,
            94
          ],
          [
            -121.993143,
            38.015579,
            93.75
          ],
          [
            -121.993562,
            38.015343,
            91.75
          ],
          [
            -121.993984,
            38.015124,
            88.5
          ],
          [
            -121.994445,
            38.014899,
            85.75
          ],
          [
            -121.994941,
            38.014673,
            84.5
          ],
          [
            -121.995402,
            38.014478,
            81.25
          ],
          [
            -121.996158,
            38.014188,
            76.25
          ],
          [
            -121.996598,
            38.014037,
            74.25
          ],
          [
            -121.997115,
            38.013873,
            72
          ],
          [
            -121.997793,
            38.01368,
            71.5
          ],
          [
            -121.998307,
            38.013548,
            72.25
          ],
          [
            -121.998788,
            38.013439,
            71.5
          ],
          [
            -121.999289,
            38.013338,
            70.5
          ],
          [
            -121.999777,
            38.013252,
            67.5
          ],
          [
            -122.000339,
            38.013161,
            63.25
          ],
          [
            -122.010473,
            38.011596,
            24.5
          ],
          [
            -122.012663,
            38.011266,
            20.5
          ],
          [
            -122.013162,
            38.011188,
            25.5
          ],
          [
            -122.016303,
            38.010699,
            25.5
          ],
          [
            -122.017038,
            38.010561,
            25.5
          ],
          [
            -122.017407,
            38.010467,
            25.75
          ],
          [
            -122.017753,
            38.01036,
            25.75
          ],
          [
            -122.018081,
            38.010236,
            26
          ],
          [
            -122.018388,
            38.010102,
            26
          ],
          [
            -122.018706,
            38.009939,
            26.25
          ],
          [
            -122.019012,
            38.009762,
            26.25
          ],
          [
            -122.019129,
            38.009688,
            26.5
          ],
          [
            -122.019403,
            38.009491,
            26.5
          ],
          [
            -122.019619,
            38.009315,
            26.75
          ],
          [
            -122.019806,
            38.009147,
            27
          ],
          [
            -122.019981,
            38.008978,
            27
          ],
          [
            -122.020142,
            38.008805,
            27.75
          ],
          [
            -122.02173,
            38.006879,
            36
          ],
          [
            -122.022689,
            38.00572,
            36.5
          ],
          [
            -122.022807,
            38.005576,
            38
          ],
          [
            -122.02331,
            38.004958,
            36
          ],
          [
            -122.023652,
            38.00454,
            39
          ],
          [
            -122.025236,
            38.002613,
            33.5
          ],
          [
            -122.026607,
            38.000917,
            22.75
          ],
          [
            -122.02733,
            37.999952,
            21.75
          ],
          [
            -122.029452,
            37.997019,
            19.75
          ],
          [
            -122.030472,
            37.995609,
            19.5
          ],
          [
            -122.030808,
            37.995143,
            19
          ],
          [
            -122.031817,
            37.993749,
            18.75
          ],
          [
            -122.032356,
            37.993005,
            18.5
          ],
          [
            -122.032579,
            37.992671,
            18.75
          ],
          [
            -122.03278,
            37.992335,
            19
          ],
          [
            -122.032952,
            37.992011,
            19
          ],
          [
            -122.033104,
            37.991688,
            19
          ],
          [
            -122.033252,
            37.991326,
            20.5
          ],
          [
            -122.033367,
            37.990977,
            22.25
          ],
          [
            -122.033461,
            37.990648,
            23.25
          ],
          [
            -122.033547,
            37.990265,
            24
          ],
          [
            -122.033611,
            37.989838,
            24
          ],
          [
            -122.033639,
            37.989545,
            24.25
          ],
          [
            -122.033651,
            37.989234,
            24.5
          ],
          [
            -122.033649,
            37.988867,
            24.5
          ],
          [
            -122.033626,
            37.98849,
            24.25
          ],
          [
            -122.03358,
            37.988144,
            23.75
          ],
          [
            -122.033526,
            37.987833,
            23
          ],
          [
            -122.03345,
            37.987523,
            22.25
          ],
          [
            -122.033379,
            37.987258
          ],
          [
            -122.033348,
            37.987161,
            30.75
          ],
          [
            -122.033282,
            37.986959,
            30.75
          ],
          [
            -122.033051,
            37.986335,
            30.75
          ],
          [
            -122.030568,
            37.980494,
            30.75
          ],
          [
            -122.030449,
            37.980226,
            30.75
          ],
          [
            -122.030311,
            37.979942,
            30.75
          ],
          [
            -122.030152,
            37.979647,
            30.75
          ],
          [
            -122.029986,
            37.979366,
            30.75
          ],
          [
            -122.029803,
            37.979093,
            30.75
          ],
          [
            -122.029616,
            37.978835,
            30.75
          ],
          [
            -122.029001,
            37.978017,
            30.75
          ],
          [
            -122.028851,
            37.977801,
            30.75
          ],
          [
            -122.028722,
            37.977593,
            30.75
          ],
          [
            -122.028604,
            37.977373,
            30.75
          ],
          [
            -122.028507,
            37.977149,
            30.75
          ],
          [
            -122.028428,
            37.976915,
            30.75
          ],
          [
            -122.02837,
            37.976664,
            30.75
          ],
          [
            -122.028337,
            37.976405,
            30.75
          ],
          [
            -122.028326,
            37.97615,
            30.75
          ],
          [
            -122.028342,
            37.975909,
            30.75
          ],
          [
            -122.028386,
            37.975658,
            30.75
          ],
          [
            -122.028444,
            37.975429,
            30.75
          ],
          [
            -122.02853,
            37.975176,
            30.75
          ],
          [
            -122.028629,
            37.974932,
            30.75
          ],
          [
            -122.02902,
            37.974054,
            26.5
          ],
          [
            -122.029344,
            37.973325,
            27.25
          ],
          [
            -122.029547,
            37.972869,
            26.25
          ],
          [
            -122.029623,
            37.972694,
            26
          ],
          [
            -122.029715,
            37.972418,
            25.75
          ],
          [
            -122.029783,
            37.972185,
            25.5
          ],
          [
            -122.02994,
            37.971675,
            25
          ],
          [
            -122.029973,
            37.971601,
            24.75
          ],
          [
            -122.03078,
            37.969772,
            24
          ],
          [
            -122.031021,
            37.969168,
            23.5
          ],
          [
            -122.03112,
            37.968875,
            23.5
          ],
          [
            -122.03121,
            37.968556,
            23.25
          ],
          [
            -122.03128,
            37.968258,
            23.25
          ],
          [
            -122.031332,
            37.967968,
            23
          ],
          [
            -122.031373,
            37.967673,
            22.75
          ],
          [
            -122.0314,
            37.967385,
            22.75
          ],
          [
            -122.031415,
            37.967093,
            22.5
          ],
          [
            -122.031417,
            37.966806,
            22.5
          ],
          [
            -122.031403,
            37.966515,
            22.25
          ],
          [
            -122.03138,
            37.966236,
            22.25
          ],
          [
            -122.031344,
            37.965953,
            22
          ],
          [
            -122.031299,
            37.965685,
            22
          ],
          [
            -122.031246,
            37.965423,
            21.75
          ],
          [
            -122.031173,
            37.965134,
            21.5
          ],
          [
            -122.031046,
            37.964738,
            21.75
          ],
          [
            -122.030906,
            37.964351,
            21
          ],
          [
            -122.030744,
            37.963951,
            19.75
          ],
          [
            -122.030704,
            37.963854,
            19.25
          ],
          [
            -122.030387,
            37.963073,
            18.25
          ],
          [
            -122.030347,
            37.962972,
            18.25
          ],
          [
            -122.027412,
            37.955612,
            16.75
          ],
          [
            -122.026886,
            37.95434,
            17.25
          ],
          [
            -122.026198,
            37.952762,
            17.5
          ],
          [
            -122.02613,
            37.952606,
            17.5
          ],
          [
            -122.025839,
            37.951892,
            17.5
          ],
          [
            -122.025818,
            37.951841,
            17.75
          ],
          [
            -122.025552,
            37.951062,
            19
          ],
          [
            -122.025215,
            37.950157,
            21
          ],
          [
            -122.025109,
            37.949823,
            21.5
          ],
          [
            -122.025024,
            37.949503,
            21.75
          ],
          [
            -122.024962,
            37.949179,
            21.75
          ],
          [
            -122.024925,
            37.948854,
            21.5
          ],
          [
            -122.024909,
            37.948535,
            21
          ],
          [
            -122.024911,
            37.948235,
            21
          ],
          [
            -122.024941,
            37.947907,
            21
          ],
          [
            -122.02499,
            37.947611,
            21
          ],
          [
            -122.025065,
            37.947296,
            21.25
          ],
          [
            -122.02516,
            37.946995,
            21.75
          ],
          [
            -122.025274,
            37.946676,
            22.25
          ],
          [
            -122.025433,
            37.946341,
            21.5
          ],
          [
            -122.025616,
            37.946017,
            21
          ],
          [
            -122.025812,
            37.945712,
            20.75
          ],
          [
            -122.026028,
            37.945427,
            20.75
          ],
          [
            -122.02625,
            37.945172,
            20.75
          ],
          [
            -122.026498,
            37.944914,
            21
          ],
          [
            -122.026761,
            37.944672,
            21.25
          ],
          [
            -122.027041,
            37.94444,
            21.25
          ],
          [
            -122.027331,
            37.944225,
            21.75
          ],
          [
            -122.027633,
            37.944027,
            21.5
          ],
          [
            -122.027935,
            37.943845,
            20.75
          ],
          [
            -122.028519,
            37.94352,
            20
          ],
          [
            -122.028935,
            37.943308,
            19.25
          ],
          [
            -122.029433,
            37.943054,
            20.5
          ],
          [
            -122.033232,
            37.941097,
            21
          ],
          [
            -122.036027,
            37.939655,
            21.5
          ],
          [
            -122.041368,
            37.936906,
            22.75
          ],
          [
            -122.041438,
            37.93687,
            22.75
          ],
          [
            -122.046638,
            37.934191,
            24
          ],
          [
            -122.047139,
            37.933932,
            23
          ],
          [
            -122.047347,
            37.933825,
            23.25
          ],
          [
            -122.048025,
            37.933474,
            24.25
          ],
          [
            -122.048812,
            37.933068,
            25
          ],
          [
            -122.049388,
            37.932724,
            25.5
          ],
          [
            -122.04948,
            37.932677,
            25.75
          ],
          [
            -122.050886,
            37.931951,
            26.25
          ],
          [
            -122.051739,
            37.931501,
            26.75
          ],
          [
            -122.052063,
            37.931313,
            27
          ],
          [
            -122.052695,
            37.930923,
            27.25
          ],
          [
            -122.052999,
            37.930722,
            27.5
          ],
          [
            -122.053305,
            37.930506,
            27.5
          ],
          [
            -122.053912,
            37.930055,
            28
          ],
          [
            -122.05511,
            37.929107,
            28.75
          ],
          [
            -122.056823,
            37.927746,
            29.75
          ],
          [
            -122.057934,
            37.926854,
            30.25
          ],
          [
            -122.058226,
            37.926609,
            30.5
          ],
          [
            -122.05884,
            37.92602,
            31
          ],
          [
            -122.059303,
            37.925494,
            31
          ],
          [
            -122.059533,
            37.92519,
            30.5
          ],
          [
            -122.059737,
            37.92488,
            30
          ],
          [
            -122.059931,
            37.92454,
            28.75
          ],
          [
            -122.060109,
            37.924189,
            28
          ],
          [
            -122.06026,
            37.923847,
            27.75
          ],
          [
            -122.060412,
            37.923458,
            27.5
          ],
          [
            -122.060548,
            37.923087,
            28
          ],
          [
            -122.061106,
            37.921479,
            29.25
          ],
          [
            -122.06129,
            37.92096,
            30.5
          ],
          [
            -122.061579,
            37.920192,
            30
          ],
          [
            -122.061737,
            37.91982,
            30
          ],
          [
            -122.061911,
            37.919445,
            30.5
          ],
          [
            -122.062744,
            37.917815,
            29.5
          ],
          [
            -122.062898,
            37.917478,
            30
          ],
          [
            -122.063035,
            37.917152,
            30.75
          ],
          [
            -122.063159,
            37.9168,
            31.5
          ],
          [
            -122.063269,
            37.916457,
            32.5
          ],
          [
            -122.063364,
            37.916096,
            33.25
          ],
          [
            -122.063445,
            37.915741,
            34
          ],
          [
            -122.063568,
            37.915013,
            35.25
          ],
          [
            -122.063644,
            37.914505,
            36.75
          ],
          [
            -122.063766,
            37.913783,
            38
          ],
          [
            -122.063818,
            37.913338,
            38.5
          ],
          [
            -122.063863,
            37.913023,
            39.75
          ],
          [
            -122.06392,
            37.912689,
            41
          ],
          [
            -122.064045,
            37.912077,
            41.75
          ],
          [
            -122.064132,
            37.911744
          ],
          [
            -122.064236,
            37.911417
          ],
          [
            -122.064309,
            37.911221
          ],
          [
            -122.064393,
            37.911014
          ],
          [
            -122.064591,
            37.910569
          ],
          [
            -122.06483,
            37.91012
          ],
          [
            -122.065071,
            37.909679
          ],
          [
            -122.065423,
            37.909067
          ],
          [
            -122.067884,
            37.904937
          ],
          [
            -122.069433,
            37.902337,
            75.5
          ],
          [
            -122.069599,
            37.902057,
            75.5
          ],
          [
            -122.069827,
            37.901695,
            75.5
          ],
          [
            -122.070022,
            37.901407,
            75.5
          ],
          [
            -122.070233,
            37.90112,
            75.5
          ],
          [
            -122.070381,
            37.900933,
            75.5
          ],
          [
            -122.070612,
            37.900662,
            75.5
          ],
          [
            -122.070838,
            37.900419,
            75.5
          ],
          [
            -122.071075,
            37.900185,
            75.5
          ],
          [
            -122.071312,
            37.899968,
            75.5
          ],
          [
            -122.071693,
            37.89965,
            75.5
          ],
          [
            -122.072115,
            37.899338,
            81.25
          ],
          [
            -122.072547,
            37.899054,
            82.5
          ],
          [
            -122.072758,
            37.898927,
            83.25
          ],
          [
            -122.073089,
            37.898742,
            83
          ],
          [
            -122.073364,
            37.898599,
            81.5
          ],
          [
            -122.073647,
            37.898463,
            81.5
          ],
          [
            -122.073964,
            37.898313,
            81.75
          ],
          [
            -122.074258,
            37.898191,
            82
          ],
          [
            -122.074549,
            37.898081,
            82.25
          ],
          [
            -122.074865,
            37.897977,
            82.5
          ],
          [
            -122.07519,
            37.897881,
            82.75
          ],
          [
            -122.075575,
            37.897783,
            82.75
          ],
          [
            -122.075969,
            37.897691,
            85.75
          ],
          [
            -122.076368,
            37.89761,
            88
          ],
          [
            -122.076767,
            37.897549,
            89.75
          ],
          [
            -122.077184,
            37.897498,
            89.25
          ],
          [
            -122.077582,
            37.897461,
            89
          ],
          [
            -122.078007,
            37.897437,
            90.75
          ],
          [
            -122.078464,
            37.897431,
            92.5
          ],
          [
            -122.078918,
            37.897435,
            94
          ],
          [
            -122.079325,
            37.897454,
            94.75
          ],
          [
            -122.079752,
            37.897486,
            95.75
          ],
          [
            -122.084039,
            37.897964,
            108.25
          ],
          [
            -122.084896,
            37.898031,
            110.75
          ],
          [
            -122.085185,
            37.898037,
            110.75
          ],
          [
            -122.08577,
            37.898038,
            111.5
          ],
          [
            -122.086389,
            37.898025,
            111.25
          ],
          [
            -122.095412,
            37.897765,
            89.5
          ],
          [
            -122.096408,
            37.897736,
            90.25
          ],
          [
            -122.097268,
            37.897702,
            94.75
          ],
          [
            -122.097938,
            37.89766,
            98.25
          ],
          [
            -122.098584,
            37.897601,
            99.75
          ],
          [
            -122.099233,
            37.897527,
            99.5
          ],
          [
            -122.099548,
            37.897485,
            99.25
          ],
          [
            -122.10052,
            37.897336,
            100.25
          ],
          [
            -122.110307,
            37.895735,
            102.5
          ],
          [
            -122.111664,
            37.895512,
            103
          ],
          [
            -122.112567,
            37.895375,
            103.25
          ],
          [
            -122.113965,
            37.895179,
            103.25
          ],
          [
            -122.11518,
            37.894986,
            102.5
          ],
          [
            -122.115411,
            37.894942,
            103
          ],
          [
            -122.116321,
            37.894754,
            104
          ],
          [
            -122.116362,
            37.894747,
            103.75
          ],
          [
            -122.116906,
            37.894658,
            103.25
          ],
          [
            -122.11903,
            37.894309,
            106.25
          ],
          [
            -122.119366,
            37.894246,
            107
          ],
          [
            -122.119879,
            37.894136,
            108.25
          ],
          [
            -122.120214,
            37.894071,
            107.75
          ],
          [
            -122.120783,
            37.893978,
            106.25
          ],
          [
            -122.121519,
            37.893849,
            108
          ],
          [
            -122.122162,
            37.893722,
            108
          ],
          [
            -122.122481,
            37.893653,
            108
          ],
          [
            -122.123459,
            37.893421,
            107.75
          ],
          [
            -122.1258,
            37.892851,
            105
          ],
          [
            -122.126456,
            37.892691,
            108.75
          ],
          [
            -122.127688,
            37.892392,
            112.5
          ],
          [
            -122.1283,
            37.892242,
            112.25
          ],
          [
            -122.128743,
            37.892135,
            113.75
          ],
          [
            -122.133028,
            37.89109,
            132.25
          ],
          [
            -122.133832,
            37.890902,
            132.5
          ],
          [
            -122.134308,
            37.890804,
            132
          ],
          [
            -122.134816,
            37.890719,
            133
          ],
          [
            -122.13532,
            37.890657,
            134
          ],
          [
            -122.135821,
            37.890621,
            135.25
          ],
          [
            -122.13633,
            37.890607,
            138.5
          ],
          [
            -122.13684,
            37.890618,
            141.25
          ],
          [
            -122.137347,
            37.890652,
            142.75
          ],
          [
            -122.137674,
            37.890688,
            142.75
          ],
          [
            -122.138181,
            37.890757,
            141.75
          ],
          [
            -122.138665,
            37.890836,
            140.25
          ],
          [
            -122.140444,
            37.891154,
            133.5
          ],
          [
            -122.140941,
            37.891233,
            132
          ],
          [
            -122.141364,
            37.891297,
            131.5
          ],
          [
            -122.141761,
            37.891348,
            130.5
          ],
          [
            -122.142148,
            37.891388,
            129.5
          ],
          [
            -122.142519,
            37.891415,
            128.5
          ],
          [
            -122.142863,
            37.891431,
            127.5
          ],
          [
            -122.143224,
            37.891436,
            126.25
          ],
          [
            -122.143586,
            37.891432,
            125
          ],
          [
            -122.143933,
            37.891418,
            125.25
          ],
          [
            -122.144601,
            37.891375,
            126
          ],
          [
            -122.146088,
            37.891244,
            127.25
          ],
          [
            -122.14678,
            37.891188,
            127.5
          ],
          [
            -122.147245,
            37.891164,
            128
          ],
          [
            -122.147673,
            37.891154,
            128.75
          ],
          [
            -122.1481,
            37.891156,
            130
          ],
          [
            -122.148534,
            37.891171,
            131
          ],
          [
            -122.148983,
            37.891201,
            132.25
          ],
          [
            -122.149493,
            37.891252,
            131.75
          ],
          [
            -122.150401,
            37.891372,
            130.5
          ],
          [
            -122.154291,
            37.891963,
            142.25
          ],
          [
            -122.154602,
            37.89201,
            143.25
          ],
          [
            -122.158804,
            37.892647,
            159.75
          ],
          [
            -122.159335,
            37.892723,
            161
          ],
          [
            -122.16021,
            37.892823,
            165.5
          ],
          [
            -122.16108,
            37.892896,
            168.5
          ],
          [
            -122.161988,
            37.892941,
            172.25
          ],
          [
            -122.162861,
            37.892953,
            174.75
          ],
          [
            -122.163373,
            37.892949,
            176.5
          ],
          [
            -122.164266,
            37.892916,
            178
          ],
          [
            -122.16517,
            37.892849,
            182
          ],
          [
            -122.166125,
            37.892747,
            185.75
          ],
          [
            -122.16662,
            37.892681,
            185.75
          ],
          [
            -122.167126,
            37.8926,
            187
          ],
          [
            -122.167623,
            37.892511,
            187.25
          ],
          [
            -122.168573,
            37.892317,
            192
          ],
          [
            -122.169472,
            37.892094,
            197.5
          ],
          [
            -122.169932,
            37.891966,
            197.25
          ],
          [
            -122.170417,
            37.891821,
            196.5
          ],
          [
            -122.170866,
            37.891678,
            195
          ],
          [
            -122.171326,
            37.891522,
            195
          ],
          [
            -122.171799,
            37.891346,
            195.75
          ],
          [
            -122.172255,
            37.891164,
            196.25
          ],
          [
            -122.172736,
            37.890952,
            194.25
          ],
          [
            -122.173178,
            37.890738,
            193
          ],
          [
            -122.173594,
            37.890521,
            192.75
          ],
          [
            -122.174042,
            37.890269,
            189.25
          ],
          [
            -122.174454,
            37.890018,
            186.5
          ],
          [
            -122.174836,
            37.889767,
            187.25
          ],
          [
            -122.175236,
            37.889485,
            186.5
          ],
          [
            -122.175632,
            37.889181,
            183
          ],
          [
            -122.176004,
            37.888871,
            184.5
          ],
          [
            -122.176348,
            37.888561,
            184.75
          ],
          [
            -122.176665,
            37.888257,
            181.75
          ],
          [
            -122.176943,
            37.88797,
            182
          ],
          [
            -122.177262,
            37.887616,
            179.75
          ],
          [
            -122.177542,
            37.887276,
            179.5
          ],
          [
            -122.177814,
            37.886915,
            181
          ],
          [
            -122.178047,
            37.886585,
            179.25
          ],
          [
            -122.178328,
            37.886156,
            176.75
          ],
          [
            -122.179312,
            37.884549,
            170.5
          ],
          [
            -122.179343,
            37.8845,
            170.5
          ],
          [
            -122.179714,
            37.88398,
            169.5
          ],
          [
            -122.180186,
            37.883231,
            166
          ],
          [
            -122.180341,
            37.882996,
            166.25
          ],
          [
            -122.180668,
            37.88253,
            162
          ],
          [
            -122.183113,
            37.87933,
            156
          ],
          [
            -122.184354,
            37.877702,
            153
          ],
          [
            -122.184368,
            37.877684,
            153
          ],
          [
            -122.184924,
            37.876966,
            153
          ],
          [
            -122.185239,
            37.876603,
            155.25
          ],
          [
            -122.18543,
            37.876409,
            156
          ],
          [
            -122.185816,
            37.876058,
            156.5
          ],
          [
            -122.186047,
            37.87588,
            158.25
          ],
          [
            -122.186417,
            37.875616,
            162.25
          ],
          [
            -122.187771,
            37.874725,
            169.75
          ],
          [
            -122.188208,
            37.874444
          ],
          [
            -122.188638,
            37.874203
          ],
          [
            -122.189067,
            37.873982
          ],
          [
            -122.189469,
            37.873784
          ],
          [
            -122.211003,
            37.863924,
            95.5
          ],
          [
            -122.23723,
            37.851915,
            95.5
          ],
          [
            -122.238201,
            37.851436,
            95.5
          ],
          [
            -122.238449,
            37.851298,
            90.75
          ],
          [
            -122.238811,
            37.851095,
            87.25
          ],
          [
            -122.239304,
            37.850819,
            83.5
          ],
          [
            -122.239642,
            37.850629,
            84.75
          ],
          [
            -122.240005,
            37.850425,
            85.25
          ],
          [
            -122.24053,
            37.850129,
            87.75
          ],
          [
            -122.242328,
            37.849121,
            83
          ],
          [
            -122.242359,
            37.849103,
            83.25
          ],
          [
            -122.243121,
            37.848676,
            82.75
          ],
          [
            -122.2446,
            37.847846,
            74.75
          ],
          [
            -122.245599,
            37.847285,
            73.25
          ],
          [
            -122.24637,
            37.846862,
            70.75
          ],
          [
            -122.246788,
            37.846646,
            69.5
          ],
          [
            -122.247013,
            37.846537,
            68.5
          ],
          [
            -122.247395,
            37.846358,
            66.25
          ],
          [
            -122.247932,
            37.846123,
            65.25
          ],
          [
            -122.248348,
            37.845953,
            64.5
          ],
          [
            -122.250192,
            37.845232,
            61
          ],
          [
            -122.25238,
            37.84438,
            56.75
          ],
          [
            -122.254102,
            37.84371,
            53.5
          ],
          [
            -122.254499,
            37.843562,
            53
          ],
          [
            -122.255393,
            37.84325,
            53
          ],
          [
            -122.256569,
            37.842875,
            49
          ],
          [
            -122.258407,
            37.8423,
            46.75
          ],
          [
            -122.260976,
            37.841494,
            40.5
          ],
          [
            -122.261422,
            37.841349,
            39.75
          ],
          [
            -122.26182,
            37.841207,
            39.5
          ],
          [
            -122.262116,
            37.841093,
            39
          ],
          [
            -122.262402,
            37.840972,
            38.75
          ],
          [
            -122.262628,
            37.840867,
            38.5
          ],
          [
            -122.262908,
            37.840722,
            38.5
          ],
          [
            -122.263194,
            37.840555,
            37.75
          ],
          [
            -122.263475,
            37.840369,
            37
          ],
          [
            -122.263729,
            37.840182,
            36.5
          ],
          [
            -122.263966,
            37.839987,
            36.5
          ],
          [
            -122.264183,
            37.839787,
            36
          ],
          [
            -122.264467,
            37.839488,
            35.5
          ],
          [
            -122.264638,
            37.839285,
            35
          ],
          [
            -122.264705,
            37.839195,
            35
          ],
          [
            -122.264881,
            37.83895,
            35
          ],
          [
            -122.265022,
            37.83872,
            34.75
          ],
          [
            -122.265207,
            37.838364,
            34.25
          ],
          [
            -122.265291,
            37.838168,
            33.5
          ],
          [
            -122.265398,
            37.837872,
            32.5
          ],
          [
            -122.265535,
            37.837394,
            31.25
          ],
          [
            -122.265629,
            37.836955,
            31.25
          ],
          [
            -122.265824,
            37.835874,
            31.75
          ],
          [
            -122.265933,
            37.835355,
            32.25
          ],
          [
            -122.266019,
            37.834945,
            32
          ],
          [
            -122.266293,
            37.833629,
            29
          ],
          [
            -122.266384,
            37.833175,
            29
          ],
          [
            -122.266737,
            37.831462,
            29.5
          ],
          [
            -122.266806,
            37.831127,
            29
          ],
          [
            -122.267008,
            37.830167,
            28
          ],
          [
            -122.267083,
            37.829806,
            27.5
          ],
          [
            -122.267178,
            37.829347,
            26.75
          ],
          [
            -122.267305,
            37.828735,
            25.25
          ],
          [
            -122.267481,
            37.82788,
            25.25
          ],
          [
            -122.267616,
            37.82723,
            23.25
          ],
          [
            -122.267725,
            37.826726,
            21
          ],
          [
            -122.26784,
            37.826285,
            21.5
          ],
          [
            -122.268424,
            37.824269,
            21.75
          ],
          [
            -122.268691,
            37.823307,
            15.75
          ],
          [
            -122.268884,
            37.822536,
            14.5
          ],
          [
            -122.269005,
            37.822048,
            14.5
          ],
          [
            -122.269164,
            37.821459,
            14
          ],
          [
            -122.269205,
            37.821303,
            14
          ],
          [
            -122.26967,
            37.819609,
            16
          ],
          [
            -122.269759,
            37.819288,
            16.75
          ],
          [
            -122.269837,
            37.819003,
            17
          ],
          [
            -122.269928,
            37.818675,
            16.5
          ],
          [
            -122.270128,
            37.817985,
            15.5
          ],
          [
            -122.270148,
            37.817919,
            15.5
          ],
          [
            -122.270428,
            37.817051,
            12.5
          ],
          [
            -122.270732,
            37.816145,
            9.5
          ],
          [
            -122.27084,
            37.815796,
            8.25
          ],
          [
            -122.270888,
            37.815574,
            7.75
          ],
          [
            -122.270923,
            37.815341,
            7
          ],
          [
            -122.270955,
            37.815109,
            7
          ],
          [
            -122.270968,
            37.814908,
            7.5
          ],
          [
            -122.270966,
            37.814701,
            8.25
          ],
          [
            -122.270955,
            37.814498,
            8.75
          ],
          [
            -122.270931,
            37.814319,
            9.25
          ],
          [
            -122.270892,
            37.814131,
            9.25
          ],
          [
            -122.270832,
            37.813912,
            8.25
          ],
          [
            -122.270748,
            37.813684,
            8
          ],
          [
            -122.270645,
            37.813449,
            7.75
          ],
          [
            -122.270528,
            37.813225,
            7.75
          ],
          [
            -122.270425,
            37.813054,
            7.5
          ],
          [
            -122.270217,
            37.812769
          ],
          [
            -122.270061,
            37.812588
          ],
          [
            -122.269909,
            37.812438,
            7.75
          ],
          [
            -122.26989,
            37.81242,
            7.75
          ],
          [
            -122.268214,
            37.810933,
            7.75
          ],
          [
            -122.268067,
            37.810783,
            7.75
          ],
          [
            -122.267947,
            37.810618,
            7.75
          ],
          [
            -122.267857,
            37.810442,
            7.75
          ],
          [
            -122.267798,
            37.810258,
            7.75
          ],
          [
            -122.267771,
            37.81007,
            7.75
          ],
          [
            -122.267777,
            37.80988,
            7.75
          ],
          [
            -122.267815,
            37.809692,
            7.75
          ],
          [
            -122.267886,
            37.809511,
            7.75
          ],
          [
            -122.268114,
            37.809129,
            7.75
          ],
          [
            -122.269308,
            37.807211,
            7.75
          ],
          [
            -122.27224,
            37.802516,
            7.75
          ],
          [
            -122.27266,
            37.801827,
            7.75
          ],
          [
            -122.273828,
            37.799956,
            7.75
          ],
          [
            -122.274278,
            37.79929,
            7.75
          ],
          [
            -122.274564,
            37.799031,
            7.75
          ],
          [
            -122.274909,
            37.79882,
            7.75
          ],
          [
            -122.2753,
            37.798667,
            7.75
          ],
          [
            -122.275454,
            37.798627,
            7.75
          ],
          [
            -122.275819,
            37.798566,
            7.75
          ],
          [
            -122.276006,
            37.798551,
            7.75
          ],
          [
            -122.276309,
            37.798553,
            7.75
          ],
          [
            -122.277236,
            37.798611,
            7.75
          ],
          [
            -122.277495,
            37.798638,
            8
          ],
          [
            -122.27764,
            37.798661,
            7.5
          ],
          [
            -122.277792,
            37.798689,
            7.25
          ],
          [
            -122.277957,
            37.798729,
            6.75
          ],
          [
            -122.277992,
            37.798739,
            6
          ],
          [
            -122.278168,
            37.798793,
            6
          ],
          [
            -122.27853,
            37.798934,
            5
          ],
          [
            -122.278632,
            37.798984,
            5
          ],
          [
            -122.278797,
            37.799065,
            4.75
          ],
          [
            -122.27906,
            37.799185,
            5
          ],
          [
            -122.279725,
            37.799508,
            1.75
          ],
          [
            -122.279934,
            37.79961,
            1.5
          ],
          [
            -122.281212,
            37.800222,
            1.5
          ],
          [
            -122.281783,
            37.800496,
            1.5
          ],
          [
            -122.282429,
            37.800806,
            1.5
          ],
          [
            -122.28313,
            37.801133,
            1.5
          ],
          [
            -122.283556,
            37.801315,
            1.25
          ],
          [
            -122.28401,
            37.801485,
            1.25
          ],
          [
            -122.284494,
            37.80164,
            1.25
          ],
          [
            -122.284744,
            37.801709,
            1.25
          ],
          [
            -122.285074,
            37.801796,
            1.25
          ],
          [
            -122.286007,
            37.802014,
            1.25
          ],
          [
            -122.289863,
            37.802895,
            1
          ],
          [
            -122.290382,
            37.803039,
            1
          ],
          [
            -122.290742,
            37.803154,
            1
          ],
          [
            -122.291183,
            37.80331,
            0.75
          ],
          [
            -122.292061,
            37.803661,
            0.75
          ],
          [
            -122.296262,
            37.805354,
            0.5
          ],
          [
            -122.296555,
            37.805472,
            0.5
          ],
          [
            -122.296848,
            37.805591,
            0.5
          ],
          [
            -122.29746,
            37.805819,
            0.5
          ],
          [
            -122.297933,
            37.805973,
            0.5
          ],
          [
            -122.298224,
            37.806057,
            0.5
          ],
          [
            -122.298571,
            37.806147,
            0.25
          ],
          [
            -122.29921,
            37.806297,
            0.25
          ],
          [
            -122.301454,
            37.806793,
            0.25
          ],
          [
            -122.303246,
            37.807189,
            0
          ],
          [
            -122.304854,
            37.807542,
            0
          ],
          [
            -122.305411,
            37.807652,
            0
          ],
          [
            -122.306066,
            37.807769,
            0
          ],
          [
            -122.306591,
            37.807851,
            0
          ],
          [
            -122.306916,
            37.807899,
            0
          ],
          [
            -122.307616,
            37.807986,
            0
          ],
          [
            -122.308083,
            37.808036,
            0
          ],
          [
            -122.313351,
            37.80855,
            -0.25
          ],
          [
            -122.314358,
            37.808649,
            -0.25
          ],
          [
            -122.314498,
            37.808663,
            -0.5
          ],
          [
            -122.315318,
            37.808747,
            0.5
          ],
          [
            -122.316034,
            37.808813,
            1.75
          ],
          [
            -122.326219,
            37.809742
          ],
          [
            -122.328364,
            37.809861
          ],
          [
            -122.330483,
            37.809904
          ],
          [
            -122.332424,
            37.809847
          ],
          [
            -122.334125,
            37.809757
          ],
          [
            -122.335738,
            37.809645
          ],
          [
            -122.337479,
            37.809476
          ],
          [
            -122.339226,
            37.809265
          ],
          [
            -122.340991,
            37.809003
          ],
          [
            -122.371286,
            37.80381
          ],
          [
            -122.372515,
            37.80357
          ],
          [
            -122.37362,
            37.803335
          ],
          [
            -122.374736,
            37.803061
          ],
          [
            -122.375809,
            37.802759
          ],
          [
            -122.376871,
            37.8024
          ],
          [
            -122.377895,
            37.801993
          ],
          [
            -122.391441,
            37.796002
          ],
          [
            -122.39331,
            37.79518
          ],
          [
            -122.394297,
            37.794746
          ],
          [
            -122.394522,
            37.794642
          ],
          [
            -122.394742,
            37.794529
          ],
          [
            -122.394954,
            37.794409
          ],
          [
            -122.395159,
            37.794281
          ],
          [
            -122.395357,
            37.794145
          ],
          [
            -122.395545,
            37.794002
          ],
          [
            -122.397778,
            37.792236
          ],
          [
            -122.398143,
            37.79195
          ],
          [
            -122.39915,
            37.791154
          ],
          [
            -122.402339,
            37.788635
          ],
          [
            -122.406693,
            37.785192
          ],
          [
            -122.408107,
            37.784073
          ],
          [
            -122.411801,
            37.781153
          ],
          [
            -122.41298,
            37.780237
          ],
          [
            -122.414629,
            37.778934
          ],
          [
            -122.416365,
            37.777545
          ],
          [
            -122.418422,
            37.775918
          ],
          [
            -122.418747,
            37.775653
          ],
          [
            -122.419042,
            37.775376
          ],
          [
            -122.419311,
            37.775082
          ],
          [
            -122.419551,
            37.774774
          ],
          [
            -122.419763,
            37.774453
          ],
          [
            -122.419944,
            37.77412
          ],
          [
            -122.420094,
            37.773778
          ],
          [
            -122.420211,
            37.773428
          ],
          [
            -122.420297,
            37.773072
          ],
          [
            -122.420349,
            37.772713
          ],
          [
            -122.420368,
            37.772351
          ],
          [
            -122.420353,
            37.771989
          ],
          [
            -122.420325,
            37.771335
          ],
          [
            -122.420014,
            37.767868
          ],
          [
            -122.419957,
            37.76725,
            50
          ],
          [
            -122.419916,
            37.766812,
            50
          ],
          [
            -122.419682,
            37.764403,
            50
          ],
          [
            -122.418642,
            37.753525,
            50
          ],
          [
            -122.418455,
            37.751626,
            50
          ],
          [
            -122.41818,
            37.74884,
            50
          ],
          [
            -122.418159,
            37.748577,
            50
          ],
          [
            -122.418169,
            37.748467,
            50
          ],
          [
            -122.418199,
            37.748356,
            50
          ],
          [
            -122.418252,
            37.748244,
            50
          ],
          [
            -122.418381,
            37.748036,
            50
          ],
          [
            -122.422515,
            37.74162,
            50
          ],
          [
            -122.423722,
            37.740008,
            50
          ],
          [
            -122.425304,
            37.738691,
            50
          ],
          [
            -122.43268,
            37.733884,
            50
          ],
          [
            -122.433528,
            37.733318,
            50
          ],
          [
            -122.434543,
            37.732653,
            50
          ],
          [
            -122.435494,
            37.732022,
            50
          ],
          [
            -122.437795,
            37.730556,
            50
          ],
          [
            -122.439447,
            37.729762,
            50
          ],
          [
            -122.440858,
            37.729175,
            50
          ],
          [
            -122.441429,
            37.728951,
            50
          ],
          [
            -122.441989,
            37.728713,
            51.25
          ],
          [
            -122.442263,
            37.728588,
            51.5
          ],
          [
            -122.442783,
            37.72833,
            52.25
          ],
          [
            -122.443042,
            37.728192,
            54.75
          ],
          [
            -122.443533,
            37.727905,
            59.5
          ],
          [
            -122.443991,
            37.72761,
            63
          ],
          [
            -122.444222,
            37.727445,
            64
          ],
          [
            -122.444451,
            37.727273,
            65
          ],
          [
            -122.444666,
            37.727101,
            65
          ],
          [
            -122.444861,
            37.726933,
            64.75
          ],
          [
            -122.4449,
            37.726897,
            63.25
          ],
          [
            -122.445275,
            37.726542,
            63.25
          ],
          [
            -122.4455,
            37.726308,
            63.5
          ],
          [
            -122.445696,
            37.726087,
            64.25
          ],
          [
            -122.446032,
            37.725667,
            65.5
          ],
          [
            -122.446284,
            37.725301,
            66.25
          ],
          [
            -122.446415,
            37.725092,
            66
          ],
          [
            -122.446753,
            37.724421,
            65.75
          ],
          [
            -122.446908,
            37.724049,
            65.5
          ],
          [
            -122.44705,
            37.723638,
            65.25
          ],
          [
            -122.447182,
            37.723203,
            65
          ],
          [
            -122.447303,
            37.72269,
            65
          ],
          [
            -122.447458,
            37.722037,
            65
          ],
          [
            -122.447707,
            37.720916,
            68.25
          ],
          [
            -122.447731,
            37.720808,
            68.25
          ],
          [
            -122.447733,
            37.7208,
            68.25
          ],
          [
            -122.447835,
            37.720332,
            69
          ],
          [
            -122.448045,
            37.719254,
            71
          ],
          [
            -122.448135,
            37.718694,
            72
          ],
          [
            -122.448159,
            37.718471,
            72.5
          ],
          [
            -122.448196,
            37.717964,
            73.25
          ],
          [
            -122.448229,
            37.717732,
            73.75
          ],
          [
            -122.448286,
            37.717507,
            74.25
          ],
          [
            -122.448383,
            37.717164,
            74.25
          ],
          [
            -122.448442,
            37.716992,
            73.5
          ],
          [
            -122.448577,
            37.716666,
            72.5
          ],
          [
            -122.44875,
            37.716327,
            71.5
          ],
          [
            -122.448944,
            37.716013,
            71.5
          ],
          [
            -122.449169,
            37.715707,
            71.5
          ],
          [
            -122.449416,
            37.715401,
            72
          ],
          [
            -122.449713,
            37.71507,
            72.75
          ],
          [
            -122.450095,
            37.714677,
            73.75
          ],
          [
            -122.450464,
            37.71432,
            74.5
          ],
          [
            -122.451018,
            37.713831,
            76
          ],
          [
            -122.451622,
            37.713339,
            77.25
          ],
          [
            -122.452722,
            37.712452,
            79.75
          ],
          [
            -122.453368,
            37.711931,
            81.25
          ],
          [
            -122.453727,
            37.711653,
            82
          ],
          [
            -122.454123,
            37.71137,
            82.75
          ],
          [
            -122.454544,
            37.711102,
            83.75
          ],
          [
            -122.454752,
            37.710985,
            84
          ],
          [
            -122.455164,
            37.71078,
            84.75
          ],
          [
            -122.455402,
            37.710678,
            85.25
          ],
          [
            -122.455632,
            37.710589,
            85.75
          ],
          [
            -122.456077,
            37.710441,
            86.5
          ],
          [
            -122.456523,
            37.710322,
            87.25
          ],
          [
            -122.456971,
            37.710235,
            88
          ],
          [
            -122.457202,
            37.710201,
            88.25
          ],
          [
            -122.457443,
            37.710173,
            88.75
          ],
          [
            -122.45793,
            37.710134,
            89.5
          ],
          [
            -122.458405,
            37.710117,
            90.25
          ],
          [
            -122.458907,
            37.710113,
            91
          ],
          [
            -122.461398,
            37.710131,
            94.75
          ],
          [
            -122.463747,
            37.710149,
            95
          ],
          [
            -122.46396,
            37.710146,
            94.5
          ],
          [
            -122.464156,
            37.710138,
            94.25
          ],
          [
            -122.464353,
            37.710122,
            94
          ],
          [
            -122.464731,
            37.710063,
            93.75
          ],
          [
            -122.464912,
            37.710022,
            93.75
          ],
          [
            -122.465092,
            37.709973,
            93.75
          ],
          [
            -122.465275,
            37.709915,
            93.25
          ],
          [
            -122.465627,
            37.709771,
            91.75
          ],
          [
            -122.465812,
            37.709679,
            90.5
          ],
          [
            -122.465998,
            37.709571,
            89.25
          ],
          [
            -122.466174,
            37.709457,
            87.75
          ],
          [
            -122.466345,
            37.709328,
            86.25
          ],
          [
            -122.466494,
            37.7092,
            84.75
          ],
          [
            -122.466629,
            37.709067,
            84
          ],
          [
            -122.466746,
            37.708939,
            83.75
          ],
          [
            -122.466825,
            37.708849,
            83.5
          ],
          [
            -122.467165,
            37.70846,
            82.5
          ],
          [
            -122.467359,
            37.708256,
            81.5
          ],
          [
            -122.467454,
            37.708147,
            80.5
          ],
          [
            -122.467555,
            37.708029,
            80.5
          ],
          [
            -122.468199,
            37.707245,
            80.25
          ],
          [
            -122.46856,
            37.706806,
            79
          ],
          [
            -122.468907,
            37.706383,
            78.25
          ],
          [
            -122.469639,
            37.705491,
            76
          ],
          [
            -122.470595,
            37.704335,
            73.5
          ],
          [
            -122.470728,
            37.704152,
            73
          ],
          [
            -122.470846,
            37.703972,
            72.75
          ],
          [
            -122.47095,
            37.703768,
            72.25
          ],
          [
            -122.471033,
            37.703565,
            71.75
          ],
          [
            -122.47109,
            37.703383,
            71.5
          ],
          [
            -122.471133,
            37.70321,
            71
          ],
          [
            -122.471161,
            37.703017,
            70.75
          ],
          [
            -122.471172,
            37.702819,
            70.25
          ],
          [
            -122.471169,
            37.702241,
            69.25
          ],
          [
            -122.47116,
            37.701686,
            68.25
          ],
          [
            -122.47112,
            37.699739,
            64.25
          ],
          [
            -122.471096,
            37.698756,
            64.5
          ],
          [
            -122.471096,
            37.698511,
            64.75
          ],
          [
            -122.471088,
            37.69825,
            64.5
          ],
          [
            -122.47107,
            37.698021,
            63
          ],
          [
            -122.471038,
            37.697805,
            61.75
          ],
          [
            -122.470994,
            37.697599,
            60.25
          ],
          [
            -122.470936,
            37.697396,
            59.25
          ],
          [
            -122.4708,
            37.69701,
            57.75
          ],
          [
            -122.470724,
            37.696832,
            57.5
          ],
          [
            -122.470481,
            37.696342,
            57
          ],
          [
            -122.470448,
            37.696281,
            57
          ],
          [
            -122.470314,
            37.695954,
            56.75
          ],
          [
            -122.470084,
            37.695367,
            56.5
          ],
          [
            -122.470004,
            37.695074,
            56.25
          ],
          [
            -122.469947,
            37.694813,
            56.25
          ],
          [
            -122.469912,
            37.694539,
            56.25
          ],
          [
            -122.469895,
            37.694328,
            55.25
          ],
          [
            -122.469885,
            37.69407,
            54.5
          ],
          [
            -122.469879,
            37.693521,
            53.25
          ],
          [
            -122.469873,
            37.693239,
            52.25
          ],
          [
            -122.469862,
            37.692652,
            49.75
          ],
          [
            -122.469869,
            37.692475,
            49
          ],
          [
            -122.469906,
            37.692061,
            49
          ],
          [
            -122.469903,
            37.691981,
            49
          ],
          [
            -122.46984,
            37.691393,
            48.75
          ],
          [
            -122.469838,
            37.691314,
            48.75
          ],
          [
            -122.469821,
            37.690167,
            48
          ],
          [
            -122.46979,
            37.689775,
            47.75
          ],
          [
            -122.469747,
            37.689493,
            47.75
          ],
          [
            -122.46965,
            37.689126,
            48
          ],
          [
            -122.469519,
            37.68878,
            49.5
          ],
          [
            -122.46938,
            37.688478,
            50.5
          ],
          [
            -122.469161,
            37.688085,
            50
          ],
          [
            -122.468895,
            37.687582,
            49.5
          ],
          [
            -122.468805,
            37.687413,
            49.25
          ],
          [
            -122.468697,
            37.687207,
            49.25
          ],
          [
            -122.468425,
            37.686711,
            49.25
          ],
          [
            -122.468086,
            37.686156,
            47.5
          ],
          [
            -122.467958,
            37.685976,
            46.5
          ],
          [
            -122.467825,
            37.685824,
            46
          ],
          [
            -122.467666,
            37.68567,
            46
          ],
          [
            -122.467493,
            37.685527,
            46
          ],
          [
            -122.467084,
            37.685241,
            47.25
          ],
          [
            -122.466494,
            37.68484,
            47.75
          ],
          [
            -122.465902,
            37.684438,
            48.25
          ],
          [
            -122.465276,
            37.684008,
            44.75
          ],
          [
            -122.464534,
            37.683504,
            39.75
          ],
          [
            -122.464099,
            37.68321,
            40.75
          ],
          [
            -122.463296,
            37.682636,
            43
          ],
          [
            -122.462753,
            37.682236,
            44.75
          ],
          [
            -122.462618,
            37.682137,
            44.75
          ],
          [
            -122.462344,
            37.681947
          ],
          [
            -122.462078,
            37.681744
          ],
          [
            -122.461815,
            37.681517
          ],
          [
            -122.461578,
            37.681302
          ],
          [
            -122.461343,
            37.681065
          ],
          [
            -122.461102,
            37.680805
          ],
          [
            -122.459383,
            37.678774
          ],
          [
            -122.45858,
            37.677863
          ],
          [
            -122.458076,
            37.677347
          ],
          [
            -122.457542,
            37.676857
          ],
          [
            -122.456949,
            37.676356
          ],
          [
            -122.456263,
            37.675895
          ],
          [
            -122.455488,
            37.67543
          ],
          [
            -122.45482,
            37.675046
          ],
          [
            -122.454249,
            37.674685
          ],
          [
            -122.453691,
            37.674282
          ],
          [
            -122.453189,
            37.67387
          ],
          [
            -122.452661,
            37.673352
          ],
          [
            -122.452189,
            37.672815
          ],
          [
            -122.451808,
            37.672303
          ],
          [
            -122.450486,
            37.670235
          ],
          [
            -122.449402,
            37.668588
          ],
          [
            -122.449099,
            37.668163
          ],
          [
            -122.44875,
            37.667722
          ],
          [
            -122.448321,
            37.667246
          ],
          [
            -122.447905,
            37.666853
          ],
          [
            -122.447452,
            37.66649
          ],
          [
            -122.446956,
            37.666138
          ],
          [
            -122.444855,
            37.664718
          ],
          [
            -122.442952,
            37.663516
          ],
          [
            -122.442678,
            37.663361,
            8.75
          ],
          [
            -122.442246,
            37.663119,
            8.75
          ],
          [
            -122.441543,
            37.662712,
            8.75
          ],
          [
            -122.441044,
            37.66238,
            8.75
          ],
          [
            -122.440532,
            37.661995,
            8.75
          ],
          [
            -122.440038,
            37.661598,
            8.75
          ],
          [
            -122.439609,
            37.661212,
            8.75
          ],
          [
            -122.439196,
            37.660815,
            8.75
          ],
          [
            -122.438834,
            37.660433,
            8.75
          ],
          [
            -122.438488,
            37.660031,
            8.75
          ],
          [
            -122.437024,
            37.658201,
            8.75
          ],
          [
            -122.436704,
            37.657827,
            8.75
          ],
          [
            -122.436399,
            37.657513,
            8.75
          ],
          [
            -122.436015,
            37.657143,
            8.75
          ],
          [
            -122.435546,
            37.65674,
            8.75
          ],
          [
            -122.435041,
            37.656351,
            8.75
          ],
          [
            -122.434425,
            37.655941,
            8.75
          ],
          [
            -122.433735,
            37.655506,
            8.75
          ],
          [
            -122.433019,
            37.65509,
            8.75
          ],
          [
            -122.432206,
            37.65464,
            8.75
          ],
          [
            -122.428953,
            37.652932,
            8.75
          ],
          [
            -122.428304,
            37.652561,
            8.75
          ],
          [
            -122.427644,
            37.652136,
            8.75
          ],
          [
            -122.42726,
            37.651867,
            8.75
          ],
          [
            -122.427081,
            37.651741
          ],
          [
            -122.426592,
            37.651361
          ],
          [
            -122.426083,
            37.650906
          ],
          [
            -122.425587,
            37.650427
          ],
          [
            -122.425117,
            37.649932
          ],
          [
            -122.422697,
            37.647166
          ],
          [
            -122.422654,
            37.647112,
            5.25
          ],
          [
            -122.421292,
            37.645454,
            5.25
          ],
          [
            -122.420427,
            37.64444,
            5.25
          ],
          [
            -122.41969,
            37.643573,
            5.25
          ],
          [
            -122.419444,
            37.643255,
            5.25
          ],
          [
            -122.419012,
            37.642631,
            5.25
          ],
          [
            -122.418832,
            37.642333,
            5.25
          ],
          [
            -122.417773,
            37.6403,
            5.25
          ],
          [
            -122.417054,
            37.639024,
            5.25
          ],
          [
            -122.416835,
            37.638635,
            5.25
          ],
          [
            -122.416691,
            37.63838,
            5.25
          ],
          [
            -122.416638,
            37.638291,
            5.25
          ],
          [
            -122.415958,
            37.637153,
            9.5
          ],
          [
            -122.415833,
            37.636945,
            9.25
          ],
          [
            -122.41565,
            37.636641,
            9.25
          ],
          [
            -122.415064,
            37.635647,
            8.75
          ],
          [
            -122.414098,
            37.634128,
            8
          ],
          [
            -122.413044,
            37.63247,
            7.25
          ],
          [
            -122.408943,
            37.625478,
            4
          ],
          [
            -122.408542,
            37.624848,
            3.75
          ],
          [
            -122.408149,
            37.624279,
            3.5
          ],
          [
            -122.407597,
            37.623548,
            3.25
          ],
          [
            -122.407019,
            37.62278,
            2.75
          ],
          [
            -122.406457,
            37.622033,
            2.5
          ],
          [
            -122.406408,
            37.621968,
            2.5
          ],
          [
            -122.405492,
            37.620749,
            1.75
          ],
          [
            -122.405433,
            37.620672,
            2
          ],
          [
            -122.404565,
            37.619528,
            1
          ],
          [
            -122.403148,
            37.617644
          ],
          [
            -122.40285,
            37.617274
          ],
          [
            -122.40251,
            37.616924
          ],
          [
            -122.402385,
            37.616812
          ],
          [
            -122.402295,
            37.616736
          ],
          [
            -122.401985,
            37.616514
          ],
          [
            -122.401685,
            37.616329
          ],
          [
            -122.401381,
            37.616175
          ],
          [
            -122.401262,
            37.616121
          ],
          [
            -122.400937,
            37.615994
          ],
          [
            -122.400701,
            37.615918
          ],
          [
            -122.400455,
            37.615849
          ],
          [
            -122.400193,
            37.615791
          ],
          [
            -122.400062,
            37.615768
          ],
          [
            -122.39961,
            37.61571
          ],
          [
            -122.399213,
            37.615683
          ],
          [
            -122.39861,
            37.615665
          ],
          [
            -122.397518,
            37.615621
          ],
          [
            -122.397012,
            37.615614
          ],
          [
            -122.396669,
            37.615607
          ],
          [
            -122.395572,
            37.615624
          ],
          [
            -122.395351,
            37.615622
          ],
          [
            -122.394368,
            37.615627
          ],
          [
            -122.394185,
            37.615635
          ],
          [
            -122.394012,
            37.615649
          ],
          [
            -122.393842,
            37.615671
          ],
          [
            -122.393687,
            37.615698
          ],
          [
            -122.393451,
            37.615755
          ],
          [
            -122.390799,
            37.616399
          ],
          [
            -122.393451,
            37.615755
          ],
          [
            -122.393687,
            37.615698
          ],
          [
            -122.393842,
            37.615671
          ],
          [
            -122.394012,
            37.615649
          ],
          [
            -122.394185,
            37.615635
          ],
          [
            -122.394368,
            37.615627
          ],
          [
            -122.395351,
            37.615622
          ],
          [
            -122.395572,
            37.615624
          ],
          [
            -122.396669,
            37.615607
          ],
          [
            -122.397012,
            37.615614
          ],
          [
            -122.397746,
            37.615594
          ],
          [
            -122.398118,
            37.615567
          ],
          [
            -122.398325,
            37.615534
          ],
          [
            -122.398526,
            37.615486
          ],
          [
            -122.398635,
            37.615452
          ],
          [
            -122.398845,
            37.615371
          ],
          [
            -122.39894,
            37.615327
          ],
          [
            -122.399129,
            37.61522
          ],
          [
            -122.399301,
            37.615099
          ],
          [
            -122.399435,
            37.614984
          ],
          [
            -122.399557,
            37.614857
          ],
          [
            -122.399662,
            37.614725
          ],
          [
            -122.399749,
            37.614587
          ],
          [
            -122.399824,
            37.614435
          ],
          [
            -122.39986,
            37.614336,
            -0.75
          ],
          [
            -122.399879,
            37.614283,
            -0.75
          ],
          [
            -122.399899,
            37.614204,
            -0.75
          ],
          [
            -122.399924,
            37.614072,
            -0.75
          ],
          [
            -122.399934,
            37.613947,
            -0.75
          ],
          [
            -122.399933,
            37.613817,
            -0.75
          ],
          [
            -122.399918,
            37.613669,
            -0.75
          ],
          [
            -122.399885,
            37.613514,
            -0.75
          ],
          [
            -122.399843,
            37.613391,
            -0.75
          ],
          [
            -122.399773,
            37.613244,
            -0.75
          ],
          [
            -122.399676,
            37.613073,
            -0.75
          ],
          [
            -122.399488,
            37.612797,
            -0.75
          ],
          [
            -122.399116,
            37.612327,
            -0.75
          ],
          [
            -122.398651,
            37.611801,
            -0.75
          ],
          [
            -122.398265,
            37.611394,
            -1.5
          ],
          [
            -122.397508,
            37.610648,
            -0.75
          ],
          [
            -122.397316,
            37.610454,
            -0.25
          ],
          [
            -122.397037,
            37.61018,
            -0.25
          ],
          [
            -122.3966,
            37.609754
          ],
          [
            -122.396496,
            37.609661
          ],
          [
            -122.396077,
            37.609198
          ],
          [
            -122.393878,
            37.607024
          ],
          [
            -122.38989,
            37.603171,
            1
          ],
          [
            -122.389819,
            37.603103,
            1
          ],
          [
            -122.388833,
            37.602145,
            1
          ],
          [
            -122.38855,
            37.601868,
            1
          ],
          [
            -122.387815,
            37.601208,
            1
          ],
          [
            -122.387557,
            37.600962,
            0.75
          ],
          [
            -122.386026,
            37.59951,
            2
          ],
          [
            -122.386004,
            37.599488,
            2
          ]
        ]
      }
    }
  ]
}