{
  "type": "FeatureCollection",
  "features": [
    {
      "type": "Feature",
      "properties": {
        "creator": "BRouter-1.7.0",
        "name": "[Cleveland RTA] Blue Line",
        "track-length": "36476",
        "filtered ascend": "188",
        "plain-ascend": "11",
        "total-time": "2918",
        "total-energy": "1598986",
        "cost": "45987",
        "messages": [
          [
            "Longitude",
            "Latitude",
            "Elevation",
            "Distance",
            "CostPerKm",
            "ElevCost",
            "TurnCost",
            "NodeCost",
            "InitialCost",
            "WayTags",
            "NodeTags",
            "Time",
            "Energy"
          ],
          [
            "-81687879",
            "41509487",
            "181",
            "1",
            "1000",
            "0",
            "0",
            "0",
            "0",
            "railway=light_rail",
            "railway=crossing",
            "0",
            "43"
          ],
          [
            "-81688279",
            "41509282",
            "179",
            "40",
            "1000",
            "0",
            "0",
            "0",
            "0",
            "railway=light_rail",
            "railway=unknown",
            "3",
            "1366"
          ],
          [
            "-81688674",
            "41509077",
            "180",
            "40",
            "1000",
            "0",
            "0",
            "0",
            "0",
            "railway=light_rail",
            "railway=crossing",
            "6",
            "2906"
          ],
          [
            "-81688782",
            "41509022",
            "180",
            "11",
            "1000",
            "0",
            "0",
            "0",
            "0",
            "railway=light_rail",
            "railway=switch",
            "7",
            "3366"
          ],
          [
            "-81689214",
            "41508751",
            "181",
            "47",
            "1000",
            "0",
            "0",
            "0",
            "0",
            "reversedirection=yes railway=light_rail",
            "railway=switch",
            "11",
            "5854"
          ],
          [
            "-81689488",
            "41508608",
            "181",
            "28",
            "1000",
            "0",
            "0",
            "0",
            "0",
            "reversedirection=yes railway=light_rail",
            "railway=switch",
            "13",
            "7203"
          ],
          [
            "-81689974",
            "41508405",
            "179",
            "46",
            "1000",
            "0",
            "0",
            "0",
            "0",
            "railway=light_rail",
            "railway=switch",
            "17",
            "8790"
          ],
          [
            "-81694078",
            "41506516",
            "184",
            "402",
            "1000",
            "0",
            "0",
            "0",
            "0",
            "railway=light_rail",
            "railway=unknown",
            "49",
            "29857"
          ],
          [
            "-81694549",
            "41506300",
            "183",
            "46",
            "1000",
            "0",
            "0",
            "0",
            "0",
            "railway=light_rail",
            "railway=crossing",
            "52",
            "31578"
          ],
          [
            "-81695988",
            "41505620",
            "180",
            "142",
            "1000",
            "0",
            "0",
            "0",
            "0",
            "railway=light_rail",
            "railway=crossing",
            "64",
            "37599"
          ],
          [
            "-81696430",
            "41505436",
            "180",
            "42",
            "1000",
            "0",
            "0",
            "0",
            "0",
            "railway=light_rail",
            "railway=unknown",
            "67",
            "39346"
          ],
          [
            "-81696454",
            "41505427",
            "180",
            "2",
            "1000",
            "0",
            "0",
            "0",
            "0",
            "railway=light_rail",
            "railway=crossing",
            "67",
            "39426"
          ],
          [
            "-81698710",
            "41504377",
            "186",
            "221",
            "1000",
            "0",
            "0",
            "0",
            "0",
            "railway=light_rail",
            "railway=crossing",
            "85",
            "50755"
          ],
          [
            "-81699172",
            "41504170",
            "182",
            "45",
            "1000",
            "0",
            "0",
            "0",
            "0",
            "railway=light_rail",
            "railway=unknown",
            "89",
            "52565"
          ],
          [
            "-81699629",
            "41503959",
            "182",
            "38",
            "1000",
            "0",
            "0",
            "0",
            "0",
            "railway=light_rail",
            "",
            "92",
            "54211"
          ],
          [
            "-81699629",
            "41503959",
            "182",
            "6",
            "1000",
            "0",
            "0",
            "0",
            "0",
            "railway=light_rail",
            "railway=crossing",
            "0",
            "276"
          ],
          [
            "-81700346",
            "41503632",
            "179",
            "70",
            "1000",
            "0",
            "0",
            "0",
            "0",
            "railway=light_rail",
            "railway=unknown",
            "6",
            "3238"
          ],
          [
            "-81701700",
            "41503087",
            "176",
            "128",
            "1000",
            "0",
            "0",
            "0",
            "0",
            "railway=light_rail",
            "railway=switch",
            "16",
            "7350"
          ],
          [
            "-81702335",
            "41502793",
            "176",
            "62",
            "1000",
            "0",
            "0",
            "0",
            "0",
            "railway=light_rail",
            "railway=switch",
            "21",
            "9501"
          ],
          [
            "-81702830",
            "41502604",
            "176",
            "46",
            "1000",
            "0",
            "0",
            "0",
            "0",
            "reversedirection=yes railway=light_rail",
            "railway=switch",
            "24",
            "11440"
          ],
          [
            "-81703519",
            "41502385",
            "177",
            "62",
            "1000",
            "0",
            "0",
            "0",
            "0",
            "reversedirection=yes railway=light_rail",
            "railway=switch",
            "29",
            "13182"
          ],
          [
            "-81704070",
            "41499980",
            "176",
            "694",
            "1000",
            "0",
            "0",
            "0",
            "0",
            "railway=light_rail",
            "railway=crossing",
            "85",
            "41691"
          ],
          [
            "-81704035",
            "41499937",
            "176",
            "6",
            "1000",
            "0",
            "0",
            "0",
            "0",
            "railway=light_rail",
            "railway=level_crossing",
            "85",
            "41980"
          ],
          [
            "-81703948",
            "41499842",
            "178",
            "13",
            "1000",
            "0",
            "0",
            "0",
            "0",
            "railway=light_rail",
            "railway=level_crossing",
            "86",
            "42736"
          ],
          [
            "-81703887",
            "41499777",
            "178",
            "9",
            "1000",
            "0",
            "0",
            "0",
            "0",
            "railway=light_rail",
            "railway=crossing",
            "87",
            "43284"
          ],
          [
            "-81703687",
            "41499554",
            "180",
            "30",
            "1000",
            "0",
            "0",
            "0",
            "0",
            "railway=light_rail",
            "railway=unknown",
            "90",
            "44735"
          ],
          [
            "-81703328",
            "41499152",
            "181",
            "54",
            "1000",
            "0",
            "0",
            "0",
            "0",
            "railway=light_rail",
            "railway=crossing",
            "94",
            "47544"
          ],
          [
            "-81702079",
            "41497936",
            "187",
            "171",
            "1000",
            "0",
            "0",
            "0",
            "0",
            "railway=light_rail",
            "railway=crossing",
            "108",
            "60499"
          ],
          [
            "-81702043",
            "41497890",
            "187",
            "6",
            "1000",
            "0",
            "0",
            "0",
            "0",
            "railway=light_rail",
            "railway=level_crossing",
            "108",
            "60803"
          ],
          [
            "-81701984",
            "41497820",
            "186",
            "9",
            "1000",
            "0",
            "0",
            "0",
            "0",
            "railway=light_rail",
            "railway=crossing",
            "109",
            "61426"
          ],
          [
            "-81700812",
            "41496792",
            "181",
            "151",
            "1000",
            "0",
            "0",
            "0",
            "0",
            "railway=light_rail",
            "railway=crossing",
            "121",
            "67577"
          ],
          [
            "-81700728",
            "41496694",
            "181",
            "13",
            "1000",
            "0",
            "0",
            "0",
            "0",
            "railway=light_rail",
            "railway=crossing",
            "122",
            "67991"
          ],
          [
            "-81700465",
            "41496386",
            "184",
            "41",
            "1000",
            "0",
            "0",
            "0",
            "0",
            "railway=light_rail",
            "railway=unknown",
            "125",
            "70139"
          ],
          [
            "-81699371",
            "41495687",
            "183",
            "127",
            "1000",
            "0",
            "0",
            "0",
            "0",
            "railway=light_rail",
            "railway=level_crossing",
            "135",
            "76742"
          ],
          [
            "-81699294",
            "41495701",
            "183",
            "7",
            "1000",
            "0",
            "0",
            "0",
            "0",
            "railway=light_rail",
            "railway=crossing",
            "136",
            "77001"
          ],
          [
            "-81697418",
            "41496980",
            "201",
            "215",
            "1000",
            "0",
            "0",
            "0",
            "0",
            "railway=light_rail",
            "railway=switch",
            "153",
            "95524"
          ],
          [
            "-81694722",
            "41497653",
            "206",
            "252",
            "2000",
            "0",
            "0",
            "0",
            "0",
            "railway=subway",
            "railway=unknown",
            "173",
            "110634"
          ],
          [
            "-81693552",
            "41497573",
            "208",
            "98",
            "2000",
            "0",
            "0",
            "0",
            "0",
            "railway=subway",
            "railway=unknown",
            "181",
            "115165"
          ],
          [
            "-81687999",
            "41494762",
            "195",
            "567",
            "2000",
            "0",
            "0",
            "0",
            "0",
            "railway=subway",
            "railway=switch",
            "226",
            "136638"
          ],
          [
            "-81687036",
            "41494169",
            "195",
            "104",
            "2000",
            "0",
            "0",
            "0",
            "0",
            "railway=subway",
            "railway=switch",
            "235",
            "141575"
          ],
          [
            "-81672151",
            "41488300",
            "197",
            "1420",
            "2000",
            "0",
            "0",
            "0",
            "0",
            "railway=subway",
            "railway=switch",
            "348",
            "205541"
          ],
          [
            "-81671938",
            "41488283",
            "197",
            "18",
            "2000",
            "0",
            "0",
            "0",
            "0",
            "railway=subway",
            "railway=switch",
            "350",
            "206389"
          ],
          [
            "-81665978",
            "41486508",
            "195",
            "548",
            "2000",
            "0",
            "0",
            "0",
            "0",
            "railway=subway",
            "railway=unknown",
            "394",
            "228902"
          ],
          [
            "-81665430",
            "41486230",
            "194",
            "55",
            "2000",
            "0",
            "0",
            "0",
            "0",
            "railway=subway",
            "railway=unknown",
            "398",
            "231089"
          ],
          [
            "-81660859",
            "41482758",
            "195",
            "550",
            "2000",
            "0",
            "0",
            "0",
            "0",
            "railway=subway",
            "railway=switch",
            "442",
            "256604"
          ],
          [
            "-81658358",
            "41480989",
            "195",
            "257",
            "2000",
            "0",
            "0",
            "0",
            "0",
            "railway=subway",
            "",
            "463",
            "267209"
          ],
          [
            "-81655521",
            "41480299",
            "195",
            "285",
            "2000",
            "0",
            "0",
            "0",
            "0",
            "railway=subway",
            "railway=switch",
            "22",
            "12616"
          ],
          [
            "-81655476",
            "41480296",
            "195",
            "4",
            "2000",
            "0",
            "0",
            "0",
            "0",
            "railway=subway",
            "railway=switch",
            "23",
            "12789"
          ],
          [
            "-81652127",
            "41480420",
            "195",
            "282",
            "2000",
            "0",
            "0",
            "0",
            "0",
            "railway=subway",
            "railway=unknown",
            "45",
            "24635"
          ],
          [
            "-81651300",
            "41480544",
            "196",
            "71",
            "2000",
            "0",
            "0",
            "0",
            "0",
            "railway=subway",
            "railway=switch",
            "51",
            "28106"
          ],
          [
            "-81646639",
            "41481510",
            "195",
            "413",
            "1000",
            "0",
            "0",
            "0",
            "0",
            "reversedirection=yes railway=light_rail",
            "",
            "84",
            "48940"
          ],
          [
            "-81644328",
            "41482715",
            "200",
            "235",
            "1000",
            "0",
            "0",
            "0",
            "0",
            "railway=light_rail",
            "railway=switch",
            "103",
            "58052"
          ],
          [
            "-81638119",
            "41481914",
            "204",
            "583",
            "1000",
            "0",
            "0",
            "0",
            "0",
            "railway=light_rail",
            "railway=switch",
            "149",
            "89368"
          ],
          [
            "-81636810",
            "41481231",
            "206",
            "64",
            "1000",
            "0",
            "0",
            "0",
            "0",
            "railway=light_rail",
            "",
            "154",
            "92742"
          ],
          [
            "-81636810",
            "41481231",
            "206",
            "69",
            "1000",
            "0",
            "0",
            "0",
            "0",
            "railway=light_rail",
            "railway=switch",
            "5",
            "3585"
          ],
          [
            "-81633352",
            "41480629",
            "208",
            "308",
            "1000",
            "0",
            "0",
            "0",
            "0",
            "railway=light_rail",
            "railway=unknown",
            "30",
            "19591"
          ],
          [
            "-81633162",
            "41480659",
            "208",
            "16",
            "1000",
            "0",
            "0",
            "0",
            "0",
            "railway=light_rail",
            "railway=crossing",
            "31",
            "20274"
          ],
          [
            "-81621118",
            "41482745",
            "225",
            "969",
            "1000",
            "0",
            "0",
            "0",
            "0",
            "railway=light_rail",
            "",
            "108",
            "71538"
          ],
          [
            "-81621118",
            "41482745",
            "225",
            "73",
            "1000",
            "0",
            "0",
            "0",
            "0",
            "railway=light_rail",
            "railway=switch",
            "5",
            "4125"
          ],
          [
            "-81621056",
            "41482743",
            "225",
            "5",
            "1000",
            "0",
            "0",
            "0",
            "0",
            "railway=light_rail",
            "railway=switch",
            "6",
            "4397"
          ],
          [
            "-81619210",
            "41482671",
            "231",
            "155",
            "1000",
            "0",
            "0",
            "0",
            "0",
            "railway=light_rail",
            "railway=crossing",
            "18",
            "13285"
          ],
          [
            "-81618484",
            "41482695",
            "234",
            "61",
            "1000",
            "0",
            "0",
            "0",
            "0",
            "railway=light_rail",
            "railway=unknown",
            "23",
            "17651"
          ],
          [
            "-81610423",
            "41483821",
            "254",
            "668",
            "1000",
            "0",
            "0",
            "0",
            "0",
            "railway=light_rail",
            "",
            "76",
            "66056"
          ],
          [
            "-81604886",
            "41484068",
            "264",
            "481",
            "1000",
            "0",
            "0",
            "0",
            "0",
            "railway=light_rail",
            "railway=switch",
            "38",
            "27535"
          ],
          [
            "-81604736",
            "41484067",
            "264",
            "13",
            "1000",
            "0",
            "0",
            "0",
            "0",
            "railway=light_rail",
            "railway=switch",
            "39",
            "28164"
          ],
          [
            "-81603995",
            "41484060",
            "263",
            "62",
            "1000",
            "0",
            "0",
            "0",
            "0",
            "railway=light_rail",
            "railway=crossing",
            "44",
            "31793"
          ],
          [
            "-81603532",
            "41484055",
            "263",
            "39",
            "1000",
            "0",
            "0",
            "0",
            "0",
            "railway=light_rail",
            "railway=unknown",
            "47",
            "33847"
          ],
          [
            "-81594022",
            "41483978",
            "275",
            "712",
            "1000",
            "0",
            "0",
            "0",
            "0",
            "railway=light_rail",
            "",
            "104",
            "72712"
          ],
          [
            "-81594022",
            "41483978",
            "275",
            "82",
            "1000",
            "0",
            "0",
            "0",
            "0",
            "railway=light_rail",
            "railway=switch",
            "6",
            "4224"
          ],
          [
            "-81593875",
            "41483976",
            "275",
            "12",
            "1000",
            "0",
            "0",
            "0",
            "0",
            "railway=light_rail",
            "railway=switch",
            "7",
            "4807"
          ],
          [
            "-81591420",
            "41483908",
            "276",
            "206",
            "1000",
            "0",
            "0",
            "0",
            "0",
            "railway=light_rail",
            "railway=unknown",
            "24",
            "14799"
          ],
          [
            "-81591380",
            "41483906",
            "276",
            "3",
            "1000",
            "0",
            "0",
            "0",
            "0",
            "railway=light_rail",
            "railway=crossing",
            "24",
            "14942"
          ],
          [
            "-81591146",
            "41483893",
            "276",
            "20",
            "1000",
            "0",
            "0",
            "0",
            "0",
            "railway=light_rail",
            "railway=level_crossing",
            "25",
            "15889"
          ],
          [
            "-81589868",
            "41483819",
            "277",
            "107",
            "1000",
            "0",
            "0",
            "0",
            "0",
            "railway=light_rail",
            "railway=level_crossing",
            "34",
            "21810"
          ],
          [
            "-81589629",
            "41483802",
            "278",
            "20",
            "1000",
            "0",
            "0",
            "0",
            "0",
            "railway=light_rail",
            "railway=crossing",
            "36",
            "22885"
          ],
          [
            "-81589133",
            "41483764",
            "279",
            "42",
            "1000",
            "0",
            "0",
            "0",
            "0",
            "railway=light_rail",
            "railway=switch",
            "39",
            "25413"
          ],
          [
            "-81588566",
            "41483572",
            "280",
            "52",
            "1000",
            "0",
            "0",
            "0",
            "0",
            "railway=light_rail",
            "railway=level_crossing",
            "43",
            "28408"
          ],
          [
            "-81588461",
            "41483425",
            "280",
            "18",
            "1000",
            "0",
            "0",
            "0",
            "0",
            "railway=light_rail",
            "railway=crossing",
            "44",
            "29371"
          ],
          [
            "-81588406",
            "41482537",
            "278",
            "100",
            "1000",
            "0",
            "0",
            "0",
            "0",
            "railway=light_rail",
            "railway=unknown",
            "52",
            "33601"
          ],
          [
            "-81588356",
            "41482383",
            "278",
            "18",
            "1000",
            "0",
            "0",
            "0",
            "0",
            "railway=light_rail",
            "railway=crossing",
            "54",
            "34272"
          ],
          [
            "-81588301",
            "41482265",
            "278",
            "14",
            "1000",
            "0",
            "0",
            "0",
            "0",
            "railway=light_rail",
            "railway=level_crossing",
            "55",
            "34837"
          ],
          [
            "-81588270",
            "41482202",
            "278",
            "7",
            "1000",
            "0",
            "0",
            "0",
            "0",
            "railway=light_rail",
            "railway=crossing",
            "56",
            "35137"
          ],
          [
            "-81587630",
            "41481523",
            "280",
            "93",
            "1000",
            "0",
            "0",
            "0",
            "0",
            "railway=light_rail",
            "railway=crossing",
            "63",
            "39781"
          ],
          [
            "-81586835",
            "41480831",
            "281",
            "102",
            "1000",
            "0",
            "0",
            "0",
            "0",
            "railway=light_rail",
            "railway=switch",
            "71",
            "45255"
          ],
          [
            "-81586735",
            "41480744",
            "281",
            "13",
            "1000",
            "0",
            "0",
            "0",
            "0",
            "railway=light_rail",
            "railway=switch",
            "72",
            "45921"
          ],
          [
            "-81585584",
            "41479745",
            "283",
            "83",
            "1000",
            "0",
            "0",
            "0",
            "0",
            "railway=light_rail",
            "",
            "79",
            "50579"
          ],
          [
            "-81585584",
            "41479745",
            "283",
            "64",
            "1000",
            "0",
            "0",
            "0",
            "0",
            "railway=light_rail",
            "railway=crossing",
            "5",
            "3232"
          ],
          [
            "-81585136",
            "41479356",
            "283",
            "57",
            "1000",
            "0",
            "0",
            "0",
            "0",
            "railway=light_rail",
            "railway=unknown",
            "9",
            "6037"
          ],
          [
            "-81584876",
            "41479131",
            "284",
            "33",
            "1000",
            "0",
            "0",
            "0",
            "0",
            "railway=light_rail",
            "railway=crossing",
            "12",
            "7722"
          ],
          [
            "-81584780",
            "41479047",
            "284",
            "12",
            "1000",
            "0",
            "0",
            "0",
            "0",
            "railway=light_rail",
            "railway=level_crossing",
            "13",
            "8342"
          ],
          [
            "-81584702",
            "41478979",
            "284",
            "10",
            "1000",
            "0",
            "0",
            "0",
            "0",
            "railway=light_rail",
            "railway=crossing",
            "14",
            "8872"
          ],
          [
            "-81581151",
            "41475897",
            "287",
            "453",
            "1000",
            "0",
            "0",
            "0",
            "0",
            "railway=light_rail",
            "railway=unknown",
            "50",
            "29644"
          ],
          [
            "-81580972",
            "41475742",
            "288",
            "23",
            "1000",
            "0",
            "0",
            "0",
            "0",
            "railway=light_rail",
            "railway=crossing",
            "52",
            "30702"
          ],
          [
            "-81580891",
            "41475672",
            "288",
            "10",
            "1000",
            "0",
            "0",
            "0",
            "0",
            "railway=light_rail",
            "railway=level_crossing",
            "52",
            "31160"
          ],
          [
            "-81580837",
            "41475627",
            "288",
            "7",
            "1000",
            "0",
            "0",
            "0",
            "0",
            "railway=light_rail",
            "railway=crossing",
            "53",
            "31479"
          ],
          [
            "-81577078",
            "41472364",
            "290",
            "480",
            "1000",
            "0",
            "0",
            "0",
            "0",
            "railway=light_rail",
            "railway=unknown",
            "91",
            "54934"
          ],
          [
            "-81576896",
            "41472206",
            "291",
            "23",
            "1000",
            "0",
            "0",
            "0",
            "0",
            "railway=light_rail",
            "railway=crossing",
            "93",
            "56040"
          ],
          [
            "-81576803",
            "41472123",
            "291",
            "12",
            "1000",
            "0",
            "0",
            "0",
            "0",
            "railway=light_rail",
            "railway=level_crossing",
            "94",
            "56634"
          ],
          [
            "-81576695",
            "41472028",
            "291",
            "14",
            "1000",
            "0",
            "0",
            "0",
            "0",
            "railway=light_rail",
            "railway=level_crossing",
            "95",
            "57318"
          ],
          [
            "-81576575",
            "41471925",
            "291",
            "15",
            "1000",
            "0",
            "0",
            "0",
            "0",
            "railway=light_rail",
            "railway=crossing",
            "97",
            "58010"
          ],
          [
            "-81572814",
            "41468660",
            "291",
            "480",
            "1000",
            "0",
            "0",
            "0",
            "0",
            "railway=light_rail",
            "railway=unknown",
            "135",
            "79321"
          ],
          [
            "-81572662",
            "41468528",
            "291",
            "19",
            "1000",
            "0",
            "0",
            "0",
            "0",
            "railway=light_rail",
            "railway=crossing",
            "136",
            "80157"
          ],
          [
            "-81572613",
            "41468485",
            "291",
            "6",
            "1000",
            "0",
            "0",
            "0",
            "0",
            "railway=light_rail",
            "railway=level_crossing",
            "137",
            "80421"
          ],
          [
            "-81572564",
            "41468441",
            "291",
            "6",
            "1000",
            "0",
            "0",
            "0",
            "0",
            "railway=light_rail",
            "railway=crossing",
            "137",
            "80685"
          ],
          [
            "-81566809",
            "41466560",
            "299",
            "541",
            "1000",
            "0",
            "0",
            "0",
            "0",
            "railway=light_rail",
            "railway=switch",
            "181",
            "109924"
          ],
          [
            "-81566216",
            "41466563",
            "298",
            "29",
            "1000",
            "0",
            "0",
            "0",
            "0",
            "railway=light_rail",
            "",
            "183",
            "111552"
          ],
          [
            "-81566216",
            "41466563",
            "298",
            "20",
            "1000",
            "0",
            "0",
            "0",
            "0",
            "railway=light_rail",
            "railway=switch",
            "1",
            "879"
          ],
          [
            "-81565600",
            "41466563",
            "298",
            "51",
            "1000",
            "0",
            "0",
            "0",
            "0",
            "railway=light_rail",
            "railway=unknown",
            "5",
            "3034"
          ],
          [
            "-81559450",
            "41466571",
            "306",
            "514",
            "1000",
            "0",
            "0",
            "0",
            "0",
            "railway=light_rail",
            "railway=unknown",
            "46",
            "29438"
          ],
          [
            "-81559163",
            "41466572",
            "307",
            "24",
            "1000",
            "0",
            "0",
            "0",
            "0",
            "railway=light_rail",
            "railway=crossing",
            "48",
            "30692"
          ],
          [
            "-81559039",
            "41466574",
            "307",
            "10",
            "1000",
            "0",
            "0",
            "0",
            "0",
            "railway=light_rail",
            "railway=level_crossing",
            "49",
            "31201"
          ],
          [
            "-81558911",
            "41466575",
            "307",
            "11",
            "1000",
            "0",
            "0",
            "0",
            "0",
            "railway=light_rail",
            "railway=crossing",
            "50",
            "31777"
          ],
          [
            "-81557900",
            "41466577",
            "308",
            "84",
            "1000",
            "0",
            "0",
            "0",
            "0",
            "railway=light_rail",
            "railway=crossing",
            "57",
            "36296"
          ],
          [
            "-81553794",
            "41466577",
            "311",
            "343",
            "1000",
            "0",
            "0",
            "0",
            "0",
            "railway=light_rail",
            "railway=unknown",
            "84",
            "55193"
          ],
          [
            "-81553544",
            "41466577",
            "311",
            "21",
            "1000",
            "0",
            "0",
            "0",
            "0",
            "railway=light_rail",
            "railway=crossing",
            "86",
            "56559"
          ],
          [
            "-81553378",
            "41466578",
            "311",
            "14",
            "1000",
            "0",
            "0",
            "0",
            "0",
            "railway=light_rail",
            "railway=level_crossing",
            "87",
            "57394"
          ],
          [
            "-81553263",
            "41466579",
            "311",
            "10",
            "1000",
            "0",
            "0",
            "0",
            "0",
            "railway=light_rail",
            "railway=crossing",
            "88",
            "57972"
          ],
          [
            "-81552248",
            "41466584",
            "311",
            "85",
            "1000",
            "0",
            "0",
            "0",
            "0",
            "railway=light_rail",
            "railway=crossing",
            "94",
            "62843"
          ],
          [
            "-81547177",
            "41466586",
            "315",
            "424",
            "1000",
            "0",
            "0",
            "0",
            "0",
            "railway=light_rail",
            "crossing=unknown railway=crossing",
            "128",
            "83195"
          ],
          [
            "-81547094",
            "41466586",
            "316",
            "7",
            "1000",
            "0",
            "0",
            "0",
            "0",
            "railway=light_rail",
            "railway=level_crossing",
            "129",
            "83520"
          ],
          [
            "-81546856",
            "41466587",
            "316",
            "20",
            "1000",
            "0",
            "0",
            "0",
            "0",
            "railway=light_rail",
            "railway=level_crossing",
            "131",
            "84521"
          ],
          [
            "-81546726",
            "41466587",
            "316",
            "11",
            "1000",
            "0",
            "0",
            "0",
            "0",
            "railway=light_rail",
            "railway=crossing",
            "131",
            "85085"
          ],
          [
            "-81546060",
            "41466587",
            "318",
            "56",
            "1000",
            "0",
            "0",
            "0",
            "0",
            "railway=light_rail",
            "railway=unknown",
            "136",
            "88412"
          ],
          [
            "-81545714",
            "41466590",
            "318",
            "29",
            "1000",
            "0",
            "0",
            "0",
            "0",
            "railway=light_rail",
            "railway=crossing",
            "138",
            "90033"
          ],
          [
            "-81539620",
            "41466593",
            "316",
            "509",
            "1000",
            "0",
            "0",
            "0",
            "0",
            "railway=light_rail",
            "railway=unknown",
            "179",
            "114099"
          ],
          [
            "-81539202",
            "41466526",
            "316",
            "36",
            "1000",
            "0",
            "0",
            "0",
            "0",
            "railway=light_rail",
            "railway=crossing",
            "182",
            "115752"
          ],
          [
            "-81539076",
            "41466480",
            "316",
            "12",
            "1000",
            "0",
            "0",
            "0",
            "0",
            "railway=light_rail",
            "railway=level_crossing",
            "183",
            "116273"
          ],
          [
            "-81538923",
            "41466403",
            "316",
            "15",
            "1000",
            "0",
            "0",
            "0",
            "0",
            "railway=light_rail",
            "railway=switch",
            "184",
            "116895"
          ],
          [
            "-81538806",
            "41466344",
            "315",
            "12",
            "1000",
            "0",
            "0",
            "0",
            "0",
            "railway=light_rail",
            "railway=crossing",
            "185",
            "117371"
          ],
          [
            "-81538591",
            "41466249",
            "315",
            "21",
            "1000",
            "0",
            "0",
            "0",
            "0",
            "railway=light_rail",
            "railway=unknown",
            "187",
            "118176"
          ],
          [
            "-81538260",
            "41466114",
            "315",
            "31",
            "1000",
            "0",
            "0",
            "0",
            "0",
            "railway=light_rail",
            "railway=switch",
            "189",
            "119405"
          ],
          [
            "-81537938",
            "41465950",
            "315",
            "32",
            "1000",
            "0",
            "0",
            "0",
            "0",
            "railway=light_rail",
            "railway=unknown",
            "192",
            "120771"
          ],
          [
            "-81537526",
            "41465739",
            "316",
            "42",
            "1000",
            "0",
            "0",
            "0",
            "0",
            "railway=light_rail",
            "",
            "195",
            "122732"
          ],
          [
            "-81537938",
            "41465950",
            "315",
            "42",
            "1000",
            "0",
            "0",
            "0",
            "0",
            "reversedirection=yes railway=light_rail",
            "railway=unknown",
            "3",
            "1695"
          ],
          [
            "-81538260",
            "41466114",
            "315",
            "32",
            "1000",
            "0",
            "0",
            "0",
            "0",
            "reversedirection=yes railway=light_rail",
            "railway=switch",
            "5",
            "2963"
          ],
          [
            "-81538591",
            "41466249",
            "315",
            "31",
            "1000",
            "0",
            "0",
            "0",
            "0",
            "reversedirection=yes railway=light_rail",
            "railway=unknown",
            "8",
            "4228"
          ],
          [
            "-81538777",
            "41466373",
            "315",
            "21",
            "1000",
            "0",
            "0",
            "0",
            "0",
            "railway=light_rail",
            "railway=crossing",
            "10",
            "5142"
          ],
          [
            "-81538880",
            "41466431",
            "316",
            "11",
            "1000",
            "0",
            "0",
            "0",
            "0",
            "railway=light_rail",
            "railway=switch",
            "10",
            "5644"
          ],
          [
            "-81539049",
            "41466515",
            "316",
            "17",
            "1000",
            "0",
            "0",
            "0",
            "0",
            "railway=light_rail",
            "railway=level_crossing",
            "12",
            "6452"
          ],
          [
            "-81539183",
            "41466561",
            "316",
            "12",
            "1000",
            "0",
            "0",
            "0",
            "0",
            "railway=light_rail",
            "railway=crossing",
            "13",
            "7041"
          ],
          [
            "-81539615",
            "41466630",
            "316",
            "37",
            "1000",
            "0",
            "0",
            "0",
            "0",
            "railway=light_rail",
            "railway=unknown",
            "16",
            "8788"
          ],
          [
            "-81545716",
            "41466625",
            "318",
            "510",
            "1000",
            "0",
            "0",
            "0",
            "0",
            "railway=light_rail",
            "railway=crossing",
            "57",
            "33554"
          ],
          [
            "-81546061",
            "41466624",
            "318",
            "29",
            "1000",
            "0",
            "0",
            "0",
            "0",
            "railway=light_rail",
            "railway=unknown",
            "59",
            "34722"
          ],
          [
            "-81546727",
            "41466624",
            "316",
            "56",
            "1000",
            "0",
            "0",
            "0",
            "0",
            "railway=light_rail",
            "railway=crossing",
            "63",
            "36480"
          ],
          [
            "-81546857",
            "41466623",
            "316",
            "11",
            "1000",
            "0",
            "0",
            "0",
            "0",
            "railway=light_rail",
            "railway=level_crossing",
            "64",
            "36843"
          ],
          [
            "-81547094",
            "41466623",
            "316",
            "20",
            "1000",
            "0",
            "0",
            "0",
            "0",
            "railway=light_rail",
            "railway=level_crossing",
            "66",
            "37455"
          ],
          [
            "-81547176",
            "41466622",
            "315",
            "7",
            "1000",
            "0",
            "0",
            "0",
            "0",
            "railway=light_rail",
            "crossing=unknown railway=crossing",
            "66",
            "37666"
          ],
          [
            "-81552249",
            "41466619",
            "311",
            "424",
            "1000",
            "0",
            "0",
            "0",
            "0",
            "railway=light_rail",
            "railway=crossing",
            "100",
            "53911"
          ],
          [
            "-81553024",
            "41466618",
            "311",
            "65",
            "1000",
            "0",
            "0",
            "0",
            "0",
            "railway=light_rail",
            "railway=unknown",
            "105",
            "56542"
          ],
          [
            "-81553266",
            "41466618",
            "311",
            "20",
            "1000",
            "0",
            "0",
            "0",
            "0",
            "railway=light_rail",
            "railway=crossing",
            "107",
            "57377"
          ],
          [
            "-81553378",
            "41466617",
            "311",
            "9",
            "1000",
            "0",
            "0",
            "0",
            "0",
            "railway=light_rail",
            "railway=level_crossing",
            "108",
            "57755"
          ],
          [
            "-81553545",
            "41466618",
            "311",
            "14",
            "1000",
            "0",
            "0",
            "0",
            "0",
            "railway=light_rail",
            "railway=crossing",
            "109",
            "58029"
          ],
          [
            "-81557898",
            "41466614",
            "308",
            "364",
            "1000",
            "0",
            "0",
            "0",
            "0",
            "railway=light_rail",
            "railway=crossing",
            "138",
            "71612"
          ],
          [
            "-81558600",
            "41466613",
            "307",
            "59",
            "1000",
            "0",
            "0",
            "0",
            "0",
            "railway=light_rail",
            "railway=unknown",
            "143",
            "73981"
          ],
          [
            "-81558908",
            "41466613",
            "307",
            "26",
            "1000",
            "0",
            "0",
            "0",
            "0",
            "railway=light_rail",
            "railway=crossing",
            "145",
            "75010"
          ],
          [
            "-81559038",
            "41466613",
            "307",
            "11",
            "1000",
            "0",
            "0",
            "0",
            "0",
            "railway=light_rail",
            "railway=level_crossing",
            "146",
            "75431"
          ],
          [
            "-81559161",
            "41466612",
            "307",
            "10",
            "1000",
            "0",
            "0",
            "0",
            "0",
            "railway=light_rail",
            "railway=crossing",
            "147",
            "75819"
          ],
          [
            "-81565601",
            "41466608",
            "298",
            "538",
            "1000",
            "0",
            "0",
            "0",
            "0",
            "railway=light_rail",
            "railway=unknown",
            "190",
            "91426"
          ],
          [
            "-81566213",
            "41466607",
            "298",
            "51",
            "1000",
            "0",
            "0",
            "0",
            "0",
            "railway=light_rail",
            "railway=switch",
            "194",
            "92635"
          ],
          [
            "-81566810",
            "41466606",
            "298",
            "19",
            "1000",
            "0",
            "0",
            "0",
            "0",
            "railway=light_rail",
            "",
            "195",
            "93201"
          ],
          [
            "-81566810",
            "41466606",
            "298",
            "31",
            "1000",
            "0",
            "0",
            "0",
            "0",
            "railway=light_rail",
            "railway=switch",
            "2",
            "1422"
          ],
          [
            "-81572363",
            "41468341",
            "291",
            "520",
            "1000",
            "0",
            "0",
            "0",
            "0",
            "railway=light_rail",
            "railway=unknown",
            "44",
            "19058"
          ],
          [
            "-81572522",
            "41468469",
            "291",
            "19",
            "1000",
            "0",
            "0",
            "0",
            "0",
            "railway=light_rail",
            "railway=crossing",
            "45",
            "19643"
          ],
          [
            "-81572571",
            "41468509",
            "291",
            "6",
            "1000",
            "0",
            "0",
            "0",
            "0",
            "railway=light_rail",
            "railway=level_crossing",
            "46",
            "19838"
          ],
          [
            "-81572622",
            "41468553",
            "291",
            "6",
            "1000",
            "0",
            "0",
            "0",
            "0",
            "railway=light_rail",
            "railway=crossing",
            "46",
            "20036"
          ],
          [
            "-81576367",
            "41471805",
            "290",
            "478",
            "1000",
            "0",
            "0",
            "0",
            "0",
            "railway=light_rail",
            "railway=unknown",
            "84",
            "39573"
          ],
          [
            "-81576535",
            "41471951",
            "291",
            "21",
            "1000",
            "0",
            "0",
            "0",
            "0",
            "railway=light_rail",
            "railway=crossing",
            "86",
            "40578"
          ],
          [
            "-81576632",
            "41472038",
            "291",
            "13",
            "1000",
            "0",
            "0",
            "0",
            "0",
            "railway=light_rail",
            "railway=level_crossing",
            "87",
            "41219"
          ],
          [
            "-81576721",
            "41472123",
            "291",
            "12",
            "1000",
            "0",
            "0",
            "0",
            "0",
            "railway=light_rail",
            "railway=level_crossing",
            "88",
            "41804"
          ],
          [
            "-81576851",
            "41472236",
            "291",
            "17",
            "1000",
            "0",
            "0",
            "0",
            "0",
            "railway=light_rail",
            "railway=crossing",
            "89",
            "42586"
          ],
          [
            "-81580574",
            "41475457",
            "288",
            "474",
            "1000",
            "0",
            "0",
            "0",
            "0",
            "railway=light_rail",
            "railway=unknown",
            "127",
            "61214"
          ],
          [
            "-81580778",
            "41475632",
            "288",
            "26",
            "1000",
            "0",
            "0",
            "0",
            "0",
            "railway=light_rail",
            "railway=crossing",
            "129",
            "62353"
          ],
          [
            "-81580827",
            "41475675",
            "288",
            "6",
            "1000",
            "0",
            "0",
            "0",
            "0",
            "railway=light_rail",
            "railway=level_crossing",
            "130",
            "62603"
          ],
          [
            "-81580905",
            "41475742",
            "288",
            "10",
            "1000",
            "0",
            "0",
            "0",
            "0",
            "railway=light_rail",
            "railway=crossing",
            "131",
            "63022"
          ],
          [
            "-81584349",
            "41478730",
            "285",
            "440",
            "1000",
            "0",
            "0",
            "0",
            "0",
            "railway=light_rail",
            "railway=unknown",
            "166",
            "79962"
          ],
          [
            "-81584626",
            "41478972",
            "284",
            "35",
            "1000",
            "0",
            "0",
            "0",
            "0",
            "railway=light_rail",
            "railway=crossing",
            "169",
            "81308"
          ],
          [
            "-81584700",
            "41479040",
            "284",
            "10",
            "1000",
            "0",
            "0",
            "0",
            "0",
            "railway=light_rail",
            "railway=level_crossing",
            "169",
            "81703"
          ],
          [
            "-81584800",
            "41479125",
            "284",
            "13",
            "1000",
            "0",
            "0",
            "0",
            "0",
            "railway=light_rail",
            "railway=crossing",
            "170",
            "82197"
          ],
          [
            "-81585541",
            "41479771",
            "283",
            "95",
            "1000",
            "0",
            "0",
            "0",
            "0",
            "railway=light_rail",
            "railway=crossing",
            "178",
            "85490"
          ],
          [
            "-81586334",
            "41480457",
            "282",
            "101",
            "1000",
            "0",
            "0",
            "0",
            "0",
            "railway=light_rail",
            "railway=switch",
            "186",
            "88875"
          ],
          [
            "-81586830",
            "41480892",
            "281",
            "53",
            "1000",
            "0",
            "0",
            "0",
            "0",
            "railway=light_rail",
            "",
            "190",
            "90504"
          ],
          [
            "-81587160",
            "41481172",
            "281",
            "52",
            "1000",
            "0",
            "0",
            "0",
            "0",
            "railway=light_rail",
            "railway=switch",
            "4",
            "2362"
          ],
          [
            "-81587589",
            "41481548",
            "280",
            "55",
            "1000",
            "0",
            "0",
            "0",
            "0",
            "railway=light_rail",
            "railway=crossing",
            "8",
            "4376"
          ],
          [
            "-81588126",
            "41482072",
            "279",
            "73",
            "1000",
            "0",
            "0",
            "0",
            "0",
            "railway=light_rail",
            "railway=unknown",
            "14",
            "6961"
          ],
          [
            "-81588211",
            "41482205",
            "278",
            "16",
            "1000",
            "0",
            "0",
            "0",
            "0",
            "railway=light_rail",
            "railway=crossing",
            "15",
            "7512"
          ],
          [
            "-81588244",
            "41482267",
            "278",
            "7",
            "1000",
            "0",
            "0",
            "0",
            "0",
            "railway=light_rail",
            "railway=level_crossing",
            "16",
            "7746"
          ],
          [
            "-81588297",
            "41482383",
            "278",
            "14",
            "1000",
            "0",
            "0",
            "0",
            "0",
            "railway=light_rail",
            "railway=crossing",
            "17",
            "8199"
          ],
          [
            "-81588387",
            "41483431",
            "280",
            "117",
            "1000",
            "0",
            "0",
            "0",
            "0",
            "railway=light_rail",
            "railway=crossing",
            "26",
            "13251"
          ],
          [
            "-81588466",
            "41483567",
            "280",
            "16",
            "1000",
            "0",
            "0",
            "0",
            "0",
            "railway=light_rail",
            "railway=level_crossing",
            "28",
            "14070"
          ],
          [
            "-81588669",
            "41483724",
            "280",
            "25",
            "1000",
            "0",
            "0",
            "0",
            "0",
            "railway=light_rail",
            "railway=unknown",
            "30",
            "15316"
          ],
          [
            "-81589169",
            "41483824",
            "279",
            "44",
            "1000",
            "0",
            "0",
            "0",
            "0",
            "railway=light_rail",
            "railway=switch",
            "33",
            "17249"
          ],
          [
            "-81589625",
            "41483849",
            "278",
            "38",
            "1000",
            "0",
            "0",
            "0",
            "0",
            "railway=light_rail",
            "railway=crossing",
            "36",
            "18596"
          ],
          [
            "-81589864",
            "41483861",
            "277",
            "20",
            "1000",
            "0",
            "0",
            "0",
            "0",
            "railway=light_rail",
            "railway=level_crossing",
            "38",
            "19228"
          ],
          [
            "-81591141",
            "41483934",
            "276",
            "107",
            "1000",
            "0",
            "0",
            "0",
            "0",
            "railway=light_rail",
            "railway=level_crossing",
            "46",
            "23926"
          ],
          [
            "-81591376",
            "41483947",
            "275",
            "20",
            "1000",
            "0",
            "0",
            "0",
            "0",
            "railway=light_rail",
            "railway=crossing",
            "48",
            "24765"
          ],
          [
            "-81591416",
            "41483949",
            "275",
            "3",
            "1000",
            "0",
            "0",
            "0",
            "0",
            "railway=light_rail",
            "railway=unknown",
            "48",
            "24891"
          ],
          [
            "-81593281",
            "41484012",
            "275",
            "156",
            "1000",
            "0",
            "0",
            "0",
            "0",
            "railway=light_rail",
            "railway=switch",
            "61",
            "31197"
          ],
          [
            "-81594604",
            "41484023",
            "274",
            "65",
            "1000",
            "0",
            "0",
            "0",
            "0",
            "railway=light_rail",
            "",
            "66",
            "33709"
          ],
          [
            "-81594604",
            "41484023",
            "274",
            "46",
            "1000",
            "0",
            "0",
            "0",
            "0",
            "railway=light_rail",
            "railway=switch",
            "3",
            "2023"
          ],
          [
            "-81603532",
            "41484098",
            "263",
            "746",
            "1000",
            "0",
            "0",
            "0",
            "0",
            "railway=light_rail",
            "railway=unknown",
            "63",
            "27335"
          ],
          [
            "-81603994",
            "41484103",
            "263",
            "39",
            "1000",
            "0",
            "0",
            "0",
            "0",
            "railway=light_rail",
            "railway=crossing",
            "66",
            "29050"
          ],
          [
            "-81604152",
            "41484104",
            "263",
            "13",
            "1000",
            "0",
            "0",
            "0",
            "0",
            "railway=light_rail",
            "railway=switch",
            "67",
            "29621"
          ],
          [
            "-81605470",
            "41484115",
            "264",
            "110",
            "1000",
            "0",
            "0",
            "0",
            "0",
            "railway=light_rail",
            "railway=switch",
            "76",
            "33721"
          ],
          [
            "-81618976",
            "41482707",
            "232",
            "1144",
            "1000",
            "0",
            "0",
            "0",
            "0",
            "railway=light_rail",
            "railway=unknown",
            "167",
            "60114"
          ],
          [
            "-81619209",
            "41482710",
            "231",
            "19",
            "1000",
            "0",
            "0",
            "0",
            "0",
            "railway=light_rail",
            "railway=crossing",
            "169",
            "60367"
          ],
          [
            "-81620529",
            "41482759",
            "226",
            "110",
            "1000",
            "0",
            "0",
            "0",
            "0",
            "railway=light_rail",
            "railway=switch",
            "178",
            "61250"
          ],
          [
            "-81621646",
            "41482802",
            "222",
            "93",
            "1000",
            "0",
            "0",
            "0",
            "0",
            "railway=light_rail",
            "railway=switch",
            "185",
            "61504"
          ],
          [
            "-81625668",
            "41482298",
            "216",
            "243",
            "1000",
            "0",
            "0",
            "0",
            "0",
            "railway=light_rail",
            "",
            "205",
            "67630"
          ],
          [
            "-81633170",
            "41480694",
            "208",
            "756",
            "1000",
            "0",
            "0",
            "0",
            "0",
            "railway=light_rail",
            "railway=crossing",
            "60",
            "26647"
          ],
          [
            "-81633364",
            "41480662",
            "208",
            "17",
            "1000",
            "0",
            "0",
            "0",
            "0",
            "railway=light_rail",
            "railway=unknown",
            "61",
            "27358"
          ],
          [
            "-81637241",
            "41481502",
            "204",
            "351",
            "1000",
            "0",
            "0",
            "0",
            "0",
            "railway=light_rail",
            "railway=switch",
            "89",
            "39642"
          ],
          [
            "-81637322",
            "41481545",
            "204",
            "8",
            "1000",
            "0",
            "0",
            "0",
            "0",
            "railway=light_rail",
            "railway=switch",
            "90",
            "39967"
          ],
          [
            "-81637631",
            "41481706",
            "203",
            "31",
            "1000",
            "0",
            "0",
            "0",
            "0",
            "railway=light_rail",
            "railway=switch",
            "93",
            "41066"
          ],
          [
            "-81645922",
            "41482149",
            "194",
            "792",
            "1000",
            "0",
            "0",
            "0",
            "0",
            "railway=light_rail",
            "railway=switch",
            "156",
            "67298"
          ],
          [
            "-81646153",
            "41482051",
            "194",
            "22",
            "2000",
            "0",
            "0",
            "0",
            "0",
            "railway=subway",
            "railway=switch",
            "158",
            "68121"
          ],
          [
            "-81649990",
            "41480859",
            "196",
            "348",
            "2000",
            "0",
            "0",
            "0",
            "0",
            "railway=subway",
            "railway=switch",
            "186",
            "82862"
          ],
          [
            "-81650726",
            "41480742",
            "195",
            "63",
            "2000",
            "0",
            "0",
            "0",
            "0",
            "railway=subway",
            "railway=unknown",
            "191",
            "85108"
          ],
          [
            "-81652150",
            "41480473",
            "194",
            "123",
            "2000",
            "0",
            "0",
            "0",
            "0",
            "railway=subway",
            "railway=unknown",
            "200",
            "89600"
          ],
          [
            "-81652750",
            "41480352",
            "194",
            "42",
            "2000",
            "0",
            "0",
            "0",
            "0",
            "railway=subway",
            "",
            "204",
            "91178"
          ],
          [
            "-81654512",
            "41480264",
            "195",
            "158",
            "2000",
            "0",
            "0",
            "0",
            "0",
            "railway=subway",
            "railway=switch",
            "12",
            "7327"
          ],
          [
            "-81654941",
            "41480295",
            "195",
            "36",
            "2000",
            "0",
            "0",
            "0",
            "0",
            "railway=subway",
            "railway=switch",
            "15",
            "9063"
          ],
          [
            "-81656050",
            "41480375",
            "196",
            "49",
            "2000",
            "0",
            "0",
            "0",
            "0",
            "railway=subway",
            "",
            "19",
            "11440"
          ],
          [
            "-81656050",
            "41480375",
            "196",
            "45",
            "2000",
            "0",
            "0",
            "0",
            "0",
            "railway=subway",
            "railway=switch",
            "3",
            "2059"
          ],
          [
            "-81656461",
            "41480402",
            "196",
            "34",
            "2000",
            "0",
            "0",
            "0",
            "0",
            "railway=subway",
            "railway=switch",
            "6",
            "3622"
          ],
          [
            "-81657141",
            "41480548",
            "195",
            "59",
            "2000",
            "0",
            "0",
            "0",
            "0",
            "reversedirection=yes railway=subway",
            "railway=switch",
            "11",
            "6171"
          ],
          [
            "-81659391",
            "41481846",
            "195",
            "239",
            "2000",
            "0",
            "0",
            "0",
            "0",
            "reversedirection=yes railway=subway",
            "railway=switch",
            "30",
            "16374"
          ],
          [
            "-81659722",
            "41482078",
            "195",
            "38",
            "2000",
            "0",
            "0",
            "0",
            "0",
            "reversedirection=yes railway=subway",
            "railway=switch",
            "33",
            "18112"
          ],
          [
            "-81659807",
            "41482142",
            "196",
            "10",
            "2000",
            "0",
            "0",
            "0",
            "0",
            "reversedirection=yes railway=subway",
            "railway=switch",
            "34",
            "18586"
          ],
          [
            "-81660393",
            "41482476",
            "196",
            "61",
            "2000",
            "0",
            "0",
            "0",
            "0",
            "reversedirection=yes railway=subway",
            "railway=switch",
            "38",
            "21419"
          ],
          [
            "-81660441",
            "41482510",
            "195",
            "6",
            "2000",
            "0",
            "0",
            "0",
            "0",
            "railway=subway",
            "railway=switch",
            "39",
            "21680"
          ],
          [
            "-81665379",
            "41486278",
            "195",
            "594",
            "2000",
            "0",
            "0",
            "0",
            "0",
            "railway=subway",
            "railway=unknown",
            "86",
            "47932"
          ],
          [
            "-81665706",
            "41486444",
            "196",
            "33",
            "2000",
            "0",
            "0",
            "0",
            "0",
            "railway=subway",
            "railway=crossing",
            "89",
            "49399"
          ],
          [
            "-81665921",
            "41486554",
            "196",
            "22",
            "2000",
            "0",
            "0",
            "0",
            "0",
            "railway=subway",
            "railway=unknown",
            "91",
            "50418"
          ],
          [
            "-81666555",
            "41486872",
            "195",
            "59",
            "2000",
            "0",
            "0",
            "0",
            "0",
            "railway=subway",
            "",
            "96",
            "52910"
          ],
          [
            "-81671407",
            "41488281",
            "197",
            "447",
            "2000",
            "0",
            "0",
            "0",
            "0",
            "railway=subway",
            "railway=switch",
            "35",
            "20597"
          ],
          [
            "-81671938",
            "41488283",
            "197",
            "44",
            "2000",
            "0",
            "0",
            "0",
            "0",
            "reversedirection=yes railway=subway",
            "railway=switch",
            "39",
            "22749"
          ],
          [
            "-81672151",
            "41488300",
            "197",
            "18",
            "2000",
            "0",
            "0",
            "0",
            "0",
            "reversedirection=yes railway=subway",
            "railway=switch",
            "40",
            "23569"
          ],
          [
            "-81672683",
            "41488377",
            "197",
            "45",
            "2000",
            "0",
            "0",
            "0",
            "0",
            "reversedirection=yes railway=subway",
            "railway=switch",
            "44",
            "25600"
          ],
          [
            "-81683700",
            "41492509",
            "201",
            "1001",
            "2000",
            "0",
            "0",
            "0",
            "0",
            "railway=subway",
            "",
            "124",
            "70380"
          ],
          [
            "-81686959",
            "41494182",
            "196",
            "369",
            "2000",
            "0",
            "0",
            "0",
            "0",
            "railway=subway",
            "railway=switch",
            "29",
            "14989"
          ],
          [
            "-81687829",
            "41494735",
            "196",
            "95",
            "2000",
            "0",
            "0",
            "0",
            "0",
            "railway=subway",
            "railway=switch",
            "37",
            "18879"
          ],
          [
            "-81688106",
            "41494941",
            "196",
            "33",
            "2000",
            "0",
            "0",
            "0",
            "0",
            "railway=subway",
            "railway=switch",
            "39",
            "20264"
          ],
          [
            "-81693522",
            "41497782",
            "189",
            "559",
            "2000",
            "0",
            "0",
            "0",
            "0",
            "railway=subway",
            "railway=unknown",
            "84",
            "42477"
          ],
          [
            "-81694695",
            "41497864",
            "188",
            "98",
            "2000",
            "0",
            "0",
            "0",
            "0",
            "railway=subway",
            "railway=unknown",
            "92",
            "46786"
          ],
          [
            "-81695736",
            "41497924",
            "188",
            "87",
            "2000",
            "0",
            "0",
            "0",
            "0",
            "railway=subway",
            "railway=switch",
            "99",
            "50613"
          ],
          [
            "-81697398",
            "41497202",
            "187",
            "163",
            "2000",
            "0",
            "0",
            "0",
            "0",
            "railway=subway",
            "railway=switch",
            "112",
            "57782"
          ],
          [
            "-81699398",
            "41495838",
            "185",
            "228",
            "1000",
            "0",
            "0",
            "0",
            "0",
            "railway=light_rail",
            "railway=crossing",
            "130",
            "62900"
          ],
          [
            "-81699485",
            "41495823",
            "185",
            "7",
            "1000",
            "0",
            "0",
            "0",
            "0",
            "railway=light_rail",
            "railway=level_crossing",
            "131",
            "63048"
          ],
          [
            "-81700427",
            "41496408",
            "185",
            "110",
            "1000",
            "0",
            "0",
            "0",
            "0",
            "railway=light_rail",
            "railway=unknown",
            "139",
            "66681"
          ],
          [
            "-81700654",
            "41496678",
            "182",
            "29",
            "1000",
            "0",
            "0",
            "0",
            "0",
            "railway=light_rail",
            "",
            "142",
            "67202"
          ],
          [
            "-81700679",
            "41496707",
            "182",
            "10",
            "1000",
            "0",
            "0",
            "0",
            "0",
            "railway=light_rail",
            "railway=crossing",
            "0",
            "418"
          ],
          [
            "-81700759",
            "41496802",
            "182",
            "12",
            "1000",
            "0",
            "0",
            "0",
            "0",
            "railway=light_rail",
            "railway=crossing",
            "1",
            "899"
          ],
          [
            "-81701938",
            "41497837",
            "187",
            "153",
            "1000",
            "0",
            "0",
            "0",
            "0",
            "railway=light_rail",
            "railway=crossing",
            "14",
            "9153"
          ],
          [
            "-81701995",
            "41497908",
            "188",
            "9",
            "1000",
            "0",
            "0",
            "0",
            "0",
            "railway=light_rail",
            "railway=level_crossing",
            "14",
            "9595"
          ],
          [
            "-81702032",
            "41497954",
            "188",
            "6",
            "1000",
            "0",
            "0",
            "0",
            "0",
            "railway=light_rail",
            "railway=crossing",
            "15",
            "9900"
          ],
          [
            "-81703289",
            "41499173",
            "181",
            "171",
            "1000",
            "0",
            "0",
            "0",
            "0",
            "railway=light_rail",
            "railway=crossing",
            "28",
            "18342"
          ],
          [
            "-81703512",
            "41499419",
            "181",
            "33",
            "1000",
            "0",
            "0",
            "0",
            "0",
            "railway=light_rail",
            "railway=unknown",
            "31",
            "19412"
          ],
          [
            "-81703850",
            "41499797",
            "179",
            "51",
            "1000",
            "0",
            "0",
            "0",
            "0",
            "railway=light_rail",
            "railway=crossing",
            "35",
            "20559"
          ],
          [
            "-81703911",
            "41499864",
            "178",
            "9",
            "1000",
            "0",
            "0",
            "0",
            "0",
            "railway=light_rail",
            "railway=level_crossing",
            "36",
            "20756"
          ],
          [
            "-81703987",
            "41499951",
            "177",
            "12",
            "1000",
            "0",
            "0",
            "0",
            "0",
            "railway=light_rail",
            "railway=level_crossing",
            "37",
            "20945"
          ],
          [
            "-81704028",
            "41500002",
            "177",
            "7",
            "1000",
            "0",
            "0",
            "0",
            "0",
            "railway=light_rail",
            "railway=crossing",
            "37",
            "21043"
          ],
          [
            "-81702830",
            "41502604",
            "176",
            "751",
            "1000",
            "0",
            "0",
            "0",
            "0",
            "railway=light_rail",
            "railway=switch",
            "97",
            "48261"
          ],
          [
            "-81702335",
            "41502793",
            "176",
            "46",
            "1000",
            "0",
            "0",
            "0",
            "0",
            "railway=light_rail",
            "railway=switch",
            "101",
            "50061"
          ],
          [
            "-81700251",
            "41503636",
            "179",
            "197",
            "1000",
            "0",
            "0",
            "0",
            "0",
            "railway=light_rail",
            "railway=unknown",
            "117",
            "58679"
          ],
          [
            "-81699607",
            "41503932",
            "182",
            "63",
            "1000",
            "0",
            "0",
            "0",
            "0",
            "railway=light_rail",
            "railway=crossing",
            "122",
            "62739"
          ],
          [
            "-81699147",
            "41504142",
            "182",
            "45",
            "1000",
            "0",
            "0",
            "0",
            "0",
            "railway=light_rail",
            "railway=unknown",
            "125",
            "65170"
          ],
          [
            "-81698687",
            "41504353",
            "186",
            "29",
            "1000",
            "0",
            "0",
            "0",
            "0",
            "railway=light_rail",
            "",
            "128",
            "67202"
          ],
          [
            "-81698687",
            "41504353",
            "186",
            "16",
            "1000",
            "0",
            "0",
            "0",
            "0",
            "railway=light_rail",
            "railway=crossing",
            "1",
            "899"
          ],
          [
            "-81696450",
            "41505378",
            "180",
            "218",
            "1000",
            "0",
            "0",
            "0",
            "0",
            "railway=light_rail",
            "railway=unknown",
            "18",
            "10090"
          ],
          [
            "-81696425",
            "41505389",
            "180",
            "2",
            "1000",
            "0",
            "0",
            "0",
            "0",
            "railway=light_rail",
            "railway=crossing",
            "18",
            "10165"
          ],
          [
            "-81695962",
            "41505587",
            "181",
            "44",
            "1000",
            "0",
            "0",
            "0",
            "0",
            "railway=light_rail",
            "railway=crossing",
            "22",
            "12020"
          ],
          [
            "-81694526",
            "41506270",
            "183",
            "142",
            "1000",
            "0",
            "0",
            "0",
            "0",
            "railway=light_rail",
            "railway=crossing",
            "33",
            "17820"
          ],
          [
            "-81694051",
            "41506483",
            "184",
            "46",
            "1000",
            "0",
            "0",
            "0",
            "0",
            "railway=light_rail",
            "railway=unknown",
            "37",
            "20117"
          ],
          [
            "-81689488",
            "41508608",
            "181",
            "447",
            "1000",
            "0",
            "0",
            "0",
            "0",
            "railway=light_rail",
            "railway=switch",
            "73",
            "38451"
          ],
          [
            "-81689214",
            "41508751",
            "181",
            "28",
            "1000",
            "0",
            "0",
            "0",
            "0",
            "railway=light_rail",
            "railway=switch",
            "75",
            "39474"
          ],
          [
            "-81688782",
            "41509022",
            "180",
            "47",
            "1000",
            "0",
            "0",
            "0",
            "0",
            "railway=light_rail",
            "railway=switch",
            "79",
            "40803"
          ],
          [
            "-81688674",
            "41509077",
            "180",
            "11",
            "1000",
            "0",
            "0",
            "0",
            "0",
            "reversedirection=yes railway=light_rail",
            "railway=crossing",
            "80",
            "41135"
          ],
          [
            "-81688279",
            "41509282",
            "179",
            "40",
            "1000",
            "0",
            "0",
            "0",
            "0",
            "reversedirection=yes railway=light_rail",
            "railway=unknown",
            "83",
            "42393"
          ],
          [
            "-81687879",
            "41509487",
            "181",
            "40",
            "1000",
            "0",
            "0",
            "0",
            "0",
            "reversedirection=yes railway=light_rail",
            "railway=crossing",
            "86",
            "44253"
          ],
          [
            "-81687776",
            "41509541",
            "181",
            "1",
            "1000",
            "0",
            "0",
            "0",
            "0",
            "reversedirection=yes railway=light_rail",
            "",
            "86",
            "44299"
          ]
        ],
        "times": [
          0,
          0.08,
          3.28,
          6.48,
          7.36,
          11.12,
          13.36,
          17.04,
          32.88,
          38.56,
          41.28,
          42.48,
          44.72,
          49.2,
          52.88,
          64.24,
          67.6,
          67.76,
          70.4,
          72.24,
          76.64,
          85.44,
          89.04,
          92.08,
          92.56,
          98.16,
          108.4,
          113.36,
          117.04,
          122,
          128.64,
          129.76,
          130.32,
          130.8,
          131.44,
          137.12,
          138,
          138.8,
          139.68,
          140.48,
          146.88,
          148.24,
          149.04,
          149.68,
          150.32,
          150.88,
          151.36,
          152.24,
          152.88,
          153.52,
          154.24,
          154.72,
          155.84,
          166.32,
          167.2,
          168,
          169.44,
          170.16,
          171.44,
          173.36,
          177.52,
          178,
          179.04,
          179.76,
          182.16,
          186.48,
          189.12,
          191.04,
          194.88,
          196.88,
          198.48,
          200.16,
          200.64,
          201.36,
          202.08,
          203.68,
          207.6,
          209.36,
          211.36,
          212.8,
          213.44,
          214.48,
          214.96,
          217.76,
          221.76,
          222.8,
          223.52,
          224.56,
          225.12,
          226.16,
          227.36,
          227.92,
          228.48,
          228.96,
          229.68,
          230.4,
          231.44,
          232.64,
          235.52,
          237.44,
          239.52,
          240.64,
          243.6,
          245.68,
          247.6,
          251.2,
          253.68,
          255.68,
          257.04,
          258.4,
          265.84,
          273.68,
          275.68,
          277.44,
          279.52,
          284.4,
          285.76,
          286.88,
          288.56,
          290.24,
          296.4,
          303.92,
          309.52,
          313.12,
          319.04,
          322,
          327.36,
          330.24,
          335.44,
          346.08,
          352.72,
          357.28,
          382.88,
          405.6,
          410.96,
          415.68,
          417.76,
          420,
          422.24,
          424.16,
          427.2,
          430.08,
          440.96,
          442.4,
          452.16,
          454.08,
          455.68,
          458,
          459.2,
          460.64,
          462.96,
          464.88,
          466.48,
          468.64,
          471.44,
          474.72,
          486.24,
          490.64,
          499.44,
          501.52,
          506,
          507.44,
          509.52,
          511.52,
          512.88,
          516.24,
          522.88,
          528.8,
          530.48,
          532.08,
          534.64,
          555.2,
          557.52,
          559.2,
          560.8,
          562.24,
          563.36,
          565.04,
          566.56,
          568,
          569.68,
          571.2,
          578,
          578.32,
          588.08,
          589.84,
          591.52,
          592.64,
          594,
          595.6,
          600.88,
          604.4,
          606.56,
          608.08,
          611.2,
          613.44,
          615.84,
          621.92,
          624,
          629.84,
          631.36,
          631.76,
          632.72,
          634.48,
          639.6,
          643.68,
          648.08,
          649.76,
          658.4,
          662.08,
          667.2,
          668.4,
          669.44,
          670.96,
          672,
          672.88,
          674.72,
          676.24,
          677.76,
          679.52,
          680.4,
          681.28,
          683.6,
          684.32,
          686.48,
          687.84,
          689.28,
          705.04,
          710.16,
          715.68,
          718.24,
          720.16,
          723.6,
          725.28,
          726.8,
          729.2,
          730.8,
          732.08,
          734,
          735.84,
          738.24,
          740.32,
          741.6,
          742.48,
          744.16,
          755.2,
          756.8,
          770.72,
          772.16,
          779.2,
          787.84,
          793.76,
          800.72,
          804.56,
          807.12,
          808.88,
          809.92,
          811.6,
          816.08,
          817.92,
          819.12,
          824.96,
          825.36,
          830.24,
          831.84,
          837.76,
          839.84,
          841.12,
          842.64,
          845.04,
          849.76,
          861.52,
          873.2,
          896.08,
          897.44,
          904.8,
          911.44,
          919.12,
          926.32,
          934.56,
          935.6,
          940.56,
          943.68,
          1000.64,
          1007.2,
          1008.16,
          1014.24,
          1015.04,
          1022.4,
          1024.64,
          1024.88,
          1026.48,
          1035.04,
          1036.64,
          1040,
          1042,
          1042.72,
          1043.2,
          1044.16,
          1045.12,
          1045.6,
          1046.4,
          1046.96,
          1047.76,
          1049.44,
          1050.8,
          1052.24,
          1053.6,
          1055.04,
          1056.16,
          1056.72,
          1057.68,
          1058.24,
          1060.4,
          1064.16,
          1072.32,
          1073.36,
          1080,
          1085.12,
          1089.68,
          1092.32,
          1093.28,
          1094.08,
          1130.32,
          1132.16,
          1132.96,
          1133.52,
          1171.92,
          1173.76,
          1174.72,
          1175.84,
          1177.04,
          1215.44,
          1216.96,
          1217.44,
          1217.92,
          1221.28,
          1223.28,
          1224.96,
          1226.8,
          1228.88,
          1230.96,
          1233.2,
          1236.72,
          1240,
          1241.84,
          1245.36,
          1248.64,
          1250.48,
          1252.88,
          1254.88,
          1257.04,
          1261.2,
          1263.52,
          1265.12,
          1269.2,
          1297.28,
          1310.32,
          1312.24,
          1313.04,
          1313.92,
          1320.64,
          1348.08,
          1349.76,
          1350.88,
          1351.68,
          1358.48,
          1392.4,
          1392.96,
          1394.56,
          1395.44,
          1399.92,
          1402.24,
          1442.96,
          1444.08,
          1444.72,
          1445.84,
          1446.8,
          1448,
          1448.96,
          1449.92,
          1450.64,
          1452,
          1453.12,
          1455.68,
          1459.04,
          1462.4,
          1464.96,
          1466.08,
          1467.44,
          1469.12,
          1470,
          1471.36,
          1472.32,
          1473.36,
          1474.16,
          1475.28,
          1516.08,
          1518.4,
          1522.88,
          1523.76,
          1525.36,
          1525.92,
          1559.84,
          1565.04,
          1566.64,
          1567.36,
          1568.48,
          1597.6,
          1602.32,
          1604.4,
          1605.28,
          1606.08,
          1621.04,
          1649.12,
          1653.2,
          1654.72,
          1657.2,
          1662.08,
          1663.44,
          1665.2,
          1668,
          1670.64,
          1672.4,
          1674.56,
          1676.96,
          1679.44,
          1681.52,
          1684,
          1687.6,
          1689.92,
          1692.24,
          1696.24,
          1698.8,
          1700.32,
          1700.8,
          1701.28,
          1739.52,
          1741.2,
          1742.24,
          1743.2,
          1744.56,
          1782.48,
          1784.56,
          1785.04,
          1785.84,
          1802.24,
          1821.04,
          1823.84,
          1824.64,
          1825.68,
          1833.28,
          1841.36,
          1845.6,
          1846.4,
          1849.76,
          1854.16,
          1857.68,
          1860,
          1861.28,
          1861.84,
          1862.96,
          1864,
          1864.8,
          1866.4,
          1868.08,
          1871.04,
          1871.6,
          1872.32,
          1873.6,
          1874.56,
          1875.6,
          1876.4,
          1876.88,
          1879.12,
          1882.16,
          1883.76,
          1892.32,
          1893.92,
          1894.16,
          1900.32,
          1903.84,
          1906.64,
          1911.84,
          1915.52,
          1975.2,
          1978.32,
          1979.36,
          1988.16,
          1994.88,
          1998.88,
          2002.64,
          2006.56,
          2009.76,
          2014.08,
          2017.2,
          2022.8,
          2069.2,
          2073.84,
          2075.12,
          2076.8,
          2078.4,
          2079.68,
          2081.2,
          2086.88,
          2088.48,
          2090,
          2097.44,
          2100.64,
          2107.2,
          2109.04,
          2110.08,
          2111.6,
          2114.16,
          2116.88,
          2125.28,
          2130.24,
          2133.2,
          2139.44,
          2146.72,
          2148.24,
          2162.16,
          2163.68,
          2174.8,
          2176.48,
          2177.36,
          2178.72,
          2180.88,
          2182.4,
          2183.92,
          2185.28,
          2186.88,
          2188.48,
          2191.04,
          2192.56,
          2194.4,
          2196.16,
          2197.44,
          2198.8,
          2200.72,
          2206.8,
          2207.44,
          2209.92,
          2227.76,
          2232,
          2235.2,
          2236.72,
          2239.12,
          2241.36,
          2242.64,
          2244.72,
          2246.56,
          2248.24,
          2249.68,
          2252.56,
          2253.84,
          2254.8,
          2256.32,
          2261.2,
          2263.52,
          2268.56,
          2273.28,
          2275.04,
          2286.48,
          2289.44,
          2291.76,
          2295.12,
          2299.6,
          2302.88,
          2305.92,
          2307.92,
          2313.52,
          2317.76,
          2321.12,
          2321.92,
          2324.32,
          2326.64,
          2328.96,
          2330.32,
          2333.76,
          2336.64,
          2340.56,
          2344.16,
          2345.84,
          2346.88,
          2348.24,
          2349.52,
          2351.6,
          2353.36,
          2354.72,
          2356.32,
          2357.52,
          2358.64,
          2361.2,
          2370.72,
          2373.76,
          2374.56,
          2379.44,
          2379.92,
          2383.12,
          2386.16,
          2387.6,
          2388.72,
          2394,
          2400.64,
          2404.08,
          2405.36,
          2407.28,
          2409.2,
          2411.2,
          2412.8,
          2416.96,
          2419.12,
          2427.44,
          2430.08,
          2431.84,
          2436.56,
          2436.88,
          2448.72,
          2450.4,
          2452.4,
          2454,
          2455.92,
          2458.48,
          2460.8,
          2463.2,
          2472.32,
          2475.84,
          2477.28,
          2480.88,
          2486.56,
          2488.96,
          2491.52,
          2493.76,
          2495.68,
          2498,
          2500.24,
          2501.92,
          2504.48,
          2507.28,
          2552.72,
          2560.96,
          2564,
          2566.96,
          2571.92,
          2582.64,
          2587.84,
          2590.48,
          2593.12,
          2598.08,
          2600.72,
          2610.24,
          2614.64,
          2620,
          2625.84,
          2630.8,
          2634.08,
          2637.2,
          2638.88,
          2640.08,
          2641.2,
          2642.08,
          2643.52,
          2645.44,
          2653.28,
          2657.76,
          2660.24,
          2661.12,
          2664.08,
          2666.48,
          2668.32,
          2673.28,
          2677.52,
          2688.88,
          2689.68,
          2690.56,
          2691.2,
          2691.52,
          2692.08,
          2693.12,
          2694.08,
          2694.96,
          2696,
          2697.44,
          2700.88,
          2703.2,
          2703.68,
          2704,
          2704.96,
          2705.68,
          2707.76,
          2708.96,
          2710.08,
          2711.2,
          2714.96,
          2716,
          2716.72,
          2717.2,
          2717.92,
          2718.4,
          2720.32,
          2721.68,
          2724.48,
          2727.04,
          2729.04,
          2730.56,
          2732.08,
          2734.72,
          2738.8,
          2739.52,
          2740.48,
          2741.04,
          2747.2,
          2748.32,
          2749.28,
          2750.4,
          2751.68,
          2752.48,
          2762.56,
          2763.04,
          2764,
          2764.48,
          2765.2,
          2765.92,
          2766.72,
          2767.52,
          2768.24,
          2768.96,
          2769.6,
          2770.4,
          2771.12,
          2776.96,
          2777.76,
          2778.4,
          2778.96,
          2779.52,
          2780.08,
          2780.56,
          2786.16,
          2786.8,
          2787.52,
          2788.16,
          2788.8,
          2789.36,
          2801.12,
          2804.8,
          2816.32,
          2820.56,
          2825.6,
          2829.2,
          2831.52,
          2832.8,
          2839.44,
          2845.28,
          2846.64,
          2850.24,
          2850.4,
          2853.92,
          2865.28,
          2868.96,
          2872.64,
          2875.52,
          2877.2,
          2878.8,
          2901.28,
          2904.72,
          2906.96,
          2910.72,
          2911.6,
          2914.8,
          2918,
          2918.08
        ]
      },
      "geometry": {
        "type": "LineString",
        "coordinates": [
          [
            -81.687868,
            41.509493,
            181.25
          ],
          [
            -81.687879,
            41.509487,
            181.25
          ],
          [
            -81.688279,
            41.509282,
            179.75
          ],
          [
            -81.688674,
            41.509077,
            180
          ],
          [
            -81.688782,
            41.509022,
            180.25
          ],
          [
            -81.689214,
            41.508751,
            181.75
          ],
          [
            -81.689488,
            41.508608,
            181.5
          ],
          [
            -81.689974,
            41.508405,
            179.75
          ],
          [
            -81.691952,
            41.507427,
            187.25
          ],
          [
            -81.692678,
            41.507086,
            187
          ],
          [
            -81.693027,
            41.506927,
            185.75
          ],
          [
            -81.69319,
            41.506867,
            185
          ],
          [
            -81.693499,
            41.50677,
            184
          ],
          [
            -81.694078,
            41.506516,
            184.5
          ],
          [
            -81.694549,
            41.5063,
            183.5
          ],
          [
            -81.695988,
            41.50562,
            180.75
          ],
          [
            -81.69643,
            41.505436,
            180.5
          ],
          [
            -81.696454,
            41.505427,
            180.25
          ],
          [
            -81.696811,
            41.505297,
            180.25
          ],
          [
            -81.697056,
            41.505193,
            181.25
          ],
          [
            -81.697603,
            41.504915,
            184.25
          ],
          [
            -81.69871,
            41.504377,
            186.5
          ],
          [
            -81.699172,
            41.50417,
            182
          ],
          [
            -81.699564,
            41.503989,
            182.5
          ],
          [
            -81.699629,
            41.503959,
            182.5
          ],
          [
            -81.700346,
            41.503632,
            179
          ],
          [
            -81.7017,
            41.503087,
            176.75
          ],
          [
            -81.702335,
            41.502793,
            176
          ],
          [
            -81.70283,
            41.502604,
            176.5
          ],
          [
            -81.703519,
            41.502385,
            177.25
          ],
          [
            -81.704403,
            41.502038,
            176.75
          ],
          [
            -81.704567,
            41.502002,
            177
          ],
          [
            -81.704649,
            41.501998,
            177.25
          ],
          [
            -81.704723,
            41.502004,
            177.25
          ],
          [
            -81.704818,
            41.502021,
            177.5
          ],
          [
            -81.705615,
            41.502251,
            177
          ],
          [
            -81.705742,
            41.502274,
            176.75
          ],
          [
            -81.705861,
            41.502277,
            176.75
          ],
          [
            -81.705991,
            41.502253,
            177
          ],
          [
            -81.706101,
            41.502213,
            177.25
          ],
          [
            -81.706907,
            41.501818,
            178
          ],
          [
            -81.707063,
            41.501721,
            177.75
          ],
          [
            -81.707133,
            41.501649,
            177.75
          ],
          [
            -81.707171,
            41.501581,
            177.75
          ],
          [
            -81.707196,
            41.501515,
            177.75
          ],
          [
            -81.707205,
            41.501456,
            177.5
          ],
          [
            -81.707204,
            41.501401,
            177.5
          ],
          [
            -81.707166,
            41.501304,
            177.5
          ],
          [
            -81.707127,
            41.501239,
            177.25
          ],
          [
            -81.707072,
            41.501175,
            177
          ],
          [
            -81.706998,
            41.501121,
            177
          ],
          [
            -81.706937,
            41.501088,
            177
          ],
          [
            -81.706778,
            41.501036,
            176.75
          ],
          [
            -81.705224,
            41.50084,
            175.5
          ],
          [
            -81.705094,
            41.500814,
            175.5
          ],
          [
            -81.704983,
            41.500782,
            175.25
          ],
          [
            -81.704801,
            41.500701,
            175.25
          ],
          [
            -81.704721,
            41.500653,
            175.25
          ],
          [
            -81.70459,
            41.500548,
            175.25
          ],
          [
            -81.704425,
            41.500368,
            175.25
          ],
          [
            -81.70407,
            41.49998,
            176.25
          ],
          [
            -81.704035,
            41.499937,
            176.75
          ],
          [
            -81.703948,
            41.499842,
            178
          ],
          [
            -81.703887,
            41.499777,
            178.5
          ],
          [
            -81.703687,
            41.499554,
            180.25
          ],
          [
            -81.703328,
            41.499152,
            181
          ],
          [
            -81.703096,
            41.498911,
            183.25
          ],
          [
            -81.702909,
            41.498744,
            185.25
          ],
          [
            -81.702517,
            41.498423,
            188.5
          ],
          [
            -81.702336,
            41.498243,
            189.25
          ],
          [
            -81.702204,
            41.498097,
            189
          ],
          [
            -81.702079,
            41.497936,
            187.75
          ],
          [
            -81.702043,
            41.49789,
            187.25
          ],
          [
            -81.701984,
            41.49782,
            186.5
          ],
          [
            -81.701927,
            41.497753,
            185.75
          ],
          [
            -81.701776,
            41.497614,
            184
          ],
          [
            -81.70134,
            41.497313,
            183.5
          ],
          [
            -81.701157,
            41.497166,
            183.75
          ],
          [
            -81.700977,
            41.496985,
            183
          ],
          [
            -81.700864,
            41.496852,
            182
          ],
          [
            -81.700812,
            41.496792,
            181.75
          ],
          [
            -81.700728,
            41.496694,
            181.75
          ],
          [
            -81.700689,
            41.496648,
            182
          ],
          [
            -81.700465,
            41.496386,
            184.5
          ],
          [
            -81.70014,
            41.496005,
            186
          ],
          [
            -81.700057,
            41.495904,
            186
          ],
          [
            -81.699984,
            41.495846,
            186
          ],
          [
            -81.69986,
            41.495777,
            185.25
          ],
          [
            -81.699784,
            41.495746,
            185
          ],
          [
            -81.699639,
            41.495706,
            184.5
          ],
          [
            -81.699458,
            41.495683,
            183.75
          ],
          [
            -81.699371,
            41.495687,
            183.75
          ],
          [
            -81.699294,
            41.495701,
            183.75
          ],
          [
            -81.699225,
            41.495712,
            183.75
          ],
          [
            -81.699126,
            41.495737,
            184
          ],
          [
            -81.699024,
            41.495772,
            184.5
          ],
          [
            -81.698892,
            41.495833,
            185.5
          ],
          [
            -81.698763,
            41.495923,
            186.75
          ],
          [
            -81.698486,
            41.496169,
            190.5
          ],
          [
            -81.698295,
            41.49633,
            193.75
          ],
          [
            -81.698074,
            41.496495,
            199.75
          ],
          [
            -81.697951,
            41.496578,
            200
          ],
          [
            -81.697628,
            41.496811,
            200.75
          ],
          [
            -81.697418,
            41.49698,
            201.25
          ],
          [
            -81.697203,
            41.49712,
            201.5
          ],
          [
            -81.696784,
            41.497372,
            202.5
          ],
          [
            -81.696483,
            41.497542,
            203
          ],
          [
            -81.696216,
            41.497642,
            203.5
          ],
          [
            -81.696035,
            41.497702,
            204
          ],
          [
            -81.695831,
            41.497727,
            204.25
          ],
          [
            -81.694722,
            41.497653,
            206
          ],
          [
            -81.693552,
            41.497573,
            208
          ],
          [
            -81.693254,
            41.497553,
            208.5
          ],
          [
            -81.693001,
            41.497505,
            209
          ],
          [
            -81.692701,
            41.497431,
            209.5
          ],
          [
            -81.692035,
            41.497196,
            210.5
          ],
          [
            -81.691847,
            41.49713,
            210.75
          ],
          [
            -81.691701,
            41.497071,
            211.25
          ],
          [
            -81.691492,
            41.49697,
            207.5
          ],
          [
            -81.691283,
            41.496858,
            203.75
          ],
          [
            -81.690568,
            41.496417,
            190
          ],
          [
            -81.689697,
            41.495887,
            190
          ],
          [
            -81.689088,
            41.495455,
            193.5
          ],
          [
            -81.688689,
            41.495182,
            194.75
          ],
          [
            -81.687999,
            41.494762,
            195.25
          ],
          [
            -81.687651,
            41.494557,
            195.25
          ],
          [
            -81.687036,
            41.494169,
            195.75
          ],
          [
            -81.686696,
            41.493965,
            199
          ],
          [
            -81.686054,
            41.493628,
            199.5
          ],
          [
            -81.684713,
            41.492984,
            202.25
          ],
          [
            -81.683903,
            41.492555,
            201
          ],
          [
            -81.683328,
            41.49228,
            201.25
          ],
          [
            -81.680052,
            41.490791,
            195.75
          ],
          [
            -81.677144,
            41.489463,
            191
          ],
          [
            -81.676456,
            41.489153,
            192.5
          ],
          [
            -81.675835,
            41.4889,
            194.25
          ],
          [
            -81.67555,
            41.488803,
            195
          ],
          [
            -81.675241,
            41.488709,
            196
          ],
          [
            -81.674927,
            41.488625,
            196.75
          ],
          [
            -81.674649,
            41.488563,
            197.5
          ],
          [
            -81.674204,
            41.488483,
            198
          ],
          [
            -81.673774,
            41.488429,
            197.5
          ],
          [
            -81.672151,
            41.4883,
            197.25
          ],
          [
            -81.671938,
            41.488283,
            197.5
          ],
          [
            -81.670489,
            41.48817,
            195
          ],
          [
            -81.6702,
            41.488145,
            194.5
          ],
          [
            -81.669966,
            41.488117,
            193.75
          ],
          [
            -81.669629,
            41.488068,
            194
          ],
          [
            -81.669452,
            41.488033,
            194
          ],
          [
            -81.669243,
            41.487987,
            193.75
          ],
          [
            -81.668917,
            41.487894,
            194.25
          ],
          [
            -81.668656,
            41.487805,
            194.5
          ],
          [
            -81.668445,
            41.487723,
            194.5
          ],
          [
            -81.668162,
            41.487603,
            194.25
          ],
          [
            -81.667807,
            41.487435,
            193.75
          ],
          [
            -81.667406,
            41.487227,
            194
          ],
          [
            -81.665978,
            41.486508,
            195.75
          ],
          [
            -81.66543,
            41.48623,
            194.75
          ],
          [
            -81.664341,
            41.485678,
            195.25
          ],
          [
            -81.664076,
            41.485548,
            196.75
          ],
          [
            -81.663523,
            41.48526,
            200
          ],
          [
            -81.663352,
            41.48516,
            200.75
          ],
          [
            -81.663123,
            41.485005,
            200.25
          ],
          [
            -81.662915,
            41.484837,
            199
          ],
          [
            -81.662783,
            41.484715,
            198.25
          ],
          [
            -81.662495,
            41.484408,
            196.75
          ],
          [
            -81.661949,
            41.483789,
            197.25
          ],
          [
            -81.661448,
            41.483241,
            196.75
          ],
          [
            -81.661292,
            41.483095,
            197
          ],
          [
            -81.66113,
            41.482961,
            196.75
          ],
          [
            -81.660859,
            41.482758,
            195.75
          ],
          [
            -81.658614,
            41.48117,
            195.75
          ],
          [
            -81.658358,
            41.480989,
            195.75
          ],
          [
            -81.65817,
            41.480865,
            195.75
          ],
          [
            -81.657983,
            41.480757,
            195.5
          ],
          [
            -81.65781,
            41.480668,
            195.5
          ],
          [
            -81.657664,
            41.480605,
            195.5
          ],
          [
            -81.657432,
            41.480525,
            195.5
          ],
          [
            -81.657214,
            41.480468,
            195.75
          ],
          [
            -81.657009,
            41.480428,
            196
          ],
          [
            -81.656764,
            41.480392,
            196.5
          ],
          [
            -81.656539,
            41.480372,
            196.5
          ],
          [
            -81.655521,
            41.480299,
            195.75
          ],
          [
            -81.655476,
            41.480296,
            195.75
          ],
          [
            -81.654024,
            41.480196,
            195.25
          ],
          [
            -81.653756,
            41.480187,
            195
          ],
          [
            -81.653501,
            41.48019,
            195
          ],
          [
            -81.653334,
            41.480202,
            195
          ],
          [
            -81.653135,
            41.480227,
            195
          ],
          [
            -81.652896,
            41.480266,
            195
          ],
          [
            -81.652127,
            41.48042,
            195.25
          ],
          [
            -81.651615,
            41.480513,
            195.75
          ],
          [
            -81.6513,
            41.480544,
            196.25
          ],
          [
            -81.651073,
            41.480561,
            196.5
          ],
          [
            -81.650612,
            41.480583,
            197.25
          ],
          [
            -81.650275,
            41.480611,
            197.5
          ],
          [
            -81.649927,
            41.480661,
            197.75
          ],
          [
            -81.649042,
            41.480814,
            198.5
          ],
          [
            -81.648741,
            41.480859,
            198.75
          ],
          [
            -81.647869,
            41.48094,
            200
          ],
          [
            -81.647643,
            41.480974,
            200
          ],
          [
            -81.647581,
            41.48099,
            200
          ],
          [
            -81.647453,
            41.48104,
            199.75
          ],
          [
            -81.647242,
            41.481154,
            198.75
          ],
          [
            -81.646639,
            41.48151,
            195
          ],
          [
            -81.646157,
            41.48179,
            194.25
          ],
          [
            -81.645607,
            41.48206,
            196
          ],
          [
            -81.645395,
            41.482161,
            197.25
          ],
          [
            -81.644328,
            41.482715,
            200.25
          ],
          [
            -81.643863,
            41.482936,
            199.5
          ],
          [
            -81.643197,
            41.483216,
            197.5
          ],
          [
            -81.643032,
            41.483267,
            197.5
          ],
          [
            -81.642889,
            41.483301,
            197.75
          ],
          [
            -81.642664,
            41.483346,
            198.25
          ],
          [
            -81.642513,
            41.483368,
            198.75
          ],
          [
            -81.642378,
            41.483382,
            199.25
          ],
          [
            -81.642106,
            41.483396,
            200.25
          ],
          [
            -81.64188,
            41.483394,
            201
          ],
          [
            -81.641652,
            41.483379,
            201.75
          ],
          [
            -81.641388,
            41.483349,
            202.75
          ],
          [
            -81.641257,
            41.483326,
            203.5
          ],
          [
            -81.641135,
            41.483302,
            204
          ],
          [
            -81.640804,
            41.483216,
            205.25
          ],
          [
            -81.640705,
            41.483184,
            205.25
          ],
          [
            -81.640422,
            41.483076,
            205.5
          ],
          [
            -81.640243,
            41.483001,
            205.75
          ],
          [
            -81.640063,
            41.482917,
            206
          ],
          [
            -81.638119,
            41.481914,
            204
          ],
          [
            -81.637489,
            41.481585,
            206.25
          ],
          [
            -81.63681,
            41.481231,
            206.25
          ],
          [
            -81.636493,
            41.481065,
            207
          ],
          [
            -81.636247,
            41.480947,
            207.5
          ],
          [
            -81.635788,
            41.480767,
            207.75
          ],
          [
            -81.63556,
            41.480698,
            208.25
          ],
          [
            -81.635348,
            41.480644,
            208.5
          ],
          [
            -81.634994,
            41.480584,
            209.25
          ],
          [
            -81.634758,
            41.480558,
            209
          ],
          [
            -81.634573,
            41.480544,
            209
          ],
          [
            -81.634286,
            41.480539,
            209
          ],
          [
            -81.634014,
            41.480552,
            208.75
          ],
          [
            -81.633659,
            41.480587,
            208.5
          ],
          [
            -81.633352,
            41.480629,
            208.25
          ],
          [
            -81.633162,
            41.480659,
            208.25
          ],
          [
            -81.633034,
            41.48068,
            208.5
          ],
          [
            -81.632793,
            41.480724,
            208.5
          ],
          [
            -81.6312,
            41.481049,
            211.25
          ],
          [
            -81.630969,
            41.481103,
            211.75
          ],
          [
            -81.62896,
            41.481523,
            212.5
          ],
          [
            -81.628748,
            41.481571,
            213.25
          ],
          [
            -81.627729,
            41.481782,
            215.5
          ],
          [
            -81.626486,
            41.482053,
            218.5
          ],
          [
            -81.625653,
            41.482266,
            220.75
          ],
          [
            -81.62467,
            41.482526,
            220.75
          ],
          [
            -81.62412,
            41.482665,
            220
          ],
          [
            -81.623755,
            41.482744,
            220
          ],
          [
            -81.623502,
            41.482784,
            220
          ],
          [
            -81.623351,
            41.482799,
            220.25
          ],
          [
            -81.623099,
            41.482808,
            221
          ],
          [
            -81.622435,
            41.482795,
            223.75
          ],
          [
            -81.622165,
            41.482781,
            225
          ],
          [
            -81.621989,
            41.482774,
            225
          ],
          [
            -81.621118,
            41.482745,
            225
          ],
          [
            -81.621056,
            41.482743,
            225.25
          ],
          [
            -81.62033,
            41.482714,
            227.5
          ],
          [
            -81.620092,
            41.482705,
            228.25
          ],
          [
            -81.61921,
            41.482671,
            231.25
          ],
          [
            -81.618902,
            41.482671,
            232.75
          ],
          [
            -81.618714,
            41.482678,
            233.5
          ],
          [
            -81.618484,
            41.482695,
            234.5
          ],
          [
            -81.618124,
            41.482736,
            235.75
          ],
          [
            -81.61743,
            41.482833,
            238
          ],
          [
            -81.615703,
            41.483073,
            241.5
          ],
          [
            -81.613984,
            41.483324,
            243.75
          ],
          [
            -81.610624,
            41.483792,
            254.25
          ],
          [
            -81.610423,
            41.483821,
            254.25
          ],
          [
            -81.609333,
            41.483956,
            256.25
          ],
          [
            -81.608349,
            41.484027,
            256
          ],
          [
            -81.607199,
            41.484077,
            258.25
          ],
          [
            -81.606124,
            41.48408,
            263.75
          ],
          [
            -81.604886,
            41.484068,
            264.5
          ],
          [
            -81.604736,
            41.484067,
            264.25
          ],
          [
            -81.603995,
            41.48406,
            263
          ],
          [
            -81.603532,
            41.484055,
            263
          ],
          [
            -81.595007,
            41.483985,
            275
          ],
          [
            -81.594022,
            41.483978,
            275
          ],
          [
            -81.593875,
            41.483976,
            275
          ],
          [
            -81.59297,
            41.483964,
            275.25
          ],
          [
            -81.592855,
            41.483962,
            275.25
          ],
          [
            -81.59175,
            41.483926,
            275.75
          ],
          [
            -81.59142,
            41.483908,
            276
          ],
          [
            -81.59138,
            41.483906,
            276
          ],
          [
            -81.591146,
            41.483893,
            276
          ],
          [
            -81.589868,
            41.483819,
            277.75
          ],
          [
            -81.589629,
            41.483802,
            278.25
          ],
          [
            -81.589133,
            41.483764,
            279.5
          ],
          [
            -81.588837,
            41.483716,
            280
          ],
          [
            -81.588735,
            41.483682,
            280
          ],
          [
            -81.58867,
            41.483651,
            280
          ],
          [
            -81.588566,
            41.483572,
            280
          ],
          [
            -81.58849,
            41.483478,
            280
          ],
          [
            -81.588461,
            41.483425,
            280
          ],
          [
            -81.588432,
            41.483341,
            279.75
          ],
          [
            -81.588424,
            41.48328,
            279.75
          ],
          [
            -81.588421,
            41.483189,
            279.5
          ],
          [
            -81.58844,
            41.482998,
            279
          ],
          [
            -81.588445,
            41.482847,
            278.75
          ],
          [
            -81.588435,
            41.482685,
            278.5
          ],
          [
            -81.588406,
            41.482537,
            278
          ],
          [
            -81.588356,
            41.482383,
            278
          ],
          [
            -81.588301,
            41.482265,
            278.25
          ],
          [
            -81.58827,
            41.482202,
            278.5
          ],
          [
            -81.588213,
            41.482105,
            278.75
          ],
          [
            -81.588172,
            41.482051,
            279
          ],
          [
            -81.587995,
            41.481845,
            279.25
          ],
          [
            -81.58763,
            41.481523,
            280
          ],
          [
            -81.586835,
            41.480831,
            281
          ],
          [
            -81.586735,
            41.480744,
            281.25
          ],
          [
            -81.586085,
            41.480179,
            283.5
          ],
          [
            -81.585584,
            41.479745,
            283.5
          ],
          [
            -81.585136,
            41.479356,
            283.75
          ],
          [
            -81.584876,
            41.479131,
            284.25
          ],
          [
            -81.58478,
            41.479047,
            284.5
          ],
          [
            -81.584702,
            41.478979,
            284.75
          ],
          [
            -81.581151,
            41.475897,
            287.75
          ],
          [
            -81.580972,
            41.475742,
            288
          ],
          [
            -81.580891,
            41.475672,
            288
          ],
          [
            -81.580837,
            41.475627,
            288
          ],
          [
            -81.577078,
            41.472364,
            290.5
          ],
          [
            -81.576896,
            41.472206,
            291
          ],
          [
            -81.576803,
            41.472123,
            291.25
          ],
          [
            -81.576695,
            41.472028,
            291.25
          ],
          [
            -81.576575,
            41.471925,
            291
          ],
          [
            -81.572814,
            41.46866,
            291
          ],
          [
            -81.572662,
            41.468528,
            291
          ],
          [
            -81.572613,
            41.468485,
            291
          ],
          [
            -81.572564,
            41.468441,
            291
          ],
          [
            -81.572219,
            41.468163,
            292
          ],
          [
            -81.572001,
            41.468004,
            292.75
          ],
          [
            -81.571813,
            41.467879,
            293
          ],
          [
            -81.571599,
            41.467745,
            293.25
          ],
          [
            -81.57135,
            41.467602,
            293
          ],
          [
            -81.571102,
            41.467468,
            293
          ],
          [
            -81.570818,
            41.467333,
            293
          ],
          [
            -81.570358,
            41.467142,
            293.75
          ],
          [
            -81.569914,
            41.466987,
            293.75
          ],
          [
            -81.569661,
            41.466911,
            294
          ],
          [
            -81.569161,
            41.466785,
            295
          ],
          [
            -81.56869,
            41.466691,
            295.5
          ],
          [
            -81.568417,
            41.46665,
            295.75
          ],
          [
            -81.568057,
            41.466608,
            296.25
          ],
          [
            -81.567758,
            41.466581,
            296.75
          ],
          [
            -81.567437,
            41.466567,
            297.25
          ],
          [
            -81.566809,
            41.46656,
            299
          ],
          [
            -81.566456,
            41.466561,
            298.75
          ],
          [
            -81.566216,
            41.466563,
            298.75
          ],
          [
            -81.5656,
            41.466563,
            298.5
          ],
          [
            -81.561405,
            41.466571,
            303.75
          ],
          [
            -81.55945,
            41.466571,
            306.5
          ],
          [
            -81.559163,
            41.466572,
            307
          ],
          [
            -81.559039,
            41.466574,
            307
          ],
          [
            -81.558911,
            41.466575,
            307.25
          ],
          [
            -81.5579,
            41.466577,
            308
          ],
          [
            -81.553794,
            41.466577,
            311.75
          ],
          [
            -81.553544,
            41.466577,
            311.25
          ],
          [
            -81.553378,
            41.466578,
            311
          ],
          [
            -81.553263,
            41.466579,
            311
          ],
          [
            -81.552248,
            41.466584,
            311.75
          ],
          [
            -81.547177,
            41.466586,
            315.75
          ],
          [
            -81.547094,
            41.466586,
            316
          ],
          [
            -81.546856,
            41.466587,
            316.5
          ],
          [
            -81.546726,
            41.466587,
            316.75
          ],
          [
            -81.54606,
            41.466587,
            318.25
          ],
          [
            -81.545714,
            41.46659,
            318.5
          ],
          [
            -81.53962,
            41.466593,
            316.25
          ],
          [
            -81.539448,
            41.46658,
            316.5
          ],
          [
            -81.539356,
            41.466565,
            316.5
          ],
          [
            -81.539202,
            41.466526,
            316.5
          ],
          [
            -81.539076,
            41.46648,
            316.25
          ],
          [
            -81.538923,
            41.466403,
            316
          ],
          [
            -81.538806,
            41.466344,
            315.75
          ],
          [
            -81.538683,
            41.466285,
            315.5
          ],
          [
            -81.538591,
            41.466249,
            315.5
          ],
          [
            -81.538409,
            41.466175,
            315.5
          ],
          [
            -81.53826,
            41.466114,
            315.5
          ],
          [
            -81.537938,
            41.46595,
            315.75
          ],
          [
            -81.537526,
            41.465739,
            316.25
          ],
          [
            -81.537938,
            41.46595,
            315.75
          ],
          [
            -81.53826,
            41.466114,
            315.5
          ],
          [
            -81.538409,
            41.466175,
            315.5
          ],
          [
            -81.538591,
            41.466249,
            315.5
          ],
          [
            -81.538777,
            41.466373,
            315.75
          ],
          [
            -81.53888,
            41.466431,
            316
          ],
          [
            -81.539049,
            41.466515,
            316.25
          ],
          [
            -81.539183,
            41.466561,
            316.5
          ],
          [
            -81.539331,
            41.4666,
            316.5
          ],
          [
            -81.539449,
            41.466618,
            316.5
          ],
          [
            -81.539615,
            41.46663,
            316.25
          ],
          [
            -81.545716,
            41.466625,
            318.75
          ],
          [
            -81.546061,
            41.466624,
            318.25
          ],
          [
            -81.546727,
            41.466624,
            316.75
          ],
          [
            -81.546857,
            41.466623,
            316.5
          ],
          [
            -81.547094,
            41.466623,
            316
          ],
          [
            -81.547176,
            41.466622,
            315.75
          ],
          [
            -81.552249,
            41.466619,
            311.5
          ],
          [
            -81.553024,
            41.466618,
            311
          ],
          [
            -81.553266,
            41.466618,
            311
          ],
          [
            -81.553378,
            41.466617,
            311
          ],
          [
            -81.553545,
            41.466618,
            311.25
          ],
          [
            -81.557898,
            41.466614,
            308
          ],
          [
            -81.5586,
            41.466613,
            307.5
          ],
          [
            -81.558908,
            41.466613,
            307.25
          ],
          [
            -81.559038,
            41.466613,
            307
          ],
          [
            -81.559161,
            41.466612,
            307
          ],
          [
            -81.561404,
            41.466612,
            303.75
          ],
          [
            -81.565601,
            41.466608,
            298.25
          ],
          [
            -81.566213,
            41.466607,
            298.5
          ],
          [
            -81.566444,
            41.466606,
            298.75
          ],
          [
            -81.56681,
            41.466606,
            298.75
          ],
          [
            -81.567536,
            41.466614,
            297
          ],
          [
            -81.567741,
            41.466625,
            296.75
          ],
          [
            -81.567997,
            41.466647,
            296.25
          ],
          [
            -81.568409,
            41.466691,
            295.75
          ],
          [
            -81.568793,
            41.466752,
            295.25
          ],
          [
            -81.56905,
            41.466804,
            295
          ],
          [
            -81.569356,
            41.466877,
            294.5
          ],
          [
            -81.569698,
            41.466967,
            294
          ],
          [
            -81.570036,
            41.467074,
            293.75
          ],
          [
            -81.570316,
            41.467175,
            293.75
          ],
          [
            -81.570644,
            41.467307,
            293.5
          ],
          [
            -81.5711,
            41.467517,
            293
          ],
          [
            -81.57138,
            41.467669,
            293.25
          ],
          [
            -81.571657,
            41.467831,
            293.25
          ],
          [
            -81.572099,
            41.468133,
            292.5
          ],
          [
            -81.572363,
            41.468341,
            291.25
          ],
          [
            -81.572522,
            41.468469,
            291
          ],
          [
            -81.572571,
            41.468509,
            291
          ],
          [
            -81.572622,
            41.468553,
            291
          ],
          [
            -81.576367,
            41.471805,
            290.5
          ],
          [
            -81.576535,
            41.471951,
            291
          ],
          [
            -81.576632,
            41.472038,
            291.25
          ],
          [
            -81.576721,
            41.472123,
            291.25
          ],
          [
            -81.576851,
            41.472236,
            291
          ],
          [
            -81.580574,
            41.475457,
            288.25
          ],
          [
            -81.580778,
            41.475632,
            288.25
          ],
          [
            -81.580827,
            41.475675,
            288
          ],
          [
            -81.580905,
            41.475742,
            288
          ],
          [
            -81.582514,
            41.477132,
            284.75
          ],
          [
            -81.584349,
            41.47873,
            285.25
          ],
          [
            -81.584626,
            41.478972,
            284.75
          ],
          [
            -81.5847,
            41.47904,
            284.75
          ],
          [
            -81.5848,
            41.479125,
            284.5
          ],
          [
            -81.585541,
            41.479771,
            283.5
          ],
          [
            -81.586334,
            41.480457,
            282.25
          ],
          [
            -81.58675,
            41.480821,
            281
          ],
          [
            -81.58683,
            41.480892,
            281
          ],
          [
            -81.58716,
            41.481172,
            281.25
          ],
          [
            -81.587589,
            41.481548,
            280
          ],
          [
            -81.587933,
            41.48185,
            279.5
          ],
          [
            -81.588126,
            41.482072,
            279
          ],
          [
            -81.588211,
            41.482205,
            278.75
          ],
          [
            -81.588244,
            41.482267,
            278.5
          ],
          [
            -81.588297,
            41.482383,
            278.25
          ],
          [
            -81.588339,
            41.482498,
            278
          ],
          [
            -81.588361,
            41.482585,
            278
          ],
          [
            -81.588388,
            41.482766,
            278.5
          ],
          [
            -81.588388,
            41.482959,
            279
          ],
          [
            -81.588363,
            41.483289,
            279.75
          ],
          [
            -81.588367,
            41.483353,
            280
          ],
          [
            -81.588387,
            41.483431,
            280
          ],
          [
            -81.588466,
            41.483567,
            280.25
          ],
          [
            -81.588553,
            41.48365,
            280.25
          ],
          [
            -81.588669,
            41.483724,
            280.25
          ],
          [
            -81.588772,
            41.483761,
            280
          ],
          [
            -81.588845,
            41.48378,
            280
          ],
          [
            -81.589169,
            41.483824,
            279.5
          ],
          [
            -81.589625,
            41.483849,
            278.5
          ],
          [
            -81.589864,
            41.483861,
            277.75
          ],
          [
            -81.591141,
            41.483934,
            276
          ],
          [
            -81.591376,
            41.483947,
            275.75
          ],
          [
            -81.591416,
            41.483949,
            275.75
          ],
          [
            -81.592336,
            41.483994,
            275.25
          ],
          [
            -81.592857,
            41.484007,
            275.25
          ],
          [
            -81.593281,
            41.484012,
            275
          ],
          [
            -81.594055,
            41.484018,
            274.5
          ],
          [
            -81.594604,
            41.484023,
            274.5
          ],
          [
            -81.603532,
            41.484098,
            263
          ],
          [
            -81.603994,
            41.484103,
            263
          ],
          [
            -81.604152,
            41.484104,
            263
          ],
          [
            -81.60547,
            41.484115,
            264.75
          ],
          [
            -81.60647,
            41.484125,
            262.75
          ],
          [
            -81.607064,
            41.484121,
            258.75
          ],
          [
            -81.607627,
            41.484105,
            255.5
          ],
          [
            -81.608213,
            41.484078,
            255.75
          ],
          [
            -81.60869,
            41.484049,
            255.75
          ],
          [
            -81.609331,
            41.483996,
            255.75
          ],
          [
            -81.60979,
            41.483944,
            255.5
          ],
          [
            -81.610614,
            41.483838,
            253.5
          ],
          [
            -81.61743,
            41.48287,
            237.75
          ],
          [
            -81.61811,
            41.482779,
            235.75
          ],
          [
            -81.618295,
            41.482753,
            235
          ],
          [
            -81.618547,
            41.482728,
            234
          ],
          [
            -81.618783,
            41.482712,
            233
          ],
          [
            -81.618976,
            41.482707,
            232.25
          ],
          [
            -81.619209,
            41.48271,
            231.25
          ],
          [
            -81.620061,
            41.482739,
            228.25
          ],
          [
            -81.620301,
            41.48275,
            227.5
          ],
          [
            -81.620529,
            41.482759,
            226.75
          ],
          [
            -81.621646,
            41.482802,
            222.75
          ],
          [
            -81.62212,
            41.482822,
            222.5
          ],
          [
            -81.623095,
            41.482849,
            220.75
          ],
          [
            -81.623365,
            41.482836,
            220
          ],
          [
            -81.62352,
            41.482822,
            220
          ],
          [
            -81.623739,
            41.48279,
            219.75
          ],
          [
            -81.624106,
            41.482711,
            220
          ],
          [
            -81.624487,
            41.48261,
            216
          ],
          [
            -81.625668,
            41.482298,
            216.75
          ],
          [
            -81.626366,
            41.482118,
            215.5
          ],
          [
            -81.626793,
            41.482021,
            214.75
          ],
          [
            -81.627696,
            41.481828,
            213.25
          ],
          [
            -81.628749,
            41.481609,
            213.25
          ],
          [
            -81.628966,
            41.481564,
            212.5
          ],
          [
            -81.630976,
            41.481138,
            211.75
          ],
          [
            -81.631194,
            41.481092,
            211.25
          ],
          [
            -81.632794,
            41.480762,
            208.5
          ],
          [
            -81.633041,
            41.480716,
            208.25
          ],
          [
            -81.63317,
            41.480694,
            208.25
          ],
          [
            -81.633364,
            41.480662,
            208.25
          ],
          [
            -81.633688,
            41.480622,
            208.5
          ],
          [
            -81.633919,
            41.480599,
            208.5
          ],
          [
            -81.634142,
            41.480584,
            208.75
          ],
          [
            -81.634342,
            41.480578,
            208.75
          ],
          [
            -81.634586,
            41.480583,
            209
          ],
          [
            -81.634824,
            41.480602,
            209
          ],
          [
            -81.635196,
            41.480654,
            208.75
          ],
          [
            -81.635409,
            41.4807,
            208.5
          ],
          [
            -81.635663,
            41.480769,
            208
          ],
          [
            -81.635906,
            41.480849,
            207.75
          ],
          [
            -81.636075,
            41.480914,
            207.75
          ],
          [
            -81.636251,
            41.480992,
            207.25
          ],
          [
            -81.636493,
            41.481114,
            207
          ],
          [
            -81.637241,
            41.481502,
            204.75
          ],
          [
            -81.637322,
            41.481545,
            204.5
          ],
          [
            -81.637631,
            41.481706,
            203.75
          ],
          [
            -81.639823,
            41.482844,
            206
          ],
          [
            -81.640359,
            41.483101,
            205.25
          ],
          [
            -81.64079,
            41.483261,
            205
          ],
          [
            -81.641001,
            41.483321,
            204.25
          ],
          [
            -81.641345,
            41.483404,
            203
          ],
          [
            -81.64167,
            41.483459,
            201.75
          ],
          [
            -81.641862,
            41.483484,
            201
          ],
          [
            -81.642175,
            41.483507,
            200
          ],
          [
            -81.642454,
            41.483515,
            199.25
          ],
          [
            -81.642707,
            41.48351,
            198.5
          ],
          [
            -81.642927,
            41.483498,
            197.75
          ],
          [
            -81.643355,
            41.48344,
            196.25
          ],
          [
            -81.643538,
            41.483395,
            196.25
          ],
          [
            -81.643671,
            41.483348,
            196.25
          ],
          [
            -81.643869,
            41.483256,
            197
          ],
          [
            -81.644444,
            41.482922,
            198.75
          ],
          [
            -81.644724,
            41.482769,
            199
          ],
          [
            -81.645348,
            41.482456,
            196.75
          ],
          [
            -81.645922,
            41.482149,
            194.25
          ],
          [
            -81.646153,
            41.482051,
            194
          ],
          [
            -81.647652,
            41.481424,
            197.75
          ],
          [
            -81.648055,
            41.48128,
            198
          ],
          [
            -81.648378,
            41.481186,
            198.25
          ],
          [
            -81.648859,
            41.481076,
            198
          ],
          [
            -81.649508,
            41.480943,
            197
          ],
          [
            -81.64999,
            41.480859,
            196
          ],
          [
            -81.650437,
            41.480781,
            195.75
          ],
          [
            -81.650726,
            41.480742,
            195.75
          ],
          [
            -81.651541,
            41.480596,
            195.25
          ],
          [
            -81.65215,
            41.480473,
            194.75
          ],
          [
            -81.652636,
            41.480375,
            194.5
          ],
          [
            -81.65275,
            41.480352,
            194.5
          ],
          [
            -81.653098,
            41.480291,
            194.75
          ],
          [
            -81.653444,
            41.480247,
            194.75
          ],
          [
            -81.653788,
            41.480233,
            195
          ],
          [
            -81.653995,
            41.480235,
            195
          ],
          [
            -81.654512,
            41.480264,
            195.25
          ],
          [
            -81.654941,
            41.480295,
            195.5
          ],
          [
            -81.655519,
            41.480336,
            196
          ],
          [
            -81.65605,
            41.480375,
            196
          ],
          [
            -81.656304,
            41.480391,
            196
          ],
          [
            -81.656461,
            41.480402,
            196.25
          ],
          [
            -81.656663,
            41.480433,
            196.25
          ],
          [
            -81.656842,
            41.480471,
            196
          ],
          [
            -81.657141,
            41.480548,
            195.5
          ],
          [
            -81.657392,
            41.480616,
            195.25
          ],
          [
            -81.657574,
            41.480679,
            195.25
          ],
          [
            -81.657784,
            41.480766,
            195.25
          ],
          [
            -81.657939,
            41.48084,
            195.5
          ],
          [
            -81.658072,
            41.480919,
            195.5
          ],
          [
            -81.658357,
            41.481109,
            195.5
          ],
          [
            -81.659391,
            41.481846,
            195.5
          ],
          [
            -81.659722,
            41.482078,
            195.75
          ],
          [
            -81.659807,
            41.482142,
            196
          ],
          [
            -81.660393,
            41.482476,
            196
          ],
          [
            -81.660441,
            41.48251,
            195.75
          ],
          [
            -81.660786,
            41.482756,
            195.5
          ],
          [
            -81.661103,
            41.482996,
            196.5
          ],
          [
            -81.661244,
            41.483117,
            196.75
          ],
          [
            -81.661351,
            41.483214,
            196.5
          ],
          [
            -81.661812,
            41.483698,
            197.5
          ],
          [
            -81.662363,
            41.484325,
            196.5
          ],
          [
            -81.662655,
            41.484649,
            198
          ],
          [
            -81.662773,
            41.484768,
            198.75
          ],
          [
            -81.662959,
            41.484938,
            199.75
          ],
          [
            -81.66316,
            41.485097,
            200.75
          ],
          [
            -81.663384,
            41.485246,
            201
          ],
          [
            -81.663568,
            41.485356,
            200
          ],
          [
            -81.664075,
            41.485621,
            197
          ],
          [
            -81.664342,
            41.485753,
            195.5
          ],
          [
            -81.665379,
            41.486278,
            195
          ],
          [
            -81.665706,
            41.486444,
            196
          ],
          [
            -81.665921,
            41.486554,
            196.25
          ],
          [
            -81.666512,
            41.48685,
            195.75
          ],
          [
            -81.666555,
            41.486872,
            195.75
          ],
          [
            -81.668039,
            41.487598,
            194.75
          ],
          [
            -81.668255,
            41.487692,
            195.25
          ],
          [
            -81.668523,
            41.487796,
            195.25
          ],
          [
            -81.668738,
            41.487876,
            195
          ],
          [
            -81.669004,
            41.487961,
            194.75
          ],
          [
            -81.669362,
            41.488053,
            194.5
          ],
          [
            -81.669698,
            41.488119,
            194.75
          ],
          [
            -81.670052,
            41.488169,
            194.75
          ],
          [
            -81.671407,
            41.488281,
            197.75
          ],
          [
            -81.671938,
            41.488283,
            197.5
          ],
          [
            -81.672151,
            41.4883,
            197.25
          ],
          [
            -81.672683,
            41.488377,
            197.25
          ],
          [
            -81.673532,
            41.488443,
            197.5
          ],
          [
            -81.673891,
            41.48848,
            198
          ],
          [
            -81.674265,
            41.488531,
            198.25
          ],
          [
            -81.674586,
            41.488588,
            197.75
          ],
          [
            -81.674863,
            41.48865,
            197
          ],
          [
            -81.675194,
            41.48874,
            196.25
          ],
          [
            -81.675504,
            41.488836,
            195.25
          ],
          [
            -81.675736,
            41.488915,
            194.5
          ],
          [
            -81.676081,
            41.489045,
            193.5
          ],
          [
            -81.676445,
            41.489198,
            193
          ],
          [
            -81.682252,
            41.491848,
            201
          ],
          [
            -81.683309,
            41.49233,
            201
          ],
          [
            -81.6837,
            41.492509,
            201
          ],
          [
            -81.684071,
            41.49269,
            201.25
          ],
          [
            -81.684678,
            41.493012,
            202
          ],
          [
            -81.686017,
            41.493669,
            199.75
          ],
          [
            -81.68666,
            41.493991,
            199
          ],
          [
            -81.686959,
            41.494182,
            196.5
          ],
          [
            -81.687263,
            41.494369,
            196.25
          ],
          [
            -81.687829,
            41.494735,
            196
          ],
          [
            -81.688106,
            41.494941,
            196
          ],
          [
            -81.689139,
            41.495682,
            194.25
          ],
          [
            -81.689657,
            41.495986,
            192
          ],
          [
            -81.690278,
            41.496362,
            191.5
          ],
          [
            -81.690946,
            41.49679,
            191
          ],
          [
            -81.691527,
            41.497143,
            190.5
          ],
          [
            -81.691932,
            41.497354,
            190.25
          ],
          [
            -81.69233,
            41.497542,
            190
          ],
          [
            -81.692559,
            41.497623,
            189.75
          ],
          [
            -81.692729,
            41.497675,
            189.75
          ],
          [
            -81.692893,
            41.497715,
            189.75
          ],
          [
            -81.693024,
            41.497737,
            189.5
          ],
          [
            -81.693232,
            41.497762,
            189.5
          ],
          [
            -81.693522,
            41.497782,
            189.25
          ],
          [
            -81.694695,
            41.497864,
            188.75
          ],
          [
            -81.69536,
            41.497915,
            188.25
          ],
          [
            -81.695736,
            41.497924,
            188
          ],
          [
            -81.69586,
            41.497906,
            188
          ],
          [
            -81.696279,
            41.497806,
            187.75
          ],
          [
            -81.696597,
            41.497675,
            187.5
          ],
          [
            -81.696825,
            41.497561,
            187.5
          ],
          [
            -81.697398,
            41.497202,
            187
          ],
          [
            -81.697893,
            41.496897,
            186.75
          ],
          [
            -81.699079,
            41.495987,
            186.75
          ],
          [
            -81.699165,
            41.495929,
            186
          ],
          [
            -81.699268,
            41.495874,
            185.5
          ],
          [
            -81.699355,
            41.495846,
            185.25
          ],
          [
            -81.699398,
            41.495838,
            185.25
          ],
          [
            -81.699485,
            41.495823,
            185.25
          ],
          [
            -81.699636,
            41.495823,
            185.25
          ],
          [
            -81.699777,
            41.495842,
            185.75
          ],
          [
            -81.699892,
            41.495885,
            186.25
          ],
          [
            -81.700016,
            41.495953,
            186.75
          ],
          [
            -81.700151,
            41.496083,
            186.5
          ],
          [
            -81.700427,
            41.496408,
            185.25
          ],
          [
            -81.700615,
            41.496631,
            182.75
          ],
          [
            -81.700654,
            41.496678,
            182.75
          ],
          [
            -81.700679,
            41.496707,
            182.75
          ],
          [
            -81.700759,
            41.496802,
            182.5
          ],
          [
            -81.700815,
            41.496869,
            182.5
          ],
          [
            -81.700988,
            41.497066,
            183.75
          ],
          [
            -81.701099,
            41.497175,
            184.25
          ],
          [
            -81.701209,
            41.497271,
            184.25
          ],
          [
            -81.701321,
            41.497361,
            184
          ],
          [
            -81.701734,
            41.497645,
            185
          ],
          [
            -81.701837,
            41.49773,
            186
          ],
          [
            -81.701901,
            41.497791,
            186.75
          ],
          [
            -81.701938,
            41.497837,
            187.25
          ],
          [
            -81.701995,
            41.497908,
            188.25
          ],
          [
            -81.702032,
            41.497954,
            188.5
          ],
          [
            -81.702182,
            41.498138,
            190
          ],
          [
            -81.702296,
            41.498265,
            190.25
          ],
          [
            -81.702561,
            41.49851,
            188.5
          ],
          [
            -81.702818,
            41.498724,
            186.5
          ],
          [
            -81.703015,
            41.498898,
            184.5
          ],
          [
            -81.703159,
            41.499036,
            183
          ],
          [
            -81.703289,
            41.499173,
            181.75
          ],
          [
            -81.703512,
            41.499419,
            181.25
          ],
          [
            -81.70385,
            41.499797,
            179.25
          ],
          [
            -81.703911,
            41.499864,
            178.5
          ],
          [
            -81.703987,
            41.499951,
            177.5
          ],
          [
            -81.704028,
            41.500002,
            177
          ],
          [
            -81.704542,
            41.500574,
            175.5
          ],
          [
            -81.704658,
            41.50067,
            175.5
          ],
          [
            -81.704769,
            41.500734,
            175.5
          ],
          [
            -81.704907,
            41.500799,
            175.5
          ],
          [
            -81.705086,
            41.500855,
            175.75
          ],
          [
            -81.705206,
            41.500878,
            175.75
          ],
          [
            -81.706691,
            41.501064,
            177
          ],
          [
            -81.706765,
            41.501078,
            177
          ],
          [
            -81.706898,
            41.50112,
            177.25
          ],
          [
            -81.706956,
            41.501148,
            177.25
          ],
          [
            -81.707031,
            41.501202,
            177.5
          ],
          [
            -81.707092,
            41.501271,
            177.5
          ],
          [
            -81.707134,
            41.50136,
            177.5
          ],
          [
            -81.707147,
            41.501448,
            177.5
          ],
          [
            -81.707137,
            41.501532,
            177.75
          ],
          [
            -81.707095,
            41.501608,
            177.75
          ],
          [
            -81.707043,
            41.501672,
            177.75
          ],
          [
            -81.706964,
            41.501734,
            177.75
          ],
          [
            -81.706879,
            41.50178,
            178
          ],
          [
            -81.70615,
            41.502148,
            177.25
          ],
          [
            -81.706048,
            41.502194,
            177
          ],
          [
            -81.705958,
            41.502224,
            176.75
          ],
          [
            -81.70588,
            41.502237,
            176.75
          ],
          [
            -81.705801,
            41.502241,
            176.75
          ],
          [
            -81.705714,
            41.502237,
            176.75
          ],
          [
            -81.705643,
            41.502223,
            177
          ],
          [
            -81.704863,
            41.501994,
            177.5
          ],
          [
            -81.704771,
            41.501975,
            177.25
          ],
          [
            -81.704666,
            41.501966,
            177.25
          ],
          [
            -81.704575,
            41.501969,
            177
          ],
          [
            -81.704484,
            41.501982,
            177
          ],
          [
            -81.704399,
            41.502003,
            176.75
          ],
          [
            -81.70283,
            41.502604,
            176.5
          ],
          [
            -81.702335,
            41.502793,
            176
          ],
          [
            -81.700799,
            41.50339,
            176.25
          ],
          [
            -81.700251,
            41.503636,
            179.5
          ],
          [
            -81.699607,
            41.503932,
            182.5
          ],
          [
            -81.699147,
            41.504142,
            182.25
          ],
          [
            -81.698849,
            41.504279,
            186.25
          ],
          [
            -81.698687,
            41.504353,
            186.25
          ],
          [
            -81.697836,
            41.504743,
            187.75
          ],
          [
            -81.697109,
            41.50511,
            181.25
          ],
          [
            -81.696935,
            41.505192,
            180.75
          ],
          [
            -81.69645,
            41.505378,
            180.5
          ],
          [
            -81.696425,
            41.505389,
            180.75
          ],
          [
            -81.695962,
            41.505587,
            181.25
          ],
          [
            -81.694526,
            41.50627,
            183.75
          ],
          [
            -81.694051,
            41.506483,
            184.75
          ],
          [
            -81.693573,
            41.506698,
            184.25
          ],
          [
            -81.693172,
            41.506828,
            185.25
          ],
          [
            -81.692946,
            41.506918,
            186.25
          ],
          [
            -81.69274,
            41.507011,
            187
          ],
          [
            -81.689915,
            41.50839,
            180.25
          ],
          [
            -81.689488,
            41.508608,
            181.5
          ],
          [
            -81.689214,
            41.508751,
            181.75
          ],
          [
            -81.688782,
            41.509022,
            180.25
          ],
          [
            -81.688674,
            41.509077,
            180
          ],
          [
            -81.688279,
            41.509282,
            179.75
          ],
          [
            -81.687879,
            41.509487,
            181.25
          ],
          [
            -81.687867,
            41.509493,
            181.25
          ]
        ]
      }
    }
  ]
}