{
  "type": "FeatureCollection",
  "features": [
    {
      "type": "Feature",
      "properties": {
        "creator": "BRouter-1.7.0",
        "name": "[DART] Silver Line",
        "track-length": "89247",
        "filtered ascend": "235",
        "plain-ascend": "6",
        "total-time": "7138",
        "total-energy": "3927736",
        "cost": "89247",
        "messages": [
          [
            "Longitude",
            "Latitude",
            "Elevation",
            "Distance",
            "CostPerKm",
            "ElevCost",
            "TurnCost",
            "NodeCost",
            "InitialCost",
            "WayTags",
            "NodeTags",
            "Time",
            "Energy"
          ],
          [
            "-97041221",
            "32906918",
            "186",
            "124",
            "1000",
            "0",
            "0",
            "0",
            "0",
            "railway=rail",
            "railway=buffer_stop",
            "9",
            "7179"
          ],
          [
            "-97041219",
            "32907063",
            "185",
            "16",
            "1000",
            "0",
            "0",
            "0",
            "0",
            "railway=rail",
            "crossing=uncontrolled railway=crossing",
            "11",
            "7856"
          ],
          [
            "-97041208",
            "32908124",
            "181",
            "118",
            "1000",
            "0",
            "0",
            "0",
            "0",
            "railway=rail",
            "railway=level_crossing",
            "20",
            "12023"
          ],
          [
            "-97041207",
            "32908202",
            "180",
            "9",
            "1000",
            "0",
            "0",
            "0",
            "0",
            "railway=rail",
            "railway=level_crossing",
            "21",
            "12360"
          ],
          [
            "-97041188",
            "32909117",
            "182",
            "102",
            "1000",
            "0",
            "0",
            "0",
            "0",
            "railway=rail",
            "railway=switch",
            "29",
            "15722"
          ],
          [
            "-97041554",
            "32916783",
            "182",
            "832",
            "1000",
            "0",
            "0",
            "0",
            "0",
            "reversedirection=yes railway=rail",
            "",
            "96",
            "51623"
          ],
          [
            "-97041758",
            "32917932",
            "181",
            "151",
            "1000",
            "0",
            "0",
            "0",
            "0",
            "reversedirection=yes railway=rail",
            "railway=level_crossing",
            "12",
            "6069"
          ],
          [
            "-97041792",
            "32918039",
            "181",
            "12",
            "1000",
            "0",
            "0",
            "0",
            "0",
            "reversedirection=yes railway=rail",
            "railway=level_crossing",
            "13",
            "6611"
          ],
          [
            "-97044584",
            "32921289",
            "185",
            "451",
            "1000",
            "0",
            "0",
            "0",
            "0",
            "reversedirection=yes railway=rail",
            "railway=switch",
            "49",
            "26746"
          ],
          [
            "-97050808",
            "32930398",
            "178",
            "1188",
            "1000",
            "0",
            "0",
            "0",
            "0",
            "reversedirection=yes railway=rail",
            "",
            "144",
            "78631"
          ],
          [
            "-97052613",
            "32932308",
            "177",
            "271",
            "1000",
            "0",
            "0",
            "0",
            "0",
            "railway=rail",
            "railway=switch",
            "165",
            "89285"
          ],
          [
            "-97054329",
            "32934261",
            "178",
            "270",
            "1000",
            "0",
            "0",
            "0",
            "0",
            "railway=rail",
            "railway=unknown",
            "187",
            "99912"
          ],
          [
            "-97055066",
            "32936269",
            "182",
            "246",
            "1000",
            "0",
            "0",
            "0",
            "0",
            "railway=rail",
            "railway=level_crossing",
            "207",
            "113644"
          ],
          [
            "-97051354",
            "32937907",
            "183",
            "414",
            "1000",
            "0",
            "0",
            "0",
            "0",
            "railway=rail",
            "railway=switch",
            "240",
            "132653"
          ],
          [
            "-97047688",
            "32939053",
            "176",
            "368",
            "1000",
            "0",
            "0",
            "0",
            "0",
            "railway=rail",
            "railway=switch",
            "269",
            "145740"
          ],
          [
            "-97045383",
            "32939982",
            "174",
            "155",
            "1000",
            "0",
            "0",
            "0",
            "0",
            "railway=rail",
            "",
            "282",
            "150443"
          ],
          [
            "-97040993",
            "32941769",
            "177",
            "540",
            "1000",
            "0",
            "0",
            "0",
            "0",
            "railway=rail",
            "railway=switch",
            "43",
            "22617"
          ],
          [
            "-97034161",
            "32944541",
            "174",
            "709",
            "1000",
            "0",
            "0",
            "0",
            "0",
            "railway=rail",
            "railway=level_crossing",
            "99",
            "53613"
          ],
          [
            "-97033782",
            "32944698",
            "174",
            "39",
            "1000",
            "0",
            "0",
            "0",
            "0",
            "railway=rail",
            "railway=switch",
            "103",
            "55328"
          ],
          [
            "-97022303",
            "32948792",
            "165",
            "1173",
            "1000",
            "0",
            "0",
            "0",
            "0",
            "railway=rail",
            "railway=level_crossing",
            "196",
            "99504"
          ],
          [
            "-97022106",
            "32948804",
            "164",
            "18",
            "1000",
            "0",
            "0",
            "0",
            "0",
            "railway=rail",
            "railway=level_crossing",
            "198",
            "100099"
          ],
          [
            "-97011347",
            "32949448",
            "161",
            "1009",
            "1000",
            "0",
            "0",
            "0",
            "0",
            "railway=rail",
            "railway=switch",
            "279",
            "140938"
          ],
          [
            "-97010923",
            "32949470",
            "161",
            "40",
            "1000",
            "0",
            "0",
            "0",
            "0",
            "railway=rail",
            "railway=crossing",
            "282",
            "142592"
          ],
          [
            "-97010856",
            "32949474",
            "161",
            "6",
            "1000",
            "0",
            "0",
            "0",
            "0",
            "railway=rail",
            "railway=level_crossing",
            "282",
            "142843"
          ],
          [
            "-97010718",
            "32949481",
            "161",
            "13",
            "1000",
            "0",
            "0",
            "0",
            "0",
            "railway=rail",
            "railway=level_crossing",
            "283",
            "143417"
          ],
          [
            "-97010635",
            "32949486",
            "161",
            "8",
            "1000",
            "0",
            "0",
            "0",
            "0",
            "railway=rail",
            "railway=crossing",
            "284",
            "143770"
          ],
          [
            "-97009121",
            "32949566",
            "161",
            "142",
            "1000",
            "0",
            "0",
            "0",
            "0",
            "railway=rail",
            "railway=switch",
            "295",
            "150028"
          ],
          [
            "-97007000",
            "32949684",
            "160",
            "199",
            "1000",
            "0",
            "0",
            "0",
            "0",
            "railway=rail",
            "railway=switch",
            "311",
            "157831"
          ],
          [
            "-97005247",
            "32949779",
            "160",
            "164",
            "1000",
            "0",
            "0",
            "0",
            "0",
            "railway=rail",
            "railway=crossing",
            "324",
            "164924"
          ],
          [
            "-97005167",
            "32949783",
            "160",
            "7",
            "1000",
            "0",
            "0",
            "0",
            "0",
            "railway=rail",
            "railway=level_crossing",
            "325",
            "165215"
          ],
          [
            "-97005028",
            "32949791",
            "160",
            "13",
            "1000",
            "0",
            "0",
            "0",
            "0",
            "railway=rail",
            "railway=crossing",
            "326",
            "165758"
          ],
          [
            "-97001654",
            "32948552",
            "158",
            "366",
            "1000",
            "0",
            "0",
            "0",
            "0",
            "railway=rail",
            "railway=crossing",
            "355",
            "180524"
          ],
          [
            "-97001554",
            "32948432",
            "158",
            "16",
            "1000",
            "0",
            "0",
            "0",
            "0",
            "railway=rail",
            "railway=level_crossing",
            "356",
            "181134"
          ],
          [
            "-96983811",
            "32950052",
            "162",
            "1863",
            "1000",
            "0",
            "0",
            "0",
            "0",
            "railway=rail",
            "railway=crossing",
            "506",
            "263246"
          ],
          [
            "-96982823",
            "32950817",
            "159",
            "79",
            "1000",
            "0",
            "0",
            "0",
            "0",
            "railway=rail",
            "",
            "512",
            "267297"
          ],
          [
            "-96982823",
            "32950817",
            "159",
            "46",
            "1000",
            "0",
            "0",
            "0",
            "0",
            "railway=rail",
            "railway=unknown",
            "3",
            "1616"
          ],
          [
            "-96982719",
            "32950898",
            "158",
            "13",
            "1000",
            "0",
            "0",
            "0",
            "0",
            "railway=rail",
            "railway=crossing",
            "4",
            "2049"
          ],
          [
            "-96978917",
            "32953950",
            "149",
            "491",
            "1000",
            "0",
            "0",
            "0",
            "0",
            "railway=rail",
            "railway=level_crossing",
            "44",
            "17625"
          ],
          [
            "-96978526",
            "32954253",
            "149",
            "50",
            "1000",
            "0",
            "0",
            "0",
            "0",
            "railway=rail",
            "railway=level_crossing",
            "48",
            "19542"
          ],
          [
            "-96976816",
            "32955080",
            "148",
            "186",
            "1000",
            "0",
            "0",
            "0",
            "0",
            "railway=rail",
            "railway=crossing",
            "62",
            "26821"
          ],
          [
            "-96976716",
            "32955114",
            "148",
            "10",
            "1000",
            "0",
            "0",
            "0",
            "0",
            "railway=rail",
            "railway=level_crossing",
            "63",
            "27221"
          ],
          [
            "-96976571",
            "32955163",
            "148",
            "15",
            "1000",
            "0",
            "0",
            "0",
            "0",
            "railway=rail",
            "railway=crossing",
            "64",
            "27859"
          ],
          [
            "-96968113",
            "32954676",
            "145",
            "830",
            "1000",
            "0",
            "0",
            "0",
            "0",
            "railway=rail",
            "railway=level_crossing",
            "131",
            "59156"
          ],
          [
            "-96968025",
            "32954649",
            "145",
            "9",
            "1000",
            "0",
            "0",
            "0",
            "0",
            "railway=rail",
            "railway=crossing",
            "132",
            "59533"
          ],
          [
            "-96958567",
            "32953072",
            "140",
            "908",
            "1000",
            "0",
            "0",
            "0",
            "0",
            "railway=rail",
            "railway=switch",
            "204",
            "94665"
          ],
          [
            "-96957992",
            "32953031",
            "140",
            "54",
            "1000",
            "0",
            "0",
            "0",
            "0",
            "railway=rail",
            "railway=level_crossing",
            "208",
            "97212"
          ],
          [
            "-96957828",
            "32953018",
            "140",
            "15",
            "1000",
            "0",
            "0",
            "0",
            "0",
            "railway=rail",
            "railway=level_crossing",
            "210",
            "97905"
          ],
          [
            "-96948847",
            "32952412",
            "138",
            "842",
            "1000",
            "0",
            "0",
            "0",
            "0",
            "railway=rail",
            "railway=crossing",
            "277",
            "133382"
          ],
          [
            "-96948748",
            "32952406",
            "138",
            "9",
            "1000",
            "0",
            "0",
            "0",
            "0",
            "railway=rail",
            "railway=level_crossing",
            "278",
            "133759"
          ],
          [
            "-96948667",
            "32952400",
            "138",
            "8",
            "1000",
            "0",
            "0",
            "0",
            "0",
            "railway=rail",
            "railway=crossing",
            "278",
            "134095"
          ],
          [
            "-96939962",
            "32951798",
            "137",
            "816",
            "1000",
            "0",
            "0",
            "0",
            "0",
            "railway=rail",
            "railway=level_crossing",
            "344",
            "169444"
          ],
          [
            "-96934135",
            "32951690",
            "138",
            "546",
            "1000",
            "0",
            "0",
            "0",
            "0",
            "railway=rail",
            "railway=switch",
            "387",
            "194164"
          ],
          [
            "-96925086",
            "32952202",
            "137",
            "848",
            "1000",
            "0",
            "0",
            "0",
            "0",
            "railway=rail",
            "railway=level_crossing",
            "455",
            "230444"
          ],
          [
            "-96924916",
            "32952208",
            "137",
            "16",
            "1000",
            "0",
            "0",
            "0",
            "0",
            "railway=rail",
            "railway=level_crossing",
            "456",
            "231117"
          ],
          [
            "-96923053",
            "32952304",
            "135",
            "175",
            "1000",
            "0",
            "0",
            "0",
            "0",
            "railway=rail",
            "railway=switch",
            "470",
            "237389"
          ],
          [
            "-96917788",
            "32952575",
            "136",
            "494",
            "1000",
            "0",
            "0",
            "0",
            "0",
            "railway=rail",
            "railway=switch",
            "510",
            "259256"
          ],
          [
            "-96909107",
            "32954915",
            "140",
            "882",
            "1000",
            "0",
            "0",
            "0",
            "0",
            "railway=rail",
            "railway=crossing",
            "581",
            "301655"
          ],
          [
            "-96908997",
            "32954985",
            "140",
            "13",
            "1000",
            "0",
            "0",
            "0",
            "0",
            "railway=rail",
            "railway=level_crossing",
            "582",
            "302218"
          ],
          [
            "-96908934",
            "32955025",
            "139",
            "7",
            "1000",
            "0",
            "0",
            "0",
            "0",
            "railway=rail",
            "railway=crossing",
            "582",
            "302507"
          ],
          [
            "-96908841",
            "32955083",
            "139",
            "11",
            "1000",
            "0",
            "0",
            "0",
            "0",
            "railway=rail",
            "railway=unknown",
            "583",
            "302964"
          ],
          [
            "-96908648",
            "32955203",
            "139",
            "22",
            "1000",
            "0",
            "0",
            "0",
            "0",
            "railway=rail",
            "railway=crossing",
            "585",
            "303841"
          ],
          [
            "-96907722",
            "32955773",
            "138",
            "107",
            "1000",
            "0",
            "0",
            "0",
            "0",
            "railway=rail",
            "railway=unknown",
            "593",
            "307872"
          ],
          [
            "-96907589",
            "32955854",
            "138",
            "15",
            "1000",
            "0",
            "0",
            "0",
            "0",
            "railway=rail",
            "railway=crossing",
            "595",
            "308483"
          ],
          [
            "-96907491",
            "32955912",
            "139",
            "11",
            "1000",
            "0",
            "0",
            "0",
            "0",
            "railway=rail",
            "railway=level_crossing",
            "595",
            "308958"
          ],
          [
            "-96907255",
            "32956061",
            "139",
            "28",
            "1000",
            "0",
            "0",
            "0",
            "0",
            "railway=rail",
            "railway=switch",
            "598",
            "310280"
          ],
          [
            "-96897892",
            "32960411",
            "150",
            "1005",
            "1000",
            "0",
            "0",
            "0",
            "0",
            "railway=rail",
            "railway=switch",
            "678",
            "361852"
          ],
          [
            "-96896360",
            "32961141",
            "151",
            "165",
            "1000",
            "0",
            "0",
            "0",
            "0",
            "railway=rail",
            "railway=level_crossing",
            "691",
            "369623"
          ],
          [
            "-96894895",
            "32961842",
            "154",
            "34",
            "1000",
            "0",
            "0",
            "0",
            "0",
            "railway=rail",
            "",
            "694",
            "371345"
          ],
          [
            "-96894895",
            "32961842",
            "154",
            "123",
            "1000",
            "0",
            "0",
            "0",
            "0",
            "railway=rail",
            "railway=switch",
            "9",
            "7128"
          ],
          [
            "-96886432",
            "32963681",
            "161",
            "848",
            "1000",
            "0",
            "0",
            "0",
            "0",
            "railway=rail",
            "railway=switch",
            "77",
            "50394"
          ],
          [
            "-96877144",
            "32961925",
            "162",
            "890",
            "1000",
            "0",
            "0",
            "0",
            "0",
            "railway=rail",
            "railway=level_crossing",
            "148",
            "88203"
          ],
          [
            "-96854517",
            "32957639",
            "183",
            "2170",
            "1000",
            "0",
            "0",
            "0",
            "0",
            "railway=rail",
            "railway=switch",
            "322",
            "202128"
          ],
          [
            "-96853982",
            "32957537",
            "182",
            "51",
            "1000",
            "0",
            "0",
            "0",
            "0",
            "railway=rail",
            "railway=level_crossing",
            "326",
            "205300"
          ],
          [
            "-96853845",
            "32957512",
            "182",
            "13",
            "1000",
            "0",
            "0",
            "0",
            "0",
            "railway=rail",
            "railway=level_crossing",
            "327",
            "206015"
          ],
          [
            "-96853779",
            "32957499",
            "182",
            "6",
            "1000",
            "0",
            "0",
            "0",
            "0",
            "railway=rail",
            "railway=crossing",
            "328",
            "206339"
          ],
          [
            "-96852893",
            "32957332",
            "182",
            "85",
            "1000",
            "0",
            "0",
            "0",
            "0",
            "railway=rail",
            "railway=switch",
            "334",
            "210761"
          ],
          [
            "-96846938",
            "32956636",
            "188",
            "564",
            "1000",
            "0",
            "0",
            "0",
            "0",
            "railway=rail",
            "railway=crossing",
            "379",
            "240386"
          ],
          [
            "-96846839",
            "32956634",
            "188",
            "9",
            "1000",
            "0",
            "0",
            "0",
            "0",
            "railway=rail",
            "railway=level_crossing",
            "380",
            "240829"
          ],
          [
            "-96844744",
            "32956618",
            "188",
            "196",
            "1000",
            "0",
            "0",
            "0",
            "0",
            "railway=rail",
            "railway=switch",
            "396",
            "249881"
          ],
          [
            "-96837405",
            "32956548",
            "193",
            "686",
            "1000",
            "0",
            "0",
            "0",
            "0",
            "railway=rail",
            "railway=switch",
            "451",
            "284129"
          ],
          [
            "-96830071",
            "32958271",
            "194",
            "721",
            "1000",
            "0",
            "0",
            "0",
            "0",
            "railway=rail",
            "railway=switch",
            "508",
            "316868"
          ],
          [
            "-96829930",
            "32958321",
            "194",
            "14",
            "1000",
            "0",
            "0",
            "0",
            "0",
            "railway=rail",
            "railway=crossing",
            "510",
            "317494"
          ],
          [
            "-96829847",
            "32958352",
            "194",
            "8",
            "1000",
            "0",
            "0",
            "0",
            "0",
            "railway=rail",
            "railway=level_crossing",
            "510",
            "317883"
          ],
          [
            "-96829757",
            "32958385",
            "194",
            "9",
            "1000",
            "0",
            "0",
            "0",
            "0",
            "railway=rail",
            "railway=level_crossing",
            "511",
            "318336"
          ],
          [
            "-96829653",
            "32958422",
            "195",
            "11",
            "1000",
            "0",
            "0",
            "0",
            "0",
            "railway=rail",
            "railway=crossing",
            "512",
            "318929"
          ],
          [
            "-96828895",
            "32958700",
            "197",
            "77",
            "1000",
            "0",
            "0",
            "0",
            "0",
            "railway=rail",
            "railway=crossing",
            "518",
            "323723"
          ],
          [
            "-96827719",
            "32959128",
            "196",
            "44",
            "1000",
            "0",
            "0",
            "0",
            "0",
            "railway=rail",
            "",
            "521",
            "325963"
          ],
          [
            "-96827719",
            "32959128",
            "196",
            "75",
            "1000",
            "0",
            "0",
            "0",
            "0",
            "railway=rail",
            "railway=unknown",
            "6",
            "3065"
          ],
          [
            "-96827528",
            "32959197",
            "196",
            "19",
            "1000",
            "0",
            "0",
            "0",
            "0",
            "railway=rail",
            "railway=crossing",
            "7",
            "3827"
          ],
          [
            "-96826183",
            "32959689",
            "192",
            "137",
            "1000",
            "0",
            "0",
            "0",
            "0",
            "railway=rail",
            "railway=crossing",
            "18",
            "9423"
          ],
          [
            "-96826138",
            "32959708",
            "193",
            "5",
            "1000",
            "0",
            "0",
            "0",
            "0",
            "railway=rail",
            "railway=level_crossing",
            "18",
            "9518"
          ],
          [
            "-96826006",
            "32959753",
            "193",
            "13",
            "1000",
            "0",
            "0",
            "0",
            "0",
            "railway=rail",
            "railway=level_crossing",
            "19",
            "9818"
          ],
          [
            "-96825926",
            "32959784",
            "193",
            "8",
            "1000",
            "0",
            "0",
            "0",
            "0",
            "railway=rail",
            "railway=crossing",
            "20",
            "10037"
          ],
          [
            "-96824351",
            "32960339",
            "193",
            "159",
            "1000",
            "0",
            "0",
            "0",
            "0",
            "railway=rail",
            "railway=crossing",
            "33",
            "15888"
          ],
          [
            "-96824296",
            "32960358",
            "193",
            "6",
            "1000",
            "0",
            "0",
            "0",
            "0",
            "railway=rail",
            "railway=level_crossing",
            "33",
            "16112"
          ],
          [
            "-96824202",
            "32960392",
            "193",
            "10",
            "1000",
            "0",
            "0",
            "0",
            "0",
            "railway=rail",
            "railway=level_crossing",
            "34",
            "16491"
          ],
          [
            "-96824138",
            "32960414",
            "193",
            "6",
            "1000",
            "0",
            "0",
            "0",
            "0",
            "railway=rail",
            "railway=crossing",
            "35",
            "16721"
          ],
          [
            "-96821649",
            "32961286",
            "194",
            "252",
            "1000",
            "0",
            "0",
            "0",
            "0",
            "railway=rail",
            "railway=crossing",
            "55",
            "27459"
          ],
          [
            "-96821592",
            "32961307",
            "194",
            "6",
            "1000",
            "0",
            "0",
            "0",
            "0",
            "railway=rail",
            "railway=level_crossing",
            "55",
            "27762"
          ],
          [
            "-96821132",
            "32961473",
            "197",
            "46",
            "1000",
            "0",
            "0",
            "0",
            "0",
            "railway=rail",
            "railway=level_crossing",
            "59",
            "30704"
          ],
          [
            "-96821069",
            "32961495",
            "197",
            "6",
            "1000",
            "0",
            "0",
            "0",
            "0",
            "railway=rail",
            "railway=crossing",
            "59",
            "31106"
          ],
          [
            "-96819047",
            "32962288",
            "189",
            "209",
            "1000",
            "0",
            "0",
            "0",
            "0",
            "railway=rail",
            "railway=crossing",
            "76",
            "39919"
          ],
          [
            "-96818924",
            "32962334",
            "189",
            "13",
            "1000",
            "0",
            "0",
            "0",
            "0",
            "railway=rail",
            "railway=level_crossing",
            "77",
            "40271"
          ],
          [
            "-96818816",
            "32962374",
            "189",
            "11",
            "1000",
            "0",
            "0",
            "0",
            "0",
            "railway=rail",
            "railway=crossing",
            "78",
            "40568"
          ],
          [
            "-96818438",
            "32962512",
            "188",
            "39",
            "1000",
            "0",
            "0",
            "0",
            "0",
            "railway=rail",
            "railway=crossing",
            "81",
            "41477"
          ],
          [
            "-96817204",
            "32962958",
            "185",
            "126",
            "1000",
            "0",
            "0",
            "0",
            "0",
            "railway=rail",
            "railway=unknown",
            "91",
            "43912"
          ],
          [
            "-96817070",
            "32963007",
            "184",
            "14",
            "1000",
            "0",
            "0",
            "0",
            "0",
            "railway=rail",
            "railway=crossing",
            "92",
            "44280"
          ],
          [
            "-96800195",
            "32976083",
            "183",
            "2203",
            "1000",
            "0",
            "0",
            "0",
            "0",
            "railway=rail",
            "railway=crossing",
            "269",
            "136394"
          ],
          [
            "-96800126",
            "32976173",
            "184",
            "12",
            "1000",
            "0",
            "0",
            "0",
            "0",
            "railway=rail",
            "railway=level_crossing",
            "270",
            "136953"
          ],
          [
            "-96800061",
            "32976271",
            "184",
            "12",
            "1000",
            "0",
            "0",
            "0",
            "0",
            "railway=rail",
            "railway=crossing",
            "270",
            "137508"
          ],
          [
            "-96798044",
            "32978937",
            "186",
            "350",
            "1000",
            "0",
            "0",
            "0",
            "0",
            "railway=rail",
            "railway=level_crossing",
            "298",
            "155187"
          ],
          [
            "-96797946",
            "32979040",
            "187",
            "15",
            "1000",
            "0",
            "0",
            "0",
            "0",
            "railway=rail",
            "railway=level_crossing",
            "300",
            "155927"
          ],
          [
            "-96793914",
            "32981884",
            "192",
            "494",
            "1000",
            "0",
            "0",
            "0",
            "0",
            "railway=rail",
            "railway=level_crossing",
            "339",
            "182144"
          ],
          [
            "-96781741",
            "32987929",
            "200",
            "1324",
            "1000",
            "0",
            "0",
            "0",
            "0",
            "railway=rail",
            "railway=level_crossing",
            "445",
            "245495"
          ],
          [
            "-96781522",
            "32988037",
            "201",
            "24",
            "1000",
            "0",
            "0",
            "0",
            "0",
            "railway=rail",
            "railway=level_crossing",
            "447",
            "246775"
          ],
          [
            "-96779078",
            "32989225",
            "205",
            "264",
            "1000",
            "0",
            "0",
            "0",
            "0",
            "railway=rail",
            "railway=level_crossing",
            "468",
            "262636"
          ],
          [
            "-96778948",
            "32989287",
            "205",
            "14",
            "1000",
            "0",
            "0",
            "0",
            "0",
            "railway=rail",
            "railway=crossing",
            "469",
            "263266"
          ],
          [
            "-96774677",
            "32990911",
            "206",
            "439",
            "1000",
            "0",
            "0",
            "0",
            "0",
            "railway=rail",
            "railway=level_crossing",
            "504",
            "283282"
          ],
          [
            "-96756516",
            "32994976",
            "220",
            "1756",
            "1000",
            "0",
            "0",
            "0",
            "0",
            "railway=rail",
            "railway=crossing",
            "645",
            "373127"
          ],
          [
            "-96756423",
            "32994997",
            "220",
            "9",
            "1000",
            "0",
            "0",
            "0",
            "0",
            "railway=rail",
            "railway=level_crossing",
            "646",
            "373525"
          ],
          [
            "-96756205",
            "32995046",
            "220",
            "21",
            "1000",
            "0",
            "0",
            "0",
            "0",
            "railway=rail",
            "railway=level_crossing",
            "647",
            "374452"
          ],
          [
            "-96756043",
            "32995083",
            "220",
            "16",
            "1000",
            "0",
            "0",
            "0",
            "0",
            "railway=rail",
            "railway=crossing",
            "649",
            "375517"
          ],
          [
            "-96751007",
            "32996181",
            "216",
            "486",
            "1000",
            "0",
            "0",
            "0",
            "0",
            "railway=rail",
            "railway=level_crossing",
            "687",
            "395708"
          ],
          [
            "-96750924",
            "32996200",
            "216",
            "8",
            "1000",
            "0",
            "0",
            "0",
            "0",
            "railway=rail",
            "railway=level_crossing",
            "688",
            "396073"
          ],
          [
            "-96750850",
            "32996216",
            "217",
            "7",
            "1000",
            "0",
            "0",
            "0",
            "0",
            "railway=rail",
            "railway=crossing",
            "689",
            "396407"
          ],
          [
            "-96749607",
            "32996497",
            "214",
            "120",
            "1000",
            "0",
            "0",
            "0",
            "0",
            "railway=rail",
            "railway=unknown",
            "698",
            "400395"
          ],
          [
            "-96749420",
            "32996540",
            "214",
            "18",
            "1000",
            "0",
            "0",
            "0",
            "0",
            "railway=rail",
            "railway=crossing",
            "700",
            "401058"
          ],
          [
            "-96730079",
            "33000860",
            "202",
            "1870",
            "1000",
            "0",
            "0",
            "0",
            "0",
            "railway=rail",
            "railway=crossing",
            "849",
            "473866"
          ],
          [
            "-96729988",
            "33000877",
            "202",
            "9",
            "1000",
            "0",
            "0",
            "0",
            "0",
            "railway=rail",
            "railway=level_crossing",
            "850",
            "474145"
          ],
          [
            "-96729834",
            "33000912",
            "202",
            "15",
            "1000",
            "0",
            "0",
            "0",
            "0",
            "railway=rail",
            "railway=level_crossing",
            "851",
            "474570"
          ],
          [
            "-96729742",
            "33000932",
            "202",
            "9",
            "1000",
            "0",
            "0",
            "0",
            "0",
            "railway=rail",
            "railway=crossing",
            "852",
            "474822"
          ],
          [
            "-96716616",
            "33003305",
            "187",
            "1255",
            "1000",
            "0",
            "0",
            "0",
            "0",
            "railway=rail",
            "railway=crossing",
            "952",
            "518634"
          ],
          [
            "-96716507",
            "33003316",
            "187",
            "10",
            "1000",
            "0",
            "0",
            "0",
            "0",
            "railway=rail",
            "railway=level_crossing",
            "953",
            "519046"
          ],
          [
            "-96716373",
            "33003334",
            "187",
            "13",
            "1000",
            "0",
            "0",
            "0",
            "0",
            "railway=rail",
            "railway=level_crossing",
            "954",
            "519559"
          ],
          [
            "-96716233",
            "33003353",
            "186",
            "13",
            "1000",
            "0",
            "0",
            "0",
            "0",
            "railway=rail",
            "railway=crossing",
            "955",
            "520026"
          ],
          [
            "-96703958",
            "33000972",
            "188",
            "1383",
            "1000",
            "0",
            "0",
            "0",
            "0",
            "railway=rail",
            "railway=crossing",
            "1066",
            "578050"
          ],
          [
            "-96703907",
            "33001064",
            "189",
            "11",
            "1000",
            "0",
            "0",
            "0",
            "0",
            "railway=rail",
            "railway=level_crossing",
            "1067",
            "578702"
          ],
          [
            "-96703857",
            "33001160",
            "189",
            "12",
            "1000",
            "0",
            "0",
            "0",
            "0",
            "railway=rail",
            "railway=level_crossing",
            "1068",
            "579417"
          ],
          [
            "-96703830",
            "33001224",
            "189",
            "8",
            "1000",
            "0",
            "0",
            "0",
            "0",
            "railway=rail",
            "railway=crossing",
            "1068",
            "579882"
          ],
          [
            "-96703628",
            "33001645",
            "189",
            "50",
            "1000",
            "0",
            "0",
            "0",
            "0",
            "railway=rail",
            "railway=crossing",
            "1072",
            "582530"
          ],
          [
            "-96703138",
            "33002660",
            "188",
            "122",
            "1000",
            "0",
            "0",
            "0",
            "0",
            "railway=rail",
            "railway=unknown",
            "1082",
            "587605"
          ],
          [
            "-96703066",
            "33002807",
            "188",
            "18",
            "1000",
            "0",
            "0",
            "0",
            "0",
            "railway=rail",
            "railway=crossing",
            "1084",
            "588413"
          ],
          [
            "-96702827",
            "33003303",
            "188",
            "59",
            "1000",
            "0",
            "0",
            "0",
            "0",
            "railway=rail",
            "railway=crossing",
            "1088",
            "591241"
          ],
          [
            "-96702795",
            "33003367",
            "189",
            "8",
            "1000",
            "0",
            "0",
            "0",
            "0",
            "railway=rail",
            "railway=level_crossing",
            "1089",
            "591633"
          ],
          [
            "-96702518",
            "33003965",
            "193",
            "71",
            "1000",
            "0",
            "0",
            "0",
            "0",
            "railway=rail",
            "railway=switch",
            "1095",
            "595556"
          ],
          [
            "-96702350",
            "33004288",
            "194",
            "39",
            "1000",
            "0",
            "0",
            "0",
            "0",
            "railway=rail",
            "railway=level_crossing",
            "1098",
            "597736"
          ],
          [
            "-96702319",
            "33004355",
            "193",
            "8",
            "1000",
            "0",
            "0",
            "0",
            "0",
            "railway=rail",
            "railway=crossing",
            "1098",
            "598146"
          ],
          [
            "-96701134",
            "33012926",
            "200",
            "966",
            "1000",
            "0",
            "0",
            "0",
            "0",
            "railway=rail",
            "railway=level_crossing",
            "1176",
            "647192"
          ],
          [
            "-96701133",
            "33012998",
            "200",
            "8",
            "1000",
            "0",
            "0",
            "0",
            "0",
            "railway=rail",
            "railway=crossing",
            "1176",
            "647738"
          ],
          [
            "-96700020",
            "33014907",
            "201",
            "252",
            "1000",
            "0",
            "0",
            "0",
            "0",
            "railway=rail",
            "railway=switch",
            "1196",
            "661732"
          ],
          [
            "-96699393",
            "33015092",
            "202",
            "62",
            "1000",
            "0",
            "0",
            "0",
            "0",
            "railway=rail",
            "railway=crossing",
            "1201",
            "665109"
          ],
          [
            "-96699295",
            "33015121",
            "202",
            "10",
            "1000",
            "0",
            "0",
            "0",
            "0",
            "railway=rail",
            "railway=level_crossing",
            "1202",
            "665642"
          ],
          [
            "-96699138",
            "33015169",
            "202",
            "16",
            "1000",
            "0",
            "0",
            "0",
            "0",
            "railway=rail",
            "crossing=uncontrolled railway=crossing",
            "1203",
            "666477"
          ],
          [
            "-96698026",
            "33015498",
            "204",
            "110",
            "1000",
            "0",
            "0",
            "0",
            "0",
            "railway=rail",
            "railway=unknown",
            "1212",
            "672555"
          ],
          [
            "-96697946",
            "33015521",
            "203",
            "8",
            "1000",
            "0",
            "0",
            "0",
            "0",
            "railway=rail",
            "crossing=uncontrolled railway=crossing",
            "1213",
            "672937"
          ],
          [
            "-96697777",
            "33015569",
            "203",
            "17",
            "1000",
            "0",
            "0",
            "0",
            "0",
            "railway=rail",
            "railway=level_crossing",
            "1214",
            "673708"
          ],
          [
            "-96697712",
            "33015588",
            "203",
            "6",
            "1000",
            "0",
            "0",
            "0",
            "0",
            "railway=rail",
            "railway=crossing",
            "1215",
            "673979"
          ],
          [
            "-96696724",
            "33015880",
            "203",
            "98",
            "1000",
            "0",
            "0",
            "0",
            "0",
            "railway=rail",
            "railway=switch",
            "1223",
            "678500"
          ],
          [
            "-96694330",
            "33016535",
            "200",
            "235",
            "1000",
            "0",
            "0",
            "0",
            "0",
            "railway=rail",
            "railway=level_crossing",
            "1241",
            "686540"
          ],
          [
            "-96694242",
            "33016554",
            "200",
            "8",
            "1000",
            "0",
            "0",
            "0",
            "0",
            "railway=rail",
            "",
            "1242",
            "686841"
          ],
          [
            "-96687708",
            "33016085",
            "196",
            "618",
            "1000",
            "0",
            "0",
            "0",
            "0",
            "reversedirection=yes railway=rail",
            "railway=switch",
            "1291",
            "709441"
          ],
          [
            "-96682675",
            "33015278",
            "193",
            "478",
            "1000",
            "0",
            "0",
            "0",
            "0",
            "railway=rail",
            "railway=crossing",
            "1330",
            "728283"
          ],
          [
            "-96682599",
            "33015265",
            "193",
            "7",
            "1000",
            "0",
            "0",
            "0",
            "0",
            "railway=rail",
            "railway=level_crossing",
            "1330",
            "728589"
          ],
          [
            "-96682431",
            "33015238",
            "193",
            "16",
            "1000",
            "0",
            "0",
            "0",
            "0",
            "railway=rail",
            "railway=level_crossing",
            "1332",
            "729321"
          ],
          [
            "-96682331",
            "33015222",
            "193",
            "10",
            "1000",
            "0",
            "0",
            "0",
            "0",
            "railway=rail",
            "railway=crossing",
            "1332",
            "729756"
          ],
          [
            "-96676915",
            "33014354",
            "192",
            "515",
            "1000",
            "0",
            "0",
            "0",
            "0",
            "railway=rail",
            "railway=switch",
            "1374",
            "751486"
          ],
          [
            "-96675697",
            "33014160",
            "190",
            "116",
            "1000",
            "0",
            "0",
            "0",
            "0",
            "railway=rail",
            "railway=switch",
            "1383",
            "755216"
          ],
          [
            "-96675099",
            "33014066",
            "190",
            "57",
            "1000",
            "0",
            "0",
            "0",
            "0",
            "railway=rail",
            "railway=switch",
            "1387",
            "757451"
          ],
          [
            "-96666913",
            "33012748",
            "183",
            "779",
            "1000",
            "0",
            "0",
            "0",
            "0",
            "railway=rail",
            "railway=switch",
            "1450",
            "788529"
          ],
          [
            "-96666589",
            "33012698",
            "184",
            "31",
            "1000",
            "0",
            "0",
            "0",
            "0",
            "railway=rail",
            "railway=crossing",
            "1452",
            "789294"
          ],
          [
            "-96665370",
            "33012500",
            "180",
            "116",
            "1000",
            "0",
            "0",
            "0",
            "0",
            "railway=rail",
            "railway=unknown",
            "1461",
            "792811"
          ],
          [
            "-96665130",
            "33012461",
            "179",
            "6",
            "1000",
            "0",
            "0",
            "0",
            "0",
            "railway=rail",
            "",
            "1462",
            "793008"
          ],
          [
            "-96665370",
            "33012500",
            "180",
            "6",
            "1000",
            "0",
            "0",
            "0",
            "0",
            "reversedirection=yes railway=rail",
            "railway=unknown",
            "0",
            "289"
          ],
          [
            "-96666589",
            "33012698",
            "184",
            "116",
            "1000",
            "0",
            "0",
            "0",
            "0",
            "reversedirection=yes railway=rail",
            "railway=crossing",
            "9",
            "6131"
          ],
          [
            "-96666913",
            "33012748",
            "183",
            "31",
            "1000",
            "0",
            "0",
            "0",
            "0",
            "reversedirection=yes railway=rail",
            "railway=switch",
            "12",
            "8173"
          ],
          [
            "-96675099",
            "33014066",
            "190",
            "779",
            "1000",
            "0",
            "0",
            "0",
            "0",
            "reversedirection=yes railway=rail",
            "railway=switch",
            "74",
            "46958"
          ],
          [
            "-96675697",
            "33014160",
            "190",
            "57",
            "1000",
            "0",
            "0",
            "0",
            "0",
            "reversedirection=yes railway=rail",
            "railway=switch",
            "79",
            "49559"
          ],
          [
            "-96676487",
            "33014331",
            "191",
            "76",
            "1000",
            "0",
            "0",
            "0",
            "0",
            "reversedirection=yes railway=rail",
            "railway=switch",
            "85",
            "53789"
          ],
          [
            "-96682331",
            "33015269",
            "193",
            "320",
            "1000",
            "0",
            "0",
            "0",
            "0",
            "railway=rail",
            "",
            "110",
            "69460"
          ],
          [
            "-96682331",
            "33015269",
            "193",
            "236",
            "1000",
            "0",
            "0",
            "0",
            "0",
            "railway=rail",
            "railway=crossing",
            "18",
            "10980"
          ],
          [
            "-96682431",
            "33015285",
            "193",
            "10",
            "1000",
            "0",
            "0",
            "0",
            "0",
            "railway=rail",
            "railway=level_crossing",
            "19",
            "11425"
          ],
          [
            "-96682598",
            "33015310",
            "193",
            "16",
            "1000",
            "0",
            "0",
            "0",
            "0",
            "railway=rail",
            "railway=level_crossing",
            "20",
            "12138"
          ],
          [
            "-96682674",
            "33015322",
            "193",
            "7",
            "1000",
            "0",
            "0",
            "0",
            "0",
            "railway=rail",
            "railway=crossing",
            "21",
            "12434"
          ],
          [
            "-96694352",
            "33016614",
            "200",
            "1107",
            "1000",
            "0",
            "0",
            "0",
            "0",
            "railway=rail",
            "railway=level_crossing",
            "110",
            "65605"
          ],
          [
            "-96697714",
            "33015635",
            "203",
            "333",
            "1000",
            "0",
            "0",
            "0",
            "0",
            "railway=rail",
            "railway=crossing",
            "136",
            "81915"
          ],
          [
            "-96697778",
            "33015615",
            "203",
            "6",
            "1000",
            "0",
            "0",
            "0",
            "0",
            "railway=rail",
            "railway=level_crossing",
            "137",
            "82185"
          ],
          [
            "-96697962",
            "33015561",
            "203",
            "18",
            "1000",
            "0",
            "0",
            "0",
            "0",
            "railway=rail",
            "crossing=uncontrolled railway=crossing",
            "138",
            "83028"
          ],
          [
            "-96699074",
            "33015234",
            "202",
            "110",
            "1000",
            "0",
            "0",
            "0",
            "0",
            "railway=rail",
            "railway=unknown",
            "147",
            "89219"
          ],
          [
            "-96699155",
            "33015211",
            "202",
            "8",
            "1000",
            "0",
            "0",
            "0",
            "0",
            "railway=rail",
            "crossing=uncontrolled railway=crossing",
            "148",
            "89622"
          ],
          [
            "-96699295",
            "33015170",
            "202",
            "14",
            "1000",
            "0",
            "0",
            "0",
            "0",
            "railway=rail",
            "railway=level_crossing",
            "149",
            "90291"
          ],
          [
            "-96699392",
            "33015141",
            "202",
            "10",
            "1000",
            "0",
            "0",
            "0",
            "0",
            "railway=rail",
            "railway=crossing",
            "150",
            "90764"
          ],
          [
            "-96699556",
            "33015093",
            "202",
            "16",
            "1000",
            "0",
            "0",
            "0",
            "0",
            "railway=rail",
            "railway=switch",
            "151",
            "91514"
          ],
          [
            "-96700020",
            "33014907",
            "201",
            "48",
            "1000",
            "0",
            "0",
            "0",
            "0",
            "reversedirection=yes railway=rail",
            "railway=switch",
            "155",
            "93476"
          ],
          [
            "-96701133",
            "33012998",
            "200",
            "252",
            "1000",
            "0",
            "0",
            "0",
            "0",
            "reversedirection=yes railway=rail",
            "railway=crossing",
            "175",
            "103269"
          ],
          [
            "-96701134",
            "33012926",
            "200",
            "8",
            "1000",
            "0",
            "0",
            "0",
            "0",
            "reversedirection=yes railway=rail",
            "railway=level_crossing",
            "175",
            "103617"
          ],
          [
            "-96702319",
            "33004355",
            "193",
            "966",
            "1000",
            "0",
            "0",
            "0",
            "0",
            "reversedirection=yes railway=rail",
            "railway=crossing",
            "253",
            "140138"
          ],
          [
            "-96702350",
            "33004288",
            "194",
            "8",
            "1000",
            "0",
            "0",
            "0",
            "0",
            "reversedirection=yes railway=rail",
            "railway=level_crossing",
            "253",
            "140504"
          ],
          [
            "-96702518",
            "33003965",
            "193",
            "39",
            "1000",
            "0",
            "0",
            "0",
            "0",
            "reversedirection=yes railway=rail",
            "railway=switch",
            "256",
            "142059"
          ],
          [
            "-96702849",
            "33003373",
            "189",
            "73",
            "1000",
            "0",
            "0",
            "0",
            "0",
            "railway=rail",
            "railway=level_crossing",
            "262",
            "144913"
          ],
          [
            "-96702880",
            "33003304",
            "188",
            "8",
            "1000",
            "0",
            "0",
            "0",
            "0",
            "railway=rail",
            "railway=crossing",
            "263",
            "145165"
          ],
          [
            "-96703117",
            "33002822",
            "188",
            "58",
            "1000",
            "0",
            "0",
            "0",
            "0",
            "railway=rail",
            "railway=crossing",
            "268",
            "146991"
          ],
          [
            "-96703601",
            "33001818",
            "189",
            "30",
            "1000",
            "0",
            "0",
            "0",
            "0",
            "railway=rail",
            "",
            "270",
            "148072"
          ],
          [
            "-96703601",
            "33001818",
            "189",
            "91",
            "1000",
            "0",
            "0",
            "0",
            "0",
            "railway=rail",
            "railway=unknown",
            "7",
            "4398"
          ],
          [
            "-96703676",
            "33001662",
            "189",
            "19",
            "1000",
            "0",
            "0",
            "0",
            "0",
            "railway=rail",
            "railway=crossing",
            "8",
            "5394"
          ],
          [
            "-96703878",
            "33001238",
            "189",
            "51",
            "1000",
            "0",
            "0",
            "0",
            "0",
            "railway=rail",
            "railway=crossing",
            "12",
            "7944"
          ],
          [
            "-96703918",
            "33001162",
            "189",
            "9",
            "1000",
            "0",
            "0",
            "0",
            "0",
            "railway=rail",
            "railway=level_crossing",
            "13",
            "8361"
          ],
          [
            "-96703965",
            "33001066",
            "189",
            "12",
            "1000",
            "0",
            "0",
            "0",
            "0",
            "railway=rail",
            "railway=level_crossing",
            "14",
            "8889"
          ],
          [
            "-96704008",
            "33000975",
            "188",
            "11",
            "1000",
            "0",
            "0",
            "0",
            "0",
            "railway=rail",
            "railway=crossing",
            "15",
            "9326"
          ],
          [
            "-96716220",
            "33003408",
            "186",
            "1376",
            "1000",
            "0",
            "0",
            "0",
            "0",
            "railway=rail",
            "railway=crossing",
            "125",
            "66745"
          ],
          [
            "-96716357",
            "33003393",
            "187",
            "13",
            "1000",
            "0",
            "0",
            "0",
            "0",
            "railway=rail",
            "railway=level_crossing",
            "126",
            "67459"
          ],
          [
            "-96716491",
            "33003376",
            "187",
            "13",
            "1000",
            "0",
            "0",
            "0",
            "0",
            "railway=rail",
            "railway=level_crossing",
            "127",
            "68182"
          ],
          [
            "-96716616",
            "33003363",
            "187",
            "12",
            "1000",
            "0",
            "0",
            "0",
            "0",
            "railway=rail",
            "railway=crossing",
            "128",
            "68883"
          ],
          [
            "-96717815",
            "33003208",
            "190",
            "113",
            "1000",
            "0",
            "0",
            "0",
            "0",
            "railway=rail",
            "railway=switch",
            "137",
            "74475"
          ],
          [
            "-96729768",
            "33000986",
            "201",
            "1143",
            "1000",
            "0",
            "0",
            "0",
            "0",
            "railway=rail",
            "railway=crossing",
            "229",
            "134855"
          ],
          [
            "-96729858",
            "33000963",
            "202",
            "9",
            "1000",
            "0",
            "0",
            "0",
            "0",
            "railway=rail",
            "railway=level_crossing",
            "229",
            "135300"
          ],
          [
            "-96730010",
            "33000929",
            "202",
            "15",
            "1000",
            "0",
            "0",
            "0",
            "0",
            "railway=rail",
            "railway=level_crossing",
            "230",
            "136093"
          ],
          [
            "-96730101",
            "33000913",
            "202",
            "9",
            "1000",
            "0",
            "0",
            "0",
            "0",
            "railway=rail",
            "railway=crossing",
            "231",
            "136560"
          ],
          [
            "-96741276",
            "32998393",
            "204",
            "1082",
            "1000",
            "0",
            "0",
            "0",
            "0",
            "railway=rail",
            "railway=switch",
            "318",
            "189318"
          ],
          [
            "-96749447",
            "32996631",
            "214",
            "789",
            "1000",
            "0",
            "0",
            "0",
            "0",
            "railway=rail",
            "railway=crossing",
            "381",
            "229878"
          ],
          [
            "-96750691",
            "32996354",
            "216",
            "120",
            "1000",
            "0",
            "0",
            "0",
            "0",
            "railway=rail",
            "railway=unknown",
            "390",
            "236618"
          ],
          [
            "-96750881",
            "32996312",
            "216",
            "18",
            "1000",
            "0",
            "0",
            "0",
            "0",
            "railway=rail",
            "railway=crossing",
            "392",
            "237550"
          ],
          [
            "-96750954",
            "32996295",
            "216",
            "7",
            "1000",
            "0",
            "0",
            "0",
            "0",
            "railway=rail",
            "railway=level_crossing",
            "392",
            "237906"
          ],
          [
            "-96751036",
            "32996275",
            "216",
            "8",
            "1000",
            "0",
            "0",
            "0",
            "0",
            "railway=rail",
            "railway=level_crossing",
            "393",
            "238292"
          ],
          [
            "-96752359",
            "32995958",
            "217",
            "57",
            "1000",
            "0",
            "0",
            "0",
            "0",
            "railway=rail",
            "",
            "398",
            "240977"
          ],
          [
            "-96756055",
            "32995128",
            "220",
            "429",
            "1000",
            "0",
            "0",
            "0",
            "0",
            "railway=rail",
            "railway=crossing",
            "34",
            "22009"
          ],
          [
            "-96756199",
            "32995095",
            "220",
            "14",
            "1000",
            "0",
            "0",
            "0",
            "0",
            "railway=rail",
            "railway=level_crossing",
            "35",
            "22676"
          ],
          [
            "-96756413",
            "32995046",
            "220",
            "21",
            "1000",
            "0",
            "0",
            "0",
            "0",
            "railway=rail",
            "railway=level_crossing",
            "37",
            "23706"
          ],
          [
            "-96756530",
            "32995020",
            "220",
            "11",
            "1000",
            "0",
            "0",
            "0",
            "0",
            "railway=rail",
            "railway=crossing",
            "38",
            "24237"
          ],
          [
            "-96774702",
            "32990951",
            "206",
            "1757",
            "1000",
            "0",
            "0",
            "0",
            "0",
            "railway=rail",
            "railway=level_crossing",
            "178",
            "89953"
          ],
          [
            "-96778964",
            "32989343",
            "205",
            "438",
            "1000",
            "0",
            "0",
            "0",
            "0",
            "railway=rail",
            "railway=crossing",
            "213",
            "107829"
          ],
          [
            "-96779098",
            "32989278",
            "205",
            "14",
            "1000",
            "0",
            "0",
            "0",
            "0",
            "railway=rail",
            "railway=level_crossing",
            "214",
            "108460"
          ],
          [
            "-96781654",
            "32988035",
            "200",
            "276",
            "1000",
            "0",
            "0",
            "0",
            "0",
            "railway=rail",
            "railway=level_crossing",
            "236",
            "120162"
          ],
          [
            "-96781876",
            "32987928",
            "200",
            "24",
            "1000",
            "0",
            "0",
            "0",
            "0",
            "railway=rail",
            "railway=level_crossing",
            "238",
            "120909"
          ],
          [
            "-96793908",
            "32981950",
            "191",
            "1307",
            "1000",
            "0",
            "0",
            "0",
            "0",
            "railway=rail",
            "railway=level_crossing",
            "343",
            "167458"
          ],
          [
            "-96797995",
            "32979070",
            "186",
            "499",
            "1000",
            "0",
            "0",
            "0",
            "0",
            "railway=rail",
            "railway=level_crossing",
            "383",
            "185386"
          ],
          [
            "-96798093",
            "32978967",
            "186",
            "15",
            "1000",
            "0",
            "0",
            "0",
            "0",
            "railway=rail",
            "railway=level_crossing",
            "384",
            "185912"
          ],
          [
            "-96800121",
            "32976271",
            "184",
            "354",
            "1000",
            "0",
            "0",
            "0",
            "0",
            "railway=rail",
            "railway=crossing",
            "412",
            "198739"
          ],
          [
            "-96800188",
            "32976171",
            "184",
            "13",
            "1000",
            "0",
            "0",
            "0",
            "0",
            "railway=rail",
            "railway=level_crossing",
            "413",
            "199248"
          ],
          [
            "-96800259",
            "32976085",
            "184",
            "12",
            "1000",
            "0",
            "0",
            "0",
            "0",
            "railway=rail",
            "railway=crossing",
            "414",
            "199725"
          ],
          [
            "-96817095",
            "32963053",
            "184",
            "2197",
            "1000",
            "0",
            "0",
            "0",
            "0",
            "railway=rail",
            "railway=crossing",
            "590",
            "294737"
          ],
          [
            "-96818311",
            "32962606",
            "187",
            "124",
            "1000",
            "0",
            "0",
            "0",
            "0",
            "railway=rail",
            "railway=unknown",
            "600",
            "301217"
          ],
          [
            "-96818460",
            "32962552",
            "187",
            "15",
            "1000",
            "0",
            "0",
            "0",
            "0",
            "railway=rail",
            "railway=crossing",
            "601",
            "301997"
          ],
          [
            "-96818817",
            "32962422",
            "188",
            "36",
            "1000",
            "0",
            "0",
            "0",
            "0",
            "railway=rail",
            "railway=crossing",
            "604",
            "304071"
          ],
          [
            "-96818925",
            "32962382",
            "189",
            "11",
            "1000",
            "0",
            "0",
            "0",
            "0",
            "railway=rail",
            "railway=level_crossing",
            "605",
            "304696"
          ],
          [
            "-96819048",
            "32962336",
            "189",
            "13",
            "1000",
            "0",
            "0",
            "0",
            "0",
            "railway=rail",
            "railway=crossing",
            "606",
            "305469"
          ],
          [
            "-96821085",
            "32961549",
            "197",
            "209",
            "1000",
            "0",
            "0",
            "0",
            "0",
            "railway=rail",
            "railway=crossing",
            "623",
            "321749"
          ],
          [
            "-96821145",
            "32961527",
            "197",
            "6",
            "1000",
            "0",
            "0",
            "0",
            "0",
            "railway=rail",
            "railway=level_crossing",
            "623",
            "322096"
          ],
          [
            "-96821607",
            "32961362",
            "195",
            "47",
            "1000",
            "0",
            "0",
            "0",
            "0",
            "railway=rail",
            "railway=level_crossing",
            "627",
            "324905"
          ],
          [
            "-96821665",
            "32961341",
            "194",
            "6",
            "1000",
            "0",
            "0",
            "0",
            "0",
            "railway=rail",
            "railway=crossing",
            "627",
            "325204"
          ],
          [
            "-96824103",
            "32960484",
            "193",
            "247",
            "1000",
            "0",
            "0",
            "0",
            "0",
            "railway=rail",
            "railway=crossing",
            "647",
            "335802"
          ],
          [
            "-96824155",
            "32960468",
            "193",
            "5",
            "1000",
            "0",
            "0",
            "0",
            "0",
            "railway=rail",
            "railway=level_crossing",
            "648",
            "336031"
          ],
          [
            "-96824241",
            "32960437",
            "193",
            "9",
            "1000",
            "0",
            "0",
            "0",
            "0",
            "railway=rail",
            "railway=level_crossing",
            "648",
            "336441"
          ],
          [
            "-96824303",
            "32960415",
            "193",
            "6",
            "1000",
            "0",
            "0",
            "0",
            "0",
            "railway=rail",
            "railway=crossing",
            "649",
            "336713"
          ],
          [
            "-96825930",
            "32959844",
            "193",
            "165",
            "1000",
            "0",
            "0",
            "0",
            "0",
            "railway=rail",
            "railway=crossing",
            "662",
            "343982"
          ],
          [
            "-96826006",
            "32959816",
            "193",
            "8",
            "1000",
            "0",
            "0",
            "0",
            "0",
            "railway=rail",
            "railway=level_crossing",
            "663",
            "344310"
          ],
          [
            "-96826138",
            "32959767",
            "193",
            "13",
            "1000",
            "0",
            "0",
            "0",
            "0",
            "railway=rail",
            "railway=level_crossing",
            "664",
            "344820"
          ],
          [
            "-96826181",
            "32959751",
            "192",
            "4",
            "1000",
            "0",
            "0",
            "0",
            "0",
            "railway=rail",
            "railway=crossing",
            "664",
            "344970"
          ],
          [
            "-96827555",
            "32959247",
            "196",
            "140",
            "1000",
            "0",
            "0",
            "0",
            "0",
            "railway=rail",
            "railway=crossing",
            "675",
            "352806"
          ],
          [
            "-96828713",
            "32958826",
            "197",
            "118",
            "1000",
            "0",
            "0",
            "0",
            "0",
            "railway=rail",
            "railway=unknown",
            "685",
            "359294"
          ],
          [
            "-96828921",
            "32958752",
            "197",
            "21",
            "1000",
            "0",
            "0",
            "0",
            "0",
            "railway=rail",
            "railway=crossing",
            "686",
            "360327"
          ],
          [
            "-96829655",
            "32958480",
            "195",
            "75",
            "1000",
            "0",
            "0",
            "0",
            "0",
            "railway=rail",
            "railway=crossing",
            "692",
            "362941"
          ],
          [
            "-96829759",
            "32958442",
            "195",
            "11",
            "1000",
            "0",
            "0",
            "0",
            "0",
            "railway=rail",
            "railway=level_crossing",
            "693",
            "363314"
          ],
          [
            "-96829849",
            "32958410",
            "194",
            "9",
            "1000",
            "0",
            "0",
            "0",
            "0",
            "railway=rail",
            "railway=level_crossing",
            "694",
            "363591"
          ],
          [
            "-96829929",
            "32958382",
            "194",
            "8",
            "1000",
            "0",
            "0",
            "0",
            "0",
            "railway=rail",
            "railway=crossing",
            "694",
            "363828"
          ],
          [
            "-96833199",
            "32957194",
            "192",
            "17",
            "1000",
            "0",
            "0",
            "0",
            "0",
            "railway=rail",
            "",
            "696",
            "364300"
          ],
          [
            "-96845774",
            "32956680",
            "186",
            "1501",
            "1000",
            "0",
            "0",
            "0",
            "0",
            "railway=rail",
            "railway=switch",
            "120",
            "61878"
          ],
          [
            "-96846316",
            "32956687",
            "187",
            "51",
            "1000",
            "0",
            "0",
            "0",
            "0",
            "railway=rail",
            "railway=switch",
            "124",
            "63396"
          ],
          [
            "-96846838",
            "32956689",
            "188",
            "49",
            "1000",
            "0",
            "0",
            "0",
            "0",
            "railway=rail",
            "railway=level_crossing",
            "128",
            "65556"
          ],
          [
            "-96846938",
            "32956691",
            "188",
            "9",
            "1000",
            "0",
            "0",
            "0",
            "0",
            "railway=rail",
            "railway=crossing",
            "128",
            "65972"
          ],
          [
            "-96851757",
            "32957175",
            "184",
            "456",
            "1000",
            "0",
            "0",
            "0",
            "0",
            "railway=rail",
            "railway=switch",
            "165",
            "82946"
          ],
          [
            "-96853765",
            "32957551",
            "182",
            "192",
            "1000",
            "0",
            "0",
            "0",
            "0",
            "railway=rail",
            "railway=crossing",
            "180",
            "89680"
          ],
          [
            "-96853830",
            "32957563",
            "182",
            "6",
            "1000",
            "0",
            "0",
            "0",
            "0",
            "railway=rail",
            "railway=level_crossing",
            "181",
            "89926"
          ],
          [
            "-96853968",
            "32957591",
            "182",
            "13",
            "1000",
            "0",
            "0",
            "0",
            "0",
            "railway=rail",
            "railway=level_crossing",
            "182",
            "90491"
          ],
          [
            "-96877143",
            "32961979",
            "162",
            "2221",
            "1000",
            "0",
            "0",
            "0",
            "0",
            "railway=rail",
            "railway=level_crossing",
            "359",
            "172876"
          ],
          [
            "-96884707",
            "32963412",
            "161",
            "725",
            "1000",
            "0",
            "0",
            "0",
            "0",
            "railway=rail",
            "railway=switch",
            "417",
            "201038"
          ],
          [
            "-96895652",
            "32961545",
            "153",
            "888",
            "1000",
            "0",
            "0",
            "0",
            "0",
            "railway=rail",
            "",
            "488",
            "236055"
          ],
          [
            "-96895652",
            "32961545",
            "153",
            "208",
            "1000",
            "0",
            "0",
            "0",
            "0",
            "railway=rail",
            "railway=switch",
            "16",
            "7217"
          ],
          [
            "-96896374",
            "32961195",
            "151",
            "78",
            "1000",
            "0",
            "0",
            "0",
            "0",
            "railway=rail",
            "railway=level_crossing",
            "22",
            "9423"
          ],
          [
            "-96896976",
            "32960911",
            "149",
            "65",
            "1000",
            "0",
            "0",
            "0",
            "0",
            "railway=rail",
            "railway=switch",
            "28",
            "12102"
          ],
          [
            "-96897641",
            "32960597",
            "150",
            "71",
            "1000",
            "0",
            "0",
            "0",
            "0",
            "railway=rail",
            "railway=switch",
            "33",
            "14340"
          ],
          [
            "-96907487",
            "32955965",
            "139",
            "1061",
            "1000",
            "0",
            "0",
            "0",
            "0",
            "railway=rail",
            "railway=level_crossing",
            "118",
            "53437"
          ],
          [
            "-96907606",
            "32955893",
            "138",
            "14",
            "1000",
            "0",
            "0",
            "0",
            "0",
            "railway=rail",
            "railway=crossing",
            "119",
            "53921"
          ],
          [
            "-96908467",
            "32955367",
            "139",
            "47",
            "1000",
            "0",
            "0",
            "0",
            "0",
            "railway=rail",
            "",
            "123",
            "55659"
          ],
          [
            "-96908467",
            "32955367",
            "139",
            "52",
            "1000",
            "0",
            "0",
            "0",
            "0",
            "railway=rail",
            "railway=unknown",
            "4",
            "2376"
          ],
          [
            "-96908676",
            "32955239",
            "139",
            "24",
            "1000",
            "0",
            "0",
            "0",
            "0",
            "railway=rail",
            "railway=crossing",
            "6",
            "3554"
          ],
          [
            "-96908869",
            "32955122",
            "139",
            "22",
            "1000",
            "0",
            "0",
            "0",
            "0",
            "railway=rail",
            "railway=unknown",
            "7",
            "4654"
          ],
          [
            "-96908963",
            "32955065",
            "139",
            "11",
            "1000",
            "0",
            "0",
            "0",
            "0",
            "railway=rail",
            "railway=crossing",
            "8",
            "5194"
          ],
          [
            "-96909025",
            "32955028",
            "139",
            "7",
            "1000",
            "0",
            "0",
            "0",
            "0",
            "railway=rail",
            "railway=level_crossing",
            "9",
            "5535"
          ],
          [
            "-96909139",
            "32954957",
            "140",
            "13",
            "1000",
            "0",
            "0",
            "0",
            "0",
            "railway=rail",
            "railway=crossing",
            "10",
            "6188"
          ],
          [
            "-96924916",
            "32952264",
            "137",
            "1549",
            "1000",
            "0",
            "0",
            "0",
            "0",
            "railway=rail",
            "railway=level_crossing",
            "134",
            "72482"
          ],
          [
            "-96925085",
            "32952255",
            "137",
            "16",
            "1000",
            "0",
            "0",
            "0",
            "0",
            "railway=rail",
            "railway=level_crossing",
            "135",
            "73186"
          ],
          [
            "-96933049",
            "32951830",
            "136",
            "747",
            "1000",
            "0",
            "0",
            "0",
            "0",
            "railway=rail",
            "railway=switch",
            "195",
            "105404"
          ],
          [
            "-96939968",
            "32951862",
            "137",
            "648",
            "1000",
            "0",
            "0",
            "0",
            "0",
            "railway=rail",
            "railway=level_crossing",
            "247",
            "134311"
          ],
          [
            "-96948662",
            "32952455",
            "138",
            "816",
            "1000",
            "0",
            "0",
            "0",
            "0",
            "railway=rail",
            "railway=crossing",
            "312",
            "171186"
          ],
          [
            "-96948744",
            "32952461",
            "138",
            "8",
            "1000",
            "0",
            "0",
            "0",
            "0",
            "railway=rail",
            "railway=level_crossing",
            "313",
            "171548"
          ],
          [
            "-96948842",
            "32952468",
            "138",
            "9",
            "1000",
            "0",
            "0",
            "0",
            "0",
            "railway=rail",
            "railway=crossing",
            "313",
            "171974"
          ],
          [
            "-96957827",
            "32953075",
            "140",
            "843",
            "1000",
            "0",
            "0",
            "0",
            "0",
            "railway=rail",
            "railway=level_crossing",
            "381",
            "211134"
          ],
          [
            "-96957991",
            "32953088",
            "140",
            "15",
            "1000",
            "0",
            "0",
            "0",
            "0",
            "railway=rail",
            "railway=level_crossing",
            "382",
            "211794"
          ],
          [
            "-96959670",
            "32953199",
            "138",
            "157",
            "1000",
            "0",
            "0",
            "0",
            "0",
            "railway=rail",
            "railway=switch",
            "394",
            "216952"
          ],
          [
            "-96968004",
            "32954702",
            "145",
            "802",
            "1000",
            "0",
            "0",
            "0",
            "0",
            "railway=rail",
            "railway=crossing",
            "459",
            "255735"
          ],
          [
            "-96968092",
            "32954726",
            "145",
            "9",
            "1000",
            "0",
            "0",
            "0",
            "0",
            "railway=rail",
            "railway=level_crossing",
            "459",
            "256131"
          ],
          [
            "-96976573",
            "32955224",
            "148",
            "831",
            "1000",
            "0",
            "0",
            "0",
            "0",
            "railway=rail",
            "railway=crossing",
            "526",
            "297792"
          ],
          [
            "-96976714",
            "32955174",
            "148",
            "14",
            "1000",
            "0",
            "0",
            "0",
            "0",
            "railway=rail",
            "railway=level_crossing",
            "527",
            "298376"
          ],
          [
            "-96976813",
            "32955141",
            "148",
            "10",
            "1000",
            "0",
            "0",
            "0",
            "0",
            "railway=rail",
            "railway=crossing",
            "528",
            "298795"
          ],
          [
            "-96977062",
            "32955058",
            "148",
            "25",
            "1000",
            "0",
            "0",
            "0",
            "0",
            "railway=rail",
            "railway=switch",
            "530",
            "299852"
          ],
          [
            "-96978674",
            "32954200",
            "149",
            "178",
            "1000",
            "0",
            "0",
            "0",
            "0",
            "railway=rail",
            "railway=level_crossing",
            "544",
            "308218"
          ],
          [
            "-96979055",
            "32953902",
            "149",
            "48",
            "1000",
            "0",
            "0",
            "0",
            "0",
            "railway=rail",
            "railway=level_crossing",
            "548",
            "310540"
          ],
          [
            "-96982802",
            "32950969",
            "158",
            "478",
            "1000",
            "0",
            "0",
            "0",
            "0",
            "railway=rail",
            "railway=crossing",
            "586",
            "337021"
          ],
          [
            "-96983787",
            "32950191",
            "161",
            "126",
            "1000",
            "0",
            "0",
            "0",
            "0",
            "railway=rail",
            "railway=unknown",
            "596",
            "344652"
          ],
          [
            "-96983882",
            "32950117",
            "162",
            "12",
            "1000",
            "0",
            "0",
            "0",
            "0",
            "railway=rail",
            "railway=crossing",
            "597",
            "345348"
          ],
          [
            "-96985096",
            "32949160",
            "158",
            "119",
            "1000",
            "0",
            "0",
            "0",
            "0",
            "railway=rail",
            "",
            "607",
            "351501"
          ],
          [
            "-97001472",
            "32948410",
            "158",
            "1729",
            "1000",
            "0",
            "0",
            "0",
            "0",
            "railway=rail",
            "railway=level_crossing",
            "138",
            "75703"
          ],
          [
            "-97001565",
            "32948524",
            "158",
            "15",
            "1000",
            "0",
            "0",
            "0",
            "0",
            "railway=rail",
            "railway=crossing",
            "139",
            "76288"
          ],
          [
            "-97004790",
            "32949857",
            "159",
            "356",
            "1000",
            "0",
            "0",
            "0",
            "0",
            "railway=rail",
            "railway=switch",
            "168",
            "91895"
          ],
          [
            "-97005031",
            "32949847",
            "160",
            "23",
            "1000",
            "0",
            "0",
            "0",
            "0",
            "railway=rail",
            "railway=crossing",
            "169",
            "93140"
          ],
          [
            "-97005168",
            "32949838",
            "160",
            "13",
            "1000",
            "0",
            "0",
            "0",
            "0",
            "railway=rail",
            "railway=level_crossing",
            "170",
            "93849"
          ],
          [
            "-97005243",
            "32949832",
            "160",
            "7",
            "1000",
            "0",
            "0",
            "0",
            "0",
            "railway=rail",
            "railway=crossing",
            "171",
            "94223"
          ],
          [
            "-97005771",
            "32949805",
            "161",
            "49",
            "1000",
            "0",
            "0",
            "0",
            "0",
            "railway=rail",
            "railway=switch",
            "175",
            "96991"
          ],
          [
            "-97007000",
            "32949684",
            "160",
            "116",
            "1000",
            "0",
            "0",
            "0",
            "0",
            "reversedirection=yes railway=rail",
            "railway=switch",
            "184",
            "102456"
          ],
          [
            "-97009121",
            "32949566",
            "161",
            "199",
            "1000",
            "0",
            "0",
            "0",
            "0",
            "reversedirection=yes railway=rail",
            "railway=switch",
            "200",
            "112304"
          ],
          [
            "-97010635",
            "32949486",
            "161",
            "142",
            "1000",
            "0",
            "0",
            "0",
            "0",
            "reversedirection=yes railway=rail",
            "railway=crossing",
            "211",
            "118682"
          ],
          [
            "-97010718",
            "32949481",
            "161",
            "8",
            "1000",
            "0",
            "0",
            "0",
            "0",
            "reversedirection=yes railway=rail",
            "railway=level_crossing",
            "212",
            "119037"
          ],
          [
            "-97010856",
            "32949474",
            "161",
            "13",
            "1000",
            "0",
            "0",
            "0",
            "0",
            "reversedirection=yes railway=rail",
            "railway=level_crossing",
            "213",
            "119586"
          ],
          [
            "-97010923",
            "32949470",
            "161",
            "6",
            "1000",
            "0",
            "0",
            "0",
            "0",
            "reversedirection=yes railway=rail",
            "railway=crossing",
            "214",
            "119841"
          ],
          [
            "-97011347",
            "32949448",
            "161",
            "40",
            "1000",
            "0",
            "0",
            "0",
            "0",
            "reversedirection=yes railway=rail",
            "railway=switch",
            "217",
            "121624"
          ],
          [
            "-97022106",
            "32948804",
            "164",
            "1009",
            "1000",
            "0",
            "0",
            "0",
            "0",
            "reversedirection=yes railway=rail",
            "railway=level_crossing",
            "297",
            "168703"
          ],
          [
            "-97022303",
            "32948792",
            "165",
            "18",
            "1000",
            "0",
            "0",
            "0",
            "0",
            "reversedirection=yes railway=rail",
            "railway=level_crossing",
            "299",
            "169531"
          ],
          [
            "-97033782",
            "32944698",
            "174",
            "1173",
            "1000",
            "0",
            "0",
            "0",
            "0",
            "reversedirection=yes railway=rail",
            "railway=switch",
            "393",
            "229585"
          ],
          [
            "-97034161",
            "32944541",
            "174",
            "39",
            "1000",
            "0",
            "0",
            "0",
            "0",
            "reversedirection=yes railway=rail",
            "railway=level_crossing",
            "396",
            "231336"
          ],
          [
            "-97040993",
            "32941769",
            "177",
            "709",
            "1000",
            "0",
            "0",
            "0",
            "0",
            "reversedirection=yes railway=rail",
            "railway=switch",
            "453",
            "262817"
          ],
          [
            "-97041785",
            "32941494",
            "174",
            "80",
            "1000",
            "0",
            "0",
            "0",
            "0",
            "reversedirection=yes railway=rail",
            "railway=switch",
            "459",
            "266336"
          ],
          [
            "-97046740",
            "32939485",
            "176",
            "467",
            "1000",
            "0",
            "0",
            "0",
            "0",
            "railway=rail",
            "",
            "496",
            "287542"
          ],
          [
            "-97046740",
            "32939485",
            "176",
            "47",
            "1000",
            "0",
            "0",
            "0",
            "0",
            "railway=rail",
            "railway=switch",
            "3",
            "2315"
          ],
          [
            "-97047688",
            "32939053",
            "176",
            "101",
            "1000",
            "0",
            "0",
            "0",
            "0",
            "railway=rail",
            "railway=switch",
            "11",
            "6740"
          ],
          [
            "-97051354",
            "32937907",
            "183",
            "368",
            "1000",
            "0",
            "0",
            "0",
            "0",
            "reversedirection=yes railway=rail",
            "railway=switch",
            "41",
            "25704"
          ],
          [
            "-97055152",
            "32936291",
            "182",
            "421",
            "1000",
            "0",
            "0",
            "0",
            "0",
            "railway=rail",
            "railway=level_crossing",
            "74",
            "46678"
          ],
          [
            "-97054683",
            "32934497",
            "180",
            "213",
            "1000",
            "0",
            "0",
            "0",
            "0",
            "railway=rail",
            "railway=switch",
            "92",
            "55697"
          ],
          [
            "-97054469",
            "32934265",
            "179",
            "33",
            "1000",
            "0",
            "0",
            "0",
            "0",
            "railway=rail",
            "railway=crossing",
            "94",
            "56517"
          ],
          [
            "-97054037",
            "32933803",
            "177",
            "65",
            "1000",
            "0",
            "0",
            "0",
            "0",
            "railway=rail",
            "railway=unknown",
            "99",
            "59027"
          ],
          [
            "-97053543",
            "32933280",
            "176",
            "74",
            "1000",
            "0",
            "0",
            "0",
            "0",
            "railway=rail",
            "railway=crossing",
            "105",
            "61852"
          ],
          [
            "-97053282",
            "32933008",
            "176",
            "39",
            "1000",
            "0",
            "0",
            "0",
            "0",
            "railway=rail",
            "railway=switch",
            "108",
            "63511"
          ],
          [
            "-97052911",
            "32932548",
            "177",
            "62",
            "1000",
            "0",
            "0",
            "0",
            "0",
            "railway=rail",
            "railway=switch",
            "113",
            "65165"
          ],
          [
            "-97047211",
            "32925986",
            "184",
            "877",
            "1000",
            "0",
            "0",
            "0",
            "0",
            "railway=rail",
            "",
            "184",
            "107831"
          ],
          [
            "-97043941",
            "32920697",
            "184",
            "705",
            "1000",
            "0",
            "0",
            "0",
            "0",
            "railway=rail",
            "railway=switch",
            "56",
            "31913"
          ],
          [
            "-97041852",
            "32918021",
            "182",
            "360",
            "1000",
            "0",
            "0",
            "0",
            "0",
            "railway=rail",
            "railway=level_crossing",
            "85",
            "45246"
          ],
          [
            "-97041817",
            "32917916",
            "181",
            "12",
            "1000",
            "0",
            "0",
            "0",
            "0",
            "railway=rail",
            "railway=level_crossing",
            "86",
            "45755"
          ],
          [
            "-97041614",
            "32915724",
            "182",
            "245",
            "1000",
            "0",
            "0",
            "0",
            "0",
            "railway=rail",
            "",
            "105",
            "56921"
          ],
          [
            "-97041622",
            "32914336",
            "182",
            "150",
            "1000",
            "0",
            "0",
            "0",
            "0",
            "reversedirection=yes railway=rail",
            "",
            "117",
            "63430"
          ],
          [
            "-97041232",
            "32909728",
            "182",
            "519",
            "1000",
            "0",
            "0",
            "0",
            "0",
            "reversedirection=yes railway=rail",
            "railway=switch",
            "41",
            "23236"
          ],
          [
            "-97041188",
            "32909117",
            "182",
            "68",
            "1000",
            "0",
            "0",
            "0",
            "0",
            "reversedirection=yes railway=rail",
            "railway=switch",
            "46",
            "26026"
          ],
          [
            "-97041207",
            "32908202",
            "180",
            "102",
            "1000",
            "0",
            "0",
            "0",
            "0",
            "reversedirection=yes railway=rail",
            "railway=level_crossing",
            "55",
            "29674"
          ],
          [
            "-97041208",
            "32908124",
            "181",
            "9",
            "1000",
            "0",
            "0",
            "0",
            "0",
            "reversedirection=yes railway=rail",
            "railway=level_crossing",
            "55",
            "30048"
          ],
          [
            "-97041219",
            "32907063",
            "185",
            "118",
            "1000",
            "0",
            "0",
            "0",
            "0",
            "reversedirection=yes railway=rail",
            "crossing=uncontrolled railway=crossing",
            "65",
            "35997"
          ],
          [
            "-97041221",
            "32906918",
            "186",
            "16",
            "1000",
            "0",
            "0",
            "0",
            "0",
            "reversedirection=yes railway=rail",
            "railway=buffer_stop",
            "66",
            "36881"
          ],
          [
            "-97041236",
            "32905800",
            "183",
            "124",
            "1000",
            "0",
            "0",
            "0",
            "0",
            "reversedirection=yes railway=rail",
            "",
            "76",
            "43230"
          ]
        ],
        "times": [
          0,
          9.92,
          11.2,
          20.64,
          21.36,
          24.4,
          29.52,
          34.96,
          48.48,
          49.68,
          51.04,
          52.88,
          60,
          60.96,
          61.84,
          62.8,
          76.16,
          78.24,
          86.24,
          88.48,
          96.08,
          97.84,
          99.68,
          102.24,
          104.8,
          108.16,
          109.12,
          110.88,
          112.96,
          115.2,
          117.2,
          121.2,
          124,
          125.36,
          127.04,
          128.72,
          133.36,
          145.2,
          152.32,
          154.88,
          157.76,
          160.56,
          161.92,
          164.32,
          167.12,
          169.12,
          192.08,
          194.16,
          196.16,
          199.52,
          201.2,
          202.88,
          204.24,
          205.76,
          207.84,
          215.6,
          240.24,
          261.92,
          270.96,
          275.04,
          283.52,
          289.04,
          290.88,
          292.96,
          294.8,
          297.2,
          299.6,
          301.92,
          303.2,
          306.24,
          309.52,
          312.16,
          315.2,
          317.84,
          322.72,
          331.28,
          336.32,
          343.68,
          347.36,
          350.08,
          352.96,
          365.76,
          375.84,
          378.16,
          384.88,
          387.92,
          408,
          421.36,
          478.08,
          481.2,
          506.24,
          517.12,
          525.12,
          537.36,
          545.84,
          553.68,
          556.48,
          559.28,
          562.08,
          566.56,
          569.6,
          575.04,
          576.48,
          618.88,
          636.08,
          657.2,
          660.4,
          660.88,
          661.92,
          662.56,
          673.92,
          689.84,
          702.96,
          703.52,
          704.56,
          707.84,
          710,
          712.96,
          715.12,
          717.04,
          719.12,
          721.44,
          724.56,
          726.16,
          727.76,
          729.76,
          732.96,
          733.84,
          735.12,
          738.16,
          744.48,
          748.24,
          751.36,
          755.04,
          756.8,
          758.56,
          760.56,
          763.2,
          766.16,
          796.48,
          820,
          822.48,
          825.52,
          828,
          830.24,
          834.56,
          840.24,
          843.76,
          847.92,
          850.48,
          854.08,
          867.12,
          874.32,
          884.16,
          890.48,
          894.16,
          895.2,
          900.56,
          908.4,
          914.96,
          934.48,
          936.48,
          938.48,
          943.12,
          945.28,
          947.28,
          950.64,
          953.36,
          954.16,
          955.36,
          967.76,
          971.2,
          974.64,
          979.2,
          982.4,
          985.68,
          988.48,
          991.84,
          1010,
          1013.52,
          1017.04,
          1021.76,
          1022.48,
          1043.28,
          1051.36,
          1056.64,
          1062,
          1069.28,
          1095.12,
          1099.44,
          1100.64,
          1116.16,
          1164.24,
          1168,
          1168.72,
          1169.36,
          1175.84,
          1200.32,
          1223.84,
          1234.64,
          1239.44,
          1245.76,
          1255.44,
          1264.56,
          1271.52,
          1278.32,
          1301.76,
          1311.44,
          1346.16,
          1347.44,
          1361.44,
          1366.08,
          1400.96,
          1402.24,
          1406.64,
          1426,
          1428.16,
          1432.72,
          1434.88,
          1437.04,
          1440.8,
          1444.56,
          1447.92,
          1456.08,
          1459.6,
          1467.84,
          1470.56,
          1471.52,
          1472.56,
          1473.12,
          1474,
          1475.76,
          1484.32,
          1485.52,
          1486.4,
          1488.64,
          1494.8,
          1506.08,
          1509.76,
          1513.44,
          1515.84,
          1520.08,
          1541.6,
          1545.2,
          1552.08,
          1558,
          1569.04,
          1582.24,
          1584.96,
          1594.8,
          1608.16,
          1614.56,
          1620.08,
          1623.52,
          1627.52,
          1632.48,
          1637.44,
          1640.16,
          1644.64,
          1648.24,
          1650.4,
          1653.2,
          1662.64,
          1706.4,
          1709.92,
          1733.84,
          1740.96,
          1790.08,
          1792.56,
          1800.16,
          1817.36,
          1848.16,
          1886.56,
          1907.44,
          1911.52,
          1912.56,
          1913.04,
          1919.84,
          1940.72,
          1943.52,
          1946.56,
          1950.72,
          1955.68,
          1964.96,
          1965.68,
          1981.36,
          1995.68,
          2016.48,
          2034.8,
          2036.24,
          2043.92,
          2048.88,
          2051.68,
          2054.56,
          2058.96,
          2061.6,
          2065.52,
          2068.8,
          2093.92,
          2094.88,
          2095.04,
          2095.68,
          2096.4,
          2097.28,
          2097.76,
          2103.44,
          2106.96,
          2112.96,
          2114.48,
          2125.44,
          2125.84,
          2126.88,
          2127.52,
          2137.04,
          2140.24,
          2140.72,
          2141.52,
          2142,
          2151.12,
          2162.16,
          2162.64,
          2163.28,
          2165.76,
          2166.32,
          2166.8,
          2172.08,
          2178.08,
          2183.52,
          2184.56,
          2185.44,
          2188.56,
          2198.64,
          2199.76,
          2222.48,
          2229.76,
          2233.76,
          2237.28,
          2243.84,
          2250.08,
          2254.32,
          2277.52,
          2291.68,
          2295.2,
          2300.72,
          2305.2,
          2309.68,
          2314.8,
          2324.8,
          2354.72,
          2376,
          2376.96,
          2377.92,
          2384.24,
          2389.44,
          2400.64,
          2405.12,
          2405.92,
          2407.12,
          2410.08,
          2411.76,
          2414.64,
          2417.68,
          2420.56,
          2424.24,
          2432,
          2446.64,
          2450.24,
          2453.76,
          2460.48,
          2502.32,
          2504.48,
          2532.16,
          2535.2,
          2552.56,
          2554.48,
          2575.6,
          2576.72,
          2587.28,
          2594.08,
          2598.32,
          2604.88,
          2611.84,
          2616.88,
          2632.88,
          2661.52,
          2679.04,
          2720.08,
          2739.52,
          2743.68,
          2752.32,
          2753.04,
          2754.72,
          2756,
          2767.52,
          2781.92,
          2790.24,
          2794.88,
          2795.52,
          2796.08,
          2805.68,
          2807.12,
          2812.56,
          2821.6,
          2824.48,
          2832.08,
          2839.12,
          2846.4,
          2851.68,
          2856.56,
          2868.32,
          2871.44,
          2875.36,
          2882.8,
          2924.08,
          2952.72,
          2956.72,
          2957.44,
          2958.64,
          2959.36,
          2986.24,
          2998.16,
          3031.6,
          3052.4,
          3059.76,
          3060.56,
          3061.6,
          3062.64,
          3067.6,
          3072.56,
          3074.16,
          3077.68,
          3079.12,
          3087.76,
          3090.24,
          3091.52,
          3092.8,
          3094.08,
          3095.36,
          3096.64,
          3099.12,
          3101.28,
          3103.76,
          3105.04,
          3107.52,
          3115.04,
          3116.24,
          3117.52,
          3118.8,
          3120.08,
          3121.28,
          3123.84,
          3125.12,
          3126.4,
          3140,
          3143.76,
          3145.04,
          3146.32,
          3148.88,
          3150.16,
          3151.44,
          3152.72,
          3155.2,
          3156.32,
          3157.44,
          3159.44,
          3162.08,
          3164.32,
          3165.92,
          3167.52,
          3168.96,
          3170.8,
          3173.28,
          3174.16,
          3175.12,
          3175.76,
          3179.76,
          3189.52,
          3190.96,
          3195.68,
          3196.32,
          3202,
          3205.12,
          3205.76,
          3211.52,
          3215.44,
          3222.4,
          3227.84,
          3233.28,
          3235.44,
          3240,
          3242.16,
          3253.76,
          3283.04,
          3283.68,
          3287.44,
          3288.8,
          3291.04,
          3294.48,
          3297.12,
          3298.64,
          3300.16,
          3301.36,
          3302.64,
          3303.84,
          3308.8,
          3309.6,
          3310.88,
          3319.68,
          3320.32,
          3321.68,
          3322.16,
          3330,
          3335.04,
          3348.8,
          3349.44,
          3351.2,
          3353.36,
          3354.96,
          3371.68,
          3374.64,
          3378.4,
          3394.64,
          3398.88,
          3415.28,
          3437.12,
          3437.68,
          3438.96,
          3439.76,
          3448.08,
          3480.96,
          3490.24,
          3494.8,
          3503.601,
          3525.281,
          3557.121,
          3559.601,
          3568.881,
          3569.361,
          3569.841,
          3579.121,
          3581.601,
          3613.441,
          3635.121,
          3643.921,
          3648.481,
          3654.561,
          3680.161,
          3699.041,
          3699.841,
          3701.121,
          3701.681,
          3711.361,
          3729.521,
          3750.001,
          3768.561,
          3771.041,
          3773.441,
          3775.761,
          3778.321,
          3782.481,
          3785.761,
          3787.761,
          3790.241,
          3794.641,
          3807.281,
          3816.881,
          3817.361,
          3818.801,
          3827.601,
          3828.241,
          3829.361,
          3830.161,
          3831.441,
          3835.281,
          3836.481,
          3837.761,
          3838.961,
          3840.481,
          3842.001,
          3844.641,
          3848.081,
          3850.321,
          3851.681,
          3855.441,
          3856.081,
          3885.361,
          3896.961,
          3899.121,
          3903.681,
          3905.841,
          3911.281,
          3916.721,
          3923.681,
          3927.601,
          3933.361,
          3934.001,
          3937.121,
          3941.521,
          3942.961,
          3943.601,
          3948.241,
          3950.641,
          3957.921,
          3959.441,
          3963.521,
          3964.241,
          3965.201,
          3966.081,
          3968.401,
          3970.241,
          3971.681,
          3973.121,
          3974.801,
          3976.401,
          3978.161,
          3979.921,
          3981.761,
          3982.641,
          3983.921,
          3985.041,
          3986.321,
          3987.521,
          3988.801,
          3990.001,
          3991.281,
          3992.561,
          3993.761,
          4000.161,
          4013.601,
          4014.881,
          4017.361,
          4019.841,
          4021.041,
          4022.321,
          4024.801,
          4031.041,
          4032.321,
          4033.601,
          4034.801,
          4036.081,
          4038.401,
          4039.441,
          4042.001,
          4043.361,
          4046.001,
          4047.281,
          4048.561,
          4051.121,
          4059.841,
          4064.721,
          4067.841,
          4072.161,
          4076.161,
          4077.201,
          4078.241,
          4079.201,
          4088.241,
          4142.721,
          4149.441,
          4153.841,
          4161.201,
          4179.681,
          4180.401,
          4181.601,
          4182.321,
          4210.721,
          4215.201,
          4256.721,
          4267.921,
          4268.881,
          4270.801,
          4272.481,
          4275.761,
          4282.321,
          4287.281,
          4299.921,
          4305.761,
          4332.001,
          4341.601,
          4343.041,
          4343.601,
          4344.241,
          4348.801,
          4354.481,
          4361.441,
          4383.121,
          4384.241,
          4385.921,
          4386.801,
          4389.681,
          4406.561,
          4408.721,
          4449.361,
          4477.441,
          4504.881,
          4520.641,
          4527.361,
          4534.561,
          4540.881,
          4545.841,
          4549.441,
          4562.401,
          4563.521,
          4583.681,
          4585.601,
          4587.521,
          4603.841,
          4606.801,
          4634.561,
          4636.801,
          4643.601,
          4676.001,
          4678.561,
          4685.361,
          4688.881,
          4692.081,
          4714.801,
          4718.561,
          4721.681,
          4724.561,
          4727.441,
          4728.961,
          4732.001,
          4733.201,
          4735.601,
          4739.361,
          4749.681,
          4754.881,
          4761.521,
          4762.561,
          4763.521,
          4784.401,
          4794.001,
          4802.801,
          4813.681,
          4823.041,
          4829.041,
          4831.761,
          4835.361,
          4838.241,
          4841.601,
          4848.161,
          4884.721,
          4889.041,
          4894.801,
          4898.881,
          4902.481,
          4905.121,
          4907.121,
          4909.441,
          4928.881,
          4935.441,
          4939.281,
          4949.201,
          4950.401,
          4953.281,
          4954.161,
          4955.201,
          4958.161,
          4966.961,
          4971.921,
          4972.401,
          4972.961,
          4975.521,
          4976.161,
          4976.641,
          4982.961,
          4996.401,
          4996.801,
          4997.521,
          4998.001,
          5001.761,
          5011.201,
          5011.841,
          5012.881,
          5013.201,
          5024.401,
          5033.841,
          5035.521,
          5041.041,
          5041.521,
          5042.401,
          5043.121,
          5043.761,
          5044.081,
          5045.121,
          5070.401,
          5074.881,
          5077.201,
          5080.241,
          5084.321,
          5089.441,
          5092.321,
          5094.801,
          5098.721,
          5104.001,
          5122.321,
          5135.601,
          5165.201,
          5169.281,
          5173.201,
          5173.921,
          5185.361,
          5188.161,
          5190.561,
          5194.881,
          5199.041,
          5210.401,
          5225.761,
          5226.241,
          5227.281,
          5290.401,
          5307.521,
          5311.361,
          5338.641,
          5403.841,
          5404.961,
          5411.761,
          5428.801,
          5432.321,
          5435.361,
          5462.961,
          5470.081,
          5486.001,
          5488.641,
          5490.641,
          5494.241,
          5496.801,
          5499.121,
          5501.681,
          5504.081,
          5506.481,
          5511.201,
          5514.561,
          5516.801,
          5519.041,
          5534.001,
          5550.641,
          5556.881,
          5562.081,
          5567.761,
          5582.321,
          5588.241,
          5591.921,
          5597.681,
          5616.881,
          5623.521,
          5626.561,
          5629.761,
          5637.601,
          5648.881,
          5652.641,
          5653.761,
          5657.521,
          5661.681,
          5663.601,
          5665.361,
          5666.241,
          5666.801,
          5667.841,
          5668.801,
          5671.601,
          5678.721,
          5683.201,
          5691.201,
          5693.201,
          5695.281,
          5698.801,
          5702.241,
          5706.641,
          5708.881,
          5732.641,
          5737.041,
          5791.761,
          5793.041,
          5827.841,
          5837.521,
          5852.801,
          5867.281,
          5869.761,
          5875.281,
          5880.001,
          5892.241,
          5893.521,
          5899.761,
          5904.641,
          5910.321,
          5938.961,
          5963.441,
          5969.921,
          5970.561,
          5971.281,
          6038.721,
          6039.921,
          6052.481,
          6076.401,
          6083.281,
          6090.001,
          6096.721,
          6116.641,
          6117.361,
          6125.601,
          6129.041,
          6144.641,
          6147.921,
          6150.801,
          6153.601,
          6156.241,
          6159.841,
          6163.201,
          6166.881,
          6170.721,
          6183.841,
          6184.961,
          6185.761,
          6187.761,
          6194.001,
          6196.321,
          6198.401,
          6202.001,
          6203.681,
          6205.841,
          6244.081,
          6254.161,
          6255.121,
          6264.641,
          6267.601,
          6284.801,
          6288.561,
          6291.201,
          6295.281,
          6299.121,
          6304.561,
          6308.881,
          6311.121,
          6314.481,
          6318.881,
          6342.401,
          6371.681,
          6375.761,
          6379.201,
          6381.841,
          6386.001,
          6390.881,
          6394.161,
          6400.321,
          6402.961,
          6404.161,
          6408.641,
          6410.561,
          6412.321,
          6414.081,
          6417.441,
          6419.681,
          6421.761,
          6423.361,
          6426.081,
          6428.881,
          6432.641,
          6434.481,
          6435.521,
          6436.081,
          6440.001,
          6449.281,
          6465.201,
          6476.561,
          6477.201,
          6478.241,
          6478.721,
          6481.921,
          6503.041,
          6520.241,
          6562.641,
          6564.081,
          6569.521,
          6572.561,
          6577.041,
          6579.841,
          6582.641,
          6585.441,
          6593.281,
          6601.761,
          6614.001,
          6622.001,
          6632.881,
          6657.921,
          6661.041,
          6717.761,
          6724.161,
          6738.401,
          6751.121,
          6754.161,
          6761.521,
          6765.281,
          6773.361,
          6786.161,
          6789.041,
          6791.761,
          6795.441,
          6802.801,
          6810.241,
          6821.281,
          6824.241,
          6827.361,
          6829.761,
          6833.361,
          6836.481,
          6837.921,
          6840.241,
          6842.721,
          6845.281,
          6847.201,
          6849.521,
          6853.521,
          6856.161,
          6861.361,
          6867.281,
          6870.401,
          6875.361,
          6900.001,
          6924.721,
          6933.041,
          6935.361,
          6936.801,
          6939.041,
          6943.201,
          6944.721,
          6945.521,
          6947.761,
          6949.441,
          6968.881,
          6971.921,
          6974.881,
          6976.161,
          6978.481,
          6979.681,
          6980.881,
          6982.081,
          6983.041,
          6985.121,
          6986.401,
          6987.681,
          7001.921,
          7007.761,
          7011.841,
          7013.761,
          7015.921,
          7017.121,
          7019.761,
          7021.681,
          7025.361,
          7026.801,
          7030.721,
          7031.681,
          7034.161,
          7035.601,
          7037.441,
          7040.561,
          7044.801,
          7051.281,
          7053.521,
          7061.441,
          7063.281,
          7063.601,
          7076.881,
          7078.161,
          7079.841,
          7087.121,
          7088.641,
          7089.681,
          7091.041,
          7104.801,
          7110.241,
          7115.361,
          7118.401,
          7119.121,
          7128.561,
          7129.841,
          7139.761
        ]
      },
      "geometry": {
        "type": "LineString",
        "coordinates": [
          [
            -97.041236,
            32.9058,
            183.75
          ],
          [
            -97.041221,
            32.906918,
            186.5
          ],
          [
            -97.041219,
            32.907063,
            185.5
          ],
          [
            -97.041208,
            32.908124,
            181
          ],
          [
            -97.041207,
            32.908202,
            180.75
          ],
          [
            -97.041192,
            32.908541,
            180.75
          ],
          [
            -97.041188,
            32.909117,
            182
          ],
          [
            -97.041176,
            32.909727,
            182.75
          ],
          [
            -97.041173,
            32.911253,
            181.5
          ],
          [
            -97.041181,
            32.911389,
            181.5
          ],
          [
            -97.041196,
            32.911545,
            181.75
          ],
          [
            -97.041251,
            32.911745,
            182
          ],
          [
            -97.041524,
            32.912515,
            183.75
          ],
          [
            -97.041553,
            32.912623,
            183.75
          ],
          [
            -97.04157,
            32.912723,
            184
          ],
          [
            -97.041575,
            32.912829,
            184
          ],
          [
            -97.041567,
            32.914336,
            182
          ],
          [
            -97.041566,
            32.914574,
            182.25
          ],
          [
            -97.04156,
            32.915472,
            182.75
          ],
          [
            -97.041558,
            32.915722,
            182.75
          ],
          [
            -97.041555,
            32.916583,
            182.25
          ],
          [
            -97.041554,
            32.916783,
            182.25
          ],
          [
            -97.041569,
            32.916989,
            181.75
          ],
          [
            -97.041607,
            32.917274,
            181.25
          ],
          [
            -97.041662,
            32.917559,
            181
          ],
          [
            -97.041758,
            32.917932,
            181.5
          ],
          [
            -97.041792,
            32.918039,
            181.75
          ],
          [
            -97.04186,
            32.918231,
            182.25
          ],
          [
            -97.041951,
            32.918456,
            181.75
          ],
          [
            -97.042067,
            32.918691,
            180.5
          ],
          [
            -97.042181,
            32.918893,
            179.25
          ],
          [
            -97.042433,
            32.919289,
            178.25
          ],
          [
            -97.042636,
            32.919553,
            179.75
          ],
          [
            -97.042744,
            32.91968,
            180.5
          ],
          [
            -97.042877,
            32.919829,
            181.5
          ],
          [
            -97.043022,
            32.919976,
            182.75
          ],
          [
            -97.043446,
            32.920359,
            184.25
          ],
          [
            -97.044584,
            32.921289,
            185.25
          ],
          [
            -97.045247,
            32.921862,
            185.25
          ],
          [
            -97.045469,
            32.92208,
            185.75
          ],
          [
            -97.045691,
            32.922341,
            186.5
          ],
          [
            -97.045887,
            32.922607,
            185.75
          ],
          [
            -97.045975,
            32.922742,
            184.5
          ],
          [
            -97.046112,
            32.922987,
            182.5
          ],
          [
            -97.046252,
            32.923275,
            180.25
          ],
          [
            -97.04633,
            32.923487,
            180
          ],
          [
            -97.047148,
            32.925981,
            184
          ],
          [
            -97.047235,
            32.926206,
            183.75
          ],
          [
            -97.04733,
            32.926413,
            183.5
          ],
          [
            -97.047521,
            32.926756,
            183
          ],
          [
            -97.047622,
            32.926921,
            183.25
          ],
          [
            -97.047734,
            32.927088,
            183.75
          ],
          [
            -97.047836,
            32.92722,
            184
          ],
          [
            -97.047949,
            32.927357,
            184.5
          ],
          [
            -97.048116,
            32.927544,
            184.75
          ],
          [
            -97.04876,
            32.928224,
            181.25
          ],
          [
            -97.050808,
            32.930398,
            178.5
          ],
          [
            -97.052613,
            32.932308,
            177
          ],
          [
            -97.053286,
            32.933158,
            176.25
          ],
          [
            -97.053621,
            32.93352,
            176.5
          ],
          [
            -97.054329,
            32.934261,
            178.25
          ],
          [
            -97.054786,
            32.934753,
            181.25
          ],
          [
            -97.054916,
            32.934925,
            181.75
          ],
          [
            -97.055031,
            32.935142,
            182
          ],
          [
            -97.055114,
            32.935337,
            182.25
          ],
          [
            -97.055167,
            32.935606,
            182.5
          ],
          [
            -97.055168,
            32.935873,
            182.5
          ],
          [
            -97.055121,
            32.936135,
            182.5
          ],
          [
            -97.055066,
            32.936269,
            182.5
          ],
          [
            -97.054925,
            32.936589,
            182.75
          ],
          [
            -97.054681,
            32.936891,
            182
          ],
          [
            -97.054423,
            32.9371,
            181.25
          ],
          [
            -97.054086,
            32.937288,
            180.5
          ],
          [
            -97.053758,
            32.937406,
            180.5
          ],
          [
            -97.05312,
            32.937534,
            181.75
          ],
          [
            -97.052006,
            32.937747,
            183.5
          ],
          [
            -97.051354,
            32.937907,
            183
          ],
          [
            -97.050395,
            32.938076,
            182.25
          ],
          [
            -97.04992,
            32.938198,
            181.5
          ],
          [
            -97.049583,
            32.938303,
            180.25
          ],
          [
            -97.04923,
            32.938431,
            179.25
          ],
          [
            -97.047688,
            32.939053,
            176
          ],
          [
            -97.046472,
            32.939539,
            176.5
          ],
          [
            -97.046195,
            32.939652,
            174.75
          ],
          [
            -97.045383,
            32.939982,
            174.75
          ],
          [
            -97.045013,
            32.94013,
            175.25
          ],
          [
            -97.042598,
            32.941109,
            174.5
          ],
          [
            -97.040993,
            32.941769,
            177.75
          ],
          [
            -97.034161,
            32.944541,
            174.5
          ],
          [
            -97.033782,
            32.944698,
            174.5
          ],
          [
            -97.030766,
            32.945921,
            171.75
          ],
          [
            -97.029478,
            32.946487,
            171.25
          ],
          [
            -97.028523,
            32.946897,
            172
          ],
          [
            -97.027042,
            32.947492,
            170.25
          ],
          [
            -97.026019,
            32.947904,
            167.75
          ],
          [
            -97.025076,
            32.948286,
            167
          ],
          [
            -97.024733,
            32.948408,
            167.25
          ],
          [
            -97.024382,
            32.948511,
            168
          ],
          [
            -97.024021,
            32.948599,
            168.25
          ],
          [
            -97.02343,
            32.948704,
            167.25
          ],
          [
            -97.02303,
            32.948748,
            166.25
          ],
          [
            -97.022303,
            32.948792,
            165
          ],
          [
            -97.022106,
            32.948804,
            164.75
          ],
          [
            -97.016451,
            32.949111,
            165.75
          ],
          [
            -97.014159,
            32.949289,
            163
          ],
          [
            -97.011347,
            32.949448,
            161.75
          ],
          [
            -97.010923,
            32.94947,
            161.5
          ],
          [
            -97.010856,
            32.949474,
            161.5
          ],
          [
            -97.010718,
            32.949481,
            161.75
          ],
          [
            -97.010635,
            32.949486,
            161.75
          ],
          [
            -97.009121,
            32.949566,
            161.75
          ],
          [
            -97.007,
            32.949684,
            160.5
          ],
          [
            -97.005247,
            32.949779,
            160.5
          ],
          [
            -97.005167,
            32.949783,
            160.25
          ],
          [
            -97.005028,
            32.949791,
            160.25
          ],
          [
            -97.004585,
            32.949812,
            158.75
          ],
          [
            -97.004295,
            32.949816,
            158
          ],
          [
            -97.003902,
            32.949799,
            157.75
          ],
          [
            -97.003614,
            32.949761,
            158
          ],
          [
            -97.003363,
            32.949705,
            158.25
          ],
          [
            -97.003104,
            32.949629,
            158.75
          ],
          [
            -97.002826,
            32.94952,
            159.5
          ],
          [
            -97.002475,
            32.949326,
            160.5
          ],
          [
            -97.002308,
            32.949215,
            160.25
          ],
          [
            -97.002154,
            32.949091,
            159.75
          ],
          [
            -97.001974,
            32.948927,
            159
          ],
          [
            -97.001718,
            32.948635,
            158.25
          ],
          [
            -97.001654,
            32.948552,
            158.25
          ],
          [
            -97.001554,
            32.948432,
            158.25
          ],
          [
            -97.00132,
            32.948157,
            158
          ],
          [
            -97.000818,
            32.947584,
            159
          ],
          [
            -97.000444,
            32.947298,
            160.5
          ],
          [
            -97.000106,
            32.947087,
            162
          ],
          [
            -96.99967,
            32.946886,
            161.75
          ],
          [
            -96.999456,
            32.946809,
            161.5
          ],
          [
            -96.999232,
            32.946744,
            161
          ],
          [
            -96.998973,
            32.946685,
            160.75
          ],
          [
            -96.998621,
            32.946634,
            161
          ],
          [
            -96.998226,
            32.94661,
            161.25
          ],
          [
            -96.994178,
            32.946615,
            160
          ],
          [
            -96.991032,
            32.946622,
            159
          ],
          [
            -96.990699,
            32.946623,
            159.25
          ],
          [
            -96.990297,
            32.946637,
            160.75
          ],
          [
            -96.989971,
            32.946662,
            162
          ],
          [
            -96.989678,
            32.9467,
            162.25
          ],
          [
            -96.989115,
            32.9468,
            162
          ],
          [
            -96.988389,
            32.947002,
            157.75
          ],
          [
            -96.987963,
            32.947164,
            157.75
          ],
          [
            -96.98747,
            32.947389,
            158
          ],
          [
            -96.987182,
            32.947545,
            158.5
          ],
          [
            -96.986797,
            32.947783,
            158.75
          ],
          [
            -96.985503,
            32.948767,
            156.75
          ],
          [
            -96.984779,
            32.949302,
            158.5
          ],
          [
            -96.983811,
            32.950052,
            162.5
          ],
          [
            -96.983185,
            32.950536,
            159
          ],
          [
            -96.982823,
            32.950817,
            159
          ],
          [
            -96.982719,
            32.950898,
            158.5
          ],
          [
            -96.98219,
            32.951307,
            156.75
          ],
          [
            -96.981441,
            32.95192,
            157
          ],
          [
            -96.980826,
            32.952448,
            155
          ],
          [
            -96.978917,
            32.95395,
            149.5
          ],
          [
            -96.97872,
            32.954103,
            149
          ],
          [
            -96.978526,
            32.954253,
            149
          ],
          [
            -96.978034,
            32.954568,
            149
          ],
          [
            -96.977787,
            32.954696,
            148.75
          ],
          [
            -96.977555,
            32.954804,
            148.5
          ],
          [
            -96.977151,
            32.954967,
            148
          ],
          [
            -96.976816,
            32.95508,
            148
          ],
          [
            -96.976716,
            32.955114,
            148
          ],
          [
            -96.976571,
            32.955163,
            148.25
          ],
          [
            -96.975037,
            32.955685,
            149
          ],
          [
            -96.974598,
            32.955805,
            148.5
          ],
          [
            -96.974149,
            32.9559,
            148
          ],
          [
            -96.973546,
            32.95596,
            148.5
          ],
          [
            -96.973113,
            32.955965,
            148.5
          ],
          [
            -96.97268,
            32.955939,
            147.5
          ],
          [
            -96.972312,
            32.955887,
            147.25
          ],
          [
            -96.971876,
            32.955792,
            148.25
          ],
          [
            -96.969587,
            32.955113,
            145.75
          ],
          [
            -96.969148,
            32.954982,
            145
          ],
          [
            -96.968706,
            32.954851,
            145.25
          ],
          [
            -96.968113,
            32.954676,
            145.5
          ],
          [
            -96.968025,
            32.954649,
            145.25
          ],
          [
            -96.965401,
            32.953869,
            143
          ],
          [
            -96.964375,
            32.953599,
            141.5
          ],
          [
            -96.963689,
            32.953472,
            140.5
          ],
          [
            -96.962979,
            32.953378,
            140.75
          ],
          [
            -96.962009,
            32.953303,
            140.75
          ],
          [
            -96.958567,
            32.953072,
            140
          ],
          [
            -96.957992,
            32.953031,
            140.5
          ],
          [
            -96.957828,
            32.953018,
            140.5
          ],
          [
            -96.95576,
            32.952875,
            139
          ],
          [
            -96.949352,
            32.952442,
            138.5
          ],
          [
            -96.948847,
            32.952412,
            138.5
          ],
          [
            -96.948748,
            32.952406,
            138.25
          ],
          [
            -96.948667,
            32.9524,
            138.25
          ],
          [
            -96.947802,
            32.95234,
            138
          ],
          [
            -96.944541,
            32.952116,
            135.75
          ],
          [
            -96.941403,
            32.951906,
            138.25
          ],
          [
            -96.939962,
            32.951798,
            137.75
          ],
          [
            -96.939321,
            32.951756,
            135.75
          ],
          [
            -96.938482,
            32.951701,
            136.5
          ],
          [
            -96.937187,
            32.951628,
            138.5
          ],
          [
            -96.935971,
            32.951601,
            138.25
          ],
          [
            -96.935045,
            32.951631,
            138.75
          ],
          [
            -96.934135,
            32.95169,
            138.75
          ],
          [
            -96.931015,
            32.9519,
            137
          ],
          [
            -96.929724,
            32.951965,
            136.5
          ],
          [
            -96.925086,
            32.952202,
            137.5
          ],
          [
            -96.924916,
            32.952208,
            137.25
          ],
          [
            -96.923053,
            32.952304,
            135.5
          ],
          [
            -96.922439,
            32.952339,
            135.5
          ],
          [
            -96.917788,
            32.952575,
            136
          ],
          [
            -96.917614,
            32.952584,
            135.75
          ],
          [
            -96.917029,
            32.952613,
            134.75
          ],
          [
            -96.914448,
            32.952754,
            136.75
          ],
          [
            -96.914156,
            32.952766,
            137.25
          ],
          [
            -96.913553,
            32.952814,
            137.5
          ],
          [
            -96.913266,
            32.952852,
            137.75
          ],
          [
            -96.91298,
            32.952905,
            138.25
          ],
          [
            -96.912498,
            32.953017,
            139
          ],
          [
            -96.912028,
            32.953159,
            139.25
          ],
          [
            -96.91162,
            32.953313,
            139
          ],
          [
            -96.910679,
            32.953786,
            140.5
          ],
          [
            -96.910302,
            32.954029,
            140
          ],
          [
            -96.909486,
            32.954649,
            140.25
          ],
          [
            -96.909207,
            32.95485,
            140
          ],
          [
            -96.909107,
            32.954915,
            140
          ],
          [
            -96.908997,
            32.954985,
            140
          ],
          [
            -96.908934,
            32.955025,
            139.75
          ],
          [
            -96.908841,
            32.955083,
            139.75
          ],
          [
            -96.908648,
            32.955203,
            139.5
          ],
          [
            -96.907722,
            32.955773,
            138.75
          ],
          [
            -96.907589,
            32.955854,
            138.75
          ],
          [
            -96.907491,
            32.955912,
            139
          ],
          [
            -96.907255,
            32.956061,
            139.5
          ],
          [
            -96.906587,
            32.956471,
            140.25
          ],
          [
            -96.905396,
            32.957251,
            141
          ],
          [
            -96.905003,
            32.9575,
            141.5
          ],
          [
            -96.9046,
            32.957735,
            142.25
          ],
          [
            -96.904311,
            32.957862,
            142.5
          ],
          [
            -96.903795,
            32.958054,
            143.25
          ],
          [
            -96.901146,
            32.959002,
            147.25
          ],
          [
            -96.900707,
            32.959159,
            147.25
          ],
          [
            -96.899875,
            32.959489,
            149.5
          ],
          [
            -96.899176,
            32.959799,
            150.5
          ],
          [
            -96.897892,
            32.960411,
            150.75
          ],
          [
            -96.89636,
            32.961141,
            151.25
          ],
          [
            -96.896043,
            32.961292,
            154.75
          ],
          [
            -96.894895,
            32.961842,
            154.75
          ],
          [
            -96.893336,
            32.96258,
            156.75
          ],
          [
            -96.892597,
            32.962939,
            159
          ],
          [
            -96.891951,
            32.963236,
            159
          ],
          [
            -96.891541,
            32.963418,
            159
          ],
          [
            -96.89104,
            32.963588,
            159.25
          ],
          [
            -96.890405,
            32.963757,
            159.25
          ],
          [
            -96.889755,
            32.963878,
            159.5
          ],
          [
            -96.889397,
            32.963914,
            159.5
          ],
          [
            -96.8888,
            32.963951,
            159.5
          ],
          [
            -96.88832,
            32.963952,
            159.5
          ],
          [
            -96.888034,
            32.96394,
            159.75
          ],
          [
            -96.887665,
            32.963904,
            160.5
          ],
          [
            -96.886432,
            32.963681,
            161.25
          ],
          [
            -96.880722,
            32.962603,
            157.75
          ],
          [
            -96.880259,
            32.962519,
            158.5
          ],
          [
            -96.877144,
            32.961925,
            162.25
          ],
          [
            -96.876217,
            32.961745,
            164.25
          ],
          [
            -96.869814,
            32.960535,
            166.75
          ],
          [
            -96.869495,
            32.960469,
            167.5
          ],
          [
            -96.868503,
            32.960288,
            169
          ],
          [
            -96.866256,
            32.959858,
            171
          ],
          [
            -96.862242,
            32.959104,
            172.5
          ],
          [
            -96.85724,
            32.958151,
            181.5
          ],
          [
            -96.854517,
            32.957639,
            183.25
          ],
          [
            -96.853982,
            32.957537,
            182.75
          ],
          [
            -96.853845,
            32.957512,
            182.5
          ],
          [
            -96.853779,
            32.957499,
            182.5
          ],
          [
            -96.852893,
            32.957332,
            182.75
          ],
          [
            -96.850172,
            32.956817,
            184.75
          ],
          [
            -96.849802,
            32.956763,
            185
          ],
          [
            -96.8494,
            32.956713,
            185
          ],
          [
            -96.848848,
            32.956669,
            186.5
          ],
          [
            -96.848182,
            32.956648,
            189
          ],
          [
            -96.846938,
            32.956636,
            188.5
          ],
          [
            -96.846839,
            32.956634,
            188.25
          ],
          [
            -96.844744,
            32.956618,
            188.25
          ],
          [
            -96.842829,
            32.956592,
            190.25
          ],
          [
            -96.840044,
            32.956572,
            193.5
          ],
          [
            -96.8376,
            32.956551,
            193
          ],
          [
            -96.837405,
            32.956548,
            193
          ],
          [
            -96.836383,
            32.956548,
            193.75
          ],
          [
            -96.835721,
            32.956588,
            193.75
          ],
          [
            -96.835345,
            32.956632,
            194
          ],
          [
            -96.834969,
            32.956686,
            193.75
          ],
          [
            -96.8344,
            32.956795,
            193.25
          ],
          [
            -96.83406,
            32.956877,
            193
          ],
          [
            -96.833566,
            32.957015,
            192.75
          ],
          [
            -96.833154,
            32.957149,
            192
          ],
          [
            -96.830071,
            32.958271,
            194
          ],
          [
            -96.829954,
            32.958313,
            194
          ],
          [
            -96.82993,
            32.958321,
            194.25
          ],
          [
            -96.829847,
            32.958352,
            194.5
          ],
          [
            -96.829757,
            32.958385,
            194.75
          ],
          [
            -96.829653,
            32.958422,
            195.25
          ],
          [
            -96.829593,
            32.958444,
            195.5
          ],
          [
            -96.828895,
            32.9587,
            197.25
          ],
          [
            -96.828459,
            32.958859,
            196.25
          ],
          [
            -96.827719,
            32.959128,
            196.25
          ],
          [
            -96.827528,
            32.959197,
            196
          ],
          [
            -96.826183,
            32.959689,
            192.75
          ],
          [
            -96.826138,
            32.959708,
            193
          ],
          [
            -96.826006,
            32.959753,
            193.25
          ],
          [
            -96.825926,
            32.959784,
            193.5
          ],
          [
            -96.824752,
            32.960203,
            194
          ],
          [
            -96.824351,
            32.960339,
            193.25
          ],
          [
            -96.824296,
            32.960358,
            193.25
          ],
          [
            -96.824202,
            32.960392,
            193.25
          ],
          [
            -96.824138,
            32.960414,
            193.25
          ],
          [
            -96.823,
            32.960795,
            191
          ],
          [
            -96.821649,
            32.961286,
            194
          ],
          [
            -96.821592,
            32.961307,
            194.25
          ],
          [
            -96.821514,
            32.961336,
            194.75
          ],
          [
            -96.821205,
            32.961445,
            196.5
          ],
          [
            -96.821132,
            32.961473,
            197
          ],
          [
            -96.821069,
            32.961495,
            197.25
          ],
          [
            -96.820424,
            32.961736,
            197
          ],
          [
            -96.819705,
            32.962037,
            192.75
          ],
          [
            -96.819047,
            32.962288,
            189.75
          ],
          [
            -96.818924,
            32.962334,
            189.25
          ],
          [
            -96.818816,
            32.962374,
            189
          ],
          [
            -96.818438,
            32.962512,
            188
          ],
          [
            -96.817204,
            32.962958,
            185
          ],
          [
            -96.81707,
            32.963007,
            184.25
          ],
          [
            -96.814279,
            32.964022,
            181
          ],
          [
            -96.813391,
            32.964352,
            180.25
          ],
          [
            -96.812909,
            32.964554,
            181
          ],
          [
            -96.812506,
            32.96475,
            181.25
          ],
          [
            -96.811769,
            32.965158,
            177.25
          ],
          [
            -96.811095,
            32.96557,
            174.75
          ],
          [
            -96.810636,
            32.965856,
            175.5
          ],
          [
            -96.808125,
            32.967388,
            181.5
          ],
          [
            -96.806584,
            32.968317,
            182.25
          ],
          [
            -96.806211,
            32.968558,
            182.25
          ],
          [
            -96.805651,
            32.96897,
            181.75
          ],
          [
            -96.805233,
            32.969337,
            181.5
          ],
          [
            -96.80485,
            32.969723,
            179.5
          ],
          [
            -96.80447,
            32.9702,
            179.75
          ],
          [
            -96.803765,
            32.971155,
            183.75
          ],
          [
            -96.801692,
            32.97404,
            183
          ],
          [
            -96.800195,
            32.976083,
            183.75
          ],
          [
            -96.800126,
            32.976173,
            184
          ],
          [
            -96.800061,
            32.976271,
            184
          ],
          [
            -96.799623,
            32.976875,
            185
          ],
          [
            -96.799252,
            32.977375,
            184.25
          ],
          [
            -96.798467,
            32.978454,
            186.5
          ],
          [
            -96.798115,
            32.978866,
            186.75
          ],
          [
            -96.798044,
            32.978937,
            186.75
          ],
          [
            -96.797946,
            32.97904,
            187
          ],
          [
            -96.797694,
            32.979302,
            187.5
          ],
          [
            -96.797544,
            32.979445,
            187.75
          ],
          [
            -96.797282,
            32.979678,
            188.25
          ],
          [
            -96.796987,
            32.979912,
            188.5
          ],
          [
            -96.796697,
            32.980123,
            189
          ],
          [
            -96.796314,
            32.980379,
            189.5
          ],
          [
            -96.795488,
            32.980902,
            189.25
          ],
          [
            -96.793914,
            32.981884,
            192
          ],
          [
            -96.793528,
            32.982124,
            191.25
          ],
          [
            -96.793145,
            32.982354,
            190.25
          ],
          [
            -96.792397,
            32.982773,
            191.5
          ],
          [
            -96.787553,
            32.985123,
            194
          ],
          [
            -96.787303,
            32.985236,
            194.5
          ],
          [
            -96.784095,
            32.986782,
            198.75
          ],
          [
            -96.783746,
            32.986952,
            199.25
          ],
          [
            -96.781741,
            32.987929,
            200.5
          ],
          [
            -96.781522,
            32.988037,
            201.5
          ],
          [
            -96.779078,
            32.989225,
            205.75
          ],
          [
            -96.778948,
            32.989287,
            205.5
          ],
          [
            -96.777714,
            32.989871,
            206
          ],
          [
            -96.776912,
            32.990239,
            206
          ],
          [
            -96.776402,
            32.990447,
            206
          ],
          [
            -96.775579,
            32.990707,
            206.25
          ],
          [
            -96.774677,
            32.990911,
            206.25
          ],
          [
            -96.774023,
            32.991046,
            205.5
          ],
          [
            -96.771948,
            32.9915,
            207.75
          ],
          [
            -96.768252,
            32.992345,
            209
          ],
          [
            -96.765989,
            32.992843,
            209.75
          ],
          [
            -96.760689,
            32.994044,
            217
          ],
          [
            -96.758174,
            32.994608,
            220
          ],
          [
            -96.75763,
            32.994724,
            220.25
          ],
          [
            -96.756516,
            32.994976,
            220.75
          ],
          [
            -96.756423,
            32.994997,
            220.5
          ],
          [
            -96.756205,
            32.995046,
            220.5
          ],
          [
            -96.756043,
            32.995083,
            220.25
          ],
          [
            -96.754553,
            32.995418,
            217.5
          ],
          [
            -96.752686,
            32.995823,
            217
          ],
          [
            -96.751609,
            32.99604,
            216
          ],
          [
            -96.751007,
            32.996181,
            216.75
          ],
          [
            -96.750924,
            32.9962,
            216.75
          ],
          [
            -96.75085,
            32.996216,
            217
          ],
          [
            -96.749607,
            32.996497,
            214.5
          ],
          [
            -96.74942,
            32.99654,
            214.25
          ],
          [
            -96.748713,
            32.9967,
            214.5
          ],
          [
            -96.747563,
            32.997007,
            215.5
          ],
          [
            -96.747191,
            32.997089,
            214.25
          ],
          [
            -96.746207,
            32.997305,
            211.75
          ],
          [
            -96.745283,
            32.997473,
            210.5
          ],
          [
            -96.744334,
            32.997659,
            208.75
          ],
          [
            -96.743653,
            32.99781,
            207.5
          ],
          [
            -96.743021,
            32.997948,
            206.75
          ],
          [
            -96.741503,
            32.998285,
            206.5
          ],
          [
            -96.741096,
            32.998371,
            206.5
          ],
          [
            -96.740589,
            32.998494,
            206.5
          ],
          [
            -96.739634,
            32.998712,
            206.5
          ],
          [
            -96.734302,
            32.999911,
            206.5
          ],
          [
            -96.730602,
            33.000756,
            202.25
          ],
          [
            -96.730079,
            33.00086,
            202.75
          ],
          [
            -96.729988,
            33.000877,
            202.75
          ],
          [
            -96.729834,
            33.000912,
            202.25
          ],
          [
            -96.729742,
            33.000932,
            202
          ],
          [
            -96.726266,
            33.001701,
            196
          ],
          [
            -96.72471,
            33.001983,
            194
          ],
          [
            -96.720329,
            33.002731,
            190.25
          ],
          [
            -96.717594,
            33.00318,
            190.75
          ],
          [
            -96.716616,
            33.003305,
            187.75
          ],
          [
            -96.716507,
            33.003316,
            187.5
          ],
          [
            -96.716373,
            33.003334,
            187.25
          ],
          [
            -96.716233,
            33.003353,
            186.75
          ],
          [
            -96.715571,
            33.003429,
            185.25
          ],
          [
            -96.714913,
            33.003458,
            184.25
          ],
          [
            -96.714702,
            33.003462,
            184.5
          ],
          [
            -96.714228,
            33.003448,
            185
          ],
          [
            -96.714036,
            33.003437,
            184.75
          ],
          [
            -96.712878,
            33.003386,
            184.5
          ],
          [
            -96.712543,
            33.003357,
            184.5
          ],
          [
            -96.712377,
            33.00333,
            184.5
          ],
          [
            -96.712214,
            33.003289,
            184.5
          ],
          [
            -96.712054,
            33.003237,
            184.5
          ],
          [
            -96.7119,
            33.003179,
            184.5
          ],
          [
            -96.711751,
            33.003111,
            184.5
          ],
          [
            -96.711478,
            33.002955,
            184.25
          ],
          [
            -96.711264,
            33.002797,
            184.25
          ],
          [
            -96.711044,
            33.00259,
            184.25
          ],
          [
            -96.710942,
            33.002472,
            184.25
          ],
          [
            -96.710781,
            33.00223,
            184.25
          ],
          [
            -96.710377,
            33.001456,
            184
          ],
          [
            -96.710296,
            33.001337,
            184
          ],
          [
            -96.710201,
            33.001215,
            184
          ],
          [
            -96.710099,
            33.0011,
            183.75
          ],
          [
            -96.709984,
            33.000992,
            183.75
          ],
          [
            -96.709865,
            33.000896,
            183.75
          ],
          [
            -96.709596,
            33.00072,
            183.75
          ],
          [
            -96.709446,
            33.000644,
            183.75
          ],
          [
            -96.709297,
            33.000579,
            183.75
          ],
          [
            -96.707641,
            32.999952,
            183.25
          ],
          [
            -96.707181,
            32.999778,
            183.25
          ],
          [
            -96.707021,
            32.999723,
            183.25
          ],
          [
            -96.706858,
            32.99968,
            183.25
          ],
          [
            -96.706525,
            32.999621,
            183
          ],
          [
            -96.706358,
            32.999607,
            183
          ],
          [
            -96.706184,
            32.999606,
            183
          ],
          [
            -96.706013,
            32.999617,
            183
          ],
          [
            -96.70569,
            32.999657,
            183
          ],
          [
            -96.705545,
            32.999687,
            183
          ],
          [
            -96.705402,
            32.999728,
            182.75
          ],
          [
            -96.705152,
            32.999818,
            183
          ],
          [
            -96.70485,
            32.999973,
            183.75
          ],
          [
            -96.704616,
            33.000133,
            185.25
          ],
          [
            -96.704463,
            33.000257,
            186
          ],
          [
            -96.704317,
            33.000393,
            187
          ],
          [
            -96.704216,
            33.000536,
            187.5
          ],
          [
            -96.704101,
            33.000717,
            188
          ],
          [
            -96.703958,
            33.000972,
            188.75
          ],
          [
            -96.703907,
            33.001064,
            189.25
          ],
          [
            -96.703857,
            33.00116,
            189.5
          ],
          [
            -96.70383,
            33.001224,
            189.5
          ],
          [
            -96.703628,
            33.001645,
            189.25
          ],
          [
            -96.703138,
            33.00266,
            188
          ],
          [
            -96.703066,
            33.002807,
            188.25
          ],
          [
            -96.702827,
            33.003303,
            188.75
          ],
          [
            -96.702795,
            33.003367,
            189
          ],
          [
            -96.702518,
            33.003965,
            193.25
          ],
          [
            -96.70235,
            33.004288,
            194
          ],
          [
            -96.702319,
            33.004355,
            193.75
          ],
          [
            -96.702033,
            33.004961,
            193
          ],
          [
            -96.701851,
            33.005379,
            193.5
          ],
          [
            -96.701588,
            33.006127,
            194
          ],
          [
            -96.701425,
            33.006727,
            194.5
          ],
          [
            -96.701308,
            33.007334,
            195
          ],
          [
            -96.701274,
            33.007575,
            195.25
          ],
          [
            -96.701218,
            33.008084,
            195.75
          ],
          [
            -96.701201,
            33.008324,
            195.75
          ],
          [
            -96.701207,
            33.009628,
            196.5
          ],
          [
            -96.701134,
            33.012926,
            200.5
          ],
          [
            -96.701133,
            33.012998,
            200.25
          ],
          [
            -96.701115,
            33.013422,
            200
          ],
          [
            -96.701096,
            33.013576,
            200.25
          ],
          [
            -96.701031,
            33.013822,
            200.5
          ],
          [
            -96.70089,
            33.014191,
            201
          ],
          [
            -96.700719,
            33.014448,
            201
          ],
          [
            -96.700587,
            33.014583,
            201.25
          ],
          [
            -96.700442,
            33.014697,
            201.25
          ],
          [
            -96.700312,
            33.01478,
            201.5
          ],
          [
            -96.700166,
            33.014851,
            201.5
          ],
          [
            -96.70002,
            33.014907,
            201.75
          ],
          [
            -96.699393,
            33.015092,
            202.5
          ],
          [
            -96.699295,
            33.015121,
            202.75
          ],
          [
            -96.699138,
            33.015169,
            202.75
          ],
          [
            -96.698026,
            33.015498,
            204
          ],
          [
            -96.697946,
            33.015521,
            203.75
          ],
          [
            -96.697777,
            33.015569,
            203.5
          ],
          [
            -96.697712,
            33.015588,
            203.5
          ],
          [
            -96.696724,
            33.01588,
            203.75
          ],
          [
            -96.696072,
            33.01603,
            203
          ],
          [
            -96.69433,
            33.016535,
            200.5
          ],
          [
            -96.694242,
            33.016554,
            200.25
          ],
          [
            -96.694016,
            33.016593,
            200.25
          ],
          [
            -96.69373,
            33.01664,
            200.5
          ],
          [
            -96.693521,
            33.016645,
            200.75
          ],
          [
            -96.691285,
            33.016586,
            198.25
          ],
          [
            -96.690897,
            33.016538,
            197.75
          ],
          [
            -96.690403,
            33.016473,
            197
          ],
          [
            -96.688272,
            33.016133,
            195.25
          ],
          [
            -96.687708,
            33.016085,
            196
          ],
          [
            -96.68555,
            33.015742,
            193.5
          ],
          [
            -96.682675,
            33.015278,
            193.25
          ],
          [
            -96.682599,
            33.015265,
            193.25
          ],
          [
            -96.682431,
            33.015238,
            193.5
          ],
          [
            -96.682331,
            33.015222,
            193.25
          ],
          [
            -96.681236,
            33.015051,
            193
          ],
          [
            -96.676915,
            33.014354,
            192.25
          ],
          [
            -96.675697,
            33.01416,
            190
          ],
          [
            -96.675099,
            33.014066,
            190
          ],
          [
            -96.673948,
            33.013876,
            189.5
          ],
          [
            -96.671096,
            33.013426,
            186
          ],
          [
            -96.666913,
            33.012748,
            183.75
          ],
          [
            -96.666589,
            33.012698,
            184.25
          ],
          [
            -96.66537,
            33.0125,
            180.5
          ],
          [
            -96.665312,
            33.01249,
            179
          ],
          [
            -96.66537,
            33.0125,
            180.5
          ],
          [
            -96.666589,
            33.012698,
            184.25
          ],
          [
            -96.666913,
            33.012748,
            183.75
          ],
          [
            -96.671096,
            33.013426,
            186
          ],
          [
            -96.673948,
            33.013876,
            189.5
          ],
          [
            -96.675099,
            33.014066,
            190
          ],
          [
            -96.675697,
            33.01416,
            190
          ],
          [
            -96.676487,
            33.014331,
            191.75
          ],
          [
            -96.679851,
            33.01487,
            193.5
          ],
          [
            -96.682331,
            33.015269,
            193.5
          ],
          [
            -96.682431,
            33.015285,
            193.5
          ],
          [
            -96.682598,
            33.01531,
            193.5
          ],
          [
            -96.682674,
            33.015322,
            193.25
          ],
          [
            -96.683946,
            33.015532,
            192.5
          ],
          [
            -96.686337,
            33.015909,
            193.75
          ],
          [
            -96.68903,
            33.016348,
            196.75
          ],
          [
            -96.691472,
            33.016737,
            198.75
          ],
          [
            -96.691804,
            33.016778,
            199.25
          ],
          [
            -96.692123,
            33.016809,
            199.5
          ],
          [
            -96.692431,
            33.016823,
            199.75
          ],
          [
            -96.692771,
            33.016823,
            200.25
          ],
          [
            -96.693329,
            33.016794,
            200.75
          ],
          [
            -96.693761,
            33.016733,
            200.5
          ],
          [
            -96.694026,
            33.016684,
            200
          ],
          [
            -96.694352,
            33.016614,
            200.5
          ],
          [
            -96.69491,
            33.016461,
            202
          ],
          [
            -96.696508,
            33.015998,
            203.5
          ],
          [
            -96.697714,
            33.015635,
            203.5
          ],
          [
            -96.697778,
            33.015615,
            203.5
          ],
          [
            -96.697962,
            33.015561,
            203.75
          ],
          [
            -96.699074,
            33.015234,
            202.75
          ],
          [
            -96.699155,
            33.015211,
            202.75
          ],
          [
            -96.699295,
            33.01517,
            202.5
          ],
          [
            -96.699392,
            33.015141,
            202.5
          ],
          [
            -96.699556,
            33.015093,
            202.5
          ],
          [
            -96.70002,
            33.014907,
            201.75
          ],
          [
            -96.700166,
            33.014851,
            201.5
          ],
          [
            -96.700312,
            33.01478,
            201.5
          ],
          [
            -96.700442,
            33.014697,
            201.25
          ],
          [
            -96.700587,
            33.014583,
            201.25
          ],
          [
            -96.700719,
            33.014448,
            201
          ],
          [
            -96.70089,
            33.014191,
            201
          ],
          [
            -96.701031,
            33.013822,
            200.5
          ],
          [
            -96.701096,
            33.013576,
            200.25
          ],
          [
            -96.701115,
            33.013422,
            200
          ],
          [
            -96.701133,
            33.012998,
            200.25
          ],
          [
            -96.701134,
            33.012926,
            200.5
          ],
          [
            -96.701207,
            33.009628,
            196.5
          ],
          [
            -96.701201,
            33.008324,
            195.75
          ],
          [
            -96.701218,
            33.008084,
            195.5
          ],
          [
            -96.701274,
            33.007575,
            194.75
          ],
          [
            -96.701308,
            33.007334,
            194.5
          ],
          [
            -96.701425,
            33.006727,
            194
          ],
          [
            -96.701588,
            33.006127,
            193.5
          ],
          [
            -96.701851,
            33.005379,
            193.5
          ],
          [
            -96.702033,
            33.004961,
            193
          ],
          [
            -96.702319,
            33.004355,
            193.75
          ],
          [
            -96.70235,
            33.004288,
            194
          ],
          [
            -96.702518,
            33.003965,
            193.25
          ],
          [
            -96.702778,
            33.00352,
            190.25
          ],
          [
            -96.702849,
            33.003373,
            189
          ],
          [
            -96.70288,
            33.003304,
            188.75
          ],
          [
            -96.703117,
            33.002822,
            188.25
          ],
          [
            -96.703236,
            33.002575,
            189
          ],
          [
            -96.703601,
            33.001818,
            189
          ],
          [
            -96.703676,
            33.001662,
            189.75
          ],
          [
            -96.703878,
            33.001238,
            189.75
          ],
          [
            -96.703918,
            33.001162,
            189.5
          ],
          [
            -96.703965,
            33.001066,
            189.25
          ],
          [
            -96.704008,
            33.000975,
            188.75
          ],
          [
            -96.704139,
            33.000735,
            188
          ],
          [
            -96.704258,
            33.000554,
            187.25
          ],
          [
            -96.704359,
            33.000421,
            186.75
          ],
          [
            -96.704483,
            33.000302,
            186
          ],
          [
            -96.70464,
            33.000168,
            185
          ],
          [
            -96.704805,
            33.000049,
            184
          ],
          [
            -96.705,
            32.99994,
            183
          ],
          [
            -96.705207,
            32.999847,
            182.75
          ],
          [
            -96.705432,
            32.99977,
            182.75
          ],
          [
            -96.705538,
            32.999736,
            182.75
          ],
          [
            -96.7057,
            32.999704,
            182.75
          ],
          [
            -96.705852,
            32.999679,
            182.75
          ],
          [
            -96.706019,
            32.999663,
            182.75
          ],
          [
            -96.706183,
            32.999652,
            182.75
          ],
          [
            -96.706352,
            32.999654,
            182.75
          ],
          [
            -96.706514,
            32.999669,
            182.75
          ],
          [
            -96.70668,
            32.999691,
            182.75
          ],
          [
            -96.706843,
            32.999725,
            183
          ],
          [
            -96.706999,
            32.999769,
            183
          ],
          [
            -96.70778,
            33.000054,
            183
          ],
          [
            -96.709422,
            33.000678,
            183.25
          ],
          [
            -96.709566,
            33.000755,
            183.5
          ],
          [
            -96.709829,
            33.000928,
            183.5
          ],
          [
            -96.710057,
            33.001128,
            183.5
          ],
          [
            -96.710159,
            33.001238,
            183.5
          ],
          [
            -96.710246,
            33.001361,
            183.5
          ],
          [
            -96.710398,
            33.001606,
            183.5
          ],
          [
            -96.710731,
            33.002251,
            183.75
          ],
          [
            -96.71081,
            33.002375,
            183.75
          ],
          [
            -96.710902,
            33.002502,
            183.75
          ],
          [
            -96.710997,
            33.002615,
            183.75
          ],
          [
            -96.711105,
            33.002726,
            183.75
          ],
          [
            -96.711327,
            33.002911,
            184
          ],
          [
            -96.711437,
            33.002989,
            184
          ],
          [
            -96.711717,
            33.00315,
            184
          ],
          [
            -96.711876,
            33.00322,
            184
          ],
          [
            -96.712199,
            33.003329,
            184
          ],
          [
            -96.712364,
            33.003371,
            184
          ],
          [
            -96.71253,
            33.003402,
            184.25
          ],
          [
            -96.712872,
            33.003434,
            184.25
          ],
          [
            -96.714035,
            33.003484,
            184.25
          ],
          [
            -96.714685,
            33.003506,
            184.5
          ],
          [
            -96.715107,
            33.003503,
            184.5
          ],
          [
            -96.715689,
            33.003472,
            185.5
          ],
          [
            -96.71622,
            33.003408,
            186.75
          ],
          [
            -96.716357,
            33.003393,
            187
          ],
          [
            -96.716491,
            33.003376,
            187.25
          ],
          [
            -96.716616,
            33.003363,
            187.75
          ],
          [
            -96.717815,
            33.003208,
            190.25
          ],
          [
            -96.724963,
            33.001996,
            194
          ],
          [
            -96.725845,
            33.001835,
            195
          ],
          [
            -96.726421,
            33.001722,
            196.25
          ],
          [
            -96.727373,
            33.00152,
            199.5
          ],
          [
            -96.729768,
            33.000986,
            201.75
          ],
          [
            -96.729858,
            33.000963,
            202
          ],
          [
            -96.73001,
            33.000929,
            202.5
          ],
          [
            -96.730101,
            33.000913,
            202.5
          ],
          [
            -96.73377,
            33.000087,
            205.5
          ],
          [
            -96.734352,
            32.999961,
            206.75
          ],
          [
            -96.739714,
            32.998757,
            204.75
          ],
          [
            -96.741152,
            32.998414,
            204.25
          ],
          [
            -96.741276,
            32.998393,
            204.25
          ],
          [
            -96.74153,
            32.99834,
            204.25
          ],
          [
            -96.741747,
            32.998297,
            204.25
          ],
          [
            -96.742169,
            32.998196,
            205.75
          ],
          [
            -96.743018,
            32.998012,
            206.75
          ],
          [
            -96.743659,
            32.997868,
            207.5
          ],
          [
            -96.745296,
            32.997521,
            210.5
          ],
          [
            -96.746057,
            32.997376,
            211.75
          ],
          [
            -96.749447,
            32.996631,
            214.25
          ],
          [
            -96.750691,
            32.996354,
            216.5
          ],
          [
            -96.750881,
            32.996312,
            216.75
          ],
          [
            -96.750954,
            32.996295,
            216.75
          ],
          [
            -96.751036,
            32.996275,
            216.5
          ],
          [
            -96.751624,
            32.996134,
            217
          ],
          [
            -96.752359,
            32.995958,
            217
          ],
          [
            -96.753255,
            32.995751,
            217.75
          ],
          [
            -96.756055,
            32.995128,
            220.25
          ],
          [
            -96.756199,
            32.995095,
            220.5
          ],
          [
            -96.756413,
            32.995046,
            220.75
          ],
          [
            -96.75653,
            32.99502,
            220.75
          ],
          [
            -96.756901,
            32.994937,
            220.75
          ],
          [
            -96.759081,
            32.994446,
            218.75
          ],
          [
            -96.75936,
            32.994388,
            218
          ],
          [
            -96.764618,
            32.993218,
            212.5
          ],
          [
            -96.768254,
            32.992418,
            209
          ],
          [
            -96.771792,
            32.991591,
            207.25
          ],
          [
            -96.773829,
            32.991139,
            205.5
          ],
          [
            -96.774702,
            32.990951,
            206
          ],
          [
            -96.775632,
            32.990746,
            206
          ],
          [
            -96.776424,
            32.990491,
            206
          ],
          [
            -96.777029,
            32.990253,
            206
          ],
          [
            -96.777455,
            32.990068,
            206
          ],
          [
            -96.778964,
            32.989343,
            205.5
          ],
          [
            -96.779098,
            32.989278,
            205.75
          ],
          [
            -96.781431,
            32.988143,
            202.5
          ],
          [
            -96.781654,
            32.988035,
            200.75
          ],
          [
            -96.781876,
            32.987928,
            200.5
          ],
          [
            -96.783755,
            32.986994,
            199.25
          ],
          [
            -96.784093,
            32.986829,
            198.75
          ],
          [
            -96.787321,
            32.985288,
            194.25
          ],
          [
            -96.787583,
            32.985163,
            194
          ],
          [
            -96.788366,
            32.98477,
            194.75
          ],
          [
            -96.792132,
            32.982967,
            192
          ],
          [
            -96.792421,
            32.982817,
            191.5
          ],
          [
            -96.793187,
            32.9824,
            189.75
          ],
          [
            -96.793571,
            32.98217,
            191
          ],
          [
            -96.793908,
            32.98195,
            191.75
          ],
          [
            -96.796342,
            32.980417,
            189.5
          ],
          [
            -96.796741,
            32.980155,
            189
          ],
          [
            -96.797059,
            32.979921,
            188.5
          ],
          [
            -96.797335,
            32.979698,
            188.25
          ],
          [
            -96.797599,
            32.979466,
            187.75
          ],
          [
            -96.797735,
            32.979338,
            187.5
          ],
          [
            -96.797995,
            32.97907,
            186.75
          ],
          [
            -96.798093,
            32.978967,
            186.75
          ],
          [
            -96.798285,
            32.978754,
            186.5
          ],
          [
            -96.79857,
            32.978402,
            186.5
          ],
          [
            -96.799291,
            32.977407,
            184.25
          ],
          [
            -96.799666,
            32.976911,
            185
          ],
          [
            -96.800121,
            32.976271,
            184.25
          ],
          [
            -96.800188,
            32.976171,
            184
          ],
          [
            -96.800259,
            32.976085,
            184
          ],
          [
            -96.801727,
            32.974079,
            183
          ],
          [
            -96.802396,
            32.973152,
            183.5
          ],
          [
            -96.802994,
            32.972298,
            183
          ],
          [
            -96.803758,
            32.97125,
            183.5
          ],
          [
            -96.80442,
            32.970353,
            180.25
          ],
          [
            -96.804861,
            32.969791,
            179
          ],
          [
            -96.805084,
            32.969554,
            180.5
          ],
          [
            -96.805401,
            32.969252,
            181.5
          ],
          [
            -96.805671,
            32.96902,
            181.5
          ],
          [
            -96.806003,
            32.968768,
            181.75
          ],
          [
            -96.806697,
            32.968319,
            181.75
          ],
          [
            -96.810655,
            32.965894,
            175.5
          ],
          [
            -96.811121,
            32.965613,
            175
          ],
          [
            -96.811745,
            32.965228,
            177
          ],
          [
            -96.812201,
            32.964968,
            179.5
          ],
          [
            -96.812611,
            32.964751,
            181
          ],
          [
            -96.812922,
            32.964602,
            180.75
          ],
          [
            -96.813155,
            32.964498,
            180.5
          ],
          [
            -96.813435,
            32.964385,
            180.25
          ],
          [
            -96.815817,
            32.963509,
            181.25
          ],
          [
            -96.816622,
            32.963227,
            182.25
          ],
          [
            -96.817095,
            32.963053,
            184
          ],
          [
            -96.818311,
            32.962606,
            187.25
          ],
          [
            -96.81846,
            32.962552,
            187.75
          ],
          [
            -96.818817,
            32.962422,
            188.75
          ],
          [
            -96.818925,
            32.962382,
            189
          ],
          [
            -96.819048,
            32.962336,
            189.5
          ],
          [
            -96.81941,
            32.962204,
            191
          ],
          [
            -96.820475,
            32.961778,
            197
          ],
          [
            -96.821085,
            32.961549,
            197.75
          ],
          [
            -96.821145,
            32.961527,
            197.5
          ],
          [
            -96.821219,
            32.961501,
            197
          ],
          [
            -96.82153,
            32.96139,
            195.5
          ],
          [
            -96.821607,
            32.961362,
            195
          ],
          [
            -96.821665,
            32.961341,
            194.5
          ],
          [
            -96.822438,
            32.961056,
            191.75
          ],
          [
            -96.824103,
            32.960484,
            193.75
          ],
          [
            -96.824155,
            32.960468,
            193.75
          ],
          [
            -96.824241,
            32.960437,
            193.75
          ],
          [
            -96.824303,
            32.960415,
            193.75
          ],
          [
            -96.824772,
            32.960257,
            194.25
          ],
          [
            -96.82593,
            32.959844,
            193.5
          ],
          [
            -96.826006,
            32.959816,
            193.25
          ],
          [
            -96.826138,
            32.959767,
            193
          ],
          [
            -96.826181,
            32.959751,
            192.75
          ],
          [
            -96.827555,
            32.959247,
            196
          ],
          [
            -96.828713,
            32.958826,
            197.5
          ],
          [
            -96.828921,
            32.958752,
            197.5
          ],
          [
            -96.8296,
            32.958499,
            195.5
          ],
          [
            -96.829655,
            32.95848,
            195.5
          ],
          [
            -96.829759,
            32.958442,
            195
          ],
          [
            -96.829849,
            32.95841,
            194.5
          ],
          [
            -96.829929,
            32.958382,
            194.25
          ],
          [
            -96.829968,
            32.958367,
            194
          ],
          [
            -96.830092,
            32.958321,
            192
          ],
          [
            -96.833199,
            32.957194,
            192
          ],
          [
            -96.833757,
            32.957017,
            193
          ],
          [
            -96.834051,
            32.956938,
            193
          ],
          [
            -96.83444,
            32.956843,
            193.25
          ],
          [
            -96.834971,
            32.956743,
            193.75
          ],
          [
            -96.83565,
            32.956652,
            193.75
          ],
          [
            -96.836037,
            32.956622,
            193.75
          ],
          [
            -96.83637,
            32.956604,
            193.75
          ],
          [
            -96.836896,
            32.956601,
            193.5
          ],
          [
            -96.837597,
            32.956608,
            192.75
          ],
          [
            -96.840045,
            32.956633,
            193.75
          ],
          [
            -96.841819,
            32.956652,
            190.75
          ],
          [
            -96.845774,
            32.95668,
            186
          ],
          [
            -96.846316,
            32.956687,
            187
          ],
          [
            -96.846838,
            32.956689,
            188.25
          ],
          [
            -96.846938,
            32.956691,
            188.5
          ],
          [
            -96.848469,
            32.956707,
            188.25
          ],
          [
            -96.84884,
            32.956722,
            186.5
          ],
          [
            -96.849155,
            32.956751,
            185.25
          ],
          [
            -96.849724,
            32.956812,
            185
          ],
          [
            -96.850271,
            32.956895,
            184.75
          ],
          [
            -96.851757,
            32.957175,
            184.5
          ],
          [
            -96.853765,
            32.957551,
            182.5
          ],
          [
            -96.85383,
            32.957563,
            182.5
          ],
          [
            -96.853968,
            32.957591,
            182.75
          ],
          [
            -96.862196,
            32.959156,
            172.5
          ],
          [
            -96.864436,
            32.959567,
            172.25
          ],
          [
            -96.864935,
            32.959672,
            172
          ],
          [
            -96.868491,
            32.960339,
            169
          ],
          [
            -96.876997,
            32.961953,
            162.5
          ],
          [
            -96.877143,
            32.961979,
            162.25
          ],
          [
            -96.878029,
            32.962144,
            161.75
          ],
          [
            -96.880253,
            32.962576,
            158.25
          ],
          [
            -96.880711,
            32.962663,
            157.5
          ],
          [
            -96.881109,
            32.962744,
            158
          ],
          [
            -96.884707,
            32.963412,
            161.25
          ],
          [
            -96.885637,
            32.963599,
            161.75
          ],
          [
            -96.887716,
            32.963966,
            160.5
          ],
          [
            -96.888063,
            32.963999,
            159.75
          ],
          [
            -96.888325,
            32.964015,
            159.25
          ],
          [
            -96.888809,
            32.964019,
            158.5
          ],
          [
            -96.889152,
            32.964005,
            158
          ],
          [
            -96.889464,
            32.963979,
            157.5
          ],
          [
            -96.889805,
            32.963939,
            157
          ],
          [
            -96.890116,
            32.963885,
            156.5
          ],
          [
            -96.890428,
            32.963823,
            156
          ],
          [
            -96.891027,
            32.963662,
            155.25
          ],
          [
            -96.891445,
            32.96352,
            154.5
          ],
          [
            -96.89171,
            32.963412,
            154
          ],
          [
            -96.891974,
            32.963293,
            153.5
          ],
          [
            -96.893712,
            32.962467,
            153.75
          ],
          [
            -96.895652,
            32.961545,
            153.75
          ],
          [
            -96.896374,
            32.961195,
            151.5
          ],
          [
            -96.896976,
            32.960911,
            149.25
          ],
          [
            -96.897641,
            32.960597,
            150.5
          ],
          [
            -96.899333,
            32.959793,
            150.5
          ],
          [
            -96.900034,
            32.959479,
            149.25
          ],
          [
            -96.900475,
            32.959302,
            148
          ],
          [
            -96.901176,
            32.959037,
            146.75
          ],
          [
            -96.903539,
            32.958197,
            143
          ],
          [
            -96.904348,
            32.957898,
            141.75
          ],
          [
            -96.904704,
            32.957737,
            141.25
          ],
          [
            -96.90505,
            32.957532,
            140.75
          ],
          [
            -96.905874,
            32.956985,
            140.75
          ],
          [
            -96.907078,
            32.956219,
            140
          ],
          [
            -96.907487,
            32.955965,
            139
          ],
          [
            -96.907606,
            32.955893,
            138.75
          ],
          [
            -96.908015,
            32.955643,
            139
          ],
          [
            -96.908467,
            32.955367,
            139
          ],
          [
            -96.908676,
            32.955239,
            139.5
          ],
          [
            -96.908869,
            32.955122,
            139.75
          ],
          [
            -96.908963,
            32.955065,
            139.75
          ],
          [
            -96.909025,
            32.955028,
            139.75
          ],
          [
            -96.909139,
            32.954957,
            140
          ],
          [
            -96.909246,
            32.95489,
            140
          ],
          [
            -96.90953,
            32.954686,
            140
          ],
          [
            -96.910229,
            32.954143,
            140
          ],
          [
            -96.910695,
            32.953831,
            140.5
          ],
          [
            -96.911614,
            32.953369,
            139
          ],
          [
            -96.91186,
            32.953272,
            139.25
          ],
          [
            -96.912114,
            32.953184,
            139.25
          ],
          [
            -96.912556,
            32.953053,
            139.25
          ],
          [
            -96.912998,
            32.952955,
            138.25
          ],
          [
            -96.913572,
            32.952867,
            137.75
          ],
          [
            -96.913868,
            32.952838,
            137.5
          ],
          [
            -96.917035,
            32.952669,
            134.5
          ],
          [
            -96.917617,
            32.952639,
            135.5
          ],
          [
            -96.924916,
            32.952264,
            137.25
          ],
          [
            -96.925085,
            32.952255,
            137.25
          ],
          [
            -96.929727,
            32.952022,
            136.5
          ],
          [
            -96.931017,
            32.951957,
            136.75
          ],
          [
            -96.933049,
            32.95183,
            136.5
          ],
          [
            -96.934982,
            32.951692,
            138.75
          ],
          [
            -96.935308,
            32.951673,
            138.5
          ],
          [
            -96.936049,
            32.951655,
            138.25
          ],
          [
            -96.936682,
            32.951664,
            138.75
          ],
          [
            -96.93831,
            32.951752,
            136.75
          ],
          [
            -96.938478,
            32.951759,
            136.5
          ],
          [
            -96.939313,
            32.951814,
            135.75
          ],
          [
            -96.939968,
            32.951862,
            137.75
          ],
          [
            -96.940722,
            32.951919,
            138
          ],
          [
            -96.944538,
            32.952172,
            136
          ],
          [
            -96.9478,
            32.952396,
            138
          ],
          [
            -96.948662,
            32.952455,
            138.25
          ],
          [
            -96.948744,
            32.952461,
            138.25
          ],
          [
            -96.948842,
            32.952468,
            138.5
          ],
          [
            -96.957827,
            32.953075,
            140.5
          ],
          [
            -96.957991,
            32.953088,
            140.5
          ],
          [
            -96.95967,
            32.953199,
            138
          ],
          [
            -96.962854,
            32.953422,
            141
          ],
          [
            -96.963761,
            32.953537,
            140.75
          ],
          [
            -96.964633,
            32.953719,
            142.25
          ],
          [
            -96.965488,
            32.953953,
            143
          ],
          [
            -96.968004,
            32.954702,
            145.5
          ],
          [
            -96.968092,
            32.954726,
            145.5
          ],
          [
            -96.969127,
            32.955035,
            145
          ],
          [
            -96.969565,
            32.955166,
            145.75
          ],
          [
            -96.971528,
            32.955753,
            148.75
          ],
          [
            -96.971942,
            32.955864,
            148.25
          ],
          [
            -96.972318,
            32.955943,
            147.5
          ],
          [
            -96.972691,
            32.955994,
            147.5
          ],
          [
            -96.973041,
            32.956021,
            148.25
          ],
          [
            -96.97352,
            32.956017,
            148.75
          ],
          [
            -96.973972,
            32.955982,
            148
          ],
          [
            -96.974452,
            32.955899,
            148.25
          ],
          [
            -96.97494,
            32.955772,
            149
          ],
          [
            -96.976573,
            32.955224,
            148.25
          ],
          [
            -96.976714,
            32.955174,
            148
          ],
          [
            -96.976813,
            32.955141,
            148
          ],
          [
            -96.977062,
            32.955058,
            148
          ],
          [
            -96.977814,
            32.95475,
            148.75
          ],
          [
            -96.978081,
            32.954611,
            148.75
          ],
          [
            -96.978309,
            32.954471,
            149
          ],
          [
            -96.978674,
            32.9542,
            149
          ],
          [
            -96.978841,
            32.95407,
            149.25
          ],
          [
            -96.979055,
            32.953902,
            149.5
          ],
          [
            -96.982802,
            32.950969,
            158.25
          ],
          [
            -96.983787,
            32.950191,
            161.5
          ],
          [
            -96.983882,
            32.950117,
            162.25
          ],
          [
            -96.984809,
            32.949387,
            158.5
          ],
          [
            -96.985096,
            32.94916,
            158.5
          ],
          [
            -96.986787,
            32.94785,
            158.5
          ],
          [
            -96.987187,
            32.947599,
            158.5
          ],
          [
            -96.987487,
            32.947437,
            158
          ],
          [
            -96.987968,
            32.947212,
            157.75
          ],
          [
            -96.988439,
            32.947033,
            158
          ],
          [
            -96.989131,
            32.946843,
            161.75
          ],
          [
            -96.9897,
            32.946739,
            162
          ],
          [
            -96.989998,
            32.946706,
            161.75
          ],
          [
            -96.990444,
            32.946672,
            160.25
          ],
          [
            -96.991037,
            32.94667,
            159
          ],
          [
            -96.994179,
            32.946664,
            160
          ],
          [
            -96.998097,
            32.946651,
            161.25
          ],
          [
            -96.99864,
            32.946679,
            160.75
          ],
          [
            -96.999087,
            32.946756,
            160.75
          ],
          [
            -96.999423,
            32.946848,
            161.25
          ],
          [
            -96.999922,
            32.947046,
            162.25
          ],
          [
            -97.00046,
            32.947361,
            160.5
          ],
          [
            -97.000773,
            32.947615,
            159
          ],
          [
            -97.00127,
            32.948171,
            158
          ],
          [
            -97.001472,
            32.94841,
            158.25
          ],
          [
            -97.001565,
            32.948524,
            158.25
          ],
          [
            -97.001915,
            32.948938,
            159
          ],
          [
            -97.002085,
            32.949098,
            159.75
          ],
          [
            -97.002255,
            32.949235,
            160.25
          ],
          [
            -97.002437,
            32.949362,
            160.25
          ],
          [
            -97.002814,
            32.949564,
            159.25
          ],
          [
            -97.003086,
            32.94967,
            158.75
          ],
          [
            -97.003345,
            32.949749,
            158.25
          ],
          [
            -97.003549,
            32.949794,
            158
          ],
          [
            -97.003909,
            32.949846,
            157.5
          ],
          [
            -97.004283,
            32.949859,
            157.75
          ],
          [
            -97.00479,
            32.949857,
            159.5
          ],
          [
            -97.005031,
            32.949847,
            160
          ],
          [
            -97.005168,
            32.949838,
            160.25
          ],
          [
            -97.005243,
            32.949832,
            160.25
          ],
          [
            -97.005771,
            32.949805,
            161
          ],
          [
            -97.007,
            32.949684,
            160.5
          ],
          [
            -97.009121,
            32.949566,
            161.75
          ],
          [
            -97.010635,
            32.949486,
            161.75
          ],
          [
            -97.010718,
            32.949481,
            161.75
          ],
          [
            -97.010856,
            32.949474,
            161.5
          ],
          [
            -97.010923,
            32.94947,
            161.5
          ],
          [
            -97.011347,
            32.949448,
            161.75
          ],
          [
            -97.014159,
            32.949289,
            163
          ],
          [
            -97.016451,
            32.949111,
            165.75
          ],
          [
            -97.022106,
            32.948804,
            164.75
          ],
          [
            -97.022303,
            32.948792,
            165
          ],
          [
            -97.02303,
            32.948748,
            166.25
          ],
          [
            -97.02343,
            32.948704,
            167.25
          ],
          [
            -97.024021,
            32.948599,
            168.25
          ],
          [
            -97.024382,
            32.948511,
            168
          ],
          [
            -97.024733,
            32.948408,
            167.25
          ],
          [
            -97.025076,
            32.948286,
            167
          ],
          [
            -97.026019,
            32.947904,
            167.75
          ],
          [
            -97.027042,
            32.947492,
            170.25
          ],
          [
            -97.028523,
            32.946897,
            172
          ],
          [
            -97.029478,
            32.946487,
            171.25
          ],
          [
            -97.030766,
            32.945921,
            171.75
          ],
          [
            -97.033782,
            32.944698,
            174.5
          ],
          [
            -97.034161,
            32.944541,
            174.5
          ],
          [
            -97.040993,
            32.941769,
            177.75
          ],
          [
            -97.041785,
            32.941494,
            174.75
          ],
          [
            -97.043508,
            32.940804,
            175
          ],
          [
            -97.045035,
            32.940176,
            175.25
          ],
          [
            -97.045406,
            32.94003,
            175
          ],
          [
            -97.046289,
            32.939669,
            176.5
          ],
          [
            -97.04674,
            32.939485,
            176.5
          ],
          [
            -97.047688,
            32.939053,
            176
          ],
          [
            -97.04923,
            32.938431,
            179.25
          ],
          [
            -97.049583,
            32.938303,
            180.25
          ],
          [
            -97.04992,
            32.938198,
            181.5
          ],
          [
            -97.050395,
            32.938076,
            182.25
          ],
          [
            -97.051354,
            32.937907,
            183
          ],
          [
            -97.052327,
            32.937725,
            183.75
          ],
          [
            -97.053769,
            32.937462,
            180.5
          ],
          [
            -97.054129,
            32.937333,
            180.25
          ],
          [
            -97.054479,
            32.937137,
            181
          ],
          [
            -97.054708,
            32.936946,
            181.75
          ],
          [
            -97.054989,
            32.936619,
            182.75
          ],
          [
            -97.055152,
            32.936291,
            182.75
          ],
          [
            -97.055203,
            32.936138,
            182.75
          ],
          [
            -97.055241,
            32.935876,
            182.75
          ],
          [
            -97.055246,
            32.9356,
            182.75
          ],
          [
            -97.055181,
            32.935313,
            182.5
          ],
          [
            -97.055105,
            32.935109,
            182.25
          ],
          [
            -97.054971,
            32.934875,
            181.75
          ],
          [
            -97.054683,
            32.934497,
            180.5
          ],
          [
            -97.054469,
            32.934265,
            179
          ],
          [
            -97.054037,
            32.933803,
            177
          ],
          [
            -97.053543,
            32.93328,
            176.5
          ],
          [
            -97.053282,
            32.933008,
            176.75
          ],
          [
            -97.052911,
            32.932548,
            177.25
          ],
          [
            -97.050848,
            32.930378,
            178.75
          ],
          [
            -97.048799,
            32.928197,
            181.5
          ],
          [
            -97.048106,
            32.927458,
            185
          ],
          [
            -97.047927,
            32.927239,
            184.5
          ],
          [
            -97.047826,
            32.927103,
            184
          ],
          [
            -97.047676,
            32.926883,
            183.5
          ],
          [
            -97.047431,
            32.926467,
            183.5
          ],
          [
            -97.047351,
            32.926307,
            183.75
          ],
          [
            -97.047313,
            32.926219,
            184.25
          ],
          [
            -97.047211,
            32.925986,
            184.25
          ],
          [
            -97.047145,
            32.925803,
            184.25
          ],
          [
            -97.046454,
            32.923688,
            180.5
          ],
          [
            -97.046342,
            32.923361,
            179.75
          ],
          [
            -97.046211,
            32.923046,
            181.75
          ],
          [
            -97.046146,
            32.922913,
            182.75
          ],
          [
            -97.046015,
            32.922677,
            184.75
          ],
          [
            -97.04594,
            32.92256,
            186
          ],
          [
            -97.04586,
            32.922438,
            186.75
          ],
          [
            -97.045763,
            32.922325,
            186.75
          ],
          [
            -97.045697,
            32.922235,
            186.5
          ],
          [
            -97.045527,
            32.922047,
            186.25
          ],
          [
            -97.045414,
            32.921933,
            186
          ],
          [
            -97.0453,
            32.921827,
            185.75
          ],
          [
            -97.043941,
            32.920697,
            184.75
          ],
          [
            -97.043387,
            32.920229,
            184.25
          ],
          [
            -97.043026,
            32.919886,
            182.25
          ],
          [
            -97.042868,
            32.91972,
            181
          ],
          [
            -97.042701,
            32.919522,
            179.75
          ],
          [
            -97.04261,
            32.91941,
            179
          ],
          [
            -97.042427,
            32.919152,
            178
          ],
          [
            -97.042306,
            32.918963,
            179
          ],
          [
            -97.04209,
            32.918586,
            181.25
          ],
          [
            -97.042018,
            32.918436,
            182
          ],
          [
            -97.041852,
            32.918021,
            182
          ],
          [
            -97.041817,
            32.917916,
            181.75
          ],
          [
            -97.041745,
            32.917645,
            181.25
          ],
          [
            -97.041709,
            32.917483,
            181
          ],
          [
            -97.041676,
            32.91728,
            181.25
          ],
          [
            -97.041633,
            32.916934,
            181.75
          ],
          [
            -97.041614,
            32.916454,
            182.25
          ],
          [
            -97.041614,
            32.915724,
            182.75
          ],
          [
            -97.041616,
            32.915472,
            182.75
          ],
          [
            -97.041623,
            32.914575,
            182.25
          ],
          [
            -97.041623,
            32.914369,
            182
          ],
          [
            -97.041622,
            32.914336,
            182
          ],
          [
            -97.041635,
            32.912837,
            184.25
          ],
          [
            -97.041627,
            32.912692,
            184
          ],
          [
            -97.041587,
            32.912507,
            183.75
          ],
          [
            -97.041305,
            32.911721,
            182
          ],
          [
            -97.041262,
            32.911551,
            181.75
          ],
          [
            -97.041241,
            32.911434,
            181.5
          ],
          [
            -97.041229,
            32.911283,
            181.5
          ],
          [
            -97.041232,
            32.909728,
            182.5
          ],
          [
            -97.041188,
            32.909117,
            182
          ],
          [
            -97.041192,
            32.908541,
            180.75
          ],
          [
            -97.041207,
            32.908202,
            180.75
          ],
          [
            -97.041208,
            32.908124,
            181
          ],
          [
            -97.041219,
            32.907063,
            185.5
          ],
          [
            -97.041221,
            32.906918,
            186.5
          ],
          [
            -97.041236,
            32.9058,
            183.75
          ]
        ]
      }
    }
  ]
}