{
  "type": "FeatureCollection",
  "features": [
    {
      "type": "Feature",
      "properties": {
        "creator": "BRouter-1.7.9",
        "name": "[MARTA] Red Line",
        "track-length": "77969",
        "filtered ascend": "345",
        "plain-ascend": "22",
        "total-time": "6238",
        "total-energy": "3487639",
        "cost": "155938",
        "messages": [
          [
            "Longitude",
            "Latitude",
            "Elevation",
            "Distance",
            "CostPerKm",
            "ElevCost",
            "TurnCost",
            "NodeCost",
            "InitialCost",
            "WayTags",
            "NodeTags",
            "Time",
            "Energy"
          ],
          [
            "-84446288",
            "33640717",
            "-8192",
            "78",
            "2000",
            "0",
            "0",
            "0",
            "0",
            "railway=subway",
            "railway=halt",
            "6",
            "3430"
          ],
          [
            "-84446285",
            "33641923",
            "-8192",
            "134",
            "2000",
            "0",
            "0",
            "0",
            "0",
            "railway=subway",
            "railway=switch",
            "16",
            "9324"
          ],
          [
            "-84446218",
            "33642452",
            "-8192",
            "59",
            "2000",
            "0",
            "0",
            "0",
            "0",
            "railway=subway",
            "railway=unknown",
            "21",
            "11920"
          ],
          [
            "-84446142",
            "33642989",
            "-8192",
            "60",
            "2000",
            "0",
            "0",
            "0",
            "0",
            "railway=subway",
            "railway=switch",
            "26",
            "14559"
          ],
          [
            "-84448620",
            "33650883",
            "321",
            "923",
            "2000",
            "0",
            "0",
            "0",
            "0",
            "railway=subway",
            "railway=switch",
            "100",
            "58309"
          ],
          [
            "-84448728",
            "33651663",
            "321",
            "87",
            "2000",
            "0",
            "0",
            "0",
            "0",
            "railway=subway",
            "railway=halt",
            "107",
            "62627"
          ],
          [
            "-84442323",
            "33672105",
            "318",
            "2369",
            "2000",
            "0",
            "0",
            "0",
            "0",
            "railway=subway",
            "railway=unknown",
            "296",
            "166299"
          ],
          [
            "-84441273",
            "33675163",
            "321",
            "353",
            "2000",
            "0",
            "0",
            "0",
            "0",
            "railway=subway",
            "railway=switch",
            "325",
            "184873"
          ],
          [
            "-84441137",
            "33675556",
            "323",
            "45",
            "2000",
            "0",
            "0",
            "0",
            "0",
            "railway=subway",
            "",
            "328",
            "187259"
          ],
          [
            "-84440956",
            "33676079",
            "323",
            "60",
            "2000",
            "0",
            "0",
            "0",
            "0",
            "railway=subway",
            "railway=switch",
            "4",
            "2937"
          ],
          [
            "-84440630",
            "33677021",
            "322",
            "109",
            "2000",
            "0",
            "0",
            "0",
            "0",
            "railway=subway",
            "railway=halt",
            "13",
            "8852"
          ],
          [
            "-84433569",
            "33692192",
            "315",
            "1916",
            "2000",
            "0",
            "0",
            "0",
            "0",
            "railway=subway",
            "railway=switch",
            "166",
            "86631"
          ],
          [
            "-84429300",
            "33697042",
            "315",
            "705",
            "2000",
            "0",
            "0",
            "0",
            "0",
            "railway=subway",
            "",
            "223",
            "116688"
          ],
          [
            "-84428990",
            "33699074",
            "316",
            "227",
            "2000",
            "0",
            "0",
            "0",
            "0",
            "railway=subway",
            "railway=switch",
            "18",
            "10532"
          ],
          [
            "-84428820",
            "33700176",
            "315",
            "123",
            "2000",
            "0",
            "0",
            "0",
            "0",
            "railway=subway",
            "railway=halt",
            "28",
            "15694"
          ],
          [
            "-84428788",
            "33700398",
            "313",
            "25",
            "2000",
            "0",
            "0",
            "0",
            "0",
            "railway=subway",
            "",
            "30",
            "16483"
          ],
          [
            "-84425144",
            "33716793",
            "319",
            "1854",
            "2000",
            "0",
            "0",
            "0",
            "0",
            "railway=subway",
            "railway=halt",
            "148",
            "85894"
          ],
          [
            "-84424249",
            "33719560",
            "319",
            "319",
            "2000",
            "0",
            "0",
            "0",
            "0",
            "railway=subway",
            "railway=unknown",
            "173",
            "99762"
          ],
          [
            "-84413665",
            "33734342",
            "-8192",
            "1963",
            "2000",
            "0",
            "0",
            "0",
            "0",
            "railway=subway",
            "railway=switch",
            "330",
            "184350"
          ],
          [
            "-84413663",
            "33734604",
            "-8192",
            "29",
            "2000",
            "0",
            "0",
            "0",
            "0",
            "railway=subway",
            "",
            "333",
            "185626"
          ],
          [
            "-84413659",
            "33734915",
            "-8192",
            "34",
            "2000",
            "0",
            "0",
            "0",
            "0",
            "railway=subway",
            "railway=switch",
            "2",
            "1495"
          ],
          [
            "-84413643",
            "33736026",
            "-8192",
            "123",
            "2000",
            "0",
            "0",
            "0",
            "0",
            "railway=subway",
            "railway=halt",
            "12",
            "6905"
          ],
          [
            "-84401957",
            "33742706",
            "318",
            "1476",
            "2000",
            "0",
            "0",
            "0",
            "0",
            "railway=subway",
            "railway=unknown",
            "130",
            "71977"
          ],
          [
            "-84396274",
            "33747950",
            "315",
            "800",
            "2000",
            "0",
            "0",
            "0",
            "0",
            "railway=subway",
            "railway=halt",
            "194",
            "105030"
          ],
          [
            "-84394252",
            "33750533",
            "-8192",
            "343",
            "2000",
            "0",
            "0",
            "0",
            "0",
            "railway=subway",
            "railway=switch",
            "222",
            "117982"
          ],
          [
            "-84393226",
            "33751815",
            "-8192",
            "171",
            "2000",
            "0",
            "0",
            "0",
            "0",
            "railway=subway",
            "",
            "235",
            "125444"
          ],
          [
            "-84393137",
            "33751925",
            "-8192",
            "15",
            "2000",
            "0",
            "0",
            "0",
            "0",
            "railway=subway",
            "railway=switch",
            "1",
            "659"
          ],
          [
            "-84391609",
            "33753833",
            "-8192",
            "255",
            "2000",
            "0",
            "0",
            "0",
            "0",
            "railway=subway",
            "railway=halt",
            "21",
            "11876"
          ],
          [
            "-84387557",
            "33759514",
            "-8192",
            "777",
            "2000",
            "0",
            "0",
            "0",
            "0",
            "railway=subway",
            "railway=halt",
            "83",
            "46052"
          ],
          [
            "-84387461",
            "33766504",
            "304",
            "775",
            "2000",
            "0",
            "0",
            "0",
            "0",
            "railway=subway",
            "railway=halt",
            "145",
            "80141"
          ],
          [
            "-84387450",
            "33767206",
            "-8192",
            "78",
            "2000",
            "0",
            "0",
            "0",
            "0",
            "railway=subway",
            "railway=switch",
            "152",
            "85006"
          ],
          [
            "-84387448",
            "33767335",
            "-8192",
            "14",
            "2000",
            "0",
            "0",
            "0",
            "0",
            "railway=subway",
            "railway=switch",
            "153",
            "85780"
          ],
          [
            "-84387436",
            "33768329",
            "-8192",
            "110",
            "2000",
            "0",
            "0",
            "0",
            "0",
            "railway=subway",
            "",
            "161",
            "91323"
          ],
          [
            "-84386965",
            "33772592",
            "-8192",
            "477",
            "2000",
            "0",
            "0",
            "0",
            "0",
            "railway=subway",
            "railway=halt",
            "38",
            "20980"
          ],
          [
            "-84386286",
            "33781110",
            "-8192",
            "953",
            "2000",
            "0",
            "0",
            "0",
            "0",
            "railway=subway",
            "railway=halt",
            "114",
            "62898"
          ],
          [
            "-84387117",
            "33788271",
            "294",
            "799",
            "2000",
            "0",
            "0",
            "0",
            "0",
            "railway=subway",
            "railway=switch",
            "178",
            "98043"
          ],
          [
            "-84387144",
            "33788478",
            "294",
            "23",
            "2000",
            "0",
            "0",
            "0",
            "0",
            "railway=subway",
            "railway=switch",
            "180",
            "99054"
          ],
          [
            "-84387264",
            "33789136",
            "295",
            "73",
            "2000",
            "0",
            "0",
            "0",
            "0",
            "railway=subway",
            "railway=halt",
            "186",
            "102265"
          ],
          [
            "-84387766",
            "33793535",
            "291",
            "491",
            "2000",
            "0",
            "0",
            "0",
            "0",
            "railway=subway",
            "estimated_crossing_class=0",
            "225",
            "126663"
          ],
          [
            "-84376665",
            "33811373",
            "262",
            "2394",
            "2000",
            "0",
            "0",
            "0",
            "0",
            "railway=subway",
            "railway=switch",
            "416",
            "213695"
          ],
          [
            "-84374216",
            "33814835",
            "252",
            "448",
            "2000",
            "0",
            "0",
            "0",
            "0",
            "railway=subway",
            "",
            "452",
            "229311"
          ],
          [
            "-84372078",
            "33817386",
            "259",
            "345",
            "2000",
            "0",
            "0",
            "0",
            "0",
            "railway=subway",
            "railway=switch",
            "27",
            "17222"
          ],
          [
            "-84371950",
            "33817535",
            "259",
            "20",
            "2000",
            "0",
            "0",
            "0",
            "0",
            "railway=subway",
            "railway=switch",
            "29",
            "18211"
          ],
          [
            "-84370108",
            "33820407",
            "260",
            "364",
            "2000",
            "0",
            "0",
            "0",
            "0",
            "railway=subway",
            "",
            "58",
            "35326"
          ],
          [
            "-84369867",
            "33821296",
            "263",
            "102",
            "2000",
            "0",
            "0",
            "0",
            "0",
            "railway=subway",
            "railway=switch",
            "8",
            "5511"
          ],
          [
            "-84369475",
            "33822700",
            "266",
            "160",
            "2000",
            "0",
            "0",
            "0",
            "0",
            "railway=subway",
            "railway=halt",
            "20",
            "12788"
          ],
          [
            "-84363754",
            "33831082",
            "279",
            "1114",
            "2000",
            "0",
            "0",
            "0",
            "0",
            "railway=subway",
            "railway=switch",
            "110",
            "74566"
          ],
          [
            "-84363236",
            "33831488",
            "280",
            "66",
            "2000",
            "0",
            "0",
            "0",
            "0",
            "railway=subway",
            "railway=switch",
            "115",
            "78043"
          ],
          [
            "-84363122",
            "33831576",
            "281",
            "14",
            "2000",
            "0",
            "0",
            "0",
            "0",
            "railway=subway",
            "",
            "116",
            "78768"
          ],
          [
            "-84362874",
            "33831768",
            "281",
            "31",
            "2000",
            "0",
            "0",
            "0",
            "0",
            "railway=subway",
            "railway=switch",
            "2",
            "1540"
          ],
          [
            "-84362183",
            "33832254",
            "281",
            "84",
            "2000",
            "0",
            "0",
            "0",
            "0",
            "railway=subway",
            "railway=switch",
            "9",
            "5887"
          ],
          [
            "-84368344",
            "33849011",
            "299",
            "2240",
            "2000",
            "0",
            "0",
            "0",
            "0",
            "railway=subway",
            "railway=halt",
            "188",
            "125103"
          ],
          [
            "-84369767",
            "33854322",
            "283",
            "617",
            "2000",
            "0",
            "0",
            "0",
            "0",
            "railway=subway",
            "railway=switch",
            "237",
            "136864"
          ],
          [
            "-84369720",
            "33854892",
            "285",
            "63",
            "2000",
            "0",
            "0",
            "0",
            "0",
            "railway=subway",
            "railway=switch",
            "242",
            "138633"
          ],
          [
            "-84364811",
            "33876568",
            "286",
            "2505",
            "2000",
            "0",
            "0",
            "0",
            "0",
            "railway=subway",
            "railway=unknown",
            "443",
            "251142"
          ],
          [
            "-84361596",
            "33899190",
            "294",
            "2574",
            "2000",
            "0",
            "0",
            "0",
            "0",
            "railway=subway",
            "railway=switch",
            "649",
            "368632"
          ],
          [
            "-84361439",
            "33899463",
            "298",
            "34",
            "2000",
            "0",
            "0",
            "0",
            "0",
            "railway=subway",
            "",
            "651",
            "370633"
          ],
          [
            "-84361294",
            "33899716",
            "298",
            "31",
            "2000",
            "0",
            "0",
            "0",
            "0",
            "railway=subway",
            "railway=switch",
            "2",
            "1834"
          ],
          [
            "-84351539",
            "33910742",
            "301",
            "1670",
            "2000",
            "0",
            "0",
            "0",
            "0",
            "railway=subway",
            "railway=halt",
            "136",
            "87510"
          ],
          [
            "-84350278",
            "33910735",
            "300",
            "117",
            "2000",
            "0",
            "0",
            "0",
            "0",
            "railway=subway",
            "railway=switch",
            "145",
            "89745"
          ],
          [
            "-84349970",
            "33910733",
            "300",
            "28",
            "2000",
            "0",
            "0",
            "0",
            "0",
            "railway=subway",
            "",
            "147",
            "90657"
          ],
          [
            "-84349592",
            "33910731",
            "300",
            "35",
            "2000",
            "0",
            "0",
            "0",
            "0",
            "railway=subway",
            "railway=switch",
            "2",
            "1539"
          ],
          [
            "-84349419",
            "33910730",
            "300",
            "16",
            "2000",
            "0",
            "0",
            "0",
            "0",
            "railway=subway",
            "railway=unknown",
            "4",
            "2243"
          ],
          [
            "-84344253",
            "33921236",
            "-8192",
            "1462",
            "2000",
            "0",
            "0",
            "0",
            "0",
            "railway=subway",
            "railway=halt",
            "121",
            "66108"
          ],
          [
            "-84344416",
            "33922245",
            "-8192",
            "113",
            "2000",
            "0",
            "0",
            "0",
            "0",
            "railway=subway",
            "railway=switch",
            "130",
            "71078"
          ],
          [
            "-84344495",
            "33922750",
            "-8192",
            "56",
            "2000",
            "0",
            "0",
            "0",
            "0",
            "railway=subway",
            "",
            "134",
            "73541"
          ],
          [
            "-84344557",
            "33923153",
            "-8192",
            "45",
            "2000",
            "0",
            "0",
            "0",
            "0",
            "railway=subway",
            "railway=switch",
            "3",
            "1979"
          ],
          [
            "-84345150",
            "33926627",
            "305",
            "389",
            "2000",
            "0",
            "0",
            "0",
            "0",
            "railway=subway",
            "railway=unknown",
            "34",
            "19127"
          ],
          [
            "-84352015",
            "33932219",
            "323",
            "921",
            "2000",
            "0",
            "0",
            "0",
            "0",
            "railway=subway",
            "railway=halt",
            "108",
            "67977"
          ],
          [
            "-84357143",
            "33942516",
            "324",
            "1350",
            "2000",
            "0",
            "0",
            "0",
            "0",
            "railway=subway",
            "railway=unknown",
            "216",
            "140105"
          ],
          [
            "-84357138",
            "33942829",
            "323",
            "35",
            "2000",
            "0",
            "0",
            "0",
            "0",
            "railway=subway",
            "railway=switch",
            "219",
            "141077"
          ],
          [
            "-84357133",
            "33943854",
            "319",
            "114",
            "2000",
            "0",
            "0",
            "0",
            "0",
            "railway=subway",
            "railway=switch",
            "228",
            "142918"
          ],
          [
            "-84357135",
            "33945120",
            "-8192",
            "140",
            "2000",
            "0",
            "0",
            "0",
            "0",
            "railway=subway",
            "railway=halt",
            "239",
            "147952"
          ],
          [
            "-84357135",
            "33945901",
            "-8192",
            "87",
            "2000",
            "0",
            "0",
            "0",
            "0",
            "railway=subway",
            "",
            "246",
            "151564"
          ],
          [
            "-84357135",
            "33945120",
            "-8192",
            "87",
            "2000",
            "0",
            "0",
            "0",
            "0",
            "reversedirection=yes railway=subway",
            "railway=halt",
            "6",
            "3826"
          ],
          [
            "-84357133",
            "33943854",
            "319",
            "140",
            "2000",
            "0",
            "0",
            "0",
            "0",
            "reversedirection=yes railway=subway",
            "railway=switch",
            "18",
            "9984"
          ],
          [
            "-84357200",
            "33943328",
            "321",
            "59",
            "2000",
            "0",
            "0",
            "0",
            "0",
            "railway=subway",
            "railway=unknown",
            "22",
            "13092"
          ],
          [
            "-84357272",
            "33942829",
            "322",
            "56",
            "2000",
            "0",
            "0",
            "0",
            "0",
            "railway=subway",
            "railway=switch",
            "27",
            "16358"
          ],
          [
            "-84357273",
            "33942510",
            "324",
            "35",
            "2000",
            "0",
            "0",
            "0",
            "0",
            "railway=subway",
            "railway=unknown",
            "30",
            "18617"
          ],
          [
            "-84352053",
            "33932184",
            "320",
            "1350",
            "2000",
            "0",
            "0",
            "0",
            "0",
            "railway=subway",
            "railway=halt",
            "138",
            "82773"
          ],
          [
            "-84345195",
            "33926616",
            "305",
            "917",
            "2000",
            "0",
            "0",
            "0",
            "0",
            "railway=subway",
            "railway=unknown",
            "211",
            "119576"
          ],
          [
            "-84344685",
            "33923153",
            "301",
            "387",
            "2000",
            "0",
            "0",
            "0",
            "0",
            "railway=subway",
            "railway=switch",
            "242",
            "129664"
          ],
          [
            "-84344549",
            "33922229",
            "300",
            "103",
            "2000",
            "0",
            "0",
            "0",
            "0",
            "railway=subway",
            "railway=switch",
            "250",
            "134085"
          ],
          [
            "-84344400",
            "33921262",
            "299",
            "108",
            "2000",
            "0",
            "0",
            "0",
            "0",
            "railway=subway",
            "railway=halt",
            "259",
            "138796"
          ],
          [
            "-84349421",
            "33910772",
            "299",
            "1454",
            "2000",
            "0",
            "0",
            "0",
            "0",
            "railway=subway",
            "railway=unknown",
            "375",
            "197881"
          ],
          [
            "-84349590",
            "33910772",
            "299",
            "16",
            "2000",
            "0",
            "0",
            "0",
            "0",
            "railway=subway",
            "railway=switch",
            "376",
            "198673"
          ],
          [
            "-84349981",
            "33910775",
            "299",
            "36",
            "2000",
            "0",
            "0",
            "0",
            "0",
            "railway=subway",
            "",
            "379",
            "200343"
          ],
          [
            "-84350278",
            "33910778",
            "299",
            "27",
            "2000",
            "0",
            "0",
            "0",
            "0",
            "railway=subway",
            "railway=switch",
            "2",
            "1187"
          ],
          [
            "-84351537",
            "33910784",
            "301",
            "116",
            "2000",
            "0",
            "0",
            "0",
            "0",
            "railway=subway",
            "railway=halt",
            "11",
            "7350"
          ],
          [
            "-84361337",
            "33899734",
            "298",
            "1676",
            "2000",
            "0",
            "0",
            "0",
            "0",
            "railway=subway",
            "railway=switch",
            "145",
            "81864"
          ],
          [
            "-84361485",
            "33899476",
            "294",
            "32",
            "2000",
            "0",
            "0",
            "0",
            "0",
            "railway=subway",
            "",
            "148",
            "82763"
          ],
          [
            "-84361640",
            "33899207",
            "294",
            "33",
            "2000",
            "0",
            "0",
            "0",
            "0",
            "railway=subway",
            "railway=switch",
            "2",
            "955"
          ],
          [
            "-84364858",
            "33876563",
            "286",
            "2575",
            "2000",
            "0",
            "0",
            "0",
            "0",
            "railway=subway",
            "railway=unknown",
            "208",
            "103104"
          ],
          [
            "-84369769",
            "33854899",
            "285",
            "2503",
            "2000",
            "0",
            "0",
            "0",
            "0",
            "railway=subway",
            "railway=switch",
            "408",
            "212854"
          ],
          [
            "-84369818",
            "33854329",
            "282",
            "63",
            "2000",
            "0",
            "0",
            "0",
            "0",
            "railway=subway",
            "railway=switch",
            "413",
            "215538"
          ],
          [
            "-84368459",
            "33848965",
            "300",
            "619",
            "2000",
            "0",
            "0",
            "0",
            "0",
            "railway=subway",
            "railway=halt",
            "463",
            "253315"
          ],
          [
            "-84362732",
            "33831938",
            "280",
            "2282",
            "2000",
            "0",
            "0",
            "0",
            "0",
            "railway=subway",
            "railway=switch",
            "646",
            "351269"
          ],
          [
            "-84363271",
            "33831518",
            "280",
            "68",
            "2000",
            "0",
            "0",
            "0",
            "0",
            "railway=subway",
            "railway=switch",
            "651",
            "354953"
          ],
          [
            "-84363788",
            "33831115",
            "279",
            "65",
            "2000",
            "0",
            "0",
            "0",
            "0",
            "railway=subway",
            "railway=switch",
            "656",
            "357730"
          ],
          [
            "-84369611",
            "33822727",
            "266",
            "1116",
            "2000",
            "0",
            "0",
            "0",
            "0",
            "railway=subway",
            "railway=halt",
            "745",
            "398279"
          ],
          [
            "-84369984",
            "33821323",
            "263",
            "159",
            "2000",
            "0",
            "0",
            "0",
            "0",
            "railway=subway",
            "railway=switch",
            "758",
            "402842"
          ],
          [
            "-84371934",
            "33817689",
            "259",
            "445",
            "2000",
            "0",
            "0",
            "0",
            "0",
            "railway=subway",
            "railway=switch",
            "794",
            "417918"
          ],
          [
            "-84387385",
            "33789122",
            "283",
            "3715",
            "2000",
            "0",
            "0",
            "0",
            "0",
            "railway=subway",
            "railway=halt",
            "1091",
            "590300"
          ],
          [
            "-84387264",
            "33788469",
            "284",
            "73",
            "2000",
            "0",
            "0",
            "0",
            "0",
            "railway=subway",
            "railway=switch",
            "1097",
            "593511"
          ],
          [
            "-84387227",
            "33788262",
            "284",
            "23",
            "2000",
            "0",
            "0",
            "0",
            "0",
            "railway=subway",
            "railway=switch",
            "1099",
            "594523"
          ],
          [
            "-84386345",
            "33781109",
            "291",
            "798",
            "2000",
            "0",
            "0",
            "0",
            "0",
            "railway=subway",
            "railway=halt",
            "1162",
            "629623"
          ],
          [
            "-84387027",
            "33772600",
            "299",
            "952",
            "2000",
            "0",
            "0",
            "0",
            "0",
            "railway=subway",
            "railway=halt",
            "1239",
            "674145"
          ],
          [
            "-84387498",
            "33767333",
            "304",
            "588",
            "2000",
            "0",
            "0",
            "0",
            "0",
            "railway=subway",
            "railway=switch",
            "1286",
            "700009"
          ],
          [
            "-84387500",
            "33767207",
            "304",
            "14",
            "2000",
            "0",
            "0",
            "0",
            "0",
            "railway=subway",
            "railway=switch",
            "1287",
            "700625"
          ],
          [
            "-84387514",
            "33766513",
            "303",
            "77",
            "2000",
            "0",
            "0",
            "0",
            "0",
            "railway=subway",
            "railway=halt",
            "1293",
            "716457"
          ],
          [
            "-84387640",
            "33759515",
            "306",
            "776",
            "2000",
            "0",
            "0",
            "0",
            "0",
            "railway=subway",
            "railway=halt",
            "1355",
            "758889"
          ],
          [
            "-84391663",
            "33753864",
            "309",
            "771",
            "2000",
            "0",
            "0",
            "0",
            "0",
            "railway=subway",
            "railway=halt",
            "1417",
            "792805"
          ],
          [
            "-84393380",
            "33751720",
            "310",
            "286",
            "2000",
            "0",
            "0",
            "0",
            "0",
            "railway=subway",
            "railway=switch",
            "1440",
            "805385"
          ],
          [
            "-84394562",
            "33750250",
            "311",
            "196",
            "2000",
            "0",
            "0",
            "0",
            "0",
            "railway=subway",
            "railway=switch",
            "1455",
            "816281"
          ],
          [
            "-84396371",
            "33748001",
            "313",
            "300",
            "2000",
            "0",
            "0",
            "0",
            "0",
            "railway=subway",
            "railway=halt",
            "1479",
            "836040"
          ],
          [
            "-84401977",
            "33742741",
            "318",
            "796",
            "2000",
            "0",
            "0",
            "0",
            "0",
            "railway=subway",
            "railway=unknown",
            "1543",
            "874364"
          ],
          [
            "-84413692",
            "33736026",
            "320",
            "1481",
            "2000",
            "0",
            "0",
            "0",
            "0",
            "railway=subway",
            "railway=halt",
            "1661",
            "945896"
          ],
          [
            "-84413707",
            "33734919",
            "320",
            "123",
            "2000",
            "0",
            "0",
            "0",
            "0",
            "railway=subway",
            "railway=switch",
            "1671",
            "951307"
          ],
          [
            "-84413714",
            "33734347",
            "320",
            "63",
            "2000",
            "0",
            "0",
            "0",
            "0",
            "railway=subway",
            "railway=switch",
            "1676",
            "954078"
          ],
          [
            "-84424339",
            "33719576",
            "319",
            "1960",
            "2000",
            "0",
            "0",
            "0",
            "0",
            "railway=subway",
            "railway=unknown",
            "1833",
            "1039680"
          ],
          [
            "-84425262",
            "33716855",
            "318",
            "314",
            "2000",
            "0",
            "0",
            "0",
            "0",
            "railway=subway",
            "railway=halt",
            "1858",
            "1052556"
          ],
          [
            "-84428970",
            "33700173",
            "315",
            "1886",
            "2000",
            "0",
            "0",
            "0",
            "0",
            "railway=subway",
            "railway=halt",
            "2009",
            "1133179"
          ],
          [
            "-84429122",
            "33699089",
            "316",
            "121",
            "2000",
            "0",
            "0",
            "0",
            "0",
            "railway=subway",
            "railway=switch",
            "2019",
            "1139062"
          ],
          [
            "-84433615",
            "33692264",
            "316",
            "923",
            "2000",
            "0",
            "0",
            "0",
            "0",
            "railway=subway",
            "railway=switch",
            "2093",
            "1179436"
          ],
          [
            "-84440749",
            "33677050",
            "323",
            "1920",
            "2000",
            "0",
            "0",
            "0",
            "0",
            "railway=subway",
            "railway=halt",
            "2246",
            "1271086"
          ],
          [
            "-84441069",
            "33676104",
            "323",
            "109",
            "2000",
            "0",
            "0",
            "0",
            "0",
            "railway=subway",
            "railway=switch",
            "2255",
            "1275624"
          ],
          [
            "-84441200",
            "33675724",
            "322",
            "44",
            "2000",
            "0",
            "0",
            "0",
            "0",
            "railway=subway",
            "",
            "2258",
            "1277135"
          ],
          [
            "-84441389",
            "33675193",
            "321",
            "61",
            "2000",
            "0",
            "0",
            "0",
            "0",
            "railway=subway",
            "railway=switch",
            "4",
            "2445"
          ],
          [
            "-84442377",
            "33672118",
            "318",
            "353",
            "2000",
            "0",
            "0",
            "0",
            "0",
            "railway=subway",
            "railway=unknown",
            "33",
            "15311"
          ],
          [
            "-84449040",
            "33653333",
            "321",
            "2183",
            "2000",
            "0",
            "0",
            "0",
            "0",
            "railway=subway",
            "barrier=kerb kerb=lowered",
            "207",
            "111962"
          ],
          [
            "-84448857",
            "33651661",
            "322",
            "186",
            "2000",
            "0",
            "0",
            "0",
            "0",
            "railway=subway",
            "railway=halt",
            "222",
            "121859"
          ],
          [
            "-84448782",
            "33650869",
            "321",
            "88",
            "2000",
            "0",
            "0",
            "0",
            "0",
            "railway=subway",
            "railway=switch",
            "229",
            "125367"
          ],
          [
            "-84446285",
            "33643223",
            "-8192",
            "896",
            "2000",
            "0",
            "0",
            "0",
            "0",
            "railway=subway",
            "railway=switch",
            "301",
            "159073"
          ],
          [
            "-84446286",
            "33642993",
            "-8192",
            "26",
            "2000",
            "0",
            "0",
            "0",
            "0",
            "railway=subway",
            "railway=switch",
            "303",
            "160216"
          ],
          [
            "-84446286",
            "33642974",
            "-8192",
            "2",
            "2000",
            "0",
            "0",
            "0",
            "0",
            "railway=subway",
            "",
            "303",
            "160304"
          ],
          [
            "-84446285",
            "33641923",
            "-8192",
            "117",
            "2000",
            "0",
            "0",
            "0",
            "0",
            "railway=subway",
            "railway=switch",
            "9",
            "5146"
          ],
          [
            "-84446288",
            "33640717",
            "-8192",
            "134",
            "2000",
            "0",
            "0",
            "0",
            "0",
            "reversedirection=yes railway=subway",
            "railway=halt",
            "20",
            "11040"
          ],
          [
            "-84446281",
            "33640017",
            "-8192",
            "78",
            "2000",
            "0",
            "0",
            "0",
            "0",
            "reversedirection=yes railway=subway",
            "",
            "26",
            "14471"
          ]
        ],
        "times": [
          0,
          1.04,
          6.24,
          16.96,
          19.04,
          21.68,
          23.84,
          26.48,
          37.36,
          39.28,
          41.6,
          42.8,
          45.2,
          46.96,
          48.88,
          50.48,
          52,
          53.36,
          56.56,
          62.4,
          68.72,
          71.92,
          73.36,
          74.96,
          76.48,
          78.24,
          80.88,
          84.56,
          100.32,
          104.16,
          107.28,
          116.56,
          117.84,
          128,
          131.76,
          135.6,
          140,
          144,
          149.12,
          165.52,
          205.76,
          212.16,
          217.76,
          230.48,
          234.4,
          253.12,
          255.76,
          261.68,
          277.2,
          280.96,
          286.8,
          292.24,
          296.8,
          296.88,
          304.96,
          309.6,
          319.68,
          325.04,
          328.64,
          333.44,
          338.4,
          342.16,
          354.32,
          358.72,
          361.92,
          363.68,
          367.04,
          371.36,
          374.72,
          377.76,
          382.96,
          390.72,
          394,
          397.84,
          402.48,
          404.32,
          408.64,
          410.8,
          413.44,
          415.12,
          418.88,
          420.96,
          423.36,
          427.28,
          433.04,
          440.24,
          452.48,
          459.52,
          466.24,
          471.12,
          476.24,
          480.4,
          485.52,
          487.6,
          490.32,
          495.44,
          505.2,
          508.88,
          512.32,
          514.88,
          518.32,
          523.52,
          526.4,
          530.16,
          533.92,
          538.88,
          542.8,
          548.24,
          551.84,
          558.08,
          562.8,
          570,
          575.2,
          579.84,
          581.84,
          583.84,
          589.68,
          593.28,
          595.36,
          615.84,
          622,
          635.68,
          649.52,
          665.12,
          672.24,
          675.36,
          679.68,
          691.44,
          720.96,
          730.16,
          741.12,
          745.28,
          755.68,
          759.92,
          764.64,
          768.32,
          771.04,
          773.68,
          776.8,
          781.6,
          786.4,
          788.4,
          793.52,
          837.6,
          840.72,
          843.52,
          846.88,
          852.48,
          875.28,
          878.32,
          880.8,
          883.52,
          885.2,
          887.6,
          889.36,
          892.88,
          895.12,
          897.12,
          900,
          903.04,
          906.88,
          912.72,
          915.04,
          917.76,
          927.6,
          938.08,
          941.68,
          942.96,
          944.64,
          947.36,
          949.2,
          951.44,
          952.8,
          955.2,
          956.72,
          958.96,
          960.72,
          962,
          963.28,
          965.28,
          966.88,
          969.12,
          970.32,
          971.68,
          974.08,
          976.08,
          977.68,
          979.84,
          982.56,
          994,
          997.92,
          1001.6,
          1005.52,
          1006.64,
          1009.36,
          1011.92,
          1012.24,
          1014.88,
          1018.56,
          1036.56,
          1041.44,
          1045.68,
          1048.32,
          1051.76,
          1055.68,
          1058,
          1060.56,
          1063.28,
          1065.12,
          1067.28,
          1069.84,
          1073.2,
          1077.12,
          1088.16,
          1102.16,
          1109.68,
          1111.76,
          1120.72,
          1132.32,
          1137.12,
          1150.8,
          1152,
          1172.4,
          1174.96,
          1177.92,
          1180.48,
          1182.32,
          1183.84,
          1186.4,
          1202.88,
          1205.04,
          1205.68,
          1207.6,
          1217.84,
          1218.48,
          1219.36,
          1220.08,
          1226.88,
          1234.56,
          1258.56,
          1269.2,
          1291.12,
          1296.56,
          1301.52,
          1302.8,
          1303.92,
          1312.72,
          1328.24,
          1331.12,
          1333.04,
          1335.2,
          1336.32,
          1338.64,
          1350.88,
          1361.2,
          1383.28,
          1386.32,
          1389.2,
          1391.92,
          1427.12,
          1434.88,
          1455.52,
          1457.92,
          1477.36,
          1491.04,
          1492.88,
          1494.8,
          1498.72,
          1504.96,
          1515.28,
          1519.52,
          1523.04,
          1538,
          1591.28,
          1593.36,
          1596.56,
          1600.4,
          1602.4,
          1605.92,
          1608.24,
          1610.72,
          1612.96,
          1614.96,
          1616.96,
          1619.12,
          1622.96,
          1626,
          1628.48,
          1630.24,
          1634.16,
          1637.28,
          1641.28,
          1649.76,
          1671.36,
          1677.76,
          1683.68,
          1691.52,
          1700.4,
          1706.72,
          1710.64,
          1714.48,
          1719.36,
          1729.52,
          1739.36,
          1741.68,
          1745.84,
          1749.44,
          1760,
          1765.36,
          1768.32,
          1778.8,
          1792.96,
          1794.56,
          1806.16,
          1811.2,
          1815.04,
          1818.64,
          1821.76,
          1823.68,
          1825.52,
          1828.64,
          1831.36,
          1831.84,
          1838.24,
          1844.64,
          1850.24,
          1879.44,
          1882,
          1883.28,
          1885.04,
          1887.36,
          1889.76,
          1893.04,
          1895.04,
          1896.16,
          1898.8,
          1933.76,
          1939.04,
          1940.16,
          1942.64,
          1949.36,
          1953.76,
          1956.56,
          1959.28,
          1962.08,
          1964.72,
          1967.04,
          1969.52,
          1972.08,
          1974.48,
          1976.96,
          1979.12,
          1981.12,
          1985.2,
          1987.04,
          2000.24,
          2004.4,
          2008.24,
          2010.16,
          2014.32,
          2016.32,
          2018.08,
          2022.16,
          2023.92,
          2027.76,
          2031.6,
          2033.52,
          2035.52,
          2038.24,
          2041.36,
          2043.28,
          2045.2,
          2048.96,
          2051.04,
          2054.64,
          2056.64,
          2058.72,
          2060.48,
          2062.4,
          2066.72,
          2082.16,
          2084.64,
          2087.2,
          2089.36,
          2091.44,
          2093.36,
          2095.76,
          2098.24,
          2100.56,
          2102.96,
          2105.36,
          2107.76,
          2112.16,
          2115.6,
          2123.76,
          2128.56,
          2137.04,
          2138.96,
          2144.72,
          2146.88,
          2149.2,
          2151.6,
          2153.84,
          2156.16,
          2160.48,
          2162.8,
          2165.12,
          2169.6,
          2177.92,
          2182.96,
          2203.28,
          2209.12,
          2268.4,
          2270.88,
          2275.76,
          2278.24,
          2280.8,
          2283.28,
          2285.6,
          2287.92,
          2290.4,
          2292.88,
          2295.28,
          2297.76,
          2304.64,
          2313.68,
          2316,
          2320.64,
          2323.6,
          2326.08,
          2328.56,
          2330.88,
          2333.28,
          2335.76,
          2338.08,
          2340.56,
          2342.96,
          2345.36,
          2347.92,
          2353.2,
          2383.36,
          2420.8,
          2437.84,
          2512.64,
          2515.76,
          2518.64,
          2521.6,
          2524.64,
          2527.6,
          2530.64,
          2533.6,
          2536.64,
          2539.68,
          2542.64,
          2545.6,
          2551.52,
          2589.28,
          2592,
          2594.48,
          2633.6,
          2636.64,
          2642.48,
          2645.28,
          2651.12,
          2654.08,
          2657.84,
          2663.84,
          2673.52,
          2675.84,
          2678.32,
          2680.88,
          2683.36,
          2686,
          2688.8,
          2691.44,
          2694.16,
          2696.8,
          2699.52,
          2702.32,
          2705.12,
          2707.84,
          2710.64,
          2713.36,
          2716.24,
          2719.2,
          2728.08,
          2737.44,
          2739.68,
          2742.48,
          2743.76,
          2746.4,
          2748.56,
          2750.8,
          2752.96,
          2754.96,
          2756.96,
          2758.96,
          2760.88,
          2762.88,
          2767.2,
          2769.12,
          2770.48,
          2772.64,
          2779.28,
          2790.24,
          2792.32,
          2794.8,
          2797.04,
          2801.92,
          2803.92,
          2808.8,
          2812.16,
          2813.2,
          2815.28,
          2817.68,
          2820,
          2837.12,
          2841.84,
          2860.72,
          2869.76,
          2874.24,
          2877.84,
          2903.52,
          2906.08,
          2908.24,
          2908.96,
          2912.8,
          2915.44,
          2917.92,
          2920.24,
          2922.72,
          2925.2,
          2927.76,
          2930.32,
          2932.56,
          2935.04,
          2937.44,
          2940,
          2942.48,
          2945.04,
          2982.64,
          3001.44,
          3004.24,
          3006.96,
          3009.76,
          3012.08,
          3016.08,
          3018.16,
          3020.24,
          3024.48,
          3026.56,
          3028.56,
          3032.64,
          3034.8,
          3037.12,
          3041.76,
          3044.16,
          3046.64,
          3049.12,
          3051.6,
          3065.2,
          3071.44,
          3088.88,
          3090.64,
          3093.44,
          3102.56,
          3113.76,
          3120.72,
          3127.68,
          3138.88,
          3139.84,
          3143.6,
          3145.68,
          3148.08,
          3150.88,
          3165.2,
          3176.24,
          3189.76,
          3192.24,
          3194.72,
          3197.2,
          3199.6,
          3202,
          3204.32,
          3206.64,
          3208.8,
          3212.96,
          3214.96,
          3219.2,
          3221.28,
          3223.44,
          3225.52,
          3229.52,
          3231.84,
          3234.64,
          3237.36,
          3240.16,
          3258.88,
          3296.48,
          3299.04,
          3301.52,
          3304,
          3306.4,
          3308.8,
          3311.04,
          3313.6,
          3316.08,
          3318.56,
          3320.96,
          3323.28,
          3325.76,
          3328.4,
          3332.24,
          3332.96,
          3337.36,
          3339.84,
          3352.24,
          3363.2,
          3371.44,
          3380.08,
          3383.44,
          3386.16,
          3392,
          3399.2,
          3407.84,
          3410.96,
          3418.64,
          3425.76,
          3429.2,
          3432.16,
          3434.4,
          3436.96,
          3439.44,
          3441.68,
          3446.08,
          3448.56,
          3450.64,
          3453.12,
          3456.8,
          3461.6,
          3466.16,
          3470.16,
          3472.08,
          3475.84,
          3477.76,
          3479.68,
          3481.52,
          3485.44,
          3487.36,
          3489.44,
          3491.6,
          3493.76,
          3496.4,
          3497.68,
          3500.56,
          3502.72,
          3512,
          3520.88,
          3523.76,
          3526.72,
          3529.52,
          3532.4,
          3535.12,
          3537.92,
          3540.8,
          3543.52,
          3546.16,
          3548.96,
          3551.6,
          3554.4,
          3557.04,
          3559.52,
          3562.16,
          3564.64,
          3567.04,
          3576.72,
          3580.96,
          3583.92,
          3586.56,
          3589.52,
          3595.36,
          3598.16,
          3603.92,
          3606.96,
          3646.08,
          3648.64,
          3651.28,
          3688.96,
          3694.88,
          3697.84,
          3700.8,
          3703.84,
          3706.88,
          3709.92,
          3712.96,
          3715.92,
          3718.96,
          3721.92,
          3724.8,
          3727.92,
          3808.4,
          3820.08,
          3857.28,
          3887.36,
          3892.64,
          3895.12,
          3897.52,
          3899.92,
          3902.32,
          3904.56,
          3907.04,
          3909.44,
          3911.76,
          3914.24,
          3916.72,
          3919.68,
          3921.92,
          3926.64,
          3935.6,
          3942.56,
          3945.04,
          3947.44,
          3949.92,
          3952.48,
          3954.8,
          3957.12,
          3959.6,
          3962.16,
          3964.64,
          3969.6,
          3972.16,
          4031.36,
          4037.2,
          4057.52,
          4062.56,
          4070.88,
          4075.36,
          4077.68,
          4080,
          4084.32,
          4086.64,
          4088.96,
          4091.44,
          4093.76,
          4095.76,
          4098.16,
          4101.68,
          4103.6,
          4112.08,
          4121.68,
          4123.68,
          4128.88,
          4133.2,
          4135.52,
          4137.92,
          4140.32,
          4142.72,
          4145.36,
          4148.16,
          4151.36,
          4153.52,
          4156.08,
          4158.56,
          4174.08,
          4176.24,
          4180.16,
          4182,
          4184,
          4186,
          4189.6,
          4193.6,
          4195.44,
          4197.36,
          4199.28,
          4202.24,
          4204.96,
          4206.96,
          4210.72,
          4212.64,
          4216.4,
          4218.16,
          4220.16,
          4224,
          4226,
          4228.08,
          4232,
          4235.76,
          4239.92,
          4254.88,
          4258.96,
          4260.88,
          4263.04,
          4265.28,
          4267.68,
          4270.16,
          4272.56,
          4275.04,
          4277.44,
          4280,
          4282.8,
          4294.64,
          4300.08,
          4305.28,
          4329.12,
          4340.16,
          4343.76,
          4346.08,
          4349.44,
          4351.92,
          4354.24,
          4357.44,
          4360,
          4386.72,
          4388.96,
          4394.56,
          4400.96,
          4407.28,
          4407.84,
          4408.24,
          4410.96,
          4416.96,
          4420.56,
          4423.92,
          4428.08,
          4433.04,
          4442.88,
          4443.84,
          4459.76,
          4470.56,
          4478.72,
          4489.2,
          4492.8,
          4494.56,
          4499.36,
          4515.12,
          4516.32,
          4519.44,
          4523.6,
          4527.36,
          4531.92,
          4538.24,
          4546.96,
          4554.8,
          4567.04,
          4577.28,
          4597.28,
          4600.64,
          4604.32,
          4608.08,
          4610.08,
          4612.56,
          4616,
          4618.72,
          4619.92,
          4622.08,
          4624.4,
          4627.12,
          4629.36,
          4632.8,
          4635.12,
          4638.32,
          4641.04,
          4642.48,
          4644.24,
          4645.44,
          4716.96,
          4719.12,
          4723.12,
          4734,
          4740.08,
          4745.92,
          4747.76,
          4759.6,
          4781.2,
          4782.4,
          4783.36,
          4811.6,
          4846.48,
          4849.44,
          4852.4,
          4855.36,
          4877.44,
          4887.76,
          4900.079,
          4902.399,
          4903.519,
          4906.479,
          4909.199,
          4934.799,
          4935.919,
          4937.199,
          4942.079,
          4947.599,
          4969.599,
          4979.439,
          4998.479,
          5004.159,
          5012.079,
          5017.359,
          5018.88,
          5019.28,
          5020.16,
          5020.72,
          5021.92,
          5029.44,
          5031.36,
          5032.72,
          5033.76,
          5034.8,
          5052.56,
          5055.84,
          5058,
          5060.08,
          5063.28,
          5065.84,
          5088.72,
          5104.4,
          5111.2,
          5117.36,
          5126.16,
          5128.4,
          5136,
          5139.28,
          5147.44,
          5160.56,
          5164.72,
          5167.36,
          5170,
          5171.92,
          5175.44,
          5177.76,
          5180.48,
          5183.12,
          5185.36,
          5189.52,
          5192.08,
          5196.24,
          5203.36,
          5213.84,
          5219.2,
          5222.8,
          5225.44,
          5227.6,
          5232.16,
          5235.92,
          5240,
          5243.52,
          5254.8,
          5258.4,
          5259.76,
          5261.36,
          5263.44,
          5265.6,
          5267.84,
          5269.52,
          5271.84,
          5272.72,
          5274.72,
          5277.12,
          5279.04,
          5280.88,
          5282.72,
          5284.72,
          5286.96,
          5288.64,
          5290.64,
          5291.92,
          5294.48,
          5297.04,
          5300.08,
          5310.56,
          5320.4,
          5325.44,
          5331.28,
          5335.76,
          5337.28,
          5340.64,
          5344.08,
          5346.56,
          5349.04,
          5351.12,
          5353.44,
          5357.44,
          5361.12,
          5376.96,
          5385.28,
          5390.08,
          5392.32,
          5394.56,
          5396.4,
          5400.08,
          5446,
          5449.84,
          5452.64,
          5455.12,
          5457.6,
          5460,
          5463.28,
          5465.76,
          5468.24,
          5471.84,
          5473.2,
          5482.24,
          5486,
          5492.64,
          5496.72,
          5507.36,
          5516.88,
          5523.84,
          5533.28,
          5540.08,
          5546.16,
          5558.16,
          5562.48,
          5565.76,
          5588.48,
          5602.32,
          5615.92,
          5634.16,
          5642,
          5644.72,
          5648.24,
          5654.08,
          5658.24,
          5662.72,
          5665.52,
          5667.92,
          5675.12,
          5679.84,
          5689.68,
          5695.12,
          5699.04,
          5703.92,
          5705.599,
          5707.359,
          5709.359,
          5714.239,
          5716.719,
          5720.879,
          5722.719,
          5725.039,
          5727.439,
          5729.839,
          5732.079,
          5741.759,
          5745.999,
          5750.079,
          5754.079,
          5756.639,
          5760.239,
          5764.719,
          5766.639,
          5771.439,
          5774.879,
          5785.119,
          5797.519,
          5804.559,
          5810.159,
          5813.839,
          5818.719,
          5821.999,
          5824.239,
          5826.879,
          5831.759,
          5833.439,
          5835.279,
          5837.759,
          5842.399,
          5845.759,
          5860.719,
          5863.119,
          5866.319,
          5870.559,
          5873.919,
          5876.799,
          5879.039,
          5883.199,
          5895.359,
          5899.119,
          5904.078,
          5907.598,
          5909.518,
          5912.478,
          5930.078,
          5935.598,
          5940.718,
          5945.358,
          5953.918,
          5956.558,
          5960.318,
          5975.838,
          5984.318,
          6003.198,
          6025.278,
          6031.758,
          6043.678,
          6061.118,
          6076.798,
          6082.798,
          6093.518,
          6097.518,
          6101.918,
          6105.758,
          6109.518,
          6115.358,
          6119.758,
          6124.558,
          6130.238,
          6133.438,
          6137.278,
          6148.318,
          6151.438,
          6153.518,
          6155.758,
          6159.518,
          6162.558,
          6165.278,
          6166.958,
          6170.078,
          6175.518,
          6180.558,
          6182.878,
          6184.878,
          6186.558,
          6187.998,
          6190.078,
          6191.358,
          6193.118,
          6194.558,
          6197.118,
          6200.158,
          6208.958,
          6211.038,
          6211.198,
          6220.558,
          6231.278,
          6236.478,
          6237.518
        ]
      },
      "geometry": {
        "type": "LineString",
        "coordinates": [
          [
            -84.446281,
            33.640016,
            314
          ],
          [
            -84.446282,
            33.640131,
            314
          ],
          [
            -84.446288,
            33.640717,
            314
          ],
          [
            -84.446285,
            33.641923,
            314
          ],
          [
            -84.446267,
            33.642159,
            314
          ],
          [
            -84.446218,
            33.642452,
            314
          ],
          [
            -84.446172,
            33.642696,
            314
          ],
          [
            -84.446142,
            33.642989,
            314
          ],
          [
            -84.44615,
            33.644218,
            314
          ],
          [
            -84.44616,
            33.644436,
            314
          ],
          [
            -84.446183,
            33.644695,
            314
          ],
          [
            -84.446204,
            33.644829,
            314
          ],
          [
            -84.446265,
            33.645099,
            314
          ],
          [
            -84.446325,
            33.64529,
            314
          ],
          [
            -84.446406,
            33.645495,
            314
          ],
          [
            -84.446486,
            33.645663,
            314
          ],
          [
            -84.446572,
            33.645815,
            314
          ],
          [
            -84.446654,
            33.64595,
            314
          ],
          [
            -84.446867,
            33.646262,
            314
          ],
          [
            -84.447281,
            33.646825,
            314
          ],
          [
            -84.447721,
            33.647436,
            314
          ],
          [
            -84.447921,
            33.64776,
            314
          ],
          [
            -84.448001,
            33.647909,
            314
          ],
          [
            -84.44808,
            33.648075,
            314
          ],
          [
            -84.448144,
            33.648235,
            314
          ],
          [
            -84.448209,
            33.648422,
            314
          ],
          [
            -84.448288,
            33.64871,
            315
          ],
          [
            -84.448365,
            33.649123,
            316
          ],
          [
            -84.44862,
            33.650883,
            321
          ],
          [
            -84.448681,
            33.651313,
            321.25
          ],
          [
            -84.448728,
            33.651663,
            321.75
          ],
          [
            -84.448873,
            33.652703,
            321.25
          ],
          [
            -84.448893,
            33.652846,
            321
          ],
          [
            -84.449048,
            33.653986,
            319.75
          ],
          [
            -84.449049,
            33.654407,
            319.25
          ],
          [
            -84.449,
            33.654834,
            318.75
          ],
          [
            -84.448873,
            33.655322,
            318.25
          ],
          [
            -84.448728,
            33.655754,
            318.25
          ],
          [
            -84.448527,
            33.656302,
            319.5
          ],
          [
            -84.447863,
            33.658066,
            322.25
          ],
          [
            -84.446231,
            33.662387,
            323
          ],
          [
            -84.445971,
            33.663079,
            324.25
          ],
          [
            -84.445751,
            33.663683,
            324.75
          ],
          [
            -84.445232,
            33.665047,
            324
          ],
          [
            -84.445086,
            33.665468,
            324
          ],
          [
            -84.444311,
            33.667478,
            322
          ],
          [
            -84.444194,
            33.667755,
            321.25
          ],
          [
            -84.443914,
            33.668377,
            319
          ],
          [
            -84.443167,
            33.670011,
            318.5
          ],
          [
            -84.442983,
            33.67041,
            317.25
          ],
          [
            -84.442721,
            33.67103,
            316.25
          ],
          [
            -84.442493,
            33.671612,
            316.75
          ],
          [
            -84.442323,
            33.672105,
            318.25
          ],
          [
            -84.44232,
            33.672114,
            318.25
          ],
          [
            -84.44202,
            33.672991,
            320.5
          ],
          [
            -84.441834,
            33.673491,
            321.25
          ],
          [
            -84.441465,
            33.674581,
            320.25
          ],
          [
            -84.441273,
            33.675163,
            321.75
          ],
          [
            -84.441137,
            33.675556,
            323
          ],
          [
            -84.440956,
            33.676079,
            323
          ],
          [
            -84.440762,
            33.676614,
            322.75
          ],
          [
            -84.44063,
            33.677021,
            322.5
          ],
          [
            -84.440175,
            33.678337,
            322
          ],
          [
            -84.440045,
            33.678823,
            322
          ],
          [
            -84.439969,
            33.679179,
            322
          ],
          [
            -84.439941,
            33.679373,
            321.75
          ],
          [
            -84.439909,
            33.679755,
            321.5
          ],
          [
            -84.439908,
            33.680241,
            320.75
          ],
          [
            -84.439943,
            33.680619,
            320.25
          ],
          [
            -84.44,
            33.680957,
            319.5
          ],
          [
            -84.440136,
            33.681528,
            318.25
          ],
          [
            -84.440321,
            33.682392,
            318.25
          ],
          [
            -84.440392,
            33.682754,
            319
          ],
          [
            -84.44044,
            33.683182,
            319.25
          ],
          [
            -84.440432,
            33.683706,
            319
          ],
          [
            -84.440415,
            33.683916,
            319
          ],
          [
            -84.440314,
            33.684399,
            318.75
          ],
          [
            -84.440247,
            33.684634,
            318.75
          ],
          [
            -84.440153,
            33.684924,
            318.5
          ],
          [
            -84.440075,
            33.685102,
            318.5
          ],
          [
            -84.43987,
            33.685493,
            318.5
          ],
          [
            -84.439737,
            33.685703,
            318.25
          ],
          [
            -84.439579,
            33.685935,
            318.25
          ],
          [
            -84.439303,
            33.686312,
            318
          ],
          [
            -84.438885,
            33.686858,
            318
          ],
          [
            -84.438366,
            33.687543,
            318
          ],
          [
            -84.437469,
            33.6887,
            320.5
          ],
          [
            -84.436947,
            33.689367,
            318.75
          ],
          [
            -84.436464,
            33.690011,
            319
          ],
          [
            -84.436068,
            33.69045,
            319
          ],
          [
            -84.435625,
            33.690887,
            318.5
          ],
          [
            -84.43523,
            33.691225,
            318
          ],
          [
            -84.434696,
            33.691596,
            317
          ],
          [
            -84.434471,
            33.691735,
            316.75
          ],
          [
            -84.434158,
            33.6919,
            316.25
          ],
          [
            -84.433569,
            33.692192,
            315.75
          ],
          [
            -84.432437,
            33.692744,
            315.75
          ],
          [
            -84.432023,
            33.692965,
            316.25
          ],
          [
            -84.43165,
            33.693199,
            315.75
          ],
          [
            -84.431384,
            33.693381,
            316
          ],
          [
            -84.431046,
            33.69365,
            315.75
          ],
          [
            -84.430594,
            33.694093,
            315.25
          ],
          [
            -84.430367,
            33.694359,
            315.25
          ],
          [
            -84.430108,
            33.694724,
            315.5
          ],
          [
            -84.429883,
            33.6951,
            315.75
          ],
          [
            -84.429645,
            33.695624,
            315
          ],
          [
            -84.429498,
            33.696046,
            315.25
          ],
          [
            -84.429362,
            33.696644,
            315.75
          ],
          [
            -84.4293,
            33.697042,
            315
          ],
          [
            -84.429192,
            33.697737,
            315
          ],
          [
            -84.429113,
            33.698266,
            314.75
          ],
          [
            -84.42899,
            33.699074,
            316.5
          ],
          [
            -84.428902,
            33.699655,
            316.25
          ],
          [
            -84.42882,
            33.700176,
            315
          ],
          [
            -84.428788,
            33.700398,
            313.25
          ],
          [
            -84.428756,
            33.70062,
            313.25
          ],
          [
            -84.428656,
            33.70127,
            312.75
          ],
          [
            -84.4286,
            33.701671,
            313
          ],
          [
            -84.42857,
            33.701905,
            314
          ],
          [
            -84.428211,
            33.704197,
            316.5
          ],
          [
            -84.428068,
            33.704885,
            318
          ],
          [
            -84.427805,
            33.706407,
            319.25
          ],
          [
            -84.427571,
            33.707957,
            320
          ],
          [
            -84.427318,
            33.709703,
            318.5
          ],
          [
            -84.427183,
            33.710493,
            317.75
          ],
          [
            -84.427103,
            33.710841,
            317.75
          ],
          [
            -84.426958,
            33.711309,
            318.5
          ],
          [
            -84.426543,
            33.712587,
            319.25
          ],
          [
            -84.425482,
            33.715794,
            318.75
          ],
          [
            -84.425144,
            33.716793,
            319
          ],
          [
            -84.424768,
            33.717983,
            318
          ],
          [
            -84.42462,
            33.718431,
            317.75
          ],
          [
            -84.424249,
            33.71956,
            319
          ],
          [
            -84.424099,
            33.720019,
            318.75
          ],
          [
            -84.423909,
            33.720524,
            316.75
          ],
          [
            -84.423732,
            33.720908
          ],
          [
            -84.423583,
            33.721187
          ],
          [
            -84.423427,
            33.721452
          ],
          [
            -84.423226,
            33.72176
          ],
          [
            -84.422876,
            33.722215
          ],
          [
            -84.422487,
            33.72265
          ],
          [
            -84.422316,
            33.722824
          ],
          [
            -84.421857,
            33.72325
          ],
          [
            -84.417761,
            33.726849
          ],
          [
            -84.417478,
            33.727111
          ],
          [
            -84.417236,
            33.727351
          ],
          [
            -84.416958,
            33.727653
          ],
          [
            -84.416533,
            33.728176
          ],
          [
            -84.41486,
            33.730331
          ],
          [
            -84.414651,
            33.730624
          ],
          [
            -84.414489,
            33.730867
          ],
          [
            -84.414328,
            33.731138
          ],
          [
            -84.414235,
            33.731314
          ],
          [
            -84.41412,
            33.731564
          ],
          [
            -84.414044,
            33.731751
          ],
          [
            -84.413916,
            33.732129
          ],
          [
            -84.413851,
            33.732371
          ],
          [
            -84.413804,
            33.732594
          ],
          [
            -84.41375,
            33.732912
          ],
          [
            -84.413708,
            33.733249
          ],
          [
            -84.413678,
            33.733685
          ],
          [
            -84.413665,
            33.734342
          ],
          [
            -84.413663,
            33.734604,
            320
          ],
          [
            -84.413659,
            33.734915,
            320
          ],
          [
            -84.413643,
            33.736026,
            320
          ],
          [
            -84.413634,
            33.737211,
            320
          ],
          [
            -84.413615,
            33.737618,
            320
          ],
          [
            -84.413597,
            33.737764,
            320
          ],
          [
            -84.413562,
            33.73795,
            320
          ],
          [
            -84.413478,
            33.738248,
            320
          ],
          [
            -84.413404,
            33.738442,
            320
          ],
          [
            -84.413295,
            33.738675,
            320
          ],
          [
            -84.413218,
            33.738814,
            320
          ],
          [
            -84.413054,
            33.739052,
            320
          ],
          [
            -84.412943,
            33.739197,
            320
          ],
          [
            -84.412763,
            33.739402,
            320
          ],
          [
            -84.412612,
            33.739551,
            320
          ],
          [
            -84.412492,
            33.73966,
            320
          ],
          [
            -84.412371,
            33.739759,
            320
          ],
          [
            -84.412163,
            33.739908,
            320
          ],
          [
            -84.411989,
            33.740016,
            320
          ],
          [
            -84.411739,
            33.740155,
            320
          ],
          [
            -84.4116,
            33.74022,
            320
          ],
          [
            -84.411434,
            33.740293,
            320
          ],
          [
            -84.411141,
            33.740401,
            320
          ],
          [
            -84.410887,
            33.740474,
            320
          ],
          [
            -84.41068,
            33.740523,
            320
          ],
          [
            -84.410397,
            33.740575,
            320
          ],
          [
            -84.410036,
            33.740623,
            320
          ],
          [
            -84.4085,
            33.740767,
            320
          ],
          [
            -84.407972,
            33.740827,
            320
          ],
          [
            -84.407482,
            33.740898,
            320
          ],
          [
            -84.406966,
            33.740998,
            320
          ],
          [
            -84.406818,
            33.741028,
            320.5
          ],
          [
            -84.406469,
            33.741115,
            321.5
          ],
          [
            -84.40614,
            33.741206,
            322.5
          ],
          [
            -84.406094,
            33.741218,
            322.25
          ],
          [
            -84.405755,
            33.741308,
            322
          ],
          [
            -84.405295,
            33.741455,
            321.5
          ],
          [
            -84.403062,
            33.742253,
            319
          ],
          [
            -84.402469,
            33.742496,
            318.5
          ],
          [
            -84.401957,
            33.742706,
            318.5
          ],
          [
            -84.401646,
            33.742843,
            318.25
          ],
          [
            -84.401234,
            33.743028,
            318
          ],
          [
            -84.400777,
            33.743249,
            318
          ],
          [
            -84.400513,
            33.743389,
            317.75
          ],
          [
            -84.40023,
            33.743554,
            317.75
          ],
          [
            -84.399942,
            33.743746,
            317.5
          ],
          [
            -84.399758,
            33.743881,
            317.5
          ],
          [
            -84.399551,
            33.744047,
            317.25
          ],
          [
            -84.399313,
            33.744255,
            317.25
          ],
          [
            -84.399018,
            33.74454,
            317
          ],
          [
            -84.398702,
            33.744897,
            316.75
          ],
          [
            -84.39787,
            33.745927,
            316.25
          ],
          [
            -84.396837,
            33.747243,
            315.5
          ],
          [
            -84.396274,
            33.74795,
            315.25
          ],
          [
            -84.396119,
            33.748146,
            315.25
          ],
          [
            -84.395448,
            33.748983,
            315.25
          ],
          [
            -84.394601,
            33.750078
          ],
          [
            -84.394252,
            33.750533
          ],
          [
            -84.393226,
            33.751815,
            302.25
          ],
          [
            -84.393137,
            33.751925,
            302.25
          ],
          [
            -84.391609,
            33.753833,
            302.25
          ],
          [
            -84.391418,
            33.754071,
            302.25
          ],
          [
            -84.391183,
            33.754339,
            302.25
          ],
          [
            -84.390958,
            33.754562,
            302.25
          ],
          [
            -84.39079,
            33.75471,
            302.25
          ],
          [
            -84.390639,
            33.75483,
            302.25
          ],
          [
            -84.390381,
            33.755019,
            302.25
          ],
          [
            -84.38868,
            33.756208,
            302.25
          ],
          [
            -84.38848,
            33.756379,
            302.25
          ],
          [
            -84.388429,
            33.756432,
            302.25
          ],
          [
            -84.388288,
            33.756615,
            302.25
          ],
          [
            -84.387667,
            33.757644,
            302.25
          ],
          [
            -84.387635,
            33.757707,
            302.25
          ],
          [
            -84.387605,
            33.757801,
            302.25
          ],
          [
            -84.387595,
            33.757882,
            302.25
          ],
          [
            -84.387566,
            33.758647,
            302.25
          ],
          [
            -84.387557,
            33.759514,
            302.25
          ],
          [
            -84.38751,
            33.762223,
            302.25
          ],
          [
            -84.387507,
            33.763418,
            302.25
          ],
          [
            -84.387468,
            33.765887,
            304.25
          ],
          [
            -84.387461,
            33.766504,
            304.75
          ],
          [
            -84.387451,
            33.767064,
            305.25
          ],
          [
            -84.38745,
            33.767206
          ],
          [
            -84.387448,
            33.767335
          ],
          [
            -84.387436,
            33.768329,
            292
          ],
          [
            -84.387413,
            33.770081,
            292
          ],
          [
            -84.387402,
            33.770401,
            292
          ],
          [
            -84.387387,
            33.770616,
            292
          ],
          [
            -84.387356,
            33.770855,
            292
          ],
          [
            -84.387337,
            33.770976,
            292
          ],
          [
            -84.387278,
            33.771233,
            292
          ],
          [
            -84.386965,
            33.772592,
            292
          ],
          [
            -84.386703,
            33.773737,
            292
          ],
          [
            -84.386144,
            33.776185,
            292
          ],
          [
            -84.386089,
            33.77652,
            292
          ],
          [
            -84.386052,
            33.776847,
            292
          ],
          [
            -84.386045,
            33.777151,
            292
          ],
          [
            -84.386286,
            33.78111,
            292
          ],
          [
            -84.386347,
            33.781982,
            292
          ],
          [
            -84.386505,
            33.7843,
            292
          ],
          [
            -84.386531,
            33.784569,
            292
          ],
          [
            -84.386911,
            33.786735,
            293.5
          ],
          [
            -84.387117,
            33.788271,
            294.75
          ],
          [
            -84.387144,
            33.788478,
            294.75
          ],
          [
            -84.387173,
            33.788697,
            295
          ],
          [
            -84.387264,
            33.789136,
            295.25
          ],
          [
            -84.387398,
            33.789833,
            295.75
          ],
          [
            -84.387657,
            33.790979,
            296.75
          ],
          [
            -84.387724,
            33.791452,
            297
          ],
          [
            -84.387748,
            33.791845,
            297.25
          ],
          [
            -84.387766,
            33.793535,
            291.75
          ],
          [
            -84.387836,
            33.799535,
            272.75
          ],
          [
            -84.387846,
            33.799769,
            272
          ],
          [
            -84.387834,
            33.80013,
            271
          ],
          [
            -84.387769,
            33.80056,
            269
          ],
          [
            -84.387719,
            33.800782,
            267.75
          ],
          [
            -84.3876,
            33.801165,
            266
          ],
          [
            -84.387504,
            33.801418,
            264.75
          ],
          [
            -84.38739,
            33.80168,
            263.5
          ],
          [
            -84.387271,
            33.801911,
            262.25
          ],
          [
            -84.387152,
            33.802115,
            261.25
          ],
          [
            -84.387026,
            33.802314,
            260.25
          ],
          [
            -84.386875,
            33.802524,
            259
          ],
          [
            -84.386583,
            33.802885,
            259.25
          ],
          [
            -84.386325,
            33.803157,
            259.5
          ],
          [
            -84.386104,
            33.803368,
            259
          ],
          [
            -84.385941,
            33.80351,
            259
          ],
          [
            -84.385559,
            33.803813,
            258.75
          ],
          [
            -84.385247,
            33.804053,
            258.5
          ],
          [
            -84.384825,
            33.804341,
            258.5
          ],
          [
            -84.383961,
            33.804973,
            258.5
          ],
          [
            -84.38171,
            33.806522,
            261.75
          ],
          [
            -84.381036,
            33.806976,
            262.75
          ],
          [
            -84.3804,
            33.807386,
            263.75
          ],
          [
            -84.379577,
            33.807937,
            263.75
          ],
          [
            -84.378661,
            33.808585,
            267
          ],
          [
            -84.378088,
            33.809113,
            264.75
          ],
          [
            -84.37778,
            33.809467,
            263.5
          ],
          [
            -84.37751,
            33.809839,
            262.5
          ],
          [
            -84.377204,
            33.810324,
            262.25
          ],
          [
            -84.376665,
            33.811373,
            262
          ],
          [
            -84.37612,
            33.812387,
            258.5
          ],
          [
            -84.375983,
            33.812621,
            257.5
          ],
          [
            -84.37571,
            33.813026,
            256.75
          ],
          [
            -84.375459,
            33.813369,
            256
          ],
          [
            -84.374632,
            33.814342,
            255.5
          ],
          [
            -84.374216,
            33.814835,
            252.25
          ],
          [
            -84.373985,
            33.815107,
            252.25
          ],
          [
            -84.373168,
            33.816074,
            249
          ],
          [
            -84.372078,
            33.817386,
            259.25
          ],
          [
            -84.37195,
            33.817535,
            259.25
          ],
          [
            -84.371052,
            33.818607,
            259
          ],
          [
            -84.37069,
            33.819089,
            259.25
          ],
          [
            -84.370469,
            33.819484,
            259.75
          ],
          [
            -84.370293,
            33.819858,
            260
          ],
          [
            -84.370173,
            33.820199,
            260.25
          ],
          [
            -84.370108,
            33.820407,
            260.75
          ],
          [
            -84.370045,
            33.820607,
            260.75
          ],
          [
            -84.369958,
            33.820948,
            261.5
          ],
          [
            -84.369879,
            33.821246,
            263.25
          ],
          [
            -84.369867,
            33.821296,
            263.5
          ],
          [
            -84.369674,
            33.821995,
            264.75
          ],
          [
            -84.369475,
            33.8227,
            266.25
          ],
          [
            -84.369313,
            33.823316,
            267.75
          ],
          [
            -84.368516,
            33.826536,
            274.5
          ],
          [
            -84.3684,
            33.826805,
            275.25
          ],
          [
            -84.368341,
            33.826939,
            275.25
          ],
          [
            -84.368243,
            33.827115,
            273.75
          ],
          [
            -84.368107,
            33.827351,
            271.75
          ],
          [
            -84.367957,
            33.827591,
            270.5
          ],
          [
            -84.367702,
            33.827893,
            270
          ],
          [
            -84.367531,
            33.828069,
            273.25
          ],
          [
            -84.367432,
            33.828169,
            275
          ],
          [
            -84.367188,
            33.828382,
            279.5
          ],
          [
            -84.363754,
            33.831082,
            279.5
          ],
          [
            -84.363236,
            33.831488,
            280.75
          ],
          [
            -84.363122,
            33.831576,
            281.75
          ],
          [
            -84.362874,
            33.831768,
            281.75
          ],
          [
            -84.362183,
            33.832254,
            281.25
          ],
          [
            -84.36173,
            33.832581,
            281
          ],
          [
            -84.361457,
            33.832797,
            280.75
          ],
          [
            -84.361207,
            33.833025,
            280.75
          ],
          [
            -84.360968,
            33.833266,
            280.5
          ],
          [
            -84.360764,
            33.833509,
            280.5
          ],
          [
            -84.360595,
            33.833727,
            280.25
          ],
          [
            -84.360434,
            33.833969,
            280.25
          ],
          [
            -84.360281,
            33.834232,
            280
          ],
          [
            -84.360156,
            33.834478,
            280
          ],
          [
            -84.360051,
            33.834739,
            279.75
          ],
          [
            -84.359973,
            33.834977,
            279.75
          ],
          [
            -84.359915,
            33.835199,
            279.5
          ],
          [
            -84.359825,
            33.835654,
            279.25
          ],
          [
            -84.359793,
            33.835861,
            279.25
          ],
          [
            -84.359601,
            33.83734,
            278.5
          ],
          [
            -84.359553,
            33.837808,
            278.25
          ],
          [
            -84.359532,
            33.838241,
            278
          ],
          [
            -84.359535,
            33.838454,
            278
          ],
          [
            -84.359568,
            33.838918,
            277.75
          ],
          [
            -84.359597,
            33.839141,
            277.75
          ],
          [
            -84.359631,
            33.839338,
            277.75
          ],
          [
            -84.359736,
            33.839789,
            275.75
          ],
          [
            -84.359792,
            33.839985,
            275
          ],
          [
            -84.359935,
            33.840398,
            274
          ],
          [
            -84.36011,
            33.840807,
            273.5
          ],
          [
            -84.360207,
            33.841004,
            272.75
          ],
          [
            -84.360316,
            33.841207,
            271.75
          ],
          [
            -84.360482,
            33.841481,
            270.5
          ],
          [
            -84.360686,
            33.841788,
            270.25
          ],
          [
            -84.360828,
            33.841973,
            271
          ],
          [
            -84.360978,
            33.842154,
            273.25
          ],
          [
            -84.361294,
            33.842488,
            275.75
          ],
          [
            -84.361475,
            33.842663,
            277.25
          ],
          [
            -84.361819,
            33.842956,
            279
          ],
          [
            -84.362016,
            33.84311,
            279
          ],
          [
            -84.362225,
            33.843261,
            278
          ],
          [
            -84.362406,
            33.843386,
            277.75
          ],
          [
            -84.362613,
            33.843519,
            279.5
          ],
          [
            -84.363088,
            33.843808,
            284.25
          ],
          [
            -84.3648,
            33.844805,
            289
          ],
          [
            -84.365069,
            33.844972,
            289.75
          ],
          [
            -84.365339,
            33.845152,
            292.5
          ],
          [
            -84.365562,
            33.845312,
            294
          ],
          [
            -84.365766,
            33.845471,
            294.5
          ],
          [
            -84.365947,
            33.845622,
            297.5
          ],
          [
            -84.366162,
            33.84582,
            301.75
          ],
          [
            -84.366376,
            33.846032,
            305.75
          ],
          [
            -84.36657,
            33.846238,
            309.75
          ],
          [
            -84.366762,
            33.846456,
            313.75
          ],
          [
            -84.36694,
            33.846682,
            317.75
          ],
          [
            -84.367106,
            33.846912,
            322
          ],
          [
            -84.367392,
            33.847349,
            322
          ],
          [
            -84.3676,
            33.847693,
            318
          ],
          [
            -84.368072,
            33.848524,
            303
          ],
          [
            -84.368344,
            33.849011,
            299.75
          ],
          [
            -84.368838,
            33.849871,
            294.25
          ],
          [
            -84.368949,
            33.850063,
            293.25
          ],
          [
            -84.369281,
            33.850651,
            292.5
          ],
          [
            -84.369397,
            33.850875,
            293
          ],
          [
            -84.369508,
            33.851116,
            292.5
          ],
          [
            -84.369607,
            33.851372,
            291.5
          ],
          [
            -84.369681,
            33.85162,
            289.75
          ],
          [
            -84.369741,
            33.851879,
            290.25
          ],
          [
            -84.36981,
            33.852362,
            291.5
          ],
          [
            -84.369833,
            33.852624,
            291
          ],
          [
            -84.369845,
            33.852885,
            289
          ],
          [
            -84.369836,
            33.85339,
            285.25
          ],
          [
            -84.369767,
            33.854322,
            283
          ],
          [
            -84.36972,
            33.854892,
            285.5
          ],
          [
            -84.36953,
            33.857177,
            279.25
          ],
          [
            -84.369476,
            33.857831,
            279.5
          ],
          [
            -84.36892,
            33.864494,
            288.5
          ],
          [
            -84.368889,
            33.864775,
            287.75
          ],
          [
            -84.368799,
            33.865324,
            287.25
          ],
          [
            -84.368734,
            33.865598,
            287
          ],
          [
            -84.368649,
            33.865874,
            286
          ],
          [
            -84.368553,
            33.866139,
            285.25
          ],
          [
            -84.368444,
            33.866386,
            285
          ],
          [
            -84.368321,
            33.866628,
            285
          ],
          [
            -84.368174,
            33.866884,
            286.25
          ],
          [
            -84.368012,
            33.867129,
            287.75
          ],
          [
            -84.367843,
            33.867359,
            289
          ],
          [
            -84.367658,
            33.867592,
            289.25
          ],
          [
            -84.367112,
            33.868224,
            290.25
          ],
          [
            -84.366379,
            33.869034,
            292
          ],
          [
            -84.366192,
            33.869249,
            292.25
          ],
          [
            -84.36584,
            33.869684,
            293.25
          ],
          [
            -84.365636,
            33.869967,
            293.25
          ],
          [
            -84.365479,
            33.870212,
            295.5
          ],
          [
            -84.365334,
            33.870461,
            296.5
          ],
          [
            -84.365214,
            33.870707,
            296.75
          ],
          [
            -84.365101,
            33.87096,
            296.75
          ],
          [
            -84.365006,
            33.871227,
            296.75
          ],
          [
            -84.364932,
            33.871481,
            298
          ],
          [
            -84.364872,
            33.871754,
            299.25
          ],
          [
            -84.364824,
            33.872024,
            299.5
          ],
          [
            -84.364794,
            33.872295,
            299.75
          ],
          [
            -84.364777,
            33.87258,
            299.5
          ],
          [
            -84.364769,
            33.873172,
            298.5
          ],
          [
            -84.364811,
            33.876568,
            286.25
          ],
          [
            -84.364863,
            33.88079,
            267
          ],
          [
            -84.364886,
            33.88271,
            268
          ],
          [
            -84.364993,
            33.891142,
            292.5
          ],
          [
            -84.364992,
            33.891493,
            292.25
          ],
          [
            -84.364981,
            33.891813,
            292.5
          ],
          [
            -84.364954,
            33.892145,
            293.5
          ],
          [
            -84.364913,
            33.892487,
            294.5
          ],
          [
            -84.364851,
            33.892816,
            294
          ],
          [
            -84.364773,
            33.893149,
            293.75
          ],
          [
            -84.364681,
            33.893477,
            294.25
          ],
          [
            -84.364567,
            33.893804,
            294.75
          ],
          [
            -84.364438,
            33.89413,
            295.25
          ],
          [
            -84.364293,
            33.894444,
            295.5
          ],
          [
            -84.364139,
            33.894754,
            295.75
          ],
          [
            -84.363799,
            33.895357,
            297
          ],
          [
            -84.361596,
            33.89919,
            294.25
          ],
          [
            -84.361439,
            33.899463,
            298.25
          ],
          [
            -84.361294,
            33.899716,
            298.25
          ],
          [
            -84.359008,
            33.903694,
            313.5
          ],
          [
            -84.358839,
            33.904005,
            314
          ],
          [
            -84.358529,
            33.904606,
            314.5
          ],
          [
            -84.358394,
            33.904903,
            315
          ],
          [
            -84.358133,
            33.905527,
            318.25
          ],
          [
            -84.358017,
            33.90585,
            320
          ],
          [
            -84.357881,
            33.906259,
            320.5
          ],
          [
            -84.357675,
            33.906913,
            318.5
          ],
          [
            -84.357392,
            33.90798,
            315.5
          ],
          [
            -84.357309,
            33.908234,
            314.75
          ],
          [
            -84.357189,
            33.908495,
            314
          ],
          [
            -84.357037,
            33.908757,
            313.25
          ],
          [
            -84.35687,
            33.908998,
            312.5
          ],
          [
            -84.356675,
            33.909243,
            311.75
          ],
          [
            -84.356435,
            33.909486,
            310.75
          ],
          [
            -84.356178,
            33.909695,
            310
          ],
          [
            -84.355902,
            33.9099,
            309.25
          ],
          [
            -84.355617,
            33.910078,
            308.25
          ],
          [
            -84.355304,
            33.91024,
            307.5
          ],
          [
            -84.354963,
            33.910385,
            306.5
          ],
          [
            -84.354612,
            33.910508,
            305.75
          ],
          [
            -84.354263,
            33.910599,
            305
          ],
          [
            -84.353891,
            33.91067,
            304
          ],
          [
            -84.353521,
            33.910709,
            303.25
          ],
          [
            -84.353137,
            33.910736,
            302.25
          ],
          [
            -84.352737,
            33.910749,
            301.25
          ],
          [
            -84.351539,
            33.910742,
            301.5
          ],
          [
            -84.350278,
            33.910735,
            300.25
          ],
          [
            -84.34997,
            33.910733,
            300.25
          ],
          [
            -84.349592,
            33.910731,
            300.25
          ],
          [
            -84.349419,
            33.91073,
            300.25
          ],
          [
            -84.34906,
            33.910731,
            300.75
          ],
          [
            -84.348763,
            33.91074,
            302
          ],
          [
            -84.348466,
            33.910765,
            303.25
          ],
          [
            -84.34818,
            33.910803,
            303.5
          ],
          [
            -84.34792,
            33.910853,
            303
          ],
          [
            -84.347664,
            33.91092,
            302
          ],
          [
            -84.347414,
            33.911,
            300.5
          ],
          [
            -84.347182,
            33.911096,
            299
          ],
          [
            -84.346951,
            33.911209,
            296.75
          ],
          [
            -84.346467,
            33.911488
          ],
          [
            -84.346271,
            33.911627
          ],
          [
            -84.346145,
            33.911733
          ],
          [
            -84.345958,
            33.911918
          ],
          [
            -84.345403,
            33.912507
          ],
          [
            -84.344519,
            33.913496
          ],
          [
            -84.344363,
            33.913694
          ],
          [
            -84.344167,
            33.913918
          ],
          [
            -84.344044,
            33.914152
          ],
          [
            -84.343804,
            33.914664
          ],
          [
            -84.343728,
            33.914881
          ],
          [
            -84.343608,
            33.915421
          ],
          [
            -84.343567,
            33.915796
          ],
          [
            -84.343561,
            33.915915
          ],
          [
            -84.343566,
            33.91615
          ],
          [
            -84.343581,
            33.916421
          ],
          [
            -84.343608,
            33.916679
          ],
          [
            -84.343865,
            33.918598
          ],
          [
            -84.343955,
            33.919127
          ],
          [
            -84.344253,
            33.921236
          ],
          [
            -84.344416,
            33.922245
          ],
          [
            -84.344495,
            33.92275,
            304.75
          ],
          [
            -84.344557,
            33.923153,
            304.75
          ],
          [
            -84.345013,
            33.926022,
            304.75
          ],
          [
            -84.345071,
            33.92631,
            304.75
          ],
          [
            -84.345127,
            33.926546,
            304.75
          ],
          [
            -84.34515,
            33.926627,
            305.25
          ],
          [
            -84.34527,
            33.927049,
            307
          ],
          [
            -84.34537,
            33.927333,
            308.5
          ],
          [
            -84.345485,
            33.927597,
            309.75
          ],
          [
            -84.345609,
            33.927839,
            310.75
          ],
          [
            -84.345752,
            33.928087,
            312
          ],
          [
            -84.345913,
            33.928333,
            313.5
          ],
          [
            -84.346094,
            33.928576,
            314.75
          ],
          [
            -84.346289,
            33.928812,
            316
          ],
          [
            -84.346477,
            33.929006,
            316.25
          ],
          [
            -84.346684,
            33.929227,
            316.5
          ],
          [
            -84.346914,
            33.929423,
            317
          ],
          [
            -84.34717,
            33.929615,
            317.25
          ],
          [
            -84.347437,
            33.929786,
            317.5
          ],
          [
            -84.347723,
            33.929955,
            318
          ],
          [
            -84.352015,
            33.932219,
            323.25
          ],
          [
            -84.354166,
            33.933345,
            326
          ],
          [
            -84.354477,
            33.933528,
            326.25
          ],
          [
            -84.354764,
            33.933715,
            326.75
          ],
          [
            -84.355054,
            33.933918,
            327.25
          ],
          [
            -84.355281,
            33.934096,
            327.25
          ],
          [
            -84.355645,
            33.934428,
            323
          ],
          [
            -84.355821,
            33.934613,
            320.5
          ],
          [
            -84.35599,
            33.934805,
            320.75
          ],
          [
            -84.356295,
            33.935207,
            322.75
          ],
          [
            -84.356435,
            33.935409,
            323.75
          ],
          [
            -84.356556,
            33.935613,
            324.5
          ],
          [
            -84.356776,
            33.936038,
            327.5
          ],
          [
            -84.356867,
            33.936268,
            328
          ],
          [
            -84.356955,
            33.936518,
            328.5
          ],
          [
            -84.357085,
            33.937026,
            329.75
          ],
          [
            -84.357137,
            33.937296,
            330.25
          ],
          [
            -84.357181,
            33.937576,
            331
          ],
          [
            -84.357215,
            33.937853,
            331.5
          ],
          [
            -84.357228,
            33.938129,
            332.25
          ],
          [
            -84.357238,
            33.939658,
            335.75
          ],
          [
            -84.357228,
            33.940357,
            335.75
          ],
          [
            -84.357145,
            33.942322,
            325.5
          ],
          [
            -84.357143,
            33.942516,
            324.5
          ],
          [
            -84.357138,
            33.942829,
            323.5
          ],
          [
            -84.357133,
            33.943854,
            319.75
          ],
          [
            -84.357135,
            33.94512
          ],
          [
            -84.357135,
            33.945901,
            319.75
          ],
          [
            -84.357135,
            33.94512,
            319.75
          ],
          [
            -84.357133,
            33.943854,
            319.75
          ],
          [
            -84.357142,
            33.943745,
            320
          ],
          [
            -84.3572,
            33.943328,
            321.25
          ],
          [
            -84.35724,
            33.9431,
            322
          ],
          [
            -84.357272,
            33.942829,
            322.75
          ],
          [
            -84.357273,
            33.94251,
            324
          ],
          [
            -84.357272,
            33.940897,
            333.25
          ],
          [
            -84.357285,
            33.939656,
            331.5
          ],
          [
            -84.357279,
            33.938128,
            329.5
          ],
          [
            -84.357266,
            33.93785,
            329.25
          ],
          [
            -84.357232,
            33.937571,
            328.75
          ],
          [
            -84.357188,
            33.93729,
            328.5
          ],
          [
            -84.357135,
            33.937019,
            328.25
          ],
          [
            -84.357072,
            33.936758,
            327.75
          ],
          [
            -84.357004,
            33.936507,
            327.5
          ],
          [
            -84.356916,
            33.936256,
            327.25
          ],
          [
            -84.356824,
            33.936024,
            327.25
          ],
          [
            -84.356602,
            33.935595,
            324
          ],
          [
            -84.35648,
            33.93539,
            323.5
          ],
          [
            -84.356186,
            33.934979,
            320.75
          ],
          [
            -84.356032,
            33.934781,
            320.5
          ],
          [
            -84.355862,
            33.934587,
            320.5
          ],
          [
            -84.355684,
            33.934401,
            322.25
          ],
          [
            -84.355317,
            33.934066,
            327
          ],
          [
            -84.355089,
            33.933887,
            326.25
          ],
          [
            -84.354796,
            33.933682,
            325.75
          ],
          [
            -84.354507,
            33.933494,
            325.25
          ],
          [
            -84.354195,
            33.93331,
            324.5
          ],
          [
            -84.352053,
            33.932184,
            320.5
          ],
          [
            -84.347751,
            33.92992,
            312.25
          ],
          [
            -84.347467,
            33.929752,
            311.75
          ],
          [
            -84.347204,
            33.929581,
            311.25
          ],
          [
            -84.34695,
            33.929393,
            310.75
          ],
          [
            -84.346723,
            33.929198,
            310.25
          ],
          [
            -84.346516,
            33.928991,
            309.75
          ],
          [
            -84.34633,
            33.928788,
            309.25
          ],
          [
            -84.346137,
            33.928553,
            308.5
          ],
          [
            -84.345957,
            33.928312,
            308
          ],
          [
            -84.345797,
            33.928068,
            307.5
          ],
          [
            -84.345656,
            33.927822,
            307
          ],
          [
            -84.345533,
            33.927582,
            306.5
          ],
          [
            -84.345419,
            33.92732,
            306
          ],
          [
            -84.345315,
            33.927038,
            305.5
          ],
          [
            -84.345195,
            33.926616,
            305.5
          ],
          [
            -84.345175,
            33.926539,
            305.25
          ],
          [
            -84.345072,
            33.926054,
            304.75
          ],
          [
            -84.34503,
            33.925774,
            304.5
          ],
          [
            -84.344864,
            33.924381,
            302.75
          ],
          [
            -84.344685,
            33.923153,
            301.5
          ],
          [
            -84.344549,
            33.922229,
            300.5
          ],
          [
            -84.3444,
            33.921262,
            299.5
          ],
          [
            -84.34433,
            33.920884,
            299
          ],
          [
            -84.344287,
            33.920578,
            298.75
          ],
          [
            -84.344179,
            33.919929,
            298
          ],
          [
            -84.344032,
            33.919124,
            297
          ],
          [
            -84.34384,
            33.918159,
            296
          ],
          [
            -84.343804,
            33.917812,
            295.5
          ],
          [
            -84.343687,
            33.916956,
            294.5
          ],
          [
            -84.3436,
            33.916158,
            293.75
          ],
          [
            -84.343605,
            33.915767,
            293.25
          ],
          [
            -84.343647,
            33.915434,
            292.75
          ],
          [
            -84.343697,
            33.915182,
            292.5
          ],
          [
            -84.34377,
            33.914898,
            292.25
          ],
          [
            -84.343867,
            33.914629,
            292
          ],
          [
            -84.343979,
            33.914398,
            291.75
          ],
          [
            -84.344215,
            33.913944,
            292.5
          ],
          [
            -84.344391,
            33.913708,
            292.75
          ],
          [
            -84.34455,
            33.913513,
            293.25
          ],
          [
            -84.344762,
            33.913293,
            293.5
          ],
          [
            -84.345065,
            33.912959,
            294.25
          ],
          [
            -84.345448,
            33.912521,
            295
          ],
          [
            -84.34582,
            33.912112,
            295.75
          ],
          [
            -84.346171,
            33.911766,
            296.5
          ],
          [
            -84.346364,
            33.911616,
            297
          ],
          [
            -84.346769,
            33.911364,
            297.5
          ],
          [
            -84.346981,
            33.911244,
            297.75
          ],
          [
            -84.347206,
            33.911133,
            298
          ],
          [
            -84.347434,
            33.911041,
            299.75
          ],
          [
            -84.347933,
            33.910894,
            302.25
          ],
          [
            -84.34819,
            33.910844,
            302.75
          ],
          [
            -84.348472,
            33.910807,
            302.5
          ],
          [
            -84.348767,
            33.910783,
            301.5
          ],
          [
            -84.349061,
            33.910773,
            300.25
          ],
          [
            -84.349421,
            33.910772,
            299.5
          ],
          [
            -84.34959,
            33.910772,
            299.5
          ],
          [
            -84.349981,
            33.910775,
            299.25
          ],
          [
            -84.350278,
            33.910778,
            299.25
          ],
          [
            -84.351537,
            33.910784,
            301
          ],
          [
            -84.352737,
            33.910791,
            303.5
          ],
          [
            -84.353127,
            33.910777,
            304.5
          ],
          [
            -84.353526,
            33.910749,
            305.25
          ],
          [
            -84.3539,
            33.91071,
            306.25
          ],
          [
            -84.354276,
            33.910638,
            307
          ],
          [
            -84.354629,
            33.910546,
            308
          ],
          [
            -84.354983,
            33.910422,
            308.75
          ],
          [
            -84.355328,
            33.910276,
            309.75
          ],
          [
            -84.355644,
            33.910112,
            310.5
          ],
          [
            -84.355933,
            33.909932,
            311.25
          ],
          [
            -84.356211,
            33.909724,
            312.25
          ],
          [
            -84.356471,
            33.909514,
            313
          ],
          [
            -84.356715,
            33.909267,
            313.75
          ],
          [
            -84.356911,
            33.909019,
            314.5
          ],
          [
            -84.35708,
            33.908776,
            315.5
          ],
          [
            -84.357234,
            33.908511,
            316.25
          ],
          [
            -84.357356,
            33.908247,
            317
          ],
          [
            -84.357439,
            33.907989,
            317.75
          ],
          [
            -84.357719,
            33.906924,
            320.75
          ],
          [
            -84.357859,
            33.906463,
            320.75
          ],
          [
            -84.357967,
            33.906146,
            320.25
          ],
          [
            -84.358063,
            33.905863,
            320
          ],
          [
            -84.358179,
            33.90554,
            318.25
          ],
          [
            -84.358439,
            33.904916,
            315.5
          ],
          [
            -84.358574,
            33.904621,
            315
          ],
          [
            -84.358883,
            33.904021,
            314.5
          ],
          [
            -84.359052,
            33.903711,
            313.75
          ],
          [
            -84.361337,
            33.899734,
            298.25
          ],
          [
            -84.361485,
            33.899476,
            294.25
          ],
          [
            -84.36164,
            33.899207,
            294.25
          ],
          [
            -84.363842,
            33.895374,
            297
          ],
          [
            -84.364183,
            33.89477,
            295.75
          ],
          [
            -84.364338,
            33.894459,
            295.75
          ],
          [
            -84.364483,
            33.894144,
            295.25
          ],
          [
            -84.364613,
            33.893816,
            294.75
          ],
          [
            -84.364728,
            33.893487,
            294.25
          ],
          [
            -84.36482,
            33.893157,
            294
          ],
          [
            -84.364899,
            33.892823,
            294.25
          ],
          [
            -84.364961,
            33.892492,
            294.75
          ],
          [
            -84.365002,
            33.892148,
            293.5
          ],
          [
            -84.365029,
            33.891815,
            292.75
          ],
          [
            -84.36504,
            33.891493,
            292.5
          ],
          [
            -84.365041,
            33.891142,
            293
          ],
          [
            -84.364927,
            33.88207,
            265.5
          ],
          [
            -84.36491,
            33.880756,
            267.5
          ],
          [
            -84.364858,
            33.876563,
            286.25
          ],
          [
            -84.364817,
            33.873172,
            298.25
          ],
          [
            -84.364825,
            33.872581,
            299.25
          ],
          [
            -84.364842,
            33.872298,
            299.25
          ],
          [
            -84.364872,
            33.872029,
            299
          ],
          [
            -84.36492,
            33.87176,
            298.75
          ],
          [
            -84.364982,
            33.871491,
            297.75
          ],
          [
            -84.365054,
            33.871243,
            297.25
          ],
          [
            -84.36515,
            33.870974,
            297
          ],
          [
            -84.365259,
            33.870722,
            297
          ],
          [
            -84.365378,
            33.870479,
            296.5
          ],
          [
            -84.365521,
            33.87023,
            295.25
          ],
          [
            -84.365678,
            33.869987,
            293
          ],
          [
            -84.365883,
            33.869705,
            292.25
          ],
          [
            -84.366051,
            33.869496,
            291.75
          ],
          [
            -84.366421,
            33.869059,
            290.75
          ],
          [
            -84.367148,
            33.868249,
            289
          ],
          [
            -84.367698,
            33.867615,
            289
          ],
          [
            -84.367884,
            33.867381,
            288.75
          ],
          [
            -84.368055,
            33.867149,
            287.5
          ],
          [
            -84.368218,
            33.866903,
            286
          ],
          [
            -84.368366,
            33.866645,
            285
          ],
          [
            -84.36849,
            33.866401,
            285
          ],
          [
            -84.368599,
            33.866152,
            285.5
          ],
          [
            -84.368696,
            33.865885,
            286.5
          ],
          [
            -84.368781,
            33.865607,
            287.25
          ],
          [
            -84.368848,
            33.865331,
            287.5
          ],
          [
            -84.368938,
            33.86478,
            287.75
          ],
          [
            -84.368968,
            33.864497,
            288.5
          ],
          [
            -84.369525,
            33.857841,
            279.25
          ],
          [
            -84.369579,
            33.857181,
            279.25
          ],
          [
            -84.369769,
            33.854899,
            285.75
          ],
          [
            -84.369818,
            33.854329,
            282.5
          ],
          [
            -84.369886,
            33.853392,
            285
          ],
          [
            -84.369895,
            33.852884,
            288.75
          ],
          [
            -84.369883,
            33.852621,
            291
          ],
          [
            -84.36986,
            33.852358,
            291.5
          ],
          [
            -84.369791,
            33.851872,
            290.25
          ],
          [
            -84.36974,
            33.851615,
            290
          ],
          [
            -84.369674,
            33.851362,
            291.75
          ],
          [
            -84.369589,
            33.851095,
            293.25
          ],
          [
            -84.369494,
            33.850844,
            294
          ],
          [
            -84.369399,
            33.850631,
            293.5
          ],
          [
            -84.36927,
            33.850379,
            293
          ],
          [
            -84.369066,
            33.850016,
            293
          ],
          [
            -84.368955,
            33.849823,
            294.25
          ],
          [
            -84.368459,
            33.848965,
            300
          ],
          [
            -84.367912,
            33.847986,
            310.5
          ],
          [
            -84.36779,
            33.84778,
            315
          ],
          [
            -84.367447,
            33.847268,
            322.5
          ],
          [
            -84.367148,
            33.84685,
            316
          ],
          [
            -84.366986,
            33.846631,
            312.75
          ],
          [
            -84.366802,
            33.846404,
            309.25
          ],
          [
            -84.366605,
            33.846186,
            305.75
          ],
          [
            -84.3664,
            33.845975,
            302.25
          ],
          [
            -84.366169,
            33.845752,
            298.5
          ],
          [
            -84.365912,
            33.845523,
            294.5
          ],
          [
            -84.365599,
            33.845277,
            294.5
          ],
          [
            -84.365374,
            33.845118,
            293
          ],
          [
            -84.365098,
            33.844937,
            290.25
          ],
          [
            -84.36483,
            33.844773,
            289
          ],
          [
            -84.363111,
            33.843771,
            284
          ],
          [
            -84.362877,
            33.843629,
            282
          ],
          [
            -84.362455,
            33.843356,
            277.25
          ],
          [
            -84.362264,
            33.843223,
            278.25
          ],
          [
            -84.362066,
            33.843075,
            279.25
          ],
          [
            -84.361872,
            33.84292,
            279.25
          ],
          [
            -84.361537,
            33.842622,
            277.25
          ],
          [
            -84.361195,
            33.842277,
            275.5
          ],
          [
            -84.361044,
            33.842111,
            274
          ],
          [
            -84.360897,
            33.841934,
            271.75
          ],
          [
            -84.360755,
            33.841749,
            270.25
          ],
          [
            -84.360555,
            33.841457,
            270.5
          ],
          [
            -84.360382,
            33.841182,
            271.75
          ],
          [
            -84.360269,
            33.84098,
            272.75
          ],
          [
            -84.360077,
            33.840588,
            273.5
          ],
          [
            -84.359993,
            33.840383,
            273.5
          ],
          [
            -84.35985,
            33.839972,
            274.25
          ],
          [
            -84.359793,
            33.839776,
            275.25
          ],
          [
            -84.359737,
            33.839558,
            276.25
          ],
          [
            -84.359657,
            33.839134,
            276.25
          ],
          [
            -84.359628,
            33.83891,
            276.5
          ],
          [
            -84.35961,
            33.838679,
            276.5
          ],
          [
            -84.359596,
            33.83824,
            276.75
          ],
          [
            -84.359615,
            33.837817,
            277
          ],
          [
            -84.359672,
            33.837349,
            277.25
          ],
          [
            -84.359987,
            33.835682,
            278.25
          ],
          [
            -84.360096,
            33.835228,
            278.5
          ],
          [
            -84.360154,
            33.835021,
            278.5
          ],
          [
            -84.360234,
            33.834783,
            278.75
          ],
          [
            -84.360334,
            33.83454,
            278.75
          ],
          [
            -84.360457,
            33.834288,
            279
          ],
          [
            -84.360605,
            33.834036,
            279.25
          ],
          [
            -84.360766,
            33.833802,
            279.25
          ],
          [
            -84.360946,
            33.833568,
            279.5
          ],
          [
            -84.361137,
            33.833349,
            279.5
          ],
          [
            -84.361356,
            33.833125,
            279.75
          ],
          [
            -84.361608,
            33.832893,
            280
          ],
          [
            -84.362732,
            33.831938,
            280.5
          ],
          [
            -84.363271,
            33.831518,
            280.75
          ],
          [
            -84.363788,
            33.831115,
            279.75
          ],
          [
            -84.36613,
            33.829277,
            272.75
          ],
          [
            -84.36721,
            33.828422,
            270.5
          ],
          [
            -84.367543,
            33.828122,
            269
          ],
          [
            -84.367737,
            33.827918,
            270.25
          ],
          [
            -84.367995,
            33.827607,
            270.75
          ],
          [
            -84.368156,
            33.827366,
            271.75
          ],
          [
            -84.368293,
            33.827135,
            273.75
          ],
          [
            -84.368459,
            33.826801,
            273.25
          ],
          [
            -84.368573,
            33.826526,
            272.75
          ],
          [
            -84.369375,
            33.823591,
            269.5
          ],
          [
            -84.369443,
            33.823343,
            268.5
          ],
          [
            -84.369611,
            33.822727,
            266
          ],
          [
            -84.369797,
            33.822019,
            263.25
          ],
          [
            -84.369984,
            33.821323,
            263.25
          ],
          [
            -84.370002,
            33.82126,
            263
          ],
          [
            -84.370013,
            33.821218,
            262.75
          ],
          [
            -84.370095,
            33.820918,
            261.75
          ],
          [
            -84.370283,
            33.820256,
            260.5
          ],
          [
            -84.370428,
            33.81987,
            259.75
          ],
          [
            -84.370593,
            33.819514,
            259.75
          ],
          [
            -84.370856,
            33.819095,
            259
          ],
          [
            -84.371188,
            33.818609,
            259
          ],
          [
            -84.371934,
            33.817689,
            259.25
          ],
          [
            -84.372005,
            33.817594,
            259.25
          ],
          [
            -84.373213,
            33.816106,
            249
          ],
          [
            -84.374046,
            33.815107,
            252.5
          ],
          [
            -84.374687,
            33.814363,
            255.75
          ],
          [
            -84.375496,
            33.81339,
            256
          ],
          [
            -84.375757,
            33.813045,
            256.75
          ],
          [
            -84.375874,
            33.812877,
            257
          ],
          [
            -84.376173,
            33.8124,
            258.5
          ],
          [
            -84.37703,
            33.810776,
            263.25
          ],
          [
            -84.377086,
            33.810648,
            262.75
          ],
          [
            -84.377266,
            33.810326,
            262
          ],
          [
            -84.37752,
            33.809904,
            262.25
          ],
          [
            -84.377781,
            33.80954,
            263
          ],
          [
            -84.378143,
            33.809125,
            264.75
          ],
          [
            -84.378712,
            33.808596,
            266.75
          ],
          [
            -84.379607,
            33.807962,
            263.5
          ],
          [
            -84.380435,
            33.807413,
            262.5
          ],
          [
            -84.381736,
            33.806559,
            264.25
          ],
          [
            -84.382811,
            33.805829,
            263.75
          ],
          [
            -84.384868,
            33.804362,
            260.5
          ],
          [
            -84.385216,
            33.804117,
            260
          ],
          [
            -84.385587,
            33.803845,
            259.5
          ],
          [
            -84.385956,
            33.803556,
            259.5
          ],
          [
            -84.38614,
            33.803395,
            259.5
          ],
          [
            -84.386365,
            33.803182,
            260
          ],
          [
            -84.386651,
            33.802873,
            259.5
          ],
          [
            -84.386861,
            33.802619,
            258.75
          ],
          [
            -84.386948,
            33.802503,
            259.5
          ],
          [
            -84.387092,
            33.802288,
            261.25
          ],
          [
            -84.387232,
            33.802057,
            263
          ],
          [
            -84.387382,
            33.801776,
            265
          ],
          [
            -84.387493,
            33.801543,
            266.75
          ],
          [
            -84.387644,
            33.801172,
            269.25
          ],
          [
            -84.387726,
            33.800922,
            271
          ],
          [
            -84.387816,
            33.800568,
            273.5
          ],
          [
            -84.387869,
            33.800267,
            273.5
          ],
          [
            -84.387888,
            33.800105,
            273.5
          ],
          [
            -84.387901,
            33.799903,
            273.75
          ],
          [
            -84.387901,
            33.799766,
            273.75
          ],
          [
            -84.387797,
            33.791703,
            281.5
          ],
          [
            -84.387779,
            33.791459,
            281.5
          ],
          [
            -84.387718,
            33.791015,
            282
          ],
          [
            -84.387514,
            33.7898,
            283.25
          ],
          [
            -84.387385,
            33.789122,
            283.75
          ],
          [
            -84.387264,
            33.788469,
            284.5
          ],
          [
            -84.387227,
            33.788262,
            284.75
          ],
          [
            -84.38699,
            33.786944,
            286
          ],
          [
            -84.386583,
            33.784535,
            288.25
          ],
          [
            -84.386566,
            33.784403,
            288.25
          ],
          [
            -84.386561,
            33.784291,
            288.5
          ],
          [
            -84.386345,
            33.781109,
            291.25
          ],
          [
            -84.386111,
            33.777181,
            295
          ],
          [
            -84.386126,
            33.77685,
            295.25
          ],
          [
            -84.386156,
            33.77652,
            295.75
          ],
          [
            -84.386211,
            33.776191,
            296
          ],
          [
            -84.386767,
            33.773744,
            298.25
          ],
          [
            -84.387027,
            33.7726,
            299.5
          ],
          [
            -84.387335,
            33.771239,
            300.75
          ],
          [
            -84.387393,
            33.770984,
            301
          ],
          [
            -84.387414,
            33.770855,
            301
          ],
          [
            -84.38745,
            33.770523,
            301.5
          ],
          [
            -84.38746,
            33.770221,
            301.75
          ],
          [
            -84.387498,
            33.767333,
            304.25
          ],
          [
            -84.3875,
            33.767207,
            304.5
          ],
          [
            -84.387502,
            33.767065,
            304
          ],
          [
            -84.387514,
            33.766513,
            303
          ],
          [
            -84.387526,
            33.765894,
            303.25
          ],
          [
            -84.387556,
            33.763417,
            304.25
          ],
          [
            -84.387562,
            33.762307,
            305
          ],
          [
            -84.387635,
            33.760158,
            306
          ],
          [
            -84.38764,
            33.759515,
            306.25
          ],
          [
            -84.387655,
            33.758625,
            306.75
          ],
          [
            -84.387636,
            33.758033,
            307
          ],
          [
            -84.387642,
            33.757859,
            307
          ],
          [
            -84.387649,
            33.757818,
            307
          ],
          [
            -84.387678,
            33.757724,
            307
          ],
          [
            -84.387709,
            33.757662,
            307.25
          ],
          [
            -84.387791,
            33.757541,
            307.25
          ],
          [
            -84.38824,
            33.756782,
            307.5
          ],
          [
            -84.388361,
            33.756595,
            307.75
          ],
          [
            -84.388464,
            33.756466,
            307.75
          ],
          [
            -84.388554,
            33.756374,
            307.75
          ],
          [
            -84.388652,
            33.756286,
            308
          ],
          [
            -84.39049,
            33.754996,
            308.75
          ],
          [
            -84.39082,
            33.75475,
            309
          ],
          [
            -84.391024,
            33.754571,
            309.25
          ],
          [
            -84.391209,
            33.754392,
            309.25
          ],
          [
            -84.391467,
            33.754102,
            309.5
          ],
          [
            -84.391663,
            33.753864,
            309.5
          ],
          [
            -84.39338,
            33.75172,
            310.75
          ],
          [
            -84.394562,
            33.75025,
            311.75
          ],
          [
            -84.39508,
            33.749615,
            312
          ],
          [
            -84.395547,
            33.749038,
            312.5
          ],
          [
            -84.396205,
            33.748211,
            313
          ],
          [
            -84.396371,
            33.748001,
            313.25
          ],
          [
            -84.39693,
            33.747288,
            314
          ],
          [
            -84.397174,
            33.746976,
            314.25
          ],
          [
            -84.397761,
            33.746196,
            315
          ],
          [
            -84.398715,
            33.744948,
            316
          ],
          [
            -84.39905,
            33.74457,
            316.25
          ],
          [
            -84.399279,
            33.744337,
            316.5
          ],
          [
            -84.399523,
            33.744122,
            316.75
          ],
          [
            -84.399704,
            33.743972,
            317
          ],
          [
            -84.40006,
            33.743716,
            317.25
          ],
          [
            -84.400309,
            33.743554,
            317.5
          ],
          [
            -84.400615,
            33.743379,
            317.5
          ],
          [
            -84.400921,
            33.74322,
            317.75
          ],
          [
            -84.401184,
            33.743094,
            318
          ],
          [
            -84.401674,
            33.742874,
            318.5
          ],
          [
            -84.401977,
            33.742741,
            318.5
          ],
          [
            -84.402481,
            33.742531,
            318.75
          ],
          [
            -84.40335,
            33.742191,
            319.5
          ],
          [
            -84.404648,
            33.741725,
            320.5
          ],
          [
            -84.405314,
            33.741494,
            321
          ],
          [
            -84.405769,
            33.741344,
            321.25
          ],
          [
            -84.406107,
            33.741253,
            321.5
          ],
          [
            -84.40639,
            33.741179,
            321.75
          ],
          [
            -84.406977,
            33.741037,
            321.5
          ],
          [
            -84.407466,
            33.740942,
            321.5
          ],
          [
            -84.408003,
            33.740862,
            321.5
          ],
          [
            -84.408477,
            33.740809,
            321.5
          ],
          [
            -84.409992,
            33.740668,
            321.25
          ],
          [
            -84.410468,
            33.740603,
            321.25
          ],
          [
            -84.410648,
            33.74057,
            321.25
          ],
          [
            -84.410858,
            33.740522,
            321.25
          ],
          [
            -84.411123,
            33.740449,
            321.25
          ],
          [
            -84.411395,
            33.740351,
            321.25
          ],
          [
            -84.411664,
            33.740236,
            321.25
          ],
          [
            -84.411861,
            33.740136,
            321.25
          ],
          [
            -84.412121,
            33.739986,
            321.25
          ],
          [
            -84.412213,
            33.739925,
            321
          ],
          [
            -84.412416,
            33.739778,
            321
          ],
          [
            -84.412642,
            33.739586,
            321
          ],
          [
            -84.41281,
            33.73942,
            321
          ],
          [
            -84.41296,
            33.739252,
            321
          ],
          [
            -84.413095,
            33.739078,
            321
          ],
          [
            -84.413227,
            33.738881,
            321
          ],
          [
            -84.413357,
            33.738656,
            321
          ],
          [
            -84.413441,
            33.738477,
            321
          ],
          [
            -84.413525,
            33.738262,
            321
          ],
          [
            -84.41357,
            33.73812,
            321
          ],
          [
            -84.413633,
            33.73784,
            321
          ],
          [
            -84.413668,
            33.73755,
            320.75
          ],
          [
            -84.41368,
            33.737206,
            320.75
          ],
          [
            -84.413692,
            33.736026,
            320.75
          ],
          [
            -84.413707,
            33.734919,
            320.5
          ],
          [
            -84.413714,
            33.734347,
            320.5
          ],
          [
            -84.413727,
            33.733689,
            320.5
          ],
          [
            -84.413765,
            33.733187,
            320.5
          ],
          [
            -84.413783,
            33.733015,
            320.5
          ],
          [
            -84.413845,
            33.732638,
            320.25
          ],
          [
            -84.41393,
            33.732256,
            320.25
          ],
          [
            -84.414011,
            33.731983,
            320.25
          ],
          [
            -84.414109,
            33.731717,
            320.25
          ],
          [
            -84.414204,
            33.731496,
            320.25
          ],
          [
            -84.414318,
            33.731257,
            320.25
          ],
          [
            -84.414557,
            33.730848,
            320.25
          ],
          [
            -84.414804,
            33.730484,
            320.25
          ],
          [
            -84.415952,
            33.728983,
            320
          ],
          [
            -84.416573,
            33.728198,
            319.75
          ],
          [
            -84.416938,
            33.72775,
            319.75
          ],
          [
            -84.417114,
            33.727548,
            319.75
          ],
          [
            -84.417299,
            33.727353,
            319.75
          ],
          [
            -84.417461,
            33.72719,
            319.75
          ],
          [
            -84.417795,
            33.726878,
            319.75
          ],
          [
            -84.422062,
            33.723125,
            319.25
          ],
          [
            -84.422404,
            33.7228,
            319.25
          ],
          [
            -84.422636,
            33.722556,
            319
          ],
          [
            -84.422832,
            33.722335,
            319
          ],
          [
            -84.42302,
            33.722107,
            319
          ],
          [
            -84.423194,
            33.721874,
            319
          ],
          [
            -84.423418,
            33.721552,
            319
          ],
          [
            -84.423571,
            33.721306,
            319
          ],
          [
            -84.423711,
            33.721053,
            319
          ],
          [
            -84.423893,
            33.720681,
            319
          ],
          [
            -84.423956,
            33.720539,
            318.75
          ],
          [
            -84.424339,
            33.719576,
            319
          ],
          [
            -84.424487,
            33.719173,
            319.25
          ],
          [
            -84.424734,
            33.718456,
            317.75
          ],
          [
            -84.424878,
            33.718012,
            318
          ],
          [
            -84.425262,
            33.716855,
            318.25
          ],
          [
            -84.425602,
            33.715818,
            318.5
          ],
          [
            -84.425826,
            33.715057,
            318.75
          ],
          [
            -84.426114,
            33.714025,
            320.5
          ],
          [
            -84.426372,
            33.713293,
            320.25
          ],
          [
            -84.426582,
            33.712634,
            319.25
          ],
          [
            -84.427013,
            33.711328,
            318.25
          ],
          [
            -84.427156,
            33.710854,
            317.5
          ],
          [
            -84.427248,
            33.710495,
            317.5
          ],
          [
            -84.42763,
            33.707957,
            320
          ],
          [
            -84.427841,
            33.706411,
            319.25
          ],
          [
            -84.428123,
            33.704894,
            318.25
          ],
          [
            -84.428543,
            33.702869,
            315.25
          ],
          [
            -84.428691,
            33.701991,
            314
          ],
          [
            -84.428734,
            33.701686,
            312.5
          ],
          [
            -84.428792,
            33.701288,
            312.25
          ],
          [
            -84.428899,
            33.700636,
            312.75
          ],
          [
            -84.42897,
            33.700173,
            315
          ],
          [
            -84.42904,
            33.69967,
            316.25
          ],
          [
            -84.42909,
            33.699355,
            316.5
          ],
          [
            -84.429122,
            33.699089,
            316.75
          ],
          [
            -84.429244,
            33.698285,
            315.25
          ],
          [
            -84.429322,
            33.697755,
            315.25
          ],
          [
            -84.429485,
            33.696654,
            315.75
          ],
          [
            -84.429608,
            33.696054,
            315
          ],
          [
            -84.429747,
            33.695632,
            314.75
          ],
          [
            -84.429977,
            33.695119,
            315.5
          ],
          [
            -84.430071,
            33.694946,
            315.5
          ],
          [
            -84.430181,
            33.694768,
            315.25
          ],
          [
            -84.430316,
            33.694577,
            315
          ],
          [
            -84.430675,
            33.694116,
            315
          ],
          [
            -84.430895,
            33.693906,
            315.25
          ],
          [
            -84.431278,
            33.693567,
            316
          ],
          [
            -84.431461,
            33.693429,
            316
          ],
          [
            -84.431701,
            33.693261,
            316
          ],
          [
            -84.431957,
            33.693098,
            316.25
          ],
          [
            -84.432229,
            33.692946,
            316.25
          ],
          [
            -84.432485,
            33.692813,
            316
          ],
          [
            -84.433615,
            33.692264,
            316
          ],
          [
            -84.434106,
            33.692028,
            316.25
          ],
          [
            -84.434561,
            33.691778,
            317
          ],
          [
            -84.434995,
            33.691507,
            317.75
          ],
          [
            -84.435253,
            33.691318,
            318
          ],
          [
            -84.435601,
            33.691036,
            318.5
          ],
          [
            -84.435995,
            33.690648,
            319
          ],
          [
            -84.436152,
            33.690475,
            319
          ],
          [
            -84.436513,
            33.69003,
            319
          ],
          [
            -84.43677,
            33.689702,
            318.75
          ],
          [
            -84.437514,
            33.688727,
            320.5
          ],
          [
            -84.43842,
            33.687557,
            318
          ],
          [
            -84.438922,
            33.686879,
            318.25
          ],
          [
            -84.439331,
            33.686347,
            318.5
          ],
          [
            -84.439591,
            33.685994,
            318.5
          ],
          [
            -84.439913,
            33.685511,
            318.75
          ],
          [
            -84.440091,
            33.685174,
            318.75
          ],
          [
            -84.440193,
            33.684937,
            319
          ],
          [
            -84.440297,
            33.684648,
            319
          ],
          [
            -84.440427,
            33.684111,
            319.25
          ],
          [
            -84.440464,
            33.68392,
            319.25
          ],
          [
            -84.440482,
            33.683709,
            319.5
          ],
          [
            -84.440492,
            33.683431,
            319.5
          ],
          [
            -84.440462,
            33.682907,
            319.25
          ],
          [
            -84.440403,
            33.682531,
            318.75
          ],
          [
            -84.440057,
            33.680872,
            319.75
          ],
          [
            -84.440012,
            33.680602,
            320.25
          ],
          [
            -84.439983,
            33.680241,
            320.5
          ],
          [
            -84.439994,
            33.679759,
            321.25
          ],
          [
            -84.440033,
            33.679384,
            321.75
          ],
          [
            -84.440097,
            33.679068,
            322.25
          ],
          [
            -84.440158,
            33.678821,
            323
          ],
          [
            -84.440301,
            33.67837,
            323
          ],
          [
            -84.440749,
            33.67705,
            323
          ],
          [
            -84.440892,
            33.676644,
            323.25
          ],
          [
            -84.441069,
            33.676104,
            323.25
          ],
          [
            -84.4412,
            33.675724,
            322.25
          ],
          [
            -84.441272,
            33.675513,
            322.25
          ],
          [
            -84.441389,
            33.675193,
            321.75
          ],
          [
            -84.442016,
            33.673279,
            321.25
          ],
          [
            -84.442196,
            33.672672,
            319.25
          ],
          [
            -84.442377,
            33.672118,
            318
          ],
          [
            -84.442546,
            33.671619,
            316.75
          ],
          [
            -84.442912,
            33.670705,
            316.5
          ],
          [
            -84.443034,
            33.670423,
            317.25
          ],
          [
            -84.443215,
            33.670023,
            318.5
          ],
          [
            -84.443962,
            33.668393,
            319
          ],
          [
            -84.44436,
            33.667499,
            322
          ],
          [
            -84.445133,
            33.665474,
            324
          ],
          [
            -84.446024,
            33.663097,
            324
          ],
          [
            -84.446295,
            33.662402,
            322.75
          ],
          [
            -84.446766,
            33.661116,
            323.25
          ],
          [
            -84.447477,
            33.659245,
            321.75
          ],
          [
            -84.448106,
            33.657557,
            320.75
          ],
          [
            -84.448354,
            33.656917,
            320
          ],
          [
            -84.448787,
            33.655763,
            318.5
          ],
          [
            -84.448936,
            33.655331,
            319
          ],
          [
            -84.449059,
            33.654845,
            319.5
          ],
          [
            -84.44911,
            33.654412,
            320
          ],
          [
            -84.449114,
            33.653987,
            320.5
          ],
          [
            -84.44904,
            33.653333,
            321.5
          ],
          [
            -84.448984,
            33.652836,
            321.5
          ],
          [
            -84.448926,
            33.652299,
            322
          ],
          [
            -84.448857,
            33.651661,
            322.5
          ],
          [
            -84.448818,
            33.651302,
            321.5
          ],
          [
            -84.448782,
            33.650869,
            321
          ],
          [
            -84.448643,
            33.649627,
            318.75
          ],
          [
            -84.448589,
            33.649279,
            317
          ],
          [
            -84.448538,
            33.649047,
            316.25
          ],
          [
            -84.448469,
            33.648801,
            315.5
          ],
          [
            -84.448325,
            33.648394,
            315
          ],
          [
            -84.448177,
            33.648077
          ],
          [
            -84.448022,
            33.6478
          ],
          [
            -84.447914,
            33.64763
          ],
          [
            -84.447701,
            33.647323
          ],
          [
            -84.447321,
            33.646799
          ],
          [
            -84.446966,
            33.646319
          ],
          [
            -84.446812,
            33.64609
          ],
          [
            -84.446689,
            33.645887
          ],
          [
            -84.446597,
            33.645715
          ],
          [
            -84.44653,
            33.645565
          ],
          [
            -84.446446,
            33.645337
          ],
          [
            -84.446403,
            33.645197
          ],
          [
            -84.446356,
            33.645005
          ],
          [
            -84.446329,
            33.644846
          ],
          [
            -84.446298,
            33.644556
          ],
          [
            -84.446287,
            33.644216
          ],
          [
            -84.446285,
            33.643223
          ],
          [
            -84.446286,
            33.642993
          ],
          [
            -84.446286,
            33.642974
          ],
          [
            -84.446285,
            33.641923
          ],
          [
            -84.446288,
            33.640717
          ],
          [
            -84.446282,
            33.640131
          ],
          [
            -84.446281,
            33.640017
          ]
        ]
      }
    }
  ]
}