{
  "type": "FeatureCollection",
  "features": [
    {
      "type": "Feature",
      "properties": {
        "creator": "BRouter-1.7.9",
        "name": "[MDT] Green Line",
        "track-length": "72896",
        "filtered ascend": "5",
        "plain-ascend": "2",
        "total-time": "5830",
        "total-energy": "3207035",
        "cost": "145792",
        "messages": [
          [
            "Longitude",
            "Latitude",
            "Elevation",
            "Distance",
            "CostPerKm",
            "ElevCost",
            "TurnCost",
            "NodeCost",
            "InitialCost",
            "WayTags",
            "NodeTags",
            "Time",
            "Energy"
          ],
          [
            "-80314046",
            "25684805",
            "-8192",
            "47",
            "2000",
            "0",
            "0",
            "0",
            "0",
            "reversedirection=yes railway=subway",
            "railway=halt",
            "3",
            "2067"
          ],
          [
            "-80312568",
            "25686009",
            "-8192",
            "200",
            "2000",
            "0",
            "0",
            "0",
            "0",
            "reversedirection=yes railway=subway",
            "railway=switch",
            "19",
            "10864"
          ],
          [
            "-80312049",
            "25686363",
            "-8192",
            "65",
            "2000",
            "0",
            "0",
            "0",
            "0",
            "railway=subway",
            "railway=unknown",
            "24",
            "13723"
          ],
          [
            "-80311549",
            "25686704",
            "-8192",
            "63",
            "2000",
            "0",
            "0",
            "0",
            "0",
            "railway=subway",
            "railway=switch",
            "30",
            "16494"
          ],
          [
            "-80306890",
            "25690494",
            "-8192",
            "628",
            "2000",
            "0",
            "0",
            "0",
            "0",
            "railway=subway",
            "",
            "80",
            "44117"
          ],
          [
            "-80304541",
            "25692351",
            "-8192",
            "314",
            "2000",
            "0",
            "0",
            "0",
            "0",
            "railway=subway",
            "railway=halt",
            "25",
            "13811"
          ],
          [
            "-80288554",
            "25705412",
            "-8192",
            "2162",
            "2000",
            "0",
            "0",
            "0",
            "0",
            "railway=subway",
            "railway=halt",
            "198",
            "108907"
          ],
          [
            "-80276525",
            "25715116",
            "-8192",
            "1616",
            "2000",
            "0",
            "0",
            "0",
            "0",
            "railway=subway",
            "railway=halt",
            "327",
            "179987"
          ],
          [
            "-80259325",
            "25729087",
            "-8192",
            "2318",
            "2000",
            "0",
            "0",
            "0",
            "0",
            "railway=subway",
            "railway=switch",
            "512",
            "281945"
          ],
          [
            "-80256770",
            "25731159",
            "-8192",
            "344",
            "2000",
            "0",
            "0",
            "0",
            "0",
            "railway=subway",
            "railway=switch",
            "540",
            "297076"
          ],
          [
            "-80254439",
            "25733054",
            "-8192",
            "314",
            "2000",
            "0",
            "0",
            "0",
            "0",
            "railway=subway",
            "railway=halt",
            "565",
            "310887"
          ],
          [
            "-80238435",
            "25739921",
            "-8192",
            "1790",
            "2000",
            "0",
            "0",
            "0",
            "0",
            "railway=subway",
            "railway=halt",
            "708",
            "389621"
          ],
          [
            "-80211340",
            "25749809",
            "-8192",
            "2931",
            "2000",
            "0",
            "0",
            "0",
            "0",
            "railway=subway",
            "railway=halt",
            "943",
            "518542"
          ],
          [
            "-80202018",
            "25755602",
            "12",
            "1138",
            "2000",
            "0",
            "0",
            "0",
            "0",
            "railway=subway",
            "railway=switch",
            "1034",
            "567352"
          ],
          [
            "-80200943",
            "25756340",
            "10",
            "135",
            "2000",
            "0",
            "0",
            "0",
            "0",
            "railway=subway",
            "",
            "1044",
            "572741"
          ],
          [
            "-80199282",
            "25757480",
            "10",
            "209",
            "2000",
            "0",
            "0",
            "0",
            "0",
            "railway=subway",
            "railway=switch",
            "16",
            "8419"
          ],
          [
            "-80195417",
            "25764242",
            "13",
            "905",
            "2000",
            "0",
            "0",
            "0",
            "0",
            "railway=subway",
            "railway=halt",
            "89",
            "49439"
          ],
          [
            "-80196050",
            "25776662",
            "11",
            "1377",
            "2000",
            "0",
            "0",
            "0",
            "0",
            "railway=subway",
            "railway=halt",
            "199",
            "112628"
          ],
          [
            "-80196248",
            "25781385",
            "11",
            "523",
            "2000",
            "0",
            "0",
            "0",
            "0",
            "railway=subway",
            "railway=halt",
            "241",
            "135661"
          ],
          [
            "-80200172",
            "25784776",
            "11",
            "638",
            "2000",
            "0",
            "0",
            "0",
            "0",
            "railway=subway",
            "railway=switch",
            "292",
            "162778"
          ],
          [
            "-80200480",
            "25784745",
            "12",
            "31",
            "2000",
            "0",
            "0",
            "0",
            "0",
            "reversedirection=yes railway=subway",
            "railway=unknown",
            "294",
            "163805"
          ],
          [
            "-80200790",
            "25784754",
            "12",
            "31",
            "2000",
            "0",
            "0",
            "0",
            "0",
            "reversedirection=yes railway=subway",
            "railway=switch",
            "297",
            "165040"
          ],
          [
            "-80208114",
            "25784526",
            "-8192",
            "738",
            "2000",
            "0",
            "0",
            "0",
            "0",
            "railway=subway",
            "railway=halt",
            "356",
            "197146"
          ],
          [
            "-80215022",
            "25790113",
            "-8192",
            "1099",
            "2000",
            "0",
            "0",
            "0",
            "0",
            "railway=subway",
            "railway=halt",
            "444",
            "245486"
          ],
          [
            "-80215199",
            "25796201",
            "-8192",
            "674",
            "2000",
            "0",
            "0",
            "0",
            "0",
            "railway=subway",
            "railway=halt",
            "498",
            "275132"
          ],
          [
            "-80215433",
            "25809171",
            "-8192",
            "1437",
            "2000",
            "0",
            "0",
            "0",
            "0",
            "railway=subway",
            "railway=halt",
            "612",
            "338339"
          ],
          [
            "-80229270",
            "25812525",
            "-8192",
            "1648",
            "2000",
            "0",
            "0",
            "0",
            "0",
            "railway=subway",
            "",
            "744",
            "410827"
          ],
          [
            "-80230585",
            "25812497",
            "-8192",
            "132",
            "2000",
            "0",
            "0",
            "0",
            "0",
            "railway=subway",
            "railway=halt",
            "10",
            "5806"
          ],
          [
            "-80231253",
            "25812481",
            "-8192",
            "67",
            "2000",
            "0",
            "0",
            "0",
            "0",
            "railway=subway",
            "railway=switch",
            "15",
            "8753"
          ],
          [
            "-80231940",
            "25812417",
            "-8192",
            "69",
            "2000",
            "0",
            "0",
            "0",
            "0",
            "railway=subway",
            "railway=switch",
            "21",
            "11788"
          ],
          [
            "-80234679",
            "25812399",
            "-8192",
            "274",
            "2000",
            "0",
            "0",
            "0",
            "0",
            "railway=subway",
            "railway=switch",
            "43",
            "23840"
          ],
          [
            "-80235388",
            "25812448",
            "-8192",
            "71",
            "2000",
            "0",
            "0",
            "0",
            "0",
            "railway=subway",
            "railway=switch",
            "49",
            "26962"
          ],
          [
            "-80240710",
            "25822404",
            "-8192",
            "1463",
            "2000",
            "0",
            "0",
            "0",
            "0",
            "railway=subway",
            "railway=halt",
            "166",
            "91313"
          ],
          [
            "-80241042",
            "25829594",
            "-8192",
            "797",
            "2000",
            "0",
            "0",
            "0",
            "0",
            "railway=subway",
            "railway=switch",
            "229",
            "126369"
          ],
          [
            "-80241055",
            "25829849",
            "-8192",
            "28",
            "2000",
            "0",
            "0",
            "0",
            "0",
            "railway=subway",
            "",
            "232",
            "127601"
          ],
          [
            "-80241073",
            "25830208",
            "-8192",
            "40",
            "2000",
            "0",
            "0",
            "0",
            "0",
            "railway=subway",
            "railway=switch",
            "3",
            "1759"
          ],
          [
            "-80241195",
            "25832764",
            "-8192",
            "283",
            "2000",
            "0",
            "0",
            "0",
            "0",
            "railway=subway",
            "railway=halt",
            "25",
            "14207"
          ],
          [
            "-80247050",
            "25845890",
            "-8192",
            "1843",
            "2000",
            "0",
            "0",
            "0",
            "0",
            "railway=subway",
            "railway=switch",
            "173",
            "95272"
          ],
          [
            "-80247321",
            "25845881",
            "-8192",
            "27",
            "2000",
            "0",
            "0",
            "0",
            "0",
            "railway=subway",
            "",
            "175",
            "96459"
          ],
          [
            "-80247659",
            "25845870",
            "-8192",
            "34",
            "2000",
            "0",
            "0",
            "0",
            "0",
            "railway=subway",
            "railway=switch",
            "2",
            "1495"
          ],
          [
            "-80249232",
            "25845822",
            "-8192",
            "158",
            "2000",
            "0",
            "0",
            "0",
            "0",
            "railway=subway",
            "railway=halt",
            "15",
            "8445"
          ],
          [
            "-80260017",
            "25845474",
            "-8192",
            "1082",
            "2000",
            "0",
            "0",
            "0",
            "0",
            "railway=subway",
            "railway=halt",
            "101",
            "56037"
          ],
          [
            "-80279491",
            "25841201",
            "-8192",
            "2096",
            "2000",
            "0",
            "0",
            "0",
            "0",
            "railway=subway",
            "railway=halt",
            "269",
            "148230"
          ],
          [
            "-80299098",
            "25839879",
            "-8192",
            "1981",
            "2000",
            "0",
            "0",
            "0",
            "0",
            "railway=subway",
            "railway=switch",
            "428",
            "235365"
          ],
          [
            "-80300367",
            "25839877",
            "-8192",
            "127",
            "2000",
            "0",
            "0",
            "0",
            "0",
            "railway=subway",
            "railway=switch",
            "438",
            "240951"
          ],
          [
            "-80301891",
            "25839875",
            "-8192",
            "153",
            "2000",
            "0",
            "0",
            "0",
            "0",
            "railway=subway",
            "railway=halt",
            "450",
            "247680"
          ],
          [
            "-80304884",
            "25839703",
            "-8192",
            "301",
            "2000",
            "0",
            "0",
            "0",
            "0",
            "railway=subway",
            "railway=switch",
            "474",
            "260920"
          ],
          [
            "-80305491",
            "25839636",
            "-8192",
            "61",
            "2000",
            "0",
            "0",
            "0",
            "0",
            "railway=subway",
            "railway=switch",
            "479",
            "263603"
          ],
          [
            "-80306989",
            "25839544",
            "-8192",
            "150",
            "2000",
            "0",
            "0",
            "0",
            "0",
            "railway=subway",
            "railway=switch",
            "491",
            "270201"
          ],
          [
            "-80308467",
            "25839918",
            "-8192",
            "155",
            "2000",
            "0",
            "0",
            "0",
            "0",
            "railway=subway",
            "",
            "503",
            "277019"
          ],
          [
            "-80319708",
            "25842933",
            "6",
            "1206",
            "2000",
            "0",
            "0",
            "0",
            "0",
            "railway=subway",
            "railway=switch",
            "96",
            "52081"
          ],
          [
            "-80320023",
            "25843004",
            "6",
            "33",
            "2000",
            "0",
            "0",
            "0",
            "0",
            "railway=subway",
            "railway=unknown",
            "99",
            "53307"
          ],
          [
            "-80320332",
            "25843072",
            "6",
            "32",
            "2000",
            "0",
            "0",
            "0",
            "0",
            "railway=subway",
            "railway=switch",
            "101",
            "54738"
          ],
          [
            "-80324234",
            "25843322",
            "6",
            "396",
            "2000",
            "0",
            "0",
            "0",
            "0",
            "reversedirection=yes railway=subway",
            "railway=halt",
            "133",
            "72335"
          ],
          [
            "-80324479",
            "25843320",
            "6",
            "24",
            "2000",
            "0",
            "0",
            "0",
            "0",
            "reversedirection=yes railway=subway",
            "",
            "135",
            "73333"
          ],
          [
            "-80324234",
            "25843322",
            "6",
            "24",
            "2000",
            "0",
            "0",
            "0",
            "0",
            "railway=subway",
            "railway=halt",
            "1",
            "1102"
          ],
          [
            "-80320332",
            "25843072",
            "6",
            "396",
            "2000",
            "0",
            "0",
            "0",
            "0",
            "railway=subway",
            "railway=switch",
            "33",
            "19284"
          ],
          [
            "-80320023",
            "25843004",
            "6",
            "32",
            "2000",
            "0",
            "0",
            "0",
            "0",
            "reversedirection=yes railway=subway",
            "railway=unknown",
            "36",
            "20349"
          ],
          [
            "-80319724",
            "25842893",
            "6",
            "32",
            "2000",
            "0",
            "0",
            "0",
            "0",
            "railway=subway",
            "railway=switch",
            "38",
            "21568"
          ],
          [
            "-80307756",
            "25839603",
            "-8192",
            "1285",
            "2000",
            "0",
            "0",
            "0",
            "0",
            "railway=subway",
            "railway=unknown",
            "141",
            "79134"
          ],
          [
            "-80307300",
            "25839518",
            "-8192",
            "47",
            "2000",
            "0",
            "0",
            "0",
            "0",
            "railway=subway",
            "railway=switch",
            "145",
            "81201"
          ],
          [
            "-80305485",
            "25839597",
            "-8192",
            "182",
            "2000",
            "0",
            "0",
            "0",
            "0",
            "railway=subway",
            "railway=switch",
            "159",
            "89206"
          ],
          [
            "-80305194",
            "25839629",
            "-8192",
            "29",
            "2000",
            "0",
            "0",
            "0",
            "0",
            "railway=subway",
            "",
            "162",
            "90482"
          ],
          [
            "-80304880",
            "25839664",
            "-8192",
            "32",
            "2000",
            "0",
            "0",
            "0",
            "0",
            "railway=subway",
            "railway=switch",
            "2",
            "1407"
          ],
          [
            "-80301081",
            "25839779",
            "-8192",
            "382",
            "2000",
            "0",
            "0",
            "0",
            "0",
            "railway=subway",
            "railway=halt",
            "33",
            "18209"
          ],
          [
            "-80300365",
            "25839778",
            "-8192",
            "72",
            "2000",
            "0",
            "0",
            "0",
            "0",
            "railway=subway",
            "railway=switch",
            "38",
            "21376"
          ],
          [
            "-80299815",
            "25839778",
            "-8192",
            "55",
            "2000",
            "0",
            "0",
            "0",
            "0",
            "railway=subway",
            "",
            "43",
            "23796"
          ],
          [
            "-80299097",
            "25839780",
            "-8192",
            "72",
            "2000",
            "0",
            "0",
            "0",
            "0",
            "railway=subway",
            "railway=switch",
            "5",
            "3166"
          ],
          [
            "-80278499",
            "25841134",
            "-8192",
            "2081",
            "2000",
            "0",
            "0",
            "0",
            "0",
            "railway=subway",
            "railway=halt",
            "172",
            "94700"
          ],
          [
            "-80259173",
            "25845464",
            "-8192",
            "2086",
            "2000",
            "0",
            "0",
            "0",
            "0",
            "railway=subway",
            "railway=halt",
            "339",
            "186453"
          ],
          [
            "-80248426",
            "25845810",
            "-8192",
            "1078",
            "2000",
            "0",
            "0",
            "0",
            "0",
            "railway=subway",
            "railway=halt",
            "425",
            "233869"
          ],
          [
            "-80247658",
            "25845832",
            "-8192",
            "77",
            "2000",
            "0",
            "0",
            "0",
            "0",
            "railway=subway",
            "railway=switch",
            "431",
            "237256"
          ],
          [
            "-80247325",
            "25845842",
            "-8192",
            "33",
            "2000",
            "0",
            "0",
            "0",
            "0",
            "railway=subway",
            "",
            "434",
            "238707"
          ],
          [
            "-80247048",
            "25845852",
            "-8192",
            "28",
            "2000",
            "0",
            "0",
            "0",
            "0",
            "railway=subway",
            "railway=switch",
            "2",
            "1231"
          ],
          [
            "-80241203",
            "25831990",
            "-8192",
            "1915",
            "2000",
            "0",
            "0",
            "0",
            "0",
            "railway=subway",
            "railway=halt",
            "155",
            "85463"
          ],
          [
            "-80241118",
            "25830206",
            "-8192",
            "198",
            "2000",
            "0",
            "0",
            "0",
            "0",
            "railway=subway",
            "railway=switch",
            "171",
            "94172"
          ],
          [
            "-80241101",
            "25829858",
            "-8192",
            "39",
            "2000",
            "0",
            "0",
            "0",
            "0",
            "railway=subway",
            "",
            "174",
            "95887"
          ],
          [
            "-80241087",
            "25829593",
            "-8192",
            "29",
            "2000",
            "0",
            "0",
            "0",
            "0",
            "railway=subway",
            "railway=switch",
            "2",
            "1275"
          ],
          [
            "-80240725",
            "25821655",
            "-8192",
            "880",
            "2000",
            "0",
            "0",
            "0",
            "0",
            "railway=subway",
            "railway=halt",
            "72",
            "39982"
          ],
          [
            "-80236158",
            "25812351",
            "-8192",
            "1313",
            "2000",
            "0",
            "0",
            "0",
            "0",
            "railway=subway",
            "railway=switch",
            "177",
            "97735"
          ],
          [
            "-80235384",
            "25812351",
            "-8192",
            "78",
            "2000",
            "0",
            "0",
            "0",
            "0",
            "railway=subway",
            "railway=switch",
            "183",
            "101166"
          ],
          [
            "-80231250",
            "25812383",
            "-8192",
            "414",
            "2000",
            "0",
            "0",
            "0",
            "0",
            "railway=subway",
            "railway=switch",
            "217",
            "119375"
          ],
          [
            "-80229406",
            "25812425",
            "-8192",
            "185",
            "2000",
            "0",
            "0",
            "0",
            "0",
            "railway=subway",
            "railway=halt",
            "231",
            "127513"
          ],
          [
            "-80215507",
            "25808221",
            "-8192",
            "1753",
            "2000",
            "0",
            "0",
            "0",
            "0",
            "railway=subway",
            "railway=halt",
            "372",
            "204619"
          ],
          [
            "-80215208",
            "25795392",
            "-8192",
            "1422",
            "2000",
            "0",
            "0",
            "0",
            "0",
            "railway=subway",
            "railway=halt",
            "485",
            "267166"
          ],
          [
            "-80215048",
            "25789276",
            "-8192",
            "678",
            "2000",
            "0",
            "0",
            "0",
            "0",
            "railway=subway",
            "railway=halt",
            "540",
            "296988"
          ],
          [
            "-80207158",
            "25784563",
            "-8192",
            "1114",
            "2000",
            "0",
            "0",
            "0",
            "0",
            "railway=subway",
            "railway=halt",
            "629",
            "345988"
          ],
          [
            "-80200787",
            "25784714",
            "12",
            "642",
            "2000",
            "0",
            "0",
            "0",
            "0",
            "railway=subway",
            "railway=switch",
            "680",
            "374289"
          ],
          [
            "-80200480",
            "25784745",
            "12",
            "31",
            "2000",
            "0",
            "0",
            "0",
            "0",
            "railway=subway",
            "railway=unknown",
            "683",
            "375577"
          ],
          [
            "-80200171",
            "25784734",
            "11",
            "31",
            "2000",
            "0",
            "0",
            "0",
            "0",
            "railway=subway",
            "railway=switch",
            "685",
            "376767"
          ],
          [
            "-80196319",
            "25780513",
            "11",
            "719",
            "2000",
            "0",
            "0",
            "0",
            "0",
            "railway=subway",
            "railway=halt",
            "743",
            "406814"
          ],
          [
            "-80196129",
            "25775354",
            "11",
            "572",
            "2000",
            "0",
            "0",
            "0",
            "0",
            "railway=subway",
            "railway=halt",
            "788",
            "431972"
          ],
          [
            "-80195510",
            "25763362",
            "12",
            "1330",
            "2000",
            "0",
            "0",
            "0",
            "0",
            "railway=subway",
            "railway=halt",
            "895",
            "490473"
          ],
          [
            "-80199346",
            "25757560",
            "10",
            "798",
            "2000",
            "0",
            "0",
            "0",
            "0",
            "railway=subway",
            "railway=switch",
            "959",
            "525463"
          ],
          [
            "-80202089",
            "25755682",
            "12",
            "345",
            "2000",
            "0",
            "0",
            "0",
            "0",
            "railway=subway",
            "railway=switch",
            "986",
            "542027"
          ],
          [
            "-80212272",
            "25749575",
            "-8192",
            "1233",
            "2000",
            "0",
            "0",
            "0",
            "0",
            "railway=subway",
            "railway=halt",
            "1085",
            "597630"
          ],
          [
            "-80239357",
            "25739693",
            "-8192",
            "2930",
            "2000",
            "0",
            "0",
            "0",
            "0",
            "railway=subway",
            "railway=halt",
            "1319",
            "726507"
          ],
          [
            "-80255292",
            "25732492",
            "-8192",
            "1802",
            "2000",
            "0",
            "0",
            "0",
            "0",
            "railway=subway",
            "railway=halt",
            "1463",
            "805768"
          ],
          [
            "-80256844",
            "25731235",
            "-8192",
            "209",
            "2000",
            "0",
            "0",
            "0",
            "0",
            "railway=subway",
            "railway=switch",
            "1480",
            "814961"
          ],
          [
            "-80259394",
            "25729155",
            "-8192",
            "345",
            "2000",
            "0",
            "0",
            "0",
            "0",
            "railway=subway",
            "railway=switch",
            "1508",
            "830136"
          ],
          [
            "-80277355",
            "25714575",
            "-8192",
            "2420",
            "2000",
            "0",
            "0",
            "0",
            "0",
            "railway=subway",
            "railway=halt",
            "1701",
            "936581"
          ],
          [
            "-80289434",
            "25704829",
            "-8192",
            "1624",
            "2000",
            "0",
            "0",
            "0",
            "0",
            "railway=subway",
            "railway=halt",
            "1831",
            "1008013"
          ],
          [
            "-80305494",
            "25691710",
            "-8192",
            "2171",
            "2000",
            "0",
            "0",
            "0",
            "0",
            "railway=subway",
            "railway=halt",
            "2005",
            "1103505"
          ],
          [
            "-80306821",
            "25690656",
            "-8192",
            "177",
            "2000",
            "0",
            "0",
            "0",
            "0",
            "railway=subway",
            "",
            "2019",
            "1111290"
          ],
          [
            "-80311622",
            "25686775",
            "-8192",
            "645",
            "2000",
            "0",
            "0",
            "0",
            "0",
            "railway=subway",
            "railway=switch",
            "51",
            "28370"
          ],
          [
            "-80312568",
            "25686009",
            "-8192",
            "127",
            "2000",
            "0",
            "0",
            "0",
            "0",
            "railway=subway",
            "railway=switch",
            "61",
            "33956"
          ],
          [
            "-80314046",
            "25684805",
            "-8192",
            "200",
            "2000",
            "0",
            "0",
            "0",
            "0",
            "railway=subway",
            "railway=halt",
            "77",
            "42753"
          ],
          [
            "-80314391",
            "25684526",
            "-8192",
            "46",
            "2000",
            "0",
            "0",
            "0",
            "0",
            "railway=subway",
            "",
            "81",
            "44776"
          ]
        ],
        "times": [
          0,
          3.76,
          12.16,
          19.76,
          24.96,
          30,
          38.4,
          48.08,
          56.48,
          64.72,
          69.68,
          74.24,
          80.24,
          83.2,
          87.36,
          92.88,
          105.36,
          106.72,
          115.2,
          119.36,
          127.28,
          130.64,
          278.32,
          305.44,
          312.64,
          367.68,
          378.56,
          388.56,
          393.44,
          407.6,
          464.96,
          528.16,
          573.84,
          582,
          593.04,
          620.56,
          645.68,
          660.24,
          662.48,
          665.12,
          668.32,
          670.64,
          673.04,
          675.28,
          677.6,
          679.76,
          696.32,
          762.08,
          771.12,
          788.88,
          810.88,
          982.48,
          1023.36,
          1032.4,
          1036.4,
          1039.6,
          1042.8,
          1046.24,
          1091.92,
          1114.4,
          1125.2,
          1141.92,
          1160.64,
          1163.68,
          1166.08,
          1168.32,
          1171.04,
          1173.12,
          1175.04,
          1176.72,
          1178.88,
          1180.88,
          1182.72,
          1184.72,
          1186.72,
          1188.96,
          1191.68,
          1193.6,
          1195.04,
          1196.8,
          1200.96,
          1214.32,
          1222.24,
          1225.52,
          1230.8,
          1241.36,
          1251.04,
          1276.32,
          1281.68,
          1288.32,
          1290.8,
          1293.68,
          1297.44,
          1299.12,
          1324.48,
          1332,
          1343.2,
          1352,
          1366.32,
          1370.16,
          1374.56,
          1376.56,
          1378.64,
          1380.72,
          1382.56,
          1384.88,
          1386.64,
          1388.64,
          1390.72,
          1392.48,
          1394.24,
          1395.92,
          1397.76,
          1399.36,
          1400.96,
          1402.56,
          1404.16,
          1406.96,
          1408.56,
          1410.16,
          1413.52,
          1415.04,
          1417.36,
          1419.84,
          1422.32,
          1425.36,
          1429.44,
          1431.92,
          1440.16,
          1446.08,
          1449.92,
          1463.52,
          1465.76,
          1468.32,
          1481.36,
          1492.56,
          1494,
          1495.68,
          1497.04,
          1498.16,
          1499.76,
          1501.36,
          1502.96,
          1504.4,
          1506.56,
          1508.4,
          1510.32,
          1513.04,
          1515.36,
          1533.04,
          1535.28,
          1537.36,
          1538.56,
          1541.2,
          1542.88,
          1544.4,
          1545.68,
          1547.2,
          1549.12,
          1550.88,
          1552.72,
          1555.2,
          1569.28,
          1614.08,
          1623.2,
          1651.04,
          1656.64,
          1670.24,
          1674.08,
          1677.52,
          1699.76,
          1706.88,
          1713.52,
          1716.56,
          1738.16,
          1744.96,
          1747.04,
          1749.2,
          1751.36,
          1753.52,
          1756.32,
          1758.32,
          1760.4,
          1762.4,
          1764.24,
          1765.84,
          1767.76,
          1769.6,
          1771.2,
          1773.04,
          1774.8,
          1776.48,
          1778.4,
          1780,
          1781.92,
          1783.92,
          1786.72,
          1833.68,
          1848.64,
          1859.2,
          1863.04,
          1869.04,
          1870,
          1880.56,
          1885.92,
          1891.44,
          1900.72,
          1913.36,
          1919.04,
          1926.72,
          1932.16,
          1934.48,
          1936.88,
          1939.28,
          1941.28,
          1943.04,
          1945.04,
          1946.72,
          1948.64,
          1950.72,
          1952.32,
          1953.92,
          1955.6,
          1957.52,
          1959.52,
          1961.36,
          1963.36,
          1965.28,
          1967.28,
          1969.2,
          1970.72,
          1973.76,
          2036.08,
          2099.84,
          2102.08,
          2105.28,
          2114.48,
          2127.92,
          2173.92,
          2179.36,
          2206.72,
          2210.96,
          2213.28,
          2218.24,
          2220.24,
          2222.32,
          2224.32,
          2226.08,
          2228,
          2229.68,
          2231.68,
          2233.36,
          2235.36,
          2237.28,
          2239.36,
          2241.28,
          2243.36,
          2245.2,
          2246.96,
          2248.8,
          2250.72,
          2252.4,
          2254.08,
          2256.16,
          2258.16,
          2260.16,
          2262.24,
          2275.36,
          2277.52,
          2280.24,
          2292.88,
          2304.72,
          2379.44,
          2423.04,
          2426,
          2429.2,
          2432.08,
          2435.12,
          2446.48,
          2448.24,
          2449.84,
          2451.6,
          2453.36,
          2455.04,
          2457.84,
          2459.12,
          2461.76,
          2463.36,
          2469.92,
          2483.04,
          2484.96,
          2487.2,
          2488.8,
          2490.56,
          2492,
          2493.2,
          2494.96,
          2496.8,
          2498.64,
          2500.48,
          2502.32,
          2504.4,
          2547.12,
          2557.04,
          2560.8,
          2564,
          2574.4,
          2577.92,
          2580.24,
          2582.72,
          2615.84,
          2620.56,
          2622.8,
          2625.52,
          2627.84,
          2630.24,
          2636.8,
          2638.48,
          2640.08,
          2641.52,
          2643.12,
          2645.28,
          2647.84,
          2705.6,
          2715.76,
          2728,
          2737.12,
          2739.2,
          2743.04,
          2752.08,
          2756.96,
          2762.8,
          2764.72,
          2766.64,
          2768.96,
          2771.04,
          2773.92,
          2775.04,
          2776.8,
          2779.92,
          2781.36,
          2791.68,
          2794.64,
          2796.96,
          2800.24,
          2819.28,
          2822.64,
          2825.28,
          2826.72,
          2828,
          2829.28,
          2830.72,
          2832.24,
          2835.04,
          2837.76,
          2859.2,
          2862,
          2864.16,
          2866.08,
          2868.08,
          2870.16,
          2872.24,
          2877.84,
          2880.48,
          2883.04,
          2888.56,
          2890.4,
          2892,
          2894.56,
          2897.44,
          2914.72,
          2915.36,
          2916.64,
          2917.92,
          2918.56,
          2935.84,
          2938.72,
          2941.28,
          2942.88,
          2944.72,
          2950.24,
          2952.8,
          2955.36,
          2960.96,
          2963.04,
          2965.12,
          2967.2,
          2969.12,
          2971.36,
          2974.16,
          2995.68,
          2998.4,
          3001.2,
          3002.64,
          3004.08,
          3005.36,
          3008,
          3009.28,
          3010.64,
          3012.32,
          3015.2,
          3031.04,
          3034.64,
          3037.84,
          3039.76,
          3054.16,
          3055.84,
          3058.16,
          3059.92,
          3061.92,
          3064.24,
          3065.6,
          3067.6,
          3069.44,
          3071.12,
          3076.48,
          3078.8,
          3081.36,
          3088,
          3091.52,
          3111.92,
          3117.68,
          3122.08,
          3127.84,
          3184.48,
          3187.12,
          3188.8,
          3190.48,
          3192,
          3195.44,
          3203.52,
          3205.92,
          3208.24,
          3210.88,
          3213.2,
          3215.76,
          3251.04,
          3253.52,
          3255.84,
          3259.36,
          3266.88,
          3269.68,
          3272.8,
          3276.56,
          3294.32,
          3329.2,
          3331.28,
          3333.2,
          3334.96,
          3337.04,
          3338.96,
          3340.56,
          3341.92,
          3343.44,
          3345.2,
          3346.8,
          3349.04,
          3351.04,
          3370.72,
          3373.68,
          3376.32,
          3377.6,
          3379.04,
          3380.72,
          3382.48,
          3384.16,
          3385.76,
          3387.52,
          3398.88,
          3401.92,
          3404.8,
          3407.92,
          3410.8,
          3461.2,
          3538.64,
          3547.44,
          3553.6,
          3556.24,
          3558.48,
          3569.68,
          3571.6,
          3573.6,
          3575.6,
          3577.6,
          3579.6,
          3581.2,
          3582.88,
          3584.72,
          3586.56,
          3588.24,
          3590,
          3592,
          3593.92,
          3595.92,
          3597.84,
          3599.76,
          3601.44,
          3603.36,
          3605.04,
          3608.64,
          3610.56,
          3612.56,
          3614.56,
          3619.52,
          3621.76,
          3626,
          3653.36,
          3711.68,
          3727.52,
          3730.64,
          3732.96,
          3794.48,
          3803.36,
          3859.12,
          3862.24,
          3863.76,
          3865.6,
          3867.68,
          3869.6,
          3871.6,
          3873.44,
          3875.44,
          3877.44,
          3879.12,
          3880.72,
          3882.4,
          3884.56,
          3886.56,
          3888.24,
          3890.24,
          3892.08,
          3894.08,
          3896.48,
          3899.04,
          3901.44,
          3908.4,
          3914.64,
          3932.88,
          3947.76,
          3962.56,
          3964.72,
          4000,
          4046.96,
          4049.76,
          4051.76,
          4053.52,
          4055.12,
          4057.12,
          4058.8,
          4060.4,
          4062.16,
          4063.76,
          4065.44,
          4067.44,
          4068.96,
          4070.64,
          4072.64,
          4074.64,
          4076.72,
          4079.36,
          4081.44,
          4083.52,
          4085.52,
          4087.52,
          4102.8,
          4155.12,
          4158.48,
          4162.32,
          4173.36,
          4175.92,
          4179.12,
          4181.6,
          4216.56,
          4252.96,
          4270.8,
          4277.44,
          4280,
          4281.84,
          4283.6,
          4285.44,
          4287.04,
          4288.4,
          4289.92,
          4291.68,
          4294.32,
          4296.64,
          4297.76,
          4300,
          4317.68,
          4320,
          4322.8,
          4324.72,
          4326.64,
          4328.88,
          4330.4,
          4332.08,
          4333.68,
          4335.44,
          4336.64,
          4337.92,
          4339.6,
          4341.04,
          4359.92,
          4368,
          4372.48,
          4374.16,
          4383.68,
          4385.52,
          4387.52,
          4393.36,
          4401.6,
          4404.16,
          4408.24,
          4411.28,
          4413.76,
          4416.24,
          4418.64,
          4420.16,
          4423.44,
          4424.96,
          4426.56,
          4428,
          4429.2,
          4430.8,
          4432.32,
          4433.92,
          4435.44,
          4437.2,
          4438.8,
          4440.48,
          4442.16,
          4444.16,
          4446.16,
          4447.84,
          4450.08,
          4451.92,
          4453.76,
          4455.84,
          4457.76,
          4459.76,
          4462.16,
          4473.76,
          4489.2,
          4519.52,
          4533.2,
          4535.04,
          4538.72,
          4544.64,
          4549.12,
          4550.8,
          4552.56,
          4556.16,
          4569.6,
          4589.52,
          4595.28,
          4606.96,
          4610,
          4625.92,
          4633.36,
          4635.6,
          4638.64,
          4640.56,
          4643.28,
          4645.36,
          4647.36,
          4649.28,
          4651.2,
          4653.2,
          4655.2,
          4656.88,
          4658.8,
          4660.96,
          4663.52,
          4665.76,
          4668.08,
          4671.12,
          4689.76,
          4717.36,
          4731.6,
          4739.84,
          4749.76,
          4780.88,
          4785.52,
          4788.88,
          4792.16,
          4795.28,
          4799.28,
          4807.04,
          4816,
          4822.8,
          4827.12,
          4834.88,
          4838.4,
          4883.76,
          5003.28,
          5020.8,
          5023.92,
          5032.08,
          5036.16,
          5050.4,
          5060.4,
          5069.6,
          5108.48,
          5126.96,
          5135.44,
          5148.88,
          5151.92,
          5154.08,
          5158.64,
          5163.36,
          5166.64,
          5169.28,
          5171.6,
          5176.56,
          5194.56,
          5201.04,
          5211.28,
          5228.88,
          5238.88,
          5246,
          5255.04,
          5258.08,
          5280.4,
          5400.08,
          5404.64,
          5409.12,
          5416.8,
          5432.48,
          5456.96,
          5485.92,
          5533.92,
          5543.92,
          5547.44,
          5562.4,
          5571.84,
          5582.64,
          5589.2,
          5725.2,
          5736.08,
          5739.12,
          5744.16,
          5748.64,
          5750.24,
          5753.6,
          5756.96,
          5762.08,
          5783.68,
          5801.84,
          5812,
          5819.6,
          5828,
          5831.68
        ]
      },
      "geometry": {
        "type": "LineString",
        "coordinates": [
          [
            -80.314392,
            25.684525
          ],
          [
            -80.314046,
            25.684805
          ],
          [
            -80.313273,
            25.68544
          ],
          [
            -80.312568,
            25.686009
          ],
          [
            -80.312049,
            25.686363
          ],
          [
            -80.311549,
            25.686704
          ],
          [
            -80.310781,
            25.687345
          ],
          [
            -80.309914,
            25.68811
          ],
          [
            -80.309138,
            25.688752
          ],
          [
            -80.30837,
            25.689375
          ],
          [
            -80.30791,
            25.68975
          ],
          [
            -80.30748,
            25.690079
          ],
          [
            -80.30689,
            25.690494,
            13.5
          ],
          [
            -80.3066,
            25.690699,
            13.5
          ],
          [
            -80.306206,
            25.690998,
            13.5
          ],
          [
            -80.305697,
            25.691412,
            13.5
          ],
          [
            -80.304541,
            25.692351,
            13.5
          ],
          [
            -80.304415,
            25.692453,
            13.5
          ],
          [
            -80.303628,
            25.693094,
            13.5
          ],
          [
            -80.303254,
            25.693414,
            13.5
          ],
          [
            -80.302548,
            25.694034,
            13.5
          ],
          [
            -80.302239,
            25.694288,
            13.5
          ],
          [
            -80.288554,
            25.705412,
            13.5
          ],
          [
            -80.286045,
            25.707456,
            13.5
          ],
          [
            -80.285373,
            25.707996,
            13.5
          ],
          [
            -80.280268,
            25.712146,
            13.5
          ],
          [
            -80.279257,
            25.71296,
            13.5
          ],
          [
            -80.278303,
            25.713686,
            13.5
          ],
          [
            -80.277842,
            25.714048,
            13.5
          ],
          [
            -80.276525,
            25.715116,
            13.5
          ],
          [
            -80.271205,
            25.719438,
            13.5
          ],
          [
            -80.265344,
            25.724202,
            13.5
          ],
          [
            -80.261108,
            25.727641,
            13.5
          ],
          [
            -80.260347,
            25.72825,
            13.5
          ],
          [
            -80.259325,
            25.729087,
            13.5
          ],
          [
            -80.25677,
            25.731159,
            13.5
          ],
          [
            -80.254439,
            25.733054,
            13.5
          ],
          [
            -80.25309,
            25.734149,
            13.5
          ],
          [
            -80.252877,
            25.734315,
            13.5
          ],
          [
            -80.25262,
            25.734503,
            13.5
          ],
          [
            -80.252294,
            25.734717,
            13.5
          ],
          [
            -80.252056,
            25.734859,
            13.5
          ],
          [
            -80.2518,
            25.735,
            13.5
          ],
          [
            -80.25155,
            25.735121,
            13.5
          ],
          [
            -80.251296,
            25.735238,
            13.5
          ],
          [
            -80.251052,
            25.735339,
            13.5
          ],
          [
            -80.249145,
            25.736046,
            13.5
          ],
          [
            -80.241542,
            25.738818,
            13.5
          ],
          [
            -80.240485,
            25.739178,
            13.5
          ],
          [
            -80.238435,
            25.739921,
            13.5
          ],
          [
            -80.235894,
            25.740853,
            13.5
          ],
          [
            -80.21606,
            25.748087,
            13.5
          ],
          [
            -80.21134,
            25.749809,
            13.5
          ],
          [
            -80.210294,
            25.750193,
            13.5
          ],
          [
            -80.209844,
            25.750381,
            13.5
          ],
          [
            -80.209488,
            25.750551,
            13.5
          ],
          [
            -80.209148,
            25.75074,
            13.5
          ],
          [
            -80.208795,
            25.750956,
            13.5
          ],
          [
            -80.204253,
            25.754068,
            13.5
          ],
          [
            -80.202018,
            25.755602,
            12
          ],
          [
            -80.200943,
            25.75634,
            10.25
          ],
          [
            -80.199282,
            25.75748,
            10.25
          ],
          [
            -80.197426,
            25.758756,
            13.75
          ],
          [
            -80.197131,
            25.758977,
            13.5
          ],
          [
            -80.196915,
            25.75916,
            13.5
          ],
          [
            -80.19672,
            25.759339,
            13.5
          ],
          [
            -80.196499,
            25.759576,
            13.5
          ],
          [
            -80.19634,
            25.759765,
            13.5
          ],
          [
            -80.196204,
            25.759948,
            13.5
          ],
          [
            -80.196093,
            25.76011,
            13.5
          ],
          [
            -80.195964,
            25.760324,
            13.5
          ],
          [
            -80.195856,
            25.760531,
            13.5
          ],
          [
            -80.195763,
            25.760724,
            13.5
          ],
          [
            -80.195678,
            25.760934,
            13.25
          ],
          [
            -80.195599,
            25.761152,
            13.25
          ],
          [
            -80.195527,
            25.761397,
            13.25
          ],
          [
            -80.195462,
            25.761695,
            13.25
          ],
          [
            -80.195427,
            25.761912,
            13.25
          ],
          [
            -80.19541,
            25.76207,
            13.25
          ],
          [
            -80.1954,
            25.762264,
            13.25
          ],
          [
            -80.195392,
            25.762731,
            13.25
          ],
          [
            -80.195417,
            25.764242,
            13
          ],
          [
            -80.195427,
            25.765138,
            13
          ],
          [
            -80.195437,
            25.76551,
            13
          ],
          [
            -80.195476,
            25.766108,
            12.75
          ],
          [
            -80.195583,
            25.767299,
            12.75
          ],
          [
            -80.195634,
            25.768389,
            12.75
          ],
          [
            -80.195743,
            25.771236,
            12.25
          ],
          [
            -80.195781,
            25.771841,
            12.25
          ],
          [
            -80.195846,
            25.772592,
            12.25
          ],
          [
            -80.195877,
            25.772869,
            12.25
          ],
          [
            -80.195904,
            25.773189,
            12.25
          ],
          [
            -80.195938,
            25.77361,
            12
          ],
          [
            -80.195947,
            25.773803,
            12
          ],
          [
            -80.19605,
            25.776662,
            11.75
          ],
          [
            -80.196084,
            25.777511,
            11.75
          ],
          [
            -80.196151,
            25.778774,
            11.5
          ],
          [
            -80.196183,
            25.779769,
            11.5
          ],
          [
            -80.196248,
            25.781385,
            11.25
          ],
          [
            -80.19626,
            25.781822,
            11.25
          ],
          [
            -80.196288,
            25.782318,
            11.25
          ],
          [
            -80.196327,
            25.782544,
            11.25
          ],
          [
            -80.196382,
            25.782772,
            11.25
          ],
          [
            -80.196458,
            25.782993,
            11.25
          ],
          [
            -80.196547,
            25.783188,
            11.25
          ],
          [
            -80.196679,
            25.78342,
            11.25
          ],
          [
            -80.196798,
            25.783592,
            11.25
          ],
          [
            -80.196946,
            25.783771,
            11
          ],
          [
            -80.197121,
            25.783949,
            11
          ],
          [
            -80.197277,
            25.784085,
            11
          ],
          [
            -80.19744,
            25.784212,
            11
          ],
          [
            -80.197605,
            25.784322,
            11
          ],
          [
            -80.197797,
            25.784434,
            11
          ],
          [
            -80.197973,
            25.784515,
            11
          ],
          [
            -80.198159,
            25.78459,
            11
          ],
          [
            -80.198344,
            25.784653,
            11
          ],
          [
            -80.198533,
            25.784705,
            11
          ],
          [
            -80.198874,
            25.784769,
            11
          ],
          [
            -80.199076,
            25.78479,
            11
          ],
          [
            -80.199276,
            25.784798,
            11
          ],
          [
            -80.19969,
            25.784792,
            11
          ],
          [
            -80.199879,
            25.784786,
            11.25
          ],
          [
            -80.200172,
            25.784776,
            11.75
          ],
          [
            -80.20048,
            25.784745,
            12.25
          ],
          [
            -80.20079,
            25.784754,
            12.75
          ],
          [
            -80.201167,
            25.784742,
            12.5
          ],
          [
            -80.201677,
            25.784742,
            12.25
          ],
          [
            -80.201987,
            25.784752,
            12.5
          ],
          [
            -80.203009,
            25.784802,
            12.75
          ],
          [
            -80.203744,
            25.78484
          ],
          [
            -80.204223,
            25.784847
          ],
          [
            -80.205914,
            25.784811
          ],
          [
            -80.206188,
            25.784793
          ],
          [
            -80.206509,
            25.784756
          ],
          [
            -80.208114,
            25.784526
          ],
          [
            -80.20949,
            25.784329
          ],
          [
            -80.209673,
            25.784309
          ],
          [
            -80.209878,
            25.784298
          ],
          [
            -80.210044,
            25.784296
          ],
          [
            -80.210184,
            25.784301
          ],
          [
            -80.210384,
            25.784321
          ],
          [
            -80.210576,
            25.784351
          ],
          [
            -80.210772,
            25.784391
          ],
          [
            -80.210948,
            25.784439
          ],
          [
            -80.211197,
            25.784522
          ],
          [
            -80.211404,
            25.784614
          ],
          [
            -80.211609,
            25.784723
          ],
          [
            -80.21189,
            25.784902
          ],
          [
            -80.212118,
            25.785066
          ],
          [
            -80.213812,
            25.786342
          ],
          [
            -80.214022,
            25.786515
          ],
          [
            -80.214205,
            25.786687
          ],
          [
            -80.214303,
            25.786789
          ],
          [
            -80.214497,
            25.787026
          ],
          [
            -80.214604,
            25.787191
          ],
          [
            -80.214686,
            25.787342
          ],
          [
            -80.21475,
            25.787479
          ],
          [
            -80.214816,
            25.787642
          ],
          [
            -80.214886,
            25.787846
          ],
          [
            -80.214933,
            25.788042
          ],
          [
            -80.214965,
            25.788245
          ],
          [
            -80.214988,
            25.788527
          ],
          [
            -80.215022,
            25.790113
          ],
          [
            -80.215156,
            25.795169
          ],
          [
            -80.215199,
            25.796201
          ],
          [
            -80.215334,
            25.799339
          ],
          [
            -80.215328,
            25.799974
          ],
          [
            -80.215241,
            25.801507
          ],
          [
            -80.215225,
            25.80194
          ],
          [
            -80.215231,
            25.802325
          ],
          [
            -80.215331,
            25.804837
          ],
          [
            -80.215341,
            25.805641
          ],
          [
            -80.215334,
            25.80639
          ],
          [
            -80.215337,
            25.806732
          ],
          [
            -80.215433,
            25.809171
          ],
          [
            -80.215466,
            25.80994
          ],
          [
            -80.215482,
            25.810174
          ],
          [
            -80.215514,
            25.810415
          ],
          [
            -80.215569,
            25.81065
          ],
          [
            -80.215645,
            25.810883
          ],
          [
            -80.215777,
            25.811176
          ],
          [
            -80.215896,
            25.811376
          ],
          [
            -80.216041,
            25.811576
          ],
          [
            -80.216192,
            25.811755
          ],
          [
            -80.216345,
            25.811908
          ],
          [
            -80.216492,
            25.812036
          ],
          [
            -80.216681,
            25.812176
          ],
          [
            -80.216864,
            25.812294
          ],
          [
            -80.21703,
            25.812388
          ],
          [
            -80.217231,
            25.812483
          ],
          [
            -80.217431,
            25.81256
          ],
          [
            -80.217631,
            25.812625
          ],
          [
            -80.217863,
            25.812684
          ],
          [
            -80.218057,
            25.812718
          ],
          [
            -80.218291,
            25.812745
          ],
          [
            -80.218537,
            25.812755
          ],
          [
            -80.218891,
            25.812751
          ],
          [
            -80.224741,
            25.812564
          ],
          [
            -80.226608,
            25.812527
          ],
          [
            -80.22792,
            25.812543
          ],
          [
            -80.228401,
            25.812541
          ],
          [
            -80.22915,
            25.812528
          ],
          [
            -80.22927,
            25.812525
          ],
          [
            -80.230585,
            25.812497
          ],
          [
            -80.231253,
            25.812481
          ],
          [
            -80.23194,
            25.812417
          ],
          [
            -80.233101,
            25.812395
          ],
          [
            -80.234679,
            25.812399
          ],
          [
            -80.235388,
            25.812448
          ],
          [
            -80.236347,
            25.812447
          ],
          [
            -80.237027,
            25.812453
          ],
          [
            -80.237318,
            25.812474
          ],
          [
            -80.237617,
            25.812512
          ],
          [
            -80.237914,
            25.812563
          ],
          [
            -80.238157,
            25.812625
          ],
          [
            -80.23837,
            25.812689
          ],
          [
            -80.238602,
            25.812777
          ],
          [
            -80.238787,
            25.812866
          ],
          [
            -80.238995,
            25.81298
          ],
          [
            -80.239206,
            25.81312
          ],
          [
            -80.239361,
            25.813236
          ],
          [
            -80.239506,
            25.813364
          ],
          [
            -80.239653,
            25.813505
          ],
          [
            -80.239805,
            25.813675
          ],
          [
            -80.239947,
            25.813858
          ],
          [
            -80.240064,
            25.814035
          ],
          [
            -80.240173,
            25.814238
          ],
          [
            -80.24026,
            25.814436
          ],
          [
            -80.240332,
            25.814651
          ],
          [
            -80.240389,
            25.81486
          ],
          [
            -80.24042,
            25.815028
          ],
          [
            -80.240453,
            25.815372
          ],
          [
            -80.24071,
            25.822404
          ],
          [
            -80.241042,
            25.829594
          ],
          [
            -80.241055,
            25.829849
          ],
          [
            -80.241073,
            25.830208
          ],
          [
            -80.241123,
            25.831247
          ],
          [
            -80.241195,
            25.832764
          ],
          [
            -80.241432,
            25.837954
          ],
          [
            -80.24146,
            25.838571
          ],
          [
            -80.241567,
            25.841661
          ],
          [
            -80.241592,
            25.842135
          ],
          [
            -80.241616,
            25.842394
          ],
          [
            -80.24168,
            25.842949
          ],
          [
            -80.241716,
            25.843176
          ],
          [
            -80.241764,
            25.843403
          ],
          [
            -80.241831,
            25.843623
          ],
          [
            -80.241905,
            25.843812
          ],
          [
            -80.241996,
            25.844009
          ],
          [
            -80.242088,
            25.844179
          ],
          [
            -80.242211,
            25.844374
          ],
          [
            -80.242328,
            25.844534
          ],
          [
            -80.242475,
            25.844711
          ],
          [
            -80.242635,
            25.844877
          ],
          [
            -80.242815,
            25.845042
          ],
          [
            -80.242994,
            25.845182
          ],
          [
            -80.2432,
            25.845325
          ],
          [
            -80.243392,
            25.84544
          ],
          [
            -80.24358,
            25.845538
          ],
          [
            -80.243788,
            25.845635
          ],
          [
            -80.244006,
            25.845717
          ],
          [
            -80.244206,
            25.845783
          ],
          [
            -80.244405,
            25.845835
          ],
          [
            -80.244655,
            25.845885
          ],
          [
            -80.244906,
            25.845918
          ],
          [
            -80.245155,
            25.845937
          ],
          [
            -80.24541,
            25.845939
          ],
          [
            -80.24705,
            25.84589
          ],
          [
            -80.247321,
            25.845881
          ],
          [
            -80.247659,
            25.84587
          ],
          [
            -80.249232,
            25.845822
          ],
          [
            -80.250703,
            25.845775
          ],
          [
            -80.260017,
            25.845474
          ],
          [
            -80.265453,
            25.845298
          ],
          [
            -80.265817,
            25.84528
          ],
          [
            -80.266213,
            25.845245
          ],
          [
            -80.266566,
            25.845202
          ],
          [
            -80.266937,
            25.845142
          ],
          [
            -80.268329,
            25.84489
          ],
          [
            -80.268542,
            25.844845
          ],
          [
            -80.268736,
            25.844795
          ],
          [
            -80.268941,
            25.84473
          ],
          [
            -80.269146,
            25.844648
          ],
          [
            -80.269326,
            25.844559
          ],
          [
            -80.269622,
            25.844386
          ],
          [
            -80.26975,
            25.844295
          ],
          [
            -80.269996,
            25.844092
          ],
          [
            -80.270139,
            25.84396
          ],
          [
            -80.270691,
            25.843412
          ],
          [
            -80.271802,
            25.842322
          ],
          [
            -80.271974,
            25.842165
          ],
          [
            -80.272184,
            25.841998
          ],
          [
            -80.272346,
            25.841889
          ],
          [
            -80.272527,
            25.841784
          ],
          [
            -80.272684,
            25.841704
          ],
          [
            -80.272815,
            25.841641
          ],
          [
            -80.273013,
            25.841563
          ],
          [
            -80.273231,
            25.841495
          ],
          [
            -80.273452,
            25.841445
          ],
          [
            -80.27368,
            25.841408
          ],
          [
            -80.273911,
            25.841385
          ],
          [
            -80.274166,
            25.841372
          ],
          [
            -80.279491,
            25.841201
          ],
          [
            -80.280728,
            25.84116
          ],
          [
            -80.281193,
            25.841133
          ],
          [
            -80.281589,
            25.841094
          ],
          [
            -80.282866,
            25.840899
          ],
          [
            -80.283299,
            25.840844
          ],
          [
            -80.283589,
            25.840821
          ],
          [
            -80.283898,
            25.840806
          ],
          [
            -80.288028,
            25.840677
          ],
          [
            -80.288617,
            25.840652
          ],
          [
            -80.288899,
            25.840627
          ],
          [
            -80.289228,
            25.840568
          ],
          [
            -80.289506,
            25.84049
          ],
          [
            -80.28979,
            25.840394
          ],
          [
            -80.290547,
            25.840116
          ],
          [
            -80.290741,
            25.84005
          ],
          [
            -80.290932,
            25.839993
          ],
          [
            -80.291106,
            25.839952
          ],
          [
            -80.291305,
            25.839917
          ],
          [
            -80.291573,
            25.839891
          ],
          [
            -80.291895,
            25.83988
          ],
          [
            -80.299098,
            25.839879
          ],
          [
            -80.300367,
            25.839877
          ],
          [
            -80.301891,
            25.839875
          ],
          [
            -80.303031,
            25.839872
          ],
          [
            -80.303288,
            25.839864
          ],
          [
            -80.303762,
            25.839826
          ],
          [
            -80.304884,
            25.839703
          ],
          [
            -80.305491,
            25.839636
          ],
          [
            -80.306218,
            25.839559
          ],
          [
            -80.306459,
            25.839541
          ],
          [
            -80.306703,
            25.839536
          ],
          [
            -80.306989,
            25.839544
          ],
          [
            -80.30725,
            25.839574
          ],
          [
            -80.307599,
            25.839633
          ],
          [
            -80.307738,
            25.839663
          ],
          [
            -80.307945,
            25.83972
          ],
          [
            -80.308305,
            25.83985
          ],
          [
            -80.308467,
            25.839918,
            8
          ],
          [
            -80.309628,
            25.840412,
            8
          ],
          [
            -80.309955,
            25.840559,
            8
          ],
          [
            -80.31021,
            25.840681,
            8
          ],
          [
            -80.310565,
            25.840866,
            8
          ],
          [
            -80.312571,
            25.842007,
            8
          ],
          [
            -80.312935,
            25.842202,
            8
          ],
          [
            -80.31323,
            25.842329,
            8
          ],
          [
            -80.313395,
            25.842387,
            8
          ],
          [
            -80.313545,
            25.842431,
            8
          ],
          [
            -80.313702,
            25.842469,
            8
          ],
          [
            -80.313878,
            25.842501,
            8
          ],
          [
            -80.314065,
            25.842526,
            8
          ],
          [
            -80.314417,
            25.842547,
            8
          ],
          [
            -80.314761,
            25.842551,
            8
          ],
          [
            -80.317439,
            25.842558,
            8
          ],
          [
            -80.317788,
            25.842559,
            8
          ],
          [
            -80.318062,
            25.842568,
            8
          ],
          [
            -80.318299,
            25.842585,
            8
          ],
          [
            -80.318547,
            25.842621,
            7.5
          ],
          [
            -80.318797,
            25.842673,
            7.25
          ],
          [
            -80.319046,
            25.842738,
            7
          ],
          [
            -80.319708,
            25.842933,
            6.25
          ],
          [
            -80.320023,
            25.843004,
            6
          ],
          [
            -80.320332,
            25.843072,
            6.75
          ],
          [
            -80.320984,
            25.843259,
            8.25
          ],
          [
            -80.321203,
            25.84331,
            8.25
          ],
          [
            -80.321396,
            25.843344,
            8.5
          ],
          [
            -80.321717,
            25.843372,
            8.75
          ],
          [
            -80.322078,
            25.843375,
            7.5
          ],
          [
            -80.324234,
            25.843322,
            6.75
          ],
          [
            -80.324315,
            25.843321,
            6.75
          ],
          [
            -80.324479,
            25.84332,
            6.5
          ],
          [
            -80.324315,
            25.843321,
            6.75
          ],
          [
            -80.324234,
            25.843322,
            6.75
          ],
          [
            -80.322078,
            25.843375,
            7.5
          ],
          [
            -80.321717,
            25.843372,
            8.75
          ],
          [
            -80.321396,
            25.843344,
            8.5
          ],
          [
            -80.321203,
            25.84331,
            8.25
          ],
          [
            -80.320984,
            25.843259,
            8.25
          ],
          [
            -80.320332,
            25.843072,
            6.75
          ],
          [
            -80.320023,
            25.843004,
            6
          ],
          [
            -80.319724,
            25.842893,
            6.25
          ],
          [
            -80.319059,
            25.842698,
            7
          ],
          [
            -80.318809,
            25.842632,
            7.25
          ],
          [
            -80.318554,
            25.842578,
            7.5
          ],
          [
            -80.318302,
            25.842544,
            8
          ],
          [
            -80.318065,
            25.842525,
            8
          ],
          [
            -80.317788,
            25.842516,
            8
          ],
          [
            -80.317439,
            25.842515,
            8
          ],
          [
            -80.31476,
            25.842508
          ],
          [
            -80.314416,
            25.842504
          ],
          [
            -80.31407,
            25.842481
          ],
          [
            -80.31389,
            25.842458
          ],
          [
            -80.313714,
            25.842426
          ],
          [
            -80.313557,
            25.842388
          ],
          [
            -80.313247,
            25.842287
          ],
          [
            -80.313104,
            25.842232
          ],
          [
            -80.312956,
            25.842166
          ],
          [
            -80.312771,
            25.842073
          ],
          [
            -80.312464,
            25.841904
          ],
          [
            -80.310797,
            25.840948
          ],
          [
            -80.310409,
            25.840735
          ],
          [
            -80.310059,
            25.840559
          ],
          [
            -80.309843,
            25.840459
          ],
          [
            -80.308227,
            25.839754
          ],
          [
            -80.308029,
            25.83968
          ],
          [
            -80.307756,
            25.839603
          ],
          [
            -80.307547,
            25.839556
          ],
          [
            -80.3073,
            25.839518
          ],
          [
            -80.307011,
            25.839496
          ],
          [
            -80.306837,
            25.839491
          ],
          [
            -80.306588,
            25.839494
          ],
          [
            -80.306354,
            25.839506
          ],
          [
            -80.30615,
            25.839525
          ],
          [
            -80.305485,
            25.839597
          ],
          [
            -80.305194,
            25.839629
          ],
          [
            -80.30488,
            25.839664
          ],
          [
            -80.304058,
            25.83975
          ],
          [
            -80.303622,
            25.839773
          ],
          [
            -80.301081,
            25.839779
          ],
          [
            -80.300365,
            25.839778
          ],
          [
            -80.299815,
            25.839778
          ],
          [
            -80.299097,
            25.83978
          ],
          [
            -80.292031,
            25.839766
          ],
          [
            -80.2917,
            25.839784
          ],
          [
            -80.291493,
            25.839806
          ],
          [
            -80.291289,
            25.839841
          ],
          [
            -80.291105,
            25.839884
          ],
          [
            -80.290705,
            25.840014
          ],
          [
            -80.289768,
            25.840356
          ],
          [
            -80.28949,
            25.840448
          ],
          [
            -80.289213,
            25.840521
          ],
          [
            -80.288895,
            25.84058
          ],
          [
            -80.288611,
            25.840608
          ],
          [
            -80.288292,
            25.840626
          ],
          [
            -80.283893,
            25.840765
          ],
          [
            -80.283582,
            25.840779
          ],
          [
            -80.283292,
            25.840801
          ],
          [
            -80.282857,
            25.840853
          ],
          [
            -80.281931,
            25.840981
          ],
          [
            -80.28158,
            25.841019
          ],
          [
            -80.281188,
            25.841046
          ],
          [
            -80.280716,
            25.841066
          ],
          [
            -80.278499,
            25.841134
          ],
          [
            -80.274156,
            25.841271
          ],
          [
            -80.273902,
            25.841287
          ],
          [
            -80.273665,
            25.841316
          ],
          [
            -80.27345,
            25.841353
          ],
          [
            -80.273203,
            25.841416
          ],
          [
            -80.272978,
            25.841491
          ],
          [
            -80.272794,
            25.841566
          ],
          [
            -80.272644,
            25.841641
          ],
          [
            -80.272482,
            25.841731
          ],
          [
            -80.272302,
            25.841842
          ],
          [
            -80.272149,
            25.841961
          ],
          [
            -80.271942,
            25.842136
          ],
          [
            -80.271771,
            25.842296
          ],
          [
            -80.270106,
            25.843931
          ],
          [
            -80.269846,
            25.844163
          ],
          [
            -80.26959,
            25.844351
          ],
          [
            -80.269458,
            25.844434
          ],
          [
            -80.269301,
            25.844521
          ],
          [
            -80.269119,
            25.844608
          ],
          [
            -80.268921,
            25.844687
          ],
          [
            -80.268722,
            25.844753
          ],
          [
            -80.26853,
            25.844804
          ],
          [
            -80.268318,
            25.844851
          ],
          [
            -80.266928,
            25.845101
          ],
          [
            -80.266558,
            25.845159
          ],
          [
            -80.266206,
            25.845204
          ],
          [
            -80.265814,
            25.845238
          ],
          [
            -80.265455,
            25.845258
          ],
          [
            -80.259173,
            25.845464
          ],
          [
            -80.249519,
            25.845774
          ],
          [
            -80.248426,
            25.84581
          ],
          [
            -80.247658,
            25.845832
          ],
          [
            -80.247325,
            25.845842
          ],
          [
            -80.247048,
            25.845852
          ],
          [
            -80.245653,
            25.845898
          ],
          [
            -80.24541,
            25.845901
          ],
          [
            -80.245161,
            25.84589
          ],
          [
            -80.244913,
            25.845868
          ],
          [
            -80.244665,
            25.845831
          ],
          [
            -80.244421,
            25.845778
          ],
          [
            -80.244229,
            25.845725
          ],
          [
            -80.244029,
            25.845657
          ],
          [
            -80.243822,
            25.845575
          ],
          [
            -80.243618,
            25.845476
          ],
          [
            -80.243439,
            25.845378
          ],
          [
            -80.243254,
            25.845264
          ],
          [
            -80.243056,
            25.845125
          ],
          [
            -80.242881,
            25.844983
          ],
          [
            -80.242704,
            25.84482
          ],
          [
            -80.242551,
            25.844658
          ],
          [
            -80.242406,
            25.844486
          ],
          [
            -80.242292,
            25.84433
          ],
          [
            -80.242172,
            25.84414
          ],
          [
            -80.242082,
            25.843972
          ],
          [
            -80.241919,
            25.843596
          ],
          [
            -80.241849,
            25.843386
          ],
          [
            -80.241788,
            25.843165
          ],
          [
            -80.241739,
            25.842946
          ],
          [
            -80.241662,
            25.842391
          ],
          [
            -80.241641,
            25.842137
          ],
          [
            -80.241617,
            25.841658
          ],
          [
            -80.241508,
            25.838569
          ],
          [
            -80.241203,
            25.83199
          ],
          [
            -80.241118,
            25.830206
          ],
          [
            -80.241101,
            25.829858,
            12.5
          ],
          [
            -80.241087,
            25.829593,
            12.5
          ],
          [
            -80.240762,
            25.822655,
            12.5
          ],
          [
            -80.240725,
            25.821655,
            12.5
          ],
          [
            -80.2405,
            25.815368,
            12.5
          ],
          [
            -80.24047,
            25.815018,
            12.5
          ],
          [
            -80.24044,
            25.814847,
            12.5
          ],
          [
            -80.240386,
            25.814641,
            12.5
          ],
          [
            -80.240312,
            25.814419,
            12.5
          ],
          [
            -80.240222,
            25.814214,
            12.5
          ],
          [
            -80.240112,
            25.814013,
            12.5
          ],
          [
            -80.239995,
            25.813832,
            12.5
          ],
          [
            -80.239849,
            25.813645,
            12.5
          ],
          [
            -80.239695,
            25.813468,
            12.5
          ],
          [
            -80.239551,
            25.813326,
            12.5
          ],
          [
            -80.239403,
            25.813199,
            12.5
          ],
          [
            -80.239242,
            25.813079,
            12.5
          ],
          [
            -80.239025,
            25.812939,
            12.5
          ],
          [
            -80.238813,
            25.812824,
            12.5
          ],
          [
            -80.238625,
            25.812735,
            12.5
          ],
          [
            -80.23839,
            25.812647,
            12.5
          ],
          [
            -80.238171,
            25.81258,
            12.5
          ],
          [
            -80.237929,
            25.812516,
            12.5
          ],
          [
            -80.237636,
            25.812458,
            12.5
          ],
          [
            -80.237324,
            25.812415,
            12.5
          ],
          [
            -80.237029,
            25.812388,
            12.5
          ],
          [
            -80.236158,
            25.812351,
            12.5
          ],
          [
            -80.235384,
            25.812351,
            12.5
          ],
          [
            -80.233109,
            25.812345,
            12.5
          ],
          [
            -80.23125,
            25.812383,
            12.5
          ],
          [
            -80.229406,
            25.812425,
            12.5
          ],
          [
            -80.229138,
            25.812431,
            12.5
          ],
          [
            -80.224738,
            25.812523,
            12.5
          ],
          [
            -80.21889,
            25.812715,
            12.5
          ],
          [
            -80.218542,
            25.812715,
            12.5
          ],
          [
            -80.218291,
            25.812697,
            12.5
          ],
          [
            -80.218075,
            25.812667,
            12.5
          ],
          [
            -80.217885,
            25.812627,
            12.5
          ],
          [
            -80.21765,
            25.812565,
            12.5
          ],
          [
            -80.217454,
            25.812493,
            12.5
          ],
          [
            -80.21727,
            25.812417,
            12.5
          ],
          [
            -80.21708,
            25.812323,
            12.5
          ],
          [
            -80.216911,
            25.812226,
            12.5
          ],
          [
            -80.216742,
            25.81211,
            12.5
          ],
          [
            -80.216552,
            25.811968,
            12.5
          ],
          [
            -80.216415,
            25.811845,
            12.5
          ],
          [
            -80.216275,
            25.811699,
            12.5
          ],
          [
            -80.216128,
            25.811522,
            12.5
          ],
          [
            -80.215993,
            25.811329,
            12.5
          ],
          [
            -80.215872,
            25.811121,
            12.5
          ],
          [
            -80.215751,
            25.810845,
            12.5
          ],
          [
            -80.21568,
            25.810622,
            12.5
          ],
          [
            -80.215624,
            25.810396,
            12.5
          ],
          [
            -80.215592,
            25.810168,
            12.5
          ],
          [
            -80.215575,
            25.80994,
            12.5
          ],
          [
            -80.215507,
            25.808221,
            12.5
          ],
          [
            -80.215273,
            25.802322,
            12.5
          ],
          [
            -80.215269,
            25.801941,
            12.5
          ],
          [
            -80.215282,
            25.80151,
            12.5
          ],
          [
            -80.21536,
            25.80027,
            12.5
          ],
          [
            -80.215374,
            25.799977,
            12.5
          ],
          [
            -80.215381,
            25.799615,
            12.5
          ],
          [
            -80.215376,
            25.799337,
            12.5
          ],
          [
            -80.215208,
            25.795392,
            12.5
          ],
          [
            -80.215096,
            25.791286,
            12.5
          ],
          [
            -80.215048,
            25.789276,
            12.5
          ],
          [
            -80.215033,
            25.788525,
            12.5
          ],
          [
            -80.21501,
            25.788239,
            12.5
          ],
          [
            -80.214979,
            25.78803,
            12.5
          ],
          [
            -80.214933,
            25.787833,
            12.5
          ],
          [
            -80.214869,
            25.787633,
            12.5
          ],
          [
            -80.214798,
            25.787463,
            12.5
          ],
          [
            -80.214732,
            25.787326,
            12.5
          ],
          [
            -80.214647,
            25.787172,
            12.5
          ],
          [
            -80.214539,
            25.787001,
            12.5
          ],
          [
            -80.214341,
            25.786763,
            12.5
          ],
          [
            -80.214151,
            25.78657,
            12.5
          ],
          [
            -80.214054,
            25.786482,
            12.5
          ],
          [
            -80.213843,
            25.786314,
            12.5
          ],
          [
            -80.212148,
            25.785034,
            12.5
          ],
          [
            -80.211921,
            25.784867,
            12.5
          ],
          [
            -80.211641,
            25.784681,
            12.5
          ],
          [
            -80.211436,
            25.784565,
            12.5
          ],
          [
            -80.211227,
            25.784466,
            12.5
          ],
          [
            -80.210974,
            25.78437,
            12.5
          ],
          [
            -80.210797,
            25.784318,
            12.5
          ],
          [
            -80.210598,
            25.784271,
            12.5
          ],
          [
            -80.210406,
            25.784239,
            12.5
          ],
          [
            -80.210188,
            25.784214,
            12.5
          ],
          [
            -80.21004,
            25.784208,
            12.5
          ],
          [
            -80.209876,
            25.784206,
            12.5
          ],
          [
            -80.209663,
            25.784215,
            12.5
          ],
          [
            -80.209481,
            25.784233,
            12.5
          ],
          [
            -80.207158,
            25.784563,
            12.5
          ],
          [
            -80.206168,
            25.784708,
            12.5
          ],
          [
            -80.205614,
            25.784769,
            12.5
          ],
          [
            -80.205401,
            25.784784,
            12.5
          ],
          [
            -80.20422,
            25.784807,
            12.5
          ],
          [
            -80.203988,
            25.784807,
            12.5
          ],
          [
            -80.203739,
            25.784798,
            12.5
          ],
          [
            -80.203015,
            25.784756,
            12.5
          ],
          [
            -80.201992,
            25.784705,
            12.25
          ],
          [
            -80.201675,
            25.784696,
            12.25
          ],
          [
            -80.201167,
            25.784701,
            12.75
          ],
          [
            -80.200787,
            25.784714,
            12.75
          ],
          [
            -80.20048,
            25.784745,
            12.25
          ],
          [
            -80.200171,
            25.784734,
            11.75
          ],
          [
            -80.199877,
            25.784744,
            11.25
          ],
          [
            -80.199689,
            25.78475,
            11
          ],
          [
            -80.199276,
            25.784752,
            11
          ],
          [
            -80.199084,
            25.784738,
            11
          ],
          [
            -80.198883,
            25.784711,
            11
          ],
          [
            -80.198711,
            25.784678,
            11
          ],
          [
            -80.198563,
            25.784642,
            11
          ],
          [
            -80.198376,
            25.784586,
            11
          ],
          [
            -80.198199,
            25.784521,
            11
          ],
          [
            -80.198015,
            25.784444,
            11
          ],
          [
            -80.19785,
            25.78436,
            11
          ],
          [
            -80.197668,
            25.78425,
            11
          ],
          [
            -80.197508,
            25.784141,
            11
          ],
          [
            -80.197346,
            25.784014,
            11
          ],
          [
            -80.197201,
            25.783881,
            11
          ],
          [
            -80.19704,
            25.78371,
            11
          ],
          [
            -80.196897,
            25.783529,
            11
          ],
          [
            -80.196782,
            25.783367,
            11.25
          ],
          [
            -80.196656,
            25.783144,
            11.25
          ],
          [
            -80.196568,
            25.782949,
            11.25
          ],
          [
            -80.196497,
            25.78275,
            11.25
          ],
          [
            -80.196439,
            25.782524,
            11.25
          ],
          [
            -80.196402,
            25.78231,
            11.25
          ],
          [
            -80.196381,
            25.782087,
            11.25
          ],
          [
            -80.196368,
            25.781818,
            11.25
          ],
          [
            -80.196319,
            25.780513,
            11.25
          ],
          [
            -80.196255,
            25.778772,
            11.5
          ],
          [
            -80.196129,
            25.775354,
            11.75
          ],
          [
            -80.196073,
            25.773807,
            12
          ],
          [
            -80.196059,
            25.773599,
            12
          ],
          [
            -80.196015,
            25.773188,
            12
          ],
          [
            -80.195925,
            25.772527,
            12
          ],
          [
            -80.195851,
            25.772026,
            12
          ],
          [
            -80.195829,
            25.771836,
            12
          ],
          [
            -80.19581,
            25.771638,
            12
          ],
          [
            -80.195784,
            25.771234,
            12
          ],
          [
            -80.195725,
            25.769716,
            12.25
          ],
          [
            -80.195648,
            25.767466,
            12.5
          ],
          [
            -80.195621,
            25.766816,
            12.5
          ],
          [
            -80.195553,
            25.7655,
            12.5
          ],
          [
            -80.195541,
            25.765155,
            12.5
          ],
          [
            -80.19551,
            25.763362,
            12.75
          ],
          [
            -80.195504,
            25.762518,
            12.75
          ],
          [
            -80.195509,
            25.762265,
            12.75
          ],
          [
            -80.195536,
            25.761921,
            12.75
          ],
          [
            -80.195569,
            25.761704,
            13
          ],
          [
            -80.195634,
            25.761407,
            13
          ],
          [
            -80.195701,
            25.761181,
            13
          ],
          [
            -80.195775,
            25.760965,
            13
          ],
          [
            -80.195859,
            25.760764,
            13
          ],
          [
            -80.195953,
            25.760569,
            13
          ],
          [
            -80.196063,
            25.760363,
            13
          ],
          [
            -80.19618,
            25.760165,
            13
          ],
          [
            -80.196292,
            25.760005,
            13
          ],
          [
            -80.196425,
            25.759829,
            13
          ],
          [
            -80.196588,
            25.759636,
            13
          ],
          [
            -80.196795,
            25.759413,
            13
          ],
          [
            -80.196989,
            25.759229,
            13
          ],
          [
            -80.197205,
            25.75905,
            13.25
          ],
          [
            -80.197492,
            25.758832,
            13.25
          ],
          [
            -80.199346,
            25.75756,
            10.25
          ],
          [
            -80.202089,
            25.755682,
            12
          ],
          [
            -80.203488,
            25.754694,
            13
          ],
          [
            -80.204287,
            25.754106,
            13.5
          ],
          [
            -80.205269,
            25.753419
          ],
          [
            -80.20836,
            25.751299
          ],
          [
            -80.208825,
            25.750994
          ],
          [
            -80.209179,
            25.750796
          ],
          [
            -80.209539,
            25.750618
          ],
          [
            -80.209884,
            25.750464
          ],
          [
            -80.210343,
            25.750282
          ],
          [
            -80.211237,
            25.749954
          ],
          [
            -80.212272,
            25.749575
          ],
          [
            -80.213057,
            25.74929
          ],
          [
            -80.21355,
            25.749098
          ],
          [
            -80.214432,
            25.748733
          ],
          [
            -80.214838,
            25.748576
          ],
          [
            -80.220079,
            25.746663
          ],
          [
            -80.233887,
            25.741623
          ],
          [
            -80.235908,
            25.740888
          ],
          [
            -80.236269,
            25.740764
          ],
          [
            -80.237233,
            25.740459
          ],
          [
            -80.237712,
            25.740293
          ],
          [
            -80.239357,
            25.739693
          ],
          [
            -80.240511,
            25.739267
          ],
          [
            -80.24156,
            25.738856
          ],
          [
            -80.246048,
            25.737217
          ],
          [
            -80.248185,
            25.73643
          ],
          [
            -80.249163,
            25.73608
          ],
          [
            -80.250719,
            25.735508
          ],
          [
            -80.251072,
            25.735378
          ],
          [
            -80.251319,
            25.73528
          ],
          [
            -80.251833,
            25.735053
          ],
          [
            -80.252339,
            25.73478
          ],
          [
            -80.252676,
            25.734567
          ],
          [
            -80.252936,
            25.734387
          ],
          [
            -80.253158,
            25.734221
          ],
          [
            -80.253623,
            25.733852
          ],
          [
            -80.255292,
            25.732492
          ],
          [
            -80.255893,
            25.732
          ],
          [
            -80.256844,
            25.731235
          ],
          [
            -80.258474,
            25.729912
          ],
          [
            -80.259394,
            25.729155
          ],
          [
            -80.260056,
            25.728614
          ],
          [
            -80.260862,
            25.727902
          ],
          [
            -80.261135,
            25.727669
          ],
          [
            -80.263207,
            25.725988
          ],
          [
            -80.274309,
            25.716972
          ],
          [
            -80.274739,
            25.716632
          ],
          [
            -80.275164,
            25.716308
          ],
          [
            -80.275899,
            25.715757
          ],
          [
            -80.277355,
            25.714575
          ],
          [
            -80.279622,
            25.712733
          ],
          [
            -80.282307,
            25.710553
          ],
          [
            -80.286758,
            25.706936
          ],
          [
            -80.287718,
            25.706213
          ],
          [
            -80.288045,
            25.705955
          ],
          [
            -80.289434,
            25.704829
          ],
          [
            -80.290308,
            25.704115
          ],
          [
            -80.291276,
            25.703272
          ],
          [
            -80.29188,
            25.702775
          ],
          [
            -80.304485,
            25.692528
          ],
          [
            -80.305494,
            25.69171
          ],
          [
            -80.305779,
            25.691479
          ],
          [
            -80.306245,
            25.691102
          ],
          [
            -80.306665,
            25.690773
          ],
          [
            -80.306821,
            25.690656
          ],
          [
            -80.307146,
            25.690412
          ],
          [
            -80.307466,
            25.690161
          ],
          [
            -80.30794,
            25.689777
          ],
          [
            -80.309937,
            25.688139
          ],
          [
            -80.311622,
            25.686775
          ],
          [
            -80.312568,
            25.686009
          ],
          [
            -80.313273,
            25.68544
          ],
          [
            -80.314046,
            25.684805
          ],
          [
            -80.314391,
            25.684526
          ]
        ]
      }
    }
  ]
}