{
  "type": "FeatureCollection",
  "features": [
    {
      "type": "Feature",
      "properties": {
        "creator": "BRouter-1.7.9",
        "name": "[MTA] Q Train",
        "track-length": "58320",
        "filtered ascend": "47",
        "plain-ascend": "4",
        "total-time": "4666",
        "total-energy": "2566052",
        "cost": "116640",
        "messages": [
          [
            "Longitude",
            "Latitude",
            "Elevation",
            "Distance",
            "CostPerKm",
            "ElevCost",
            "TurnCost",
            "NodeCost",
            "InitialCost",
            "WayTags",
            "NodeTags",
            "Time",
            "Energy"
          ],
          [
            "-73947218",
            "40784207",
            "-8192",
            "222",
            "2000",
            "0",
            "0",
            "0",
            "0",
            "railway=subway",
            "wheelchair=yes railway=halt",
            "17",
            "9764"
          ],
          [
            "-73952944",
            "40776342",
            "-8192",
            "998",
            "2000",
            "0",
            "0",
            "0",
            "0",
            "railway=subway",
            "wheelchair=yes railway=halt",
            "97",
            "53662"
          ],
          [
            "-73959568",
            "40767260",
            "-8192",
            "1153",
            "2000",
            "0",
            "0",
            "0",
            "0",
            "railway=subway",
            "wheelchair=yes railway=halt",
            "189",
            "104376"
          ],
          [
            "-73966796",
            "40764968",
            "-8192",
            "853",
            "2000",
            "0",
            "0",
            "0",
            "0",
            "railway=subway",
            "wheelchair=yes railway=halt",
            "258",
            "141896"
          ],
          [
            "-73968740",
            "40765764",
            "-8192",
            "187",
            "2000",
            "0",
            "0",
            "0",
            "0",
            "railway=subway",
            "railway=switch",
            "273",
            "150121"
          ],
          [
            "-73968955",
            "40765853",
            "-8192",
            "21",
            "2000",
            "0",
            "0",
            "0",
            "0",
            "railway=subway",
            "railway=switch",
            "274",
            "151045"
          ],
          [
            "-73975924",
            "40768925",
            "-8192",
            "698",
            "2000",
            "0",
            "0",
            "0",
            "0",
            "railway=subway",
            "",
            "330",
            "181747"
          ],
          [
            "-73979995",
            "40765618",
            "-8192",
            "528",
            "2000",
            "0",
            "0",
            "0",
            "0",
            "railway=subway",
            "railway=switch",
            "42",
            "23224"
          ],
          [
            "-73981059",
            "40764162",
            "-8192",
            "185",
            "2000",
            "0",
            "0",
            "0",
            "0",
            "railway=subway",
            "wheelchair=no railway=halt",
            "57",
            "31361"
          ],
          [
            "-73982140",
            "40762669",
            "-8192",
            "189",
            "2000",
            "0",
            "0",
            "0",
            "0",
            "railway=subway",
            "railway=switch",
            "72",
            "39674"
          ],
          [
            "-73982615",
            "40762010",
            "-8192",
            "83",
            "2000",
            "0",
            "0",
            "0",
            "0",
            "railway=subway",
            "railway=switch",
            "78",
            "43325"
          ],
          [
            "-73987036",
            "40753842",
            "-8192",
            "988",
            "2000",
            "0",
            "0",
            "0",
            "0",
            "railway=subway",
            "wheelchair=yes railway=halt",
            "157",
            "86782"
          ],
          [
            "-73987661",
            "40751310",
            "-8192",
            "287",
            "2000",
            "0",
            "0",
            "0",
            "0",
            "railway=subway",
            "railway=switch",
            "180",
            "99406"
          ],
          [
            "-73987725",
            "40751085",
            "-8192",
            "26",
            "2000",
            "0",
            "0",
            "0",
            "0",
            "railway=subway",
            "railway=unknown",
            "182",
            "100550"
          ],
          [
            "-73987788",
            "40750859",
            "-8192",
            "26",
            "2000",
            "0",
            "0",
            "0",
            "0",
            "railway=subway",
            "railway=switch",
            "184",
            "101693"
          ],
          [
            "-73988251",
            "40748655",
            "-8192",
            "248",
            "2000",
            "0",
            "0",
            "0",
            "0",
            "railway=subway",
            "wheelchair=yes railway=halt",
            "204",
            "112602"
          ],
          [
            "-73988915",
            "40744698",
            "-8192",
            "443",
            "2000",
            "0",
            "0",
            "0",
            "0",
            "railway=subway",
            "wheelchair=no railway=halt",
            "240",
            "132087"
          ],
          [
            "-73989566",
            "40740602",
            "-8192",
            "458",
            "2000",
            "0",
            "0",
            "0",
            "0",
            "railway=subway",
            "wheelchair=no railway=halt",
            "276",
            "152232"
          ],
          [
            "-73990874",
            "40734969",
            "-8192",
            "635",
            "2000",
            "0",
            "0",
            "0",
            "0",
            "railway=subway",
            "wheelchair=yes railway=halt",
            "327",
            "180163"
          ],
          [
            "-73993280",
            "40729666",
            "-8192",
            "635",
            "2000",
            "0",
            "0",
            "0",
            "0",
            "railway=subway",
            "wheelchair=no railway=halt",
            "378",
            "208094"
          ],
          [
            "-73998319",
            "40723713",
            "-8192",
            "786",
            "2000",
            "0",
            "0",
            "0",
            "0",
            "railway=subway",
            "wheelchair=no railway=halt",
            "441",
            "242666"
          ],
          [
            "-73998867",
            "40723068",
            "-8192",
            "85",
            "2000",
            "0",
            "0",
            "0",
            "0",
            "railway=subway",
            "railway=switch",
            "448",
            "246405"
          ],
          [
            "-73998989",
            "40722892",
            "-8192",
            "22",
            "2000",
            "0",
            "0",
            "0",
            "0",
            "railway=subway",
            "railway=unknown",
            "449",
            "247373"
          ],
          [
            "-73999112",
            "40722715",
            "-8192",
            "22",
            "2000",
            "0",
            "0",
            "0",
            "0",
            "railway=subway",
            "railway=switch",
            "451",
            "248340"
          ],
          [
            "-73999562",
            "40717714",
            "-8192",
            "689",
            "2000",
            "0",
            "0",
            "0",
            "0",
            "railway=subway",
            "wheelchair=no railway=halt",
            "506",
            "278646"
          ],
          [
            "-73985281",
            "40697378",
            "22",
            "2625",
            "2000",
            "0",
            "0",
            "0",
            "0",
            "railway=subway",
            "railway=switch",
            "716",
            "395432"
          ],
          [
            "-73983411",
            "40693581",
            "23",
            "451",
            "2000",
            "0",
            "0",
            "0",
            "0",
            "railway=subway",
            "railway=switch",
            "752",
            "415269"
          ],
          [
            "-73982839",
            "40692440",
            "23",
            "136",
            "2000",
            "0",
            "0",
            "0",
            "0",
            "railway=subway",
            "railway=switch",
            "763",
            "421251"
          ],
          [
            "-73981544",
            "40689757",
            "23",
            "318",
            "2000",
            "0",
            "0",
            "0",
            "0",
            "railway=subway",
            "wheelchair=yes railway=halt",
            "789",
            "435238"
          ],
          [
            "-73980574",
            "40688820",
            "24",
            "135",
            "2000",
            "0",
            "0",
            "0",
            "0",
            "railway=subway",
            "railway=switch",
            "799",
            "441176"
          ],
          [
            "-73978302",
            "40687817",
            "24",
            "223",
            "2000",
            "0",
            "0",
            "0",
            "0",
            "railway=subway",
            "railway=switch",
            "817",
            "450985"
          ],
          [
            "-73976823",
            "40683545",
            "25",
            "512",
            "2000",
            "0",
            "0",
            "0",
            "0",
            "railway=subway",
            "wheelchair=yes railway=halt",
            "858",
            "473506"
          ],
          [
            "-73972142",
            "40676715",
            "26",
            "857",
            "2000",
            "0",
            "0",
            "0",
            "0",
            "railway=subway",
            "wheelchair=no railway=halt",
            "927",
            "511201"
          ],
          [
            "-73962179",
            "40661013",
            "29",
            "1953",
            "2000",
            "0",
            "0",
            "0",
            "0",
            "railway=subway",
            "wheelchair=yes railway=halt",
            "1083",
            "600079"
          ],
          [
            "-73961935",
            "40659973",
            "30",
            "118",
            "2000",
            "0",
            "0",
            "0",
            "0",
            "railway=subway",
            "railway=switch",
            "1093",
            "606594"
          ],
          [
            "-73961797",
            "40659142",
            "33",
            "93",
            "2000",
            "0",
            "0",
            "0",
            "0",
            "railway=subway",
            "railway=switch",
            "1100",
            "613026"
          ],
          [
            "-73961708",
            "40658613",
            "28",
            "59",
            "2000",
            "0",
            "0",
            "0",
            "0",
            "railway=subway",
            "railway=switch",
            "1105",
            "615613"
          ],
          [
            "-73961678",
            "40658388",
            "26",
            "25",
            "2000",
            "0",
            "0",
            "0",
            "0",
            "railway=subway",
            "railway=switch",
            "1107",
            "616270"
          ],
          [
            "-73961627",
            "40657803",
            "22",
            "65",
            "2000",
            "0",
            "0",
            "0",
            "0",
            "railway=subway",
            "railway=switch",
            "1112",
            "618070"
          ],
          [
            "-73961838",
            "40654368",
            "24",
            "385",
            "2000",
            "0",
            "0",
            "0",
            "0",
            "railway=subway",
            "wheelchair=no railway=halt",
            "1143",
            "631591"
          ],
          [
            "-73963389",
            "40649609",
            "18",
            "544",
            "2000",
            "0",
            "0",
            "0",
            "0",
            "railway=subway",
            "wheelchair=no railway=halt",
            "1186",
            "656223"
          ],
          [
            "-73964390",
            "40643161",
            "13",
            "729",
            "2000",
            "0",
            "0",
            "0",
            "0",
            "railway=subway",
            "wheelchair=no railway=halt",
            "1245",
            "679552"
          ],
          [
            "-73963781",
            "40639968",
            "15",
            "358",
            "2000",
            "0",
            "0",
            "0",
            "0",
            "railway=subway",
            "wheelchair=no railway=halt",
            "1273",
            "694049"
          ],
          [
            "-73962762",
            "40634444",
            "11",
            "620",
            "2000",
            "0",
            "0",
            "0",
            "0",
            "railway=subway",
            "wheelchair=no railway=halt",
            "1323",
            "721509"
          ],
          [
            "-73961551",
            "40628623",
            "15",
            "655",
            "2000",
            "0",
            "0",
            "0",
            "0",
            "railway=subway",
            "wheelchair=yes railway=halt",
            "1375",
            "752457"
          ],
          [
            "-73960710",
            "40624213",
            "13",
            "495",
            "2000",
            "0",
            "0",
            "0",
            "0",
            "railway=subway",
            "wheelchair=no railway=halt",
            "1415",
            "772761"
          ],
          [
            "-73959609",
            "40618395",
            "9",
            "652",
            "2000",
            "0",
            "0",
            "0",
            "0",
            "railway=subway",
            "",
            "1467",
            "797669"
          ],
          [
            "-73959317",
            "40616849",
            "9",
            "174",
            "2000",
            "0",
            "0",
            "0",
            "0",
            "railway=subway",
            "wheelchair=no railway=halt",
            "13",
            "7905"
          ],
          [
            "-73957637",
            "40607716",
            "10",
            "1025",
            "2000",
            "0",
            "0",
            "0",
            "0",
            "railway=subway",
            "wheelchair=yes railway=halt",
            "95",
            "54092"
          ],
          [
            "-73957515",
            "40607324",
            "10",
            "45",
            "2000",
            "0",
            "0",
            "0",
            "0",
            "railway=subway",
            "railway=switch",
            "99",
            "56060"
          ],
          [
            "-73957417",
            "40606814",
            "8",
            "57",
            "2000",
            "0",
            "0",
            "0",
            "0",
            "railway=subway",
            "",
            "104",
            "58080"
          ],
          [
            "-73957284",
            "40606124",
            "8",
            "77",
            "2000",
            "0",
            "0",
            "0",
            "0",
            "railway=subway",
            "railway=switch",
            "6",
            "2794"
          ],
          [
            "-73955830",
            "40598424",
            "6",
            "863",
            "2000",
            "0",
            "0",
            "0",
            "0",
            "railway=subway",
            "wheelchair=no railway=halt",
            "75",
            "38264"
          ],
          [
            "-73955072",
            "40594422",
            "5",
            "448",
            "2000",
            "0",
            "0",
            "0",
            "0",
            "railway=subway",
            "wheelchair=no railway=halt",
            "111",
            "57618"
          ],
          [
            "-73954387",
            "40586025",
            "3",
            "939",
            "2000",
            "0",
            "0",
            "0",
            "0",
            "railway=subway",
            "wheelchair=no railway=halt",
            "186",
            "96103"
          ],
          [
            "-73958840",
            "40579464",
            "-8192",
            "822",
            "2000",
            "0",
            "0",
            "0",
            "0",
            "railway=subway",
            "railway=switch",
            "251",
            "134754"
          ],
          [
            "-73959098",
            "40579106",
            "-8192",
            "45",
            "2000",
            "0",
            "0",
            "0",
            "0",
            "railway=subway",
            "railway=switch",
            "255",
            "136734"
          ],
          [
            "-73962527",
            "40577478",
            "-8192",
            "365",
            "2000",
            "0",
            "0",
            "0",
            "0",
            "railway=subway",
            "wheelchair=no railway=halt",
            "284",
            "152791"
          ],
          [
            "-73962699",
            "40577437",
            "-8192",
            "15",
            "2000",
            "0",
            "0",
            "0",
            "0",
            "railway=subway",
            "railway=switch",
            "285",
            "153450"
          ],
          [
            "-73969572",
            "40576495",
            "-8192",
            "597",
            "2000",
            "0",
            "0",
            "0",
            "0",
            "railway=subway",
            "wheelchair=no railway=halt",
            "333",
            "179710"
          ],
          [
            "-73970548",
            "40576520",
            "-8192",
            "82",
            "2000",
            "0",
            "0",
            "0",
            "0",
            "railway=subway",
            "railway=switch",
            "340",
            "183316"
          ],
          [
            "-73977044",
            "40575843",
            "-8192",
            "571",
            "2000",
            "0",
            "0",
            "0",
            "0",
            "railway=subway",
            "wheelchair=no railway=halt",
            "385",
            "208432"
          ],
          [
            "-73979424",
            "40575983",
            "-8192",
            "203",
            "2000",
            "0",
            "0",
            "0",
            "0",
            "railway=subway",
            "railway=switch",
            "402",
            "217361"
          ],
          [
            "-73979926",
            "40576051",
            "-8192",
            "43",
            "2000",
            "0",
            "0",
            "0",
            "0",
            "railway=subway",
            "railway=switch",
            "405",
            "219252"
          ],
          [
            "-73980273",
            "40576116",
            "-8192",
            "30",
            "2000",
            "0",
            "0",
            "0",
            "0",
            "railway=subway",
            "railway=switch",
            "407",
            "220572"
          ],
          [
            "-73981261",
            "40578393",
            "-8192",
            "282",
            "2000",
            "0",
            "0",
            "0",
            "0",
            "railway=subway",
            "wheelchair=yes railway=halt",
            "430",
            "232976"
          ],
          [
            "-73981262",
            "40578395",
            "-8192",
            "1",
            "2000",
            "0",
            "0",
            "0",
            "0",
            "railway=subway",
            "",
            "430",
            "233020"
          ],
          [
            "-73981261",
            "40578393",
            "-8192",
            "1",
            "2000",
            "0",
            "0",
            "0",
            "0",
            "reversedirection=yes railway=subway",
            "wheelchair=yes railway=halt",
            "0",
            "43"
          ],
          [
            "-73980273",
            "40576116",
            "-8192",
            "282",
            "2000",
            "0",
            "0",
            "0",
            "0",
            "reversedirection=yes railway=subway",
            "railway=switch",
            "22",
            "12447"
          ],
          [
            "-73979926",
            "40576051",
            "-8192",
            "30",
            "2000",
            "0",
            "0",
            "0",
            "0",
            "reversedirection=yes railway=subway",
            "railway=switch",
            "25",
            "13767"
          ],
          [
            "-73979681",
            "40575994",
            "-8192",
            "22",
            "2000",
            "0",
            "0",
            "0",
            "0",
            "railway=subway",
            "railway=unknown",
            "26",
            "14735"
          ],
          [
            "-73979432",
            "40575935",
            "-8192",
            "22",
            "2000",
            "0",
            "0",
            "0",
            "0",
            "railway=subway",
            "railway=switch",
            "28",
            "15702"
          ],
          [
            "-73975211",
            "40576341",
            "-8192",
            "371",
            "2000",
            "0",
            "0",
            "0",
            "0",
            "railway=subway",
            "",
            "58",
            "32021"
          ],
          [
            "-73974857",
            "40576454",
            "-8192",
            "33",
            "2000",
            "0",
            "0",
            "0",
            "0",
            "railway=subway",
            "wheelchair=no railway=halt",
            "2",
            "1451"
          ],
          [
            "-73970554",
            "40576484",
            "-8192",
            "370",
            "2000",
            "0",
            "0",
            "0",
            "0",
            "railway=subway",
            "railway=switch",
            "32",
            "17726"
          ],
          [
            "-73967348",
            "40576285",
            "-8192",
            "273",
            "2000",
            "0",
            "0",
            "0",
            "0",
            "railway=subway",
            "wheelchair=no railway=halt",
            "54",
            "29734"
          ],
          [
            "-73964042",
            "40576969",
            "-8192",
            "290",
            "2000",
            "0",
            "0",
            "0",
            "0",
            "railway=subway",
            "",
            "77",
            "42489"
          ],
          [
            "-73962677",
            "40577258",
            "-8192",
            "120",
            "2000",
            "0",
            "0",
            "0",
            "0",
            "railway=subway",
            "railway=switch",
            "9",
            "5278"
          ],
          [
            "-73960328",
            "40577758",
            "-8192",
            "207",
            "2000",
            "0",
            "0",
            "0",
            "0",
            "railway=subway",
            "wheelchair=no railway=halt",
            "26",
            "14383"
          ],
          [
            "-73958973",
            "40579055",
            "-8192",
            "191",
            "2000",
            "0",
            "0",
            "0",
            "0",
            "railway=subway",
            "railway=switch",
            "41",
            "22784"
          ],
          [
            "-73958712",
            "40579413",
            "-8192",
            "45",
            "2000",
            "0",
            "0",
            "0",
            "0",
            "railway=subway",
            "railway=switch",
            "45",
            "24763"
          ],
          [
            "-73954014",
            "40587731",
            "1",
            "1021",
            "2000",
            "0",
            "0",
            "0",
            "0",
            "railway=subway",
            "wheelchair=no railway=halt",
            "126",
            "70112"
          ],
          [
            "-73955259",
            "40596102",
            "5",
            "936",
            "2000",
            "0",
            "0",
            "0",
            "0",
            "railway=subway",
            "wheelchair=no railway=halt",
            "201",
            "111026"
          ],
          [
            "-73956018",
            "40600104",
            "8",
            "449",
            "2000",
            "0",
            "0",
            "0",
            "0",
            "railway=subway",
            "wheelchair=no railway=halt",
            "237",
            "133208"
          ],
          [
            "-73957225",
            "40606478",
            "9",
            "716",
            "2000",
            "0",
            "0",
            "0",
            "0",
            "railway=subway",
            "railway=switch",
            "294",
            "165104"
          ],
          [
            "-73957326",
            "40607015",
            "11",
            "60",
            "2000",
            "0",
            "0",
            "0",
            "0",
            "railway=subway",
            "",
            "299",
            "168373"
          ],
          [
            "-73957456",
            "40607713",
            "11",
            "78",
            "2000",
            "0",
            "0",
            "0",
            "0",
            "railway=subway",
            "railway=switch",
            "6",
            "4028"
          ],
          [
            "-73957813",
            "40609636",
            "11",
            "215",
            "2000",
            "0",
            "0",
            "0",
            "0",
            "railway=subway",
            "wheelchair=yes railway=halt",
            "23",
            "13826"
          ],
          [
            "-73959495",
            "40618473",
            "9",
            "991",
            "2000",
            "0",
            "0",
            "0",
            "0",
            "railway=subway",
            "",
            "102",
            "56663"
          ],
          [
            "-73959495",
            "40618475",
            "9",
            "1",
            "2000",
            "0",
            "0",
            "0",
            "0",
            "railway=subway",
            "wheelchair=no railway=halt",
            "0",
            "43"
          ],
          [
            "-73960891",
            "40625824",
            "11",
            "823",
            "2000",
            "0",
            "0",
            "0",
            "0",
            "railway=subway",
            "wheelchair=no railway=halt",
            "65",
            "38111"
          ],
          [
            "-73961778",
            "40630120",
            "15",
            "483",
            "2000",
            "0",
            "0",
            "0",
            "0",
            "railway=subway",
            "wheelchair=no railway=halt",
            "104",
            "62172"
          ],
          [
            "-73962885",
            "40635982",
            "12",
            "657",
            "2000",
            "0",
            "0",
            "0",
            "0",
            "railway=subway",
            "wheelchair=no railway=halt",
            "157",
            "88745"
          ],
          [
            "-73964025",
            "40641930",
            "12",
            "667",
            "2000",
            "0",
            "0",
            "0",
            "0",
            "railway=subway",
            "wheelchair=no railway=halt",
            "210",
            "118356"
          ],
          [
            "-73964489",
            "40645034",
            "16",
            "348",
            "2000",
            "0",
            "0",
            "0",
            "0",
            "railway=subway",
            "wheelchair=no railway=halt",
            "238",
            "136270"
          ],
          [
            "-73962643",
            "40651287",
            "23",
            "712",
            "2000",
            "0",
            "0",
            "0",
            "0",
            "railway=subway",
            "wheelchair=no railway=halt",
            "295",
            "169411"
          ],
          [
            "-73961303",
            "40656007",
            "24",
            "535",
            "2000",
            "0",
            "0",
            "0",
            "0",
            "railway=subway",
            "wheelchair=no railway=halt",
            "338",
            "198119"
          ],
          [
            "-73961490",
            "40657815",
            "23",
            "201",
            "2000",
            "0",
            "0",
            "0",
            "0",
            "railway=subway",
            "railway=switch",
            "354",
            "206744"
          ],
          [
            "-73961629",
            "40658392",
            "26",
            "65",
            "2000",
            "0",
            "0",
            "0",
            "0",
            "railway=subway",
            "railway=switch",
            "359",
            "209765"
          ],
          [
            "-73961665",
            "40658617",
            "29",
            "25",
            "2000",
            "0",
            "0",
            "0",
            "0",
            "railway=subway",
            "railway=switch",
            "361",
            "211392"
          ],
          [
            "-73961750",
            "40659146",
            "33",
            "59",
            "2000",
            "0",
            "0",
            "0",
            "0",
            "railway=subway",
            "railway=switch",
            "366",
            "216684"
          ],
          [
            "-73961887",
            "40659978",
            "30",
            "93",
            "2000",
            "0",
            "0",
            "0",
            "0",
            "railway=subway",
            "railway=switch",
            "373",
            "220800"
          ],
          [
            "-73962396",
            "40662653",
            "25",
            "301",
            "2000",
            "0",
            "0",
            "0",
            "0",
            "railway=subway",
            "wheelchair=yes railway=halt",
            "397",
            "233559"
          ],
          [
            "-73973160",
            "40678187",
            "23",
            "1955",
            "2000",
            "0",
            "0",
            "0",
            "0",
            "railway=subway",
            "wheelchair=no railway=halt",
            "554",
            "319165"
          ],
          [
            "-73976980",
            "40685218",
            "22",
            "857",
            "2000",
            "0",
            "0",
            "0",
            "0",
            "railway=subway",
            "wheelchair=yes railway=halt",
            "622",
            "356861"
          ],
          [
            "-73978250",
            "40687891",
            "21",
            "336",
            "2000",
            "0",
            "0",
            "0",
            "0",
            "railway=subway",
            "railway=switch",
            "649",
            "371640"
          ],
          [
            "-73980386",
            "40689013",
            "21",
            "220",
            "2000",
            "0",
            "0",
            "0",
            "0",
            "railway=subway",
            "railway=switch",
            "667",
            "381316"
          ],
          [
            "-73982030",
            "40691413",
            "21",
            "306",
            "2000",
            "0",
            "0",
            "0",
            "0",
            "railway=subway",
            "wheelchair=yes railway=halt",
            "691",
            "394776"
          ],
          [
            "-73983242",
            "40693629",
            "20",
            "267",
            "2000",
            "0",
            "0",
            "0",
            "0",
            "railway=subway",
            "railway=switch",
            "712",
            "406520"
          ],
          [
            "-73983571",
            "40694273",
            "20",
            "77",
            "2000",
            "0",
            "0",
            "0",
            "0",
            "railway=subway",
            "railway=switch",
            "719",
            "409907"
          ],
          [
            "-74001107",
            "40718875",
            "-8192",
            "3179",
            "2000",
            "0",
            "0",
            "0",
            "0",
            "railway=subway",
            "wheelchair=no railway=halt",
            "973",
            "544219"
          ],
          [
            "-73999075",
            "40722696",
            "-8192",
            "504",
            "2000",
            "0",
            "0",
            "0",
            "0",
            "railway=subway",
            "railway=switch",
            "1013",
            "566386"
          ],
          [
            "-73998791",
            "40723031",
            "-8192",
            "44",
            "2000",
            "0",
            "0",
            "0",
            "0",
            "railway=subway",
            "railway=switch",
            "1017",
            "568322"
          ],
          [
            "-73990355",
            "40736536",
            "-8192",
            "1689",
            "2000",
            "0",
            "0",
            "0",
            "0",
            "railway=subway",
            "wheelchair=yes railway=halt",
            "1152",
            "642613"
          ],
          [
            "-73987794",
            "40750318",
            "-8192",
            "1546",
            "2000",
            "0",
            "0",
            "0",
            "0",
            "railway=subway",
            "wheelchair=yes railway=halt",
            "1276",
            "710614"
          ],
          [
            "-73987699",
            "40750850",
            "-8192",
            "60",
            "2000",
            "0",
            "0",
            "0",
            "0",
            "railway=subway",
            "railway=switch",
            "1280",
            "713253"
          ],
          [
            "-73987635",
            "40751075",
            "-8192",
            "26",
            "2000",
            "0",
            "0",
            "0",
            "0",
            "railway=subway",
            "railway=unknown",
            "1282",
            "714397"
          ],
          [
            "-73987572",
            "40751301",
            "-8192",
            "26",
            "2000",
            "0",
            "0",
            "0",
            "0",
            "railway=subway",
            "railway=switch",
            "1284",
            "715540"
          ],
          [
            "-73986340",
            "40755482",
            "-8192",
            "476",
            "2000",
            "0",
            "0",
            "0",
            "0",
            "railway=subway",
            "wheelchair=yes railway=halt",
            "1323",
            "736477"
          ],
          [
            "-73983378",
            "40760805",
            "-8192",
            "645",
            "2000",
            "0",
            "0",
            "0",
            "0",
            "railway=subway",
            "wheelchair=yes railway=halt",
            "1374",
            "764848"
          ],
          [
            "-73982535",
            "40761977",
            "-8192",
            "148",
            "2000",
            "0",
            "0",
            "0",
            "0",
            "railway=subway",
            "railway=switch",
            "1386",
            "771358"
          ],
          [
            "-73982318",
            "40762315",
            "-8192",
            "42",
            "2000",
            "0",
            "0",
            "0",
            "0",
            "railway=subway",
            "railway=unknown",
            "1389",
            "773205"
          ],
          [
            "-73982101",
            "40762653",
            "-8192",
            "42",
            "2000",
            "0",
            "0",
            "0",
            "0",
            "railway=subway",
            "railway=switch",
            "1393",
            "775052"
          ],
          [
            "-73979955",
            "40765602",
            "-8192",
            "374",
            "2000",
            "0",
            "0",
            "0",
            "0",
            "railway=subway",
            "wheelchair=no railway=switch",
            "1423",
            "791503"
          ],
          [
            "-73975153",
            "40768869",
            "-8192",
            "588",
            "2000",
            "0",
            "0",
            "0",
            "0",
            "railway=subway",
            "",
            "1470",
            "817366"
          ],
          [
            "-73968955",
            "40765855",
            "-8192",
            "628",
            "2000",
            "0",
            "0",
            "0",
            "0",
            "railway=subway",
            "railway=switch",
            "50",
            "27622"
          ],
          [
            "-73968738",
            "40765764",
            "-8192",
            "21",
            "2000",
            "0",
            "0",
            "0",
            "0",
            "railway=subway",
            "railway=switch",
            "51",
            "28546"
          ],
          [
            "-73964864",
            "40764153",
            "-8192",
            "373",
            "2000",
            "0",
            "0",
            "0",
            "0",
            "railway=subway",
            "wheelchair=yes railway=halt",
            "81",
            "44952"
          ],
          [
            "-73958391",
            "40768681",
            "-8192",
            "853",
            "2000",
            "0",
            "0",
            "0",
            "0",
            "railway=subway",
            "wheelchair=yes railway=halt",
            "150",
            "82472"
          ],
          [
            "-73951756",
            "40777761",
            "-8192",
            "1153",
            "2000",
            "0",
            "0",
            "0",
            "0",
            "railway=subway",
            "wheelchair=yes railway=halt",
            "242",
            "133187"
          ],
          [
            "-73947106",
            "40784161",
            "-8192",
            "812",
            "2000",
            "0",
            "0",
            "0",
            "0",
            "railway=subway",
            "wheelchair=yes railway=halt",
            "307",
            "168903"
          ],
          [
            "-73945853",
            "40785913",
            "-8192",
            "221",
            "2000",
            "0",
            "0",
            "0",
            "0",
            "railway=subway",
            "",
            "324",
            "178624"
          ]
        ],
        "times": [
          0,
          2.32,
          17.76,
          54.72,
          82.72,
          97.6,
          189.84,
          216.56,
          219.52,
          222.48,
          225.44,
          228.4,
          231.36,
          234.32,
          237.28,
          240.24,
          258.08,
          262,
          268.48,
          273.04,
          274.72,
          294.16,
          295.76,
          297.36,
          298.8,
          309.6,
          311.36,
          314.48,
          317.6,
          320.72,
          323.84,
          326.96,
          330.08,
          330.56,
          333.2,
          336.32,
          339.44,
          342.56,
          345.68,
          348.8,
          351.92,
          363.36,
          372.8,
          387.6,
          393.84,
          402.72,
          409.36,
          445.04,
          450,
          453.84,
          461.44,
          463.92,
          473.2,
          488.4,
          495.12,
          502.72,
          504.32,
          511.36,
          513.44,
          515.52,
          520.24,
          523.92,
          531.84,
          535.36,
          540.08,
          553.12,
          570.8,
          586.4,
          607.44,
          613.04,
          615.12,
          617.12,
          638.64,
          644,
          658.24,
          662.08,
          666.16,
          675.04,
          685.68,
          686.56,
          687.44,
          688.32,
          709.04,
          771.92,
          778.72,
          780.48,
          782.24,
          801.04,
          812.72,
          813.6,
          814.48,
          815.36,
          816.24,
          817.12,
          818,
          818.88,
          819.76,
          825.28,
          837.36,
          841.52,
          842.8,
          844.16,
          845.52,
          861.6,
          862.24,
          863.36,
          863.92,
          865.12,
          873.12,
          874.72,
          877.2,
          883.84,
          1024.88,
          1038.4,
          1041.44,
          1047.36,
          1050.96,
          1060.96,
          1072.08,
          1083.44,
          1094.32,
          1097.52,
          1101.84,
          1119.76,
          1121.12,
          1122.48,
          1123.84,
          1125.2,
          1126.56,
          1127.92,
          1129.28,
          1130.56,
          1134.88,
          1143.04,
          1148.4,
          1152.48,
          1153.28,
          1154.16,
          1154.56,
          1155.36,
          1156.16,
          1174.48,
          1189.36,
          1191.68,
          1194.64,
          1197.52,
          1221.84,
          1257.92,
          1266.72,
          1276.16,
          1288.72,
          1293.84,
          1299.2,
          1391.2,
          1394.64,
          1396.96,
          1399.6,
          1405.76,
          1414.16,
          1415.28,
          1418.4,
          1419.36,
          1421.44,
          1423.6,
          1431.04,
          1435.76,
          1437.76,
          1442.96,
          1452.8,
          1458.08,
          1462.4,
          1464.24,
          1468.72,
          1473.76,
          1479.28,
          1484.96,
          1497.12,
          1503.76,
          1516.4,
          1517.28,
          1520.24,
          1523.76,
          1542.16,
          1551.36,
          1554.4,
          1558.56,
          1563.44,
          1566.56,
          1575.6,
          1589.92,
          1593.28,
          1604.24,
          1626.72,
          1638.56,
          1641.84,
          1643.52,
          1646.4,
          1652.32,
          1653.84,
          1656.32,
          1674.4,
          1688.24,
          1692.24,
          1706.24,
          1707.68,
          1735.52,
          1737.68,
          1739.28,
          1745.84,
          1757.12,
          1759.2,
          1778.32,
          1780.64,
          1788.64,
          1790.08,
          1794.72,
          1796.32,
          1798,
          1799.76,
          1802.56,
          1811.92,
          1821.36,
          1823.68,
          1845.2,
          1847.44,
          1867.92,
          1870.56,
          1874.32,
          1880.48,
          1882,
          1884.32,
          1892,
          1893.92,
          1895.44,
          1897.52,
          1902.08,
          1908.24,
          1909.44,
          1911.6,
          1930.48,
          1932.24,
          1951.92,
          1953.76,
          1972,
          1974.24,
          1977.28,
          1991.2,
          1992.96,
          2007.68,
          2009.36,
          2013.12,
          2045.76,
          2050.24,
          2052.72,
          2057.04,
          2062.4,
          2065.76,
          2069.28,
          2073.36,
          2075.92,
          2084.72,
          2086.08,
          2088.24,
          2089.84,
          2091.76,
          2093.76,
          2095.76,
          2100.56,
          2118.48,
          2154,
          2157.6,
          2162.96,
          2164.32,
          2166,
          2166.96,
          2168,
          2169.04,
          2170.16,
          2171.36,
          2186.8,
          2188,
          2218.88,
          2220.96,
          2223.12,
          2225.44,
          2227.52,
          2229.36,
          2231.68,
          2234.24,
          2235.76,
          2239.28,
          2242.32,
          2248.88,
          2260.72,
          2261.92,
          2263.04,
          2264.88,
          2266.4,
          2268.4,
          2284.32,
          2285.92,
          2288,
          2289.52,
          2291.6,
          2292.64,
          2294.56,
          2295.44,
          2304.24,
          2307.68,
          2309.2,
          2310.08,
          2311.52,
          2312.8,
          2313.36,
          2313.92,
          2314.56,
          2315.2,
          2316,
          2317.92,
          2332.64,
          2332.72,
          2332.8,
          2347.52,
          2349.44,
          2350.24,
          2350.88,
          2351.52,
          2352.08,
          2352.64,
          2353.92,
          2355.36,
          2356.24,
          2357.76,
          2359.52,
          2361.28,
          2370.16,
          2372.08,
          2373.12,
          2375.12,
          2377.28,
          2378.48,
          2381.2,
          2390.96,
          2393.6,
          2397.36,
          2399.2,
          2400.72,
          2402.56,
          2403.52,
          2404.48,
          2416.64,
          2423.2,
          2426.08,
          2429.76,
          2431.44,
          2435.28,
          2436.88,
          2438.32,
          2440.16,
          2441.52,
          2443.36,
          2445.04,
          2447.44,
          2468.24,
          2477.84,
          2494.4,
          2495.92,
          2496.88,
          2497.76,
          2498.88,
          2499.92,
          2501.68,
          2504.24,
          2509.68,
          2513.28,
          2548.8,
          2566.72,
          2571.6,
          2573.6,
          2575.76,
          2578,
          2579.76,
          2582.16,
          2583.76,
          2584.72,
          2594.96,
          2598.64,
          2602.08,
          2605.44,
          2609.92,
          2615.28,
          2617.76,
          2621.12,
          2636.4,
          2654.96,
          2658.8,
          2660.48,
          2669.84,
          2675.12,
          2676.88,
          2693.84,
          2696.08,
          2705.76,
          2714.32,
          2716.16,
          2735.92,
          2737.68,
          2756.56,
          2758.72,
          2763.04,
          2767.84,
          2774.08,
          2784.4,
          2786.8,
          2791.28,
          2793.68,
          2797.44,
          2800.08,
          2820.64,
          2822.8,
          2844.32,
          2846.64,
          2865.6,
          2868.24,
          2870.56,
          2870.64,
          2871.92,
          2873.6,
          2878.24,
          2879.76,
          2887.44,
          2889.76,
          2908.88,
          2910.96,
          2928.72,
          2930.32,
          2932.48,
          2936.48,
          2960.4,
          2964.8,
          2972.48,
          2975.12,
          2979.68,
          2993.52,
          3012,
          3013.76,
          3015.6,
          3022.96,
          3026.64,
          3027.68,
          3029.28,
          3074.88,
          3078.24,
          3081.04,
          3101.28,
          3104.4,
          3108.88,
          3113.44,
          3116.48,
          3143.68,
          3147.28,
          3151.04,
          3155.44,
          3163.6,
          3165.84,
          3171.12,
          3182.72,
          3188.16,
          3198.88,
          3203.2,
          3205.04,
          3208.08,
          3208.64,
          3213.52,
          3214.96,
          3224.72,
          3229.92,
          3231.92,
          3236.64,
          3244.08,
          3246.32,
          3249.36,
          3251.28,
          3253.52,
          3261.92,
          3268.16,
          3270.8,
          3273.12,
          3276.56,
          3368.56,
          3373.84,
          3379.04,
          3391.52,
          3400.96,
          3424.56,
          3445.84,
          3470.16,
          3473.04,
          3475.84,
          3493.12,
          3511.52,
          3512.48,
          3513.44,
          3513.92,
          3514.88,
          3515.84,
          3520,
          3525.12,
          3533.28,
          3537.6,
          3538.8,
          3540,
          3541.2,
          3542.4,
          3543.6,
          3544.8,
          3546,
          3547.2,
          3562.08,
          3565.04,
          3569.44,
          3572.64,
          3583.44,
          3589.6,
          3594.8,
          3600.64,
          3615.84,
          3619.36,
          3625.36,
          3641.92,
          3782.96,
          3789.6,
          3792.08,
          3793.68,
          3801.68,
          3802.88,
          3804.08,
          3805.28,
          3821.36,
          3822.64,
          3823.92,
          3825.12,
          3843.92,
          3846.8,
          3847.68,
          3848.48,
          3849.36,
          3850.24,
          3851.12,
          3852,
          3852.88,
          3853.76,
          3865.44,
          3884.24,
          3887.76,
          3978.16,
          3979.12,
          3980.08,
          3981.04,
          3991.76,
          4004.64,
          4022.88,
          4027.92,
          4030.8,
          4049.76,
          4051.76,
          4053.84,
          4080.48,
          4113.76,
          4146.56,
          4151.36,
          4153.44,
          4155.52,
          4162.48,
          4164.08,
          4171.6,
          4178.96,
          4193.6,
          4200.48,
          4202.88,
          4205.28,
          4212.8,
          4216.56,
          4221.44,
          4245.2,
          4257.04,
          4260.4,
          4263.76,
          4272.64,
          4293.68,
          4303.12,
          4314.56,
          4317.6,
          4320.64,
          4323.76,
          4326.8,
          4329.84,
          4332.96,
          4336,
          4339.12,
          4340.72,
          4342.16,
          4345.2,
          4348.32,
          4351.36,
          4354.4,
          4366.88,
          4368.32,
          4369.92,
          4371.52,
          4390.96,
          4392.64,
          4397.2,
          4403.68,
          4422.48,
          4425.44,
          4428.4,
          4431.36,
          4434.32,
          4437.28,
          4440.24,
          4443.2,
          4446.16,
          4449.12,
          4475.84,
          4490.72,
          4568.08,
          4582.96,
          4610.96,
          4633.04,
          4647.92,
          4663.28,
          4665.6
        ]
      },
      "geometry": {
        "type": "LineString",
        "coordinates": [
          [
            -73.945895,
            40.785928
          ],
          [
            -73.94606,
            40.785702
          ],
          [
            -73.947218,
            40.784207
          ],
          [
            -73.949865,
            40.78057
          ],
          [
            -73.951867,
            40.777807
          ],
          [
            -73.952944,
            40.776342
          ],
          [
            -73.959568,
            40.76726
          ],
          [
            -73.961459,
            40.764618
          ],
          [
            -73.961704,
            40.764343
          ],
          [
            -73.962017,
            40.764112
          ],
          [
            -73.962386,
            40.763933
          ],
          [
            -73.962795,
            40.763814
          ],
          [
            -73.963226,
            40.76376
          ],
          [
            -73.963664,
            40.763772
          ],
          [
            -73.964089,
            40.76385
          ],
          [
            -73.964485,
            40.763992
          ],
          [
            -73.966796,
            40.764968
          ],
          [
            -73.967299,
            40.765181
          ],
          [
            -73.968148,
            40.765515
          ],
          [
            -73.96874,
            40.765764
          ],
          [
            -73.968955,
            40.765853
          ],
          [
            -73.971472,
            40.766909
          ],
          [
            -73.971675,
            40.767008
          ],
          [
            -73.971866,
            40.767119
          ],
          [
            -73.972027,
            40.767228
          ],
          [
            -73.973121,
            40.768109
          ],
          [
            -73.973306,
            40.768245
          ],
          [
            -73.973663,
            40.768469
          ],
          [
            -73.974058,
            40.768653
          ],
          [
            -73.974483,
            40.768794
          ],
          [
            -73.97493,
            40.768889
          ],
          [
            -73.975389,
            40.768935
          ],
          [
            -73.975853,
            40.768933
          ],
          [
            -73.975924,
            40.768925,
            19.75
          ],
          [
            -73.976312,
            40.768882,
            19.75
          ],
          [
            -73.976757,
            40.768783,
            19.75
          ],
          [
            -73.97718,
            40.768638,
            19.75
          ],
          [
            -73.977571,
            40.76845,
            19.75
          ],
          [
            -73.977925,
            40.768222,
            19.75
          ],
          [
            -73.978233,
            40.76796,
            19.75
          ],
          [
            -73.978489,
            40.767667,
            19.75
          ],
          [
            -73.979328,
            40.766549,
            19.75
          ],
          [
            -73.979995,
            40.765618,
            19.75
          ],
          [
            -73.981059,
            40.764162,
            19.75
          ],
          [
            -73.981509,
            40.763546,
            19.75
          ],
          [
            -73.98214,
            40.762669,
            19.75
          ],
          [
            -73.982615,
            40.76201,
            19.75
          ],
          [
            -73.98515,
            40.758489,
            19.75
          ],
          [
            -73.985462,
            40.757986,
            19.75
          ],
          [
            -73.985678,
            40.757589,
            19.75
          ],
          [
            -73.98607,
            40.756789,
            19.75
          ],
          [
            -73.986178,
            40.756525,
            19.75
          ],
          [
            -73.98651,
            40.755507,
            19.75
          ],
          [
            -73.987036,
            40.753842,
            19.75
          ],
          [
            -73.987267,
            40.753106,
            19.75
          ],
          [
            -73.987483,
            40.752267,
            19.75
          ],
          [
            -73.987521,
            40.752091,
            19.75
          ],
          [
            -73.987661,
            40.75131,
            19.75
          ],
          [
            -73.987725,
            40.751085,
            19.75
          ],
          [
            -73.987788,
            40.750859,
            19.75
          ],
          [
            -73.987948,
            40.750338,
            19.75
          ],
          [
            -73.988036,
            40.749933,
            19.75
          ],
          [
            -73.988195,
            40.749048,
            19.75
          ],
          [
            -73.988251,
            40.748655,
            19.75
          ],
          [
            -73.98828,
            40.748125,
            19.75
          ],
          [
            -73.988541,
            40.74667,
            19.75
          ],
          [
            -73.988915,
            40.744698,
            19.75
          ],
          [
            -73.989243,
            40.742961,
            19.75
          ],
          [
            -73.989566,
            40.740602,
            19.75
          ],
          [
            -73.989652,
            40.739974,
            19.75
          ],
          [
            -73.989691,
            40.739742,
            19.75
          ],
          [
            -73.989739,
            40.739522,
            19.75
          ],
          [
            -73.990355,
            40.737143,
            19.75
          ],
          [
            -73.990506,
            40.736549,
            19.75
          ],
          [
            -73.990874,
            40.734969,
            19.75
          ],
          [
            -73.99092,
            40.734535,
            19.75
          ],
          [
            -73.991004,
            40.734081,
            19.75
          ],
          [
            -73.991213,
            40.733093,
            19.75
          ],
          [
            -73.991477,
            40.731909,
            19.75
          ],
          [
            -73.991506,
            40.731808,
            19.75
          ],
          [
            -73.991554,
            40.731716,
            19.75
          ],
          [
            -73.991623,
            40.731627,
            19.75
          ],
          [
            -73.99328,
            40.729666,
            19.75
          ],
          [
            -73.998319,
            40.723713,
            19.75
          ],
          [
            -73.998867,
            40.723068,
            19.75
          ],
          [
            -73.998989,
            40.722892,
            19.75
          ],
          [
            -73.999112,
            40.722715,
            19.75
          ],
          [
            -74.000621,
            40.720933,
            19.75
          ],
          [
            -74.001552,
            40.719829,
            19.75
          ],
          [
            -74.00161,
            40.719737,
            19.75
          ],
          [
            -74.001647,
            40.71964,
            19.75
          ],
          [
            -74.001664,
            40.719541,
            19.75
          ],
          [
            -74.001661,
            40.71944,
            19.75
          ],
          [
            -74.001638,
            40.719342,
            19.75
          ],
          [
            -74.001594,
            40.719247,
            19.75
          ],
          [
            -74.001533,
            40.719158,
            19.75
          ],
          [
            -74.001453,
            40.719078,
            19.75
          ],
          [
            -74.000864,
            40.718652,
            19.75
          ],
          [
            -73.999562,
            40.717714,
            19.75
          ],
          [
            -73.999115,
            40.717394,
            19.75
          ],
          [
            -73.998976,
            40.717299,
            19.75
          ],
          [
            -73.998808,
            40.717216,
            19.75
          ],
          [
            -73.998633,
            40.717147,
            19.75
          ],
          [
            -73.996475,
            40.716386,
            19.75
          ],
          [
            -73.996397,
            40.716353,
            19.75
          ],
          [
            -73.99626,
            40.716277,
            19.75
          ],
          [
            -73.996195,
            40.716232,
            19.75
          ],
          [
            -73.996082,
            40.716132,
            19.75
          ],
          [
            -73.99536,
            40.715417,
            19.75
          ],
          [
            -73.995232,
            40.715266,
            19.75
          ],
          [
            -73.995063,
            40.715023,
            19.75
          ],
          [
            -73.994688,
            40.714336,
            19.75
          ],
          [
            -73.986516,
            40.699724,
            22
          ],
          [
            -73.985734,
            40.698324,
            22.25
          ],
          [
            -73.985572,
            40.698004,
            22.5
          ],
          [
            -73.985281,
            40.697378,
            22.5
          ],
          [
            -73.985102,
            40.696999,
            22.5
          ],
          [
            -73.984594,
            40.695944,
            22.75
          ],
          [
            -73.984015,
            40.694775,
            23
          ],
          [
            -73.983411,
            40.693581,
            23.25
          ],
          [
            -73.982839,
            40.69244,
            23.25
          ],
          [
            -73.982671,
            40.692105,
            23.5
          ],
          [
            -73.982481,
            40.691643,
            23.5
          ],
          [
            -73.981544,
            40.689757,
            23.75
          ],
          [
            -73.981465,
            40.689621,
            23.75
          ],
          [
            -73.981371,
            40.689487,
            23.75
          ],
          [
            -73.981265,
            40.689358,
            24
          ],
          [
            -73.981147,
            40.689235,
            24
          ],
          [
            -73.981017,
            40.689119,
            24
          ],
          [
            -73.980878,
            40.689011,
            24
          ],
          [
            -73.980728,
            40.68891,
            24
          ],
          [
            -73.980574,
            40.68882,
            24
          ],
          [
            -73.98005,
            40.688536,
            24
          ],
          [
            -73.979044,
            40.688026,
            24.25
          ],
          [
            -73.978302,
            40.687817,
            24.25
          ],
          [
            -73.977765,
            40.687603,
            24.5
          ],
          [
            -73.977668,
            40.687544,
            24.5
          ],
          [
            -73.977588,
            40.687471,
            24.5
          ],
          [
            -73.977555,
            40.687431,
            24.5
          ],
          [
            -73.977504,
            40.687345,
            24.5
          ],
          [
            -73.977477,
            40.687253,
            24.5
          ],
          [
            -73.977086,
            40.685211,
            24.75
          ],
          [
            -73.976823,
            40.683545,
            25
          ],
          [
            -73.976758,
            40.683286,
            25
          ],
          [
            -73.976627,
            40.682965,
            25.25
          ],
          [
            -73.976447,
            40.68267,
            25.25
          ],
          [
            -73.974719,
            40.68027,
            25.5
          ],
          [
            -73.972142,
            40.676715,
            26.25
          ],
          [
            -73.971511,
            40.675844,
            26.5
          ],
          [
            -73.970836,
            40.674914,
            26.5
          ],
          [
            -73.969779,
            40.673756,
            26.75
          ],
          [
            -73.969421,
            40.67325,
            27
          ],
          [
            -73.969091,
            40.672706,
            27
          ],
          [
            -73.9627,
            40.663568,
            28.5
          ],
          [
            -73.962544,
            40.663201,
            28.75
          ],
          [
            -73.962475,
            40.662944,
            28.75
          ],
          [
            -73.962436,
            40.662645,
            28.75
          ],
          [
            -73.962328,
            40.661956,
            28.75
          ],
          [
            -73.962179,
            40.661013,
            29.25
          ],
          [
            -73.962157,
            40.660892,
            29.5
          ],
          [
            -73.962057,
            40.660553,
            29.5
          ],
          [
            -73.962025,
            40.660446,
            29.75
          ],
          [
            -73.961974,
            40.660214,
            29.75
          ],
          [
            -73.961935,
            40.659973,
            30
          ],
          [
            -73.961797,
            40.659142,
            33.5
          ],
          [
            -73.961708,
            40.658613,
            28.75
          ],
          [
            -73.961678,
            40.658388,
            26.5
          ],
          [
            -73.961627,
            40.657803,
            22.75
          ],
          [
            -73.96145,
            40.6567,
            23.5
          ],
          [
            -73.961432,
            40.656109,
            24
          ],
          [
            -73.961488,
            40.655621,
            23.5
          ],
          [
            -73.961528,
            40.655413,
            23.5
          ],
          [
            -73.961668,
            40.654921,
            23.75
          ],
          [
            -73.961838,
            40.654368,
            24
          ],
          [
            -73.962044,
            40.653764,
            24.25
          ],
          [
            -73.962253,
            40.653142,
            24.25
          ],
          [
            -73.96266,
            40.651812,
            21.75
          ],
          [
            -73.962939,
            40.651094,
            20.5
          ],
          [
            -73.963372,
            40.649708,
            18.25
          ],
          [
            -73.963389,
            40.649609,
            18
          ],
          [
            -73.96346,
            40.64928,
            17.5
          ],
          [
            -73.963575,
            40.648896,
            17
          ],
          [
            -73.964176,
            40.64688,
            17
          ],
          [
            -73.964488,
            40.645873,
            18
          ],
          [
            -73.964561,
            40.645532,
            17.5
          ],
          [
            -73.964615,
            40.645064,
            16.5
          ],
          [
            -73.964619,
            40.644518,
            15.25
          ],
          [
            -73.964576,
            40.644171,
            14.5
          ],
          [
            -73.96439,
            40.643161,
            13.25
          ],
          [
            -73.964089,
            40.641561,
            12
          ],
          [
            -73.964018,
            40.641186,
            12.75
          ],
          [
            -73.963781,
            40.639968,
            15.75
          ],
          [
            -73.963313,
            40.637461,
            12.75
          ],
          [
            -73.963057,
            40.636142,
            11.75
          ],
          [
            -73.963038,
            40.635774,
            11.75
          ],
          [
            -73.963002,
            40.635587,
            12.25
          ],
          [
            -73.96294,
            40.635266,
            12
          ],
          [
            -73.962813,
            40.634608,
            11.5
          ],
          [
            -73.962762,
            40.634444,
            11.5
          ],
          [
            -73.962687,
            40.634173,
            11.5
          ],
          [
            -73.962305,
            40.632159,
            11.5
          ],
          [
            -73.96201,
            40.630614,
            15.25
          ],
          [
            -73.961923,
            40.630171,
            15
          ],
          [
            -73.961551,
            40.628623,
            15.75
          ],
          [
            -73.961514,
            40.628464,
            16.25
          ],
          [
            -73.960929,
            40.62536,
            11.5
          ],
          [
            -73.960882,
            40.625121,
            11.75
          ],
          [
            -73.96085,
            40.624941,
            12
          ],
          [
            -73.96071,
            40.624213,
            13.75
          ],
          [
            -73.960472,
            40.62296,
            12.5
          ],
          [
            -73.960428,
            40.622724,
            12.25
          ],
          [
            -73.960028,
            40.620592,
            9.75
          ],
          [
            -73.959979,
            40.620336,
            10.75
          ],
          [
            -73.959807,
            40.619446,
            9.75
          ],
          [
            -73.959777,
            40.619282,
            9.25
          ],
          [
            -73.959679,
            40.618762,
            9
          ],
          [
            -73.959643,
            40.618582,
            9.25
          ],
          [
            -73.959609,
            40.618395,
            9.75
          ],
          [
            -73.959573,
            40.6182,
            9.75
          ],
          [
            -73.959516,
            40.617888,
            10.25
          ],
          [
            -73.959317,
            40.616849,
            9.5
          ],
          [
            -73.959121,
            40.615796,
            10
          ],
          [
            -73.959073,
            40.615541,
            10.5
          ],
          [
            -73.958615,
            40.613145,
            9.75
          ],
          [
            -73.958567,
            40.612899,
            10.25
          ],
          [
            -73.958137,
            40.610614,
            10.25
          ],
          [
            -73.958082,
            40.610316,
            11.25
          ],
          [
            -73.958005,
            40.6099,
            12
          ],
          [
            -73.957953,
            40.609208,
            11
          ],
          [
            -73.957925,
            40.609037,
            10.75
          ],
          [
            -73.957877,
            40.60878,
            10.5
          ],
          [
            -73.957705,
            40.607922,
            10.75
          ],
          [
            -73.957637,
            40.607716,
            10.75
          ],
          [
            -73.957578,
            40.607551,
            10.75
          ],
          [
            -73.957515,
            40.607324,
            10.75
          ],
          [
            -73.957417,
            40.606814,
            8.25
          ],
          [
            -73.957284,
            40.606124,
            8.25
          ],
          [
            -73.957261,
            40.605986,
            8
          ],
          [
            -73.957216,
            40.605742,
            7.5
          ],
          [
            -73.956816,
            40.603636,
            8
          ],
          [
            -73.956782,
            40.603443,
            8
          ],
          [
            -73.956366,
            40.601246,
            6
          ],
          [
            -73.956327,
            40.601041,
            6.25
          ],
          [
            -73.955942,
            40.599013,
            6
          ],
          [
            -73.955893,
            40.598761,
            6
          ],
          [
            -73.95583,
            40.598424,
            6
          ],
          [
            -73.955537,
            40.596875,
            4.25
          ],
          [
            -73.955498,
            40.596676,
            3.75
          ],
          [
            -73.955188,
            40.595033,
            5.75
          ],
          [
            -73.955152,
            40.594844,
            5.5
          ],
          [
            -73.955072,
            40.594422,
            5.75
          ],
          [
            -73.954385,
            40.590784,
            3
          ],
          [
            -73.954305,
            40.59028,
            2
          ],
          [
            -73.954264,
            40.590004,
            1.25
          ],
          [
            -73.954192,
            40.589524,
            0.5
          ],
          [
            -73.954133,
            40.588925,
            0.5
          ],
          [
            -73.954125,
            40.588547,
            1.5
          ],
          [
            -73.954147,
            40.588148,
            1.75
          ],
          [
            -73.954215,
            40.587695,
            2.25
          ],
          [
            -73.954251,
            40.587409,
            2.5
          ],
          [
            -73.954311,
            40.586416,
            3.5
          ],
          [
            -73.954333,
            40.586264,
            3.5
          ],
          [
            -73.954387,
            40.586025,
            3.75
          ],
          [
            -73.954436,
            40.585845,
            4
          ],
          [
            -73.954512,
            40.585638,
            4.25
          ],
          [
            -73.95461,
            40.58543,
            4.5
          ],
          [
            -73.954731,
            40.58522,
            4.5
          ],
          [
            -73.955069,
            40.584744,
            5.25
          ],
          [
            -73.956333,
            40.582972,
            5.25
          ],
          [
            -73.95884,
            40.579464
          ],
          [
            -73.959098,
            40.579106
          ],
          [
            -73.959472,
            40.578577
          ],
          [
            -73.959566,
            40.57844
          ],
          [
            -73.959698,
            40.57828
          ],
          [
            -73.959782,
            40.578193
          ],
          [
            -73.959893,
            40.578112
          ],
          [
            -73.960019,
            40.578043
          ],
          [
            -73.960162,
            40.577985
          ],
          [
            -73.960331,
            40.577942
          ],
          [
            -73.962527,
            40.577478
          ],
          [
            -73.962699,
            40.577437
          ],
          [
            -73.967091,
            40.576509
          ],
          [
            -73.967397,
            40.57646
          ],
          [
            -73.967717,
            40.576428
          ],
          [
            -73.968053,
            40.576413
          ],
          [
            -73.968361,
            40.576414
          ],
          [
            -73.968628,
            40.576426
          ],
          [
            -73.968974,
            40.576451
          ],
          [
            -73.969345,
            40.576484
          ],
          [
            -73.969572,
            40.576495
          ],
          [
            -73.970096,
            40.576503
          ],
          [
            -73.970548,
            40.57652
          ],
          [
            -73.971512,
            40.576606
          ],
          [
            -73.973252,
            40.576767
          ],
          [
            -73.97343,
            40.576775
          ],
          [
            -73.973595,
            40.576771
          ],
          [
            -73.97386,
            40.576749
          ],
          [
            -73.974077,
            40.576716
          ],
          [
            -73.974358,
            40.576649
          ],
          [
            -73.976524,
            40.575963
          ],
          [
            -73.976752,
            40.575904
          ],
          [
            -73.977044,
            40.575843
          ],
          [
            -73.977269,
            40.575808
          ],
          [
            -73.977574,
            40.575784
          ],
          [
            -73.977732,
            40.575782
          ],
          [
            -73.978014,
            40.575793
          ],
          [
            -73.978146,
            40.575807
          ],
          [
            -73.979424,
            40.575983
          ],
          [
            -73.979926,
            40.576051
          ],
          [
            -73.980148,
            40.576081
          ],
          [
            -73.980273,
            40.576116
          ],
          [
            -73.980469,
            40.576183
          ],
          [
            -73.980631,
            40.576253
          ],
          [
            -73.980702,
            40.576292
          ],
          [
            -73.980759,
            40.576333
          ],
          [
            -73.98082,
            40.576391
          ],
          [
            -73.980863,
            40.576454
          ],
          [
            -73.980901,
            40.576538
          ],
          [
            -73.980946,
            40.576753
          ],
          [
            -73.981261,
            40.578393
          ],
          [
            -73.981262,
            40.578395
          ],
          [
            -73.981261,
            40.578393
          ],
          [
            -73.980946,
            40.576753
          ],
          [
            -73.980901,
            40.576538
          ],
          [
            -73.980863,
            40.576454
          ],
          [
            -73.98082,
            40.576391
          ],
          [
            -73.980759,
            40.576333
          ],
          [
            -73.980702,
            40.576292
          ],
          [
            -73.980631,
            40.576253
          ],
          [
            -73.980469,
            40.576183
          ],
          [
            -73.980273,
            40.576116
          ],
          [
            -73.980148,
            40.576081
          ],
          [
            -73.979926,
            40.576051
          ],
          [
            -73.979681,
            40.575994
          ],
          [
            -73.979432,
            40.575935
          ],
          [
            -73.978145,
            40.575761
          ],
          [
            -73.977859,
            40.575737
          ],
          [
            -73.977706,
            40.575734
          ],
          [
            -73.97741,
            40.575744
          ],
          [
            -73.977099,
            40.575785
          ],
          [
            -73.976922,
            40.575818
          ],
          [
            -73.976541,
            40.575916
          ],
          [
            -73.975211,
            40.576341
          ],
          [
            -73.974857,
            40.576454
          ],
          [
            -73.97434,
            40.576614
          ],
          [
            -73.974076,
            40.576678
          ],
          [
            -73.973854,
            40.576711
          ],
          [
            -73.973587,
            40.57673
          ],
          [
            -73.973443,
            40.576734
          ],
          [
            -73.973296,
            40.576729
          ],
          [
            -73.971518,
            40.576571
          ],
          [
            -73.970554,
            40.576484
          ],
          [
            -73.970133,
            40.57642
          ],
          [
            -73.969606,
            40.57633
          ],
          [
            -73.969358,
            40.576301
          ],
          [
            -73.96879,
            40.576252
          ],
          [
            -73.968555,
            40.576238
          ],
          [
            -73.968342,
            40.576229
          ],
          [
            -73.968066,
            40.576227
          ],
          [
            -73.967863,
            40.576234
          ],
          [
            -73.967594,
            40.576255
          ],
          [
            -73.967348,
            40.576285
          ],
          [
            -73.967001,
            40.576343
          ],
          [
            -73.964042,
            40.576969,
            4.75
          ],
          [
            -73.962677,
            40.577258,
            4.75
          ],
          [
            -73.960328,
            40.577758,
            4.75
          ],
          [
            -73.96012,
            40.577809,
            4.75
          ],
          [
            -73.959997,
            40.577861,
            4.75
          ],
          [
            -73.959886,
            40.577919,
            4.75
          ],
          [
            -73.959768,
            40.578002,
            4.75
          ],
          [
            -73.95967,
            40.578089,
            4.75
          ],
          [
            -73.959532,
            40.578261,
            4.75
          ],
          [
            -73.959351,
            40.578519,
            4.75
          ],
          [
            -73.958973,
            40.579055,
            4.75
          ],
          [
            -73.958712,
            40.579413,
            4.75
          ],
          [
            -73.956219,
            40.582931,
            4.75
          ],
          [
            -73.954951,
            40.584701,
            3.5
          ],
          [
            -73.954608,
            40.585179,
            3.25
          ],
          [
            -73.954471,
            40.585382,
            3
          ],
          [
            -73.954343,
            40.5856,
            2.75
          ],
          [
            -73.954239,
            40.585843,
            2.75
          ],
          [
            -73.954171,
            40.58603,
            2.5
          ],
          [
            -73.954099,
            40.58629,
            2.5
          ],
          [
            -73.954062,
            40.586468,
            2.25
          ],
          [
            -73.95405,
            40.586578,
            2.25
          ],
          [
            -73.954014,
            40.587731,
            1.5
          ],
          [
            -73.953996,
            40.588145,
            1.25
          ],
          [
            -73.953989,
            40.588532,
            1.5
          ],
          [
            -73.954003,
            40.588909,
            0.75
          ],
          [
            -73.954055,
            40.589412,
            0.5
          ],
          [
            -73.954141,
            40.590015,
            1
          ],
          [
            -73.954178,
            40.590292,
            1.5
          ],
          [
            -73.954235,
            40.590667,
            2.5
          ],
          [
            -73.954551,
            40.592373,
            4.75
          ],
          [
            -73.954948,
            40.59444,
            6
          ],
          [
            -73.955031,
            40.594872,
            5.75
          ],
          [
            -73.955065,
            40.595057,
            5.75
          ],
          [
            -73.955259,
            40.596102,
            5.25
          ],
          [
            -73.955366,
            40.596691,
            4
          ],
          [
            -73.955403,
            40.596889,
            4.5
          ],
          [
            -73.95577,
            40.598775,
            6
          ],
          [
            -73.955819,
            40.599025,
            6
          ],
          [
            -73.956018,
            40.600104,
            8.5
          ],
          [
            -73.956195,
            40.601058,
            6.25
          ],
          [
            -73.956233,
            40.601261,
            6.25
          ],
          [
            -73.956652,
            40.603458,
            7.75
          ],
          [
            -73.956686,
            40.60365,
            8
          ],
          [
            -73.957087,
            40.605756,
            7.5
          ],
          [
            -73.957132,
            40.605999,
            7.75
          ],
          [
            -73.957225,
            40.606478,
            9
          ],
          [
            -73.957326,
            40.607015,
            11
          ],
          [
            -73.957456,
            40.607713,
            11
          ],
          [
            -73.957655,
            40.608868,
            10.5
          ],
          [
            -73.957705,
            40.609138,
            10.5
          ],
          [
            -73.957813,
            40.609636,
            11.25
          ],
          [
            -73.957872,
            40.609906,
            11.75
          ],
          [
            -73.957952,
            40.610329,
            10.75
          ],
          [
            -73.958009,
            40.610627,
            9.75
          ],
          [
            -73.958444,
            40.612914,
            10
          ],
          [
            -73.958489,
            40.613159,
            9.5
          ],
          [
            -73.958943,
            40.615556,
            10.5
          ],
          [
            -73.958991,
            40.615811,
            10
          ],
          [
            -73.959392,
            40.617925,
            10.25
          ],
          [
            -73.959447,
            40.618215,
            9.75
          ],
          [
            -73.959495,
            40.618473,
            9.5
          ],
          [
            -73.959495,
            40.618475,
            9.5
          ],
          [
            -73.959522,
            40.61862,
            9.25
          ],
          [
            -73.95956,
            40.618804,
            9
          ],
          [
            -73.959656,
            40.619323,
            9.25
          ],
          [
            -73.959687,
            40.619492,
            10
          ],
          [
            -73.959849,
            40.620351,
            10.25
          ],
          [
            -73.959899,
            40.620607,
            9.5
          ],
          [
            -73.960304,
            40.622738,
            12
          ],
          [
            -73.960348,
            40.622974,
            12.25
          ],
          [
            -73.960731,
            40.624954,
            12.25
          ],
          [
            -73.960764,
            40.625134,
            12
          ],
          [
            -73.960807,
            40.625374,
            11.5
          ],
          [
            -73.960891,
            40.625824,
            11
          ],
          [
            -73.96139,
            40.628491,
            16.5
          ],
          [
            -73.961502,
            40.628981,
            15.5
          ],
          [
            -73.961716,
            40.629826,
            15
          ],
          [
            -73.961778,
            40.63012,
            15
          ],
          [
            -73.96188,
            40.630625,
            15
          ],
          [
            -73.962174,
            40.632171,
            11.5
          ],
          [
            -73.962564,
            40.634231,
            11.75
          ],
          [
            -73.962589,
            40.634429,
            11.75
          ],
          [
            -73.962601,
            40.634634,
            11.75
          ],
          [
            -73.96275,
            40.635454,
            11.75
          ],
          [
            -73.962845,
            40.635865,
            12
          ],
          [
            -73.962885,
            40.635982,
            12
          ],
          [
            -73.962935,
            40.636158,
            11.75
          ],
          [
            -73.963894,
            40.641239,
            12.75
          ],
          [
            -73.963965,
            40.641617,
            12.25
          ],
          [
            -73.964025,
            40.64193,
            12.25
          ],
          [
            -73.964453,
            40.644182,
            14.5
          ],
          [
            -73.964488,
            40.644533,
            15.25
          ],
          [
            -73.964489,
            40.645034,
            16.5
          ],
          [
            -73.964431,
            40.645548,
            17.75
          ],
          [
            -73.964353,
            40.645885,
            18.25
          ],
          [
            -73.963442,
            40.648871,
            21
          ],
          [
            -73.963315,
            40.649263,
            21.25
          ],
          [
            -73.963137,
            40.649665,
            21.75
          ],
          [
            -73.962976,
            40.650148,
            22.25
          ],
          [
            -73.962708,
            40.651041,
            23
          ],
          [
            -73.962643,
            40.651287,
            23.25
          ],
          [
            -73.9625,
            40.651868,
            24
          ],
          [
            -73.962117,
            40.653145,
            24
          ],
          [
            -73.961924,
            40.653742,
            23.75
          ],
          [
            -73.961546,
            40.654918,
            23.5
          ],
          [
            -73.961401,
            40.655395,
            23.5
          ],
          [
            -73.961359,
            40.655603,
            23.5
          ],
          [
            -73.961307,
            40.655941,
            24.25
          ],
          [
            -73.961303,
            40.656007,
            24.25
          ],
          [
            -73.961299,
            40.656559,
            23.5
          ],
          [
            -73.961318,
            40.65672,
            23.25
          ],
          [
            -73.96149,
            40.657815,
            23
          ],
          [
            -73.961629,
            40.658392,
            26.5
          ],
          [
            -73.961665,
            40.658617,
            29
          ],
          [
            -73.96175,
            40.659146,
            33.75
          ],
          [
            -73.961887,
            40.659978,
            30
          ],
          [
            -73.961927,
            40.660225,
            29.75
          ],
          [
            -73.962001,
            40.660563,
            28
          ],
          [
            -73.962072,
            40.660768,
            27
          ],
          [
            -73.962138,
            40.661016,
            26
          ],
          [
            -73.962286,
            40.661959,
            25.75
          ],
          [
            -73.962396,
            40.662653,
            25.75
          ],
          [
            -73.962432,
            40.66295,
            25.5
          ],
          [
            -73.962502,
            40.663209,
            25.5
          ],
          [
            -73.96266,
            40.66358,
            25.5
          ],
          [
            -73.969053,
            40.672722,
            24
          ],
          [
            -73.969381,
            40.673262,
            24
          ],
          [
            -73.969744,
            40.673776,
            23.75
          ],
          [
            -73.970798,
            40.674932,
            23.75
          ],
          [
            -73.971473,
            40.675861,
            23.5
          ],
          [
            -73.97316,
            40.678187,
            23
          ],
          [
            -73.974682,
            40.680287,
            22.75
          ],
          [
            -73.97641,
            40.682688,
            22.5
          ],
          [
            -73.97657,
            40.682985,
            22.25
          ],
          [
            -73.976667,
            40.683287,
            22.25
          ],
          [
            -73.97698,
            40.685218,
            22
          ],
          [
            -73.977375,
            40.687267,
            21.75
          ],
          [
            -73.977404,
            40.687374,
            21.75
          ],
          [
            -73.97746,
            40.687474,
            21.75
          ],
          [
            -73.977498,
            40.687521,
            21.75
          ],
          [
            -73.977591,
            40.687604,
            21.75
          ],
          [
            -73.977704,
            40.687672,
            21.75
          ],
          [
            -73.97825,
            40.687891,
            21.5
          ],
          [
            -73.978864,
            40.688224,
            21.5
          ],
          [
            -73.979868,
            40.688732,
            21.25
          ],
          [
            -73.980386,
            40.689013,
            21.25
          ],
          [
            -73.980527,
            40.689095,
            21.25
          ],
          [
            -73.980659,
            40.689184,
            21.25
          ],
          [
            -73.980783,
            40.689281,
            21.25
          ],
          [
            -73.980898,
            40.689383,
            21.25
          ],
          [
            -73.981003,
            40.689492,
            21.25
          ],
          [
            -73.981097,
            40.689606,
            21.25
          ],
          [
            -73.98118,
            40.689725,
            21.25
          ],
          [
            -73.981252,
            40.689848,
            21.25
          ],
          [
            -73.98203,
            40.691413,
            21
          ],
          [
            -73.982185,
            40.691726,
            20.75
          ],
          [
            -73.982471,
            40.692167,
            20.75
          ],
          [
            -73.982671,
            40.69249,
            20.75
          ],
          [
            -73.983242,
            40.693629,
            20.5
          ],
          [
            -73.983571,
            40.694273,
            20.5
          ],
          [
            -73.983846,
            40.694824,
            20.5
          ],
          [
            -73.984156,
            40.695442,
            20.25
          ],
          [
            -73.984934,
            40.697047,
            20
          ],
          [
            -73.985125,
            40.697419,
            20
          ],
          [
            -73.985511,
            40.698024,
            20
          ],
          [
            -73.986474,
            40.699737,
            19.75
          ],
          [
            -73.994645,
            40.714348,
            19.75
          ],
          [
            -73.995022,
            40.715037
          ],
          [
            -73.995193,
            40.715284
          ],
          [
            -73.995324,
            40.715437
          ],
          [
            -73.996046,
            40.716153
          ],
          [
            -73.996163,
            40.716256
          ],
          [
            -73.996299,
            40.716344
          ],
          [
            -73.996454,
            40.716417
          ],
          [
            -73.998614,
            40.717178
          ],
          [
            -73.998786,
            40.717246
          ],
          [
            -73.998949,
            40.717327
          ],
          [
            -73.999084,
            40.717419
          ],
          [
            -74.001107,
            40.718875
          ],
          [
            -74.001419,
            40.7191
          ],
          [
            -74.001494,
            40.719177
          ],
          [
            -74.001553,
            40.71926
          ],
          [
            -74.001594,
            40.71935
          ],
          [
            -74.001616,
            40.719444
          ],
          [
            -74.001619,
            40.719539
          ],
          [
            -74.001603,
            40.719633
          ],
          [
            -74.001568,
            40.719724
          ],
          [
            -74.001514,
            40.719811
          ],
          [
            -74.000583,
            40.720914
          ],
          [
            -73.999075,
            40.722696
          ],
          [
            -73.998791,
            40.723031
          ],
          [
            -73.991546,
            40.731591
          ],
          [
            -73.991472,
            40.731686
          ],
          [
            -73.991419,
            40.731788
          ],
          [
            -73.991388,
            40.731896
          ],
          [
            -73.991124,
            40.733082
          ],
          [
            -73.990818,
            40.734515
          ],
          [
            -73.990355,
            40.736536
          ],
          [
            -73.990251,
            40.737099
          ],
          [
            -73.990192,
            40.737417
          ],
          [
            -73.98965,
            40.73951
          ],
          [
            -73.989602,
            40.739732
          ],
          [
            -73.989562,
            40.739966
          ],
          [
            -73.989153,
            40.742953
          ],
          [
            -73.988451,
            40.74666
          ],
          [
            -73.987794,
            40.750318
          ],
          [
            -73.987699,
            40.75085
          ],
          [
            -73.987635,
            40.751075
          ],
          [
            -73.987572,
            40.751301
          ],
          [
            -73.987432,
            40.752081
          ],
          [
            -73.987394,
            40.752255
          ],
          [
            -73.987179,
            40.753088
          ],
          [
            -73.986848,
            40.753876
          ],
          [
            -73.98634,
            40.755482
          ],
          [
            -73.986181,
            40.756246
          ],
          [
            -73.986091,
            40.756507
          ],
          [
            -73.985985,
            40.756767
          ],
          [
            -73.985594,
            40.757564
          ],
          [
            -73.985379,
            40.757958
          ],
          [
            -73.985069,
            40.758458
          ],
          [
            -73.983378,
            40.760805
          ],
          [
            -73.982535,
            40.761977
          ],
          [
            -73.982318,
            40.762315
          ],
          [
            -73.982101,
            40.762653
          ],
          [
            -73.981469,
            40.763529
          ],
          [
            -73.979955,
            40.765602
          ],
          [
            -73.979284,
            40.76653
          ],
          [
            -73.978441,
            40.767646
          ],
          [
            -73.978189,
            40.767934
          ],
          [
            -73.977886,
            40.768192
          ],
          [
            -73.977538,
            40.768416
          ],
          [
            -73.977153,
            40.768601
          ],
          [
            -73.976738,
            40.768743
          ],
          [
            -73.9763,
            40.768841
          ],
          [
            -73.975849,
            40.768891
          ],
          [
            -73.975393,
            40.768893
          ],
          [
            -73.975153,
            40.768869
          ],
          [
            -73.974941,
            40.768848
          ],
          [
            -73.974502,
            40.768755
          ],
          [
            -73.974084,
            40.768616
          ],
          [
            -73.973696,
            40.768435
          ],
          [
            -73.973344,
            40.768215
          ],
          [
            -73.972026,
            40.767229
          ],
          [
            -73.971865,
            40.76712
          ],
          [
            -73.971675,
            40.767009
          ],
          [
            -73.971471,
            40.76691
          ],
          [
            -73.968955,
            40.765855
          ],
          [
            -73.968738,
            40.765764
          ],
          [
            -73.968147,
            40.765516
          ],
          [
            -73.967299,
            40.765182
          ],
          [
            -73.964864,
            40.764153
          ],
          [
            -73.964484,
            40.763992
          ],
          [
            -73.964086,
            40.76385
          ],
          [
            -73.963658,
            40.76377
          ],
          [
            -73.963218,
            40.763756
          ],
          [
            -73.962783,
            40.763808
          ],
          [
            -73.962371,
            40.763924
          ],
          [
            -73.961997,
            40.7641
          ],
          [
            -73.961676,
            40.764329
          ],
          [
            -73.961419,
            40.764601
          ],
          [
            -73.959455,
            40.767215
          ],
          [
            -73.958391,
            40.768681
          ],
          [
            -73.952832,
            40.776296
          ],
          [
            -73.951756,
            40.777761
          ],
          [
            -73.949754,
            40.780524
          ],
          [
            -73.948173,
            40.782698
          ],
          [
            -73.947106,
            40.784161
          ],
          [
            -73.94602,
            40.785685
          ],
          [
            -73.945853,
            40.785913
          ]
        ]
      }
    }
  ]
}