{
  "type": "FeatureCollection",
  "features": [
    {
      "type": "Feature",
      "properties": {
        "creator": "BRouter-1.7.9",
        "name": "[MTA] 3 Train",
        "track-length": "58760",
        "filtered ascend": "7",
        "plain-ascend": "-16",
        "total-time": "4700",
        "total-energy": "2573679",
        "cost": "117520",
        "messages": [
          [
            "Longitude",
            "Latitude",
            "Elevation",
            "Distance",
            "CostPerKm",
            "ElevCost",
            "TurnCost",
            "NodeCost",
            "InitialCost",
            "WayTags",
            "NodeTags",
            "Time",
            "Energy"
          ],
          [
            "-73883166",
            "40666415",
            "-8192",
            "1",
            "2000",
            "0",
            "0",
            "0",
            "0",
            "railway=subway",
            "wheelchair=no railway=halt",
            "0",
            "43"
          ],
          [
            "-73886147",
            "40665974",
            "-8192",
            "257",
            "2000",
            "0",
            "0",
            "0",
            "0",
            "railway=subway",
            "railway=switch",
            "20",
            "11348"
          ],
          [
            "-73886220",
            "40665963",
            "-8192",
            "6",
            "2000",
            "0",
            "0",
            "0",
            "0",
            "railway=subway",
            "railway=switch",
            "21",
            "11612"
          ],
          [
            "-73890424",
            "40665339",
            "-8192",
            "362",
            "2000",
            "0",
            "0",
            "0",
            "0",
            "railway=subway",
            "wheelchair=no railway=halt",
            "50",
            "27534"
          ],
          [
            "-73895844",
            "40664534",
            "-8192",
            "467",
            "2000",
            "0",
            "0",
            "0",
            "0",
            "railway=subway",
            "wheelchair=no railway=halt",
            "87",
            "48075"
          ],
          [
            "-73899554",
            "40663985",
            "-8192",
            "320",
            "2000",
            "0",
            "0",
            "0",
            "0",
            "railway=subway",
            "railway=switch",
            "113",
            "62151"
          ],
          [
            "-73899957",
            "40663925",
            "-8192",
            "35",
            "2000",
            "0",
            "0",
            "0",
            "0",
            "railway=subway",
            "",
            "115",
            "63690"
          ],
          [
            "-73900263",
            "40663880",
            "-8192",
            "26",
            "2000",
            "0",
            "0",
            "0",
            "0",
            "railway=subway",
            "railway=switch",
            "2",
            "1143"
          ],
          [
            "-73903400",
            "40663412",
            "-8192",
            "270",
            "2000",
            "0",
            "0",
            "0",
            "0",
            "railway=subway",
            "wheelchair=no railway=halt",
            "23",
            "13019"
          ],
          [
            "-73904109",
            "40663305",
            "-8192",
            "61",
            "2000",
            "0",
            "0",
            "0",
            "0",
            "railway=subway",
            "railway=switch",
            "28",
            "15702"
          ],
          [
            "-73909933",
            "40662444",
            "-8192",
            "502",
            "2000",
            "0",
            "0",
            "0",
            "0",
            "railway=subway",
            "wheelchair=no railway=halt",
            "68",
            "37783"
          ],
          [
            "-73917277",
            "40661355",
            "-8192",
            "633",
            "2000",
            "0",
            "0",
            "0",
            "0",
            "railway=subway",
            "wheelchair=no railway=halt",
            "119",
            "65625"
          ],
          [
            "-73923170",
            "40665274",
            "-8192",
            "701",
            "2000",
            "0",
            "0",
            "0",
            "0",
            "railway=subway",
            "wheelchair=no railway=halt",
            "175",
            "96459"
          ],
          [
            "-73929789",
            "40668712",
            "-8192",
            "763",
            "2000",
            "0",
            "0",
            "0",
            "0",
            "railway=subway",
            "railway=switch",
            "236",
            "133308"
          ],
          [
            "-73933865",
            "40668937",
            "-8192",
            "346",
            "2000",
            "0",
            "0",
            "0",
            "0",
            "railway=subway",
            "wheelchair=yes railway=halt",
            "264",
            "148549"
          ],
          [
            "-73943115",
            "40669454",
            "-8192",
            "784",
            "2000",
            "0",
            "0",
            "0",
            "0",
            "railway=subway",
            "wheelchair=no railway=halt",
            "326",
            "183034"
          ],
          [
            "-73951347",
            "40669908",
            "-8192",
            "698",
            "2000",
            "0",
            "0",
            "0",
            "0",
            "railway=subway",
            "wheelchair=no railway=halt",
            "382",
            "213736"
          ],
          [
            "-73951829",
            "40669934",
            "-8192",
            "41",
            "2000",
            "0",
            "0",
            "0",
            "0",
            "railway=subway",
            "railway=switch",
            "385",
            "216430"
          ],
          [
            "-73952751",
            "40669981",
            "-8192",
            "78",
            "2000",
            "0",
            "0",
            "0",
            "0",
            "railway=subway",
            "railway=switch",
            "392",
            "220813"
          ],
          [
            "-73953194",
            "40670037",
            "-8192",
            "38",
            "2000",
            "0",
            "0",
            "0",
            "0",
            "railway=subway",
            "railway=switch",
            "395",
            "222739"
          ],
          [
            "-73957629",
            "40670627",
            "-8192",
            "383",
            "2000",
            "0",
            "0",
            "0",
            "0",
            "railway=subway",
            "",
            "425",
            "240125"
          ],
          [
            "-73958866",
            "40670875",
            "-8192",
            "108",
            "2000",
            "0",
            "0",
            "0",
            "0",
            "railway=subway",
            "wheelchair=limited railway=halt",
            "8",
            "4750"
          ],
          [
            "-73978109",
            "40685051",
            "-8192",
            "2431",
            "2000",
            "0",
            "0",
            "0",
            "0",
            "railway=subway",
            "wheelchair=yes railway=halt",
            "203",
            "111678"
          ],
          [
            "-73979659",
            "40687142",
            "-8192",
            "267",
            "2000",
            "0",
            "0",
            "0",
            "0",
            "railway=subway",
            "railway=switch",
            "224",
            "123422"
          ],
          [
            "-73979780",
            "40687345",
            "-8192",
            "25",
            "2000",
            "0",
            "0",
            "0",
            "0",
            "railway=subway",
            "railway=unknown",
            "226",
            "124522"
          ],
          [
            "-73979827",
            "40687520",
            "-8192",
            "20",
            "2000",
            "0",
            "0",
            "0",
            "0",
            "railway=subway",
            "railway=switch",
            "228",
            "125401"
          ],
          [
            "-73980723",
            "40688763",
            "-8192",
            "157",
            "2000",
            "0",
            "0",
            "0",
            "0",
            "railway=subway",
            "wheelchair=no railway=halt",
            "240",
            "132307"
          ],
          [
            "-73985710",
            "40690855",
            "-8192",
            "483",
            "2000",
            "0",
            "0",
            "0",
            "0",
            "railway=subway",
            "wheelchair=no railway=halt",
            "279",
            "153552"
          ],
          [
            "-73990380",
            "40693997",
            "-8192",
            "552",
            "2000",
            "0",
            "0",
            "0",
            "0",
            "railway=subway",
            "wheelchair=yes railway=halt",
            "323",
            "177832"
          ],
          [
            "-73993766",
            "40697687",
            "-8192",
            "556",
            "2000",
            "0",
            "0",
            "0",
            "0",
            "railway=subway",
            "wheelchair=no railway=halt",
            "367",
            "202288"
          ],
          [
            "-74008372",
            "40707568",
            "-8192",
            "1942",
            "2000",
            "0",
            "0",
            "0",
            "0",
            "railway=subway",
            "wheelchair=yes railway=halt",
            "523",
            "287707"
          ],
          [
            "-74005986",
            "40709963",
            "-8192",
            "334",
            "2000",
            "0",
            "0",
            "0",
            "0",
            "railway=subway",
            "wheelchair=yes railway=halt",
            "550",
            "302398"
          ],
          [
            "-74009871",
            "40713549",
            "-8192",
            "557",
            "2000",
            "0",
            "0",
            "0",
            "0",
            "railway=subway",
            "wheelchair=no railway=halt",
            "594",
            "326898"
          ],
          [
            "-74008664",
            "40716196",
            "-8192",
            "340",
            "2000",
            "0",
            "0",
            "0",
            "0",
            "railway=subway",
            "wheelchair=yes railway=halt",
            "621",
            "341853"
          ],
          [
            "-74008602",
            "40716274",
            "-8192",
            "10",
            "2000",
            "0",
            "0",
            "0",
            "0",
            "railway=subway",
            "railway=switch",
            "622",
            "342293"
          ],
          [
            "-74008549",
            "40716342",
            "-8192",
            "9",
            "2000",
            "0",
            "0",
            "0",
            "0",
            "railway=subway",
            "railway=switch",
            "623",
            "342689"
          ],
          [
            "-74008459",
            "40716455",
            "-8192",
            "15",
            "2000",
            "0",
            "0",
            "0",
            "0",
            "railway=subway",
            "",
            "624",
            "343348"
          ],
          [
            "-74008339",
            "40716607",
            "-8192",
            "20",
            "2000",
            "0",
            "0",
            "0",
            "0",
            "railway=subway",
            "railway=switch",
            "1",
            "879"
          ],
          [
            "-74008263",
            "40716703",
            "-8192",
            "12",
            "2000",
            "0",
            "0",
            "0",
            "0",
            "railway=subway",
            "railway=switch",
            "2",
            "1407"
          ],
          [
            "-74007700",
            "40717418",
            "-8192",
            "93",
            "2000",
            "0",
            "0",
            "0",
            "0",
            "railway=subway",
            "",
            "10",
            "5498"
          ],
          [
            "-73999647",
            "40738560",
            "-8192",
            "2473",
            "2000",
            "0",
            "0",
            "0",
            "0",
            "railway=subway",
            "wheelchair=no railway=halt",
            "197",
            "108775"
          ],
          [
            "-73999396",
            "40738903",
            "-8192",
            "44",
            "2000",
            "0",
            "0",
            "0",
            "0",
            "railway=subway",
            "railway=switch",
            "201",
            "110710"
          ],
          [
            "-73999327",
            "40738997",
            "-8192",
            "12",
            "2000",
            "0",
            "0",
            "0",
            "0",
            "railway=subway",
            "railway=switch",
            "202",
            "111238"
          ],
          [
            "-73990362",
            "40751288",
            "-8192",
            "1560",
            "2000",
            "0",
            "0",
            "0",
            "0",
            "railway=subway",
            "wheelchair=yes railway=halt",
            "327",
            "179855"
          ],
          [
            "-73990303",
            "40751369",
            "-8192",
            "10",
            "2000",
            "0",
            "0",
            "0",
            "0",
            "railway=subway",
            "railway=switch",
            "327",
            "180295"
          ],
          [
            "-73989912",
            "40751907",
            "-8192",
            "68",
            "2000",
            "0",
            "0",
            "0",
            "0",
            "railway=subway",
            "railway=switch",
            "333",
            "183286"
          ],
          [
            "-73989817",
            "40752037",
            "-8192",
            "17",
            "2000",
            "0",
            "0",
            "0",
            "0",
            "railway=subway",
            "",
            "334",
            "184034"
          ],
          [
            "-73988483",
            "40753872",
            "-8192",
            "233",
            "2000",
            "0",
            "0",
            "0",
            "0",
            "railway=subway",
            "railway=switch",
            "18",
            "10248"
          ],
          [
            "-73988103",
            "40754429",
            "-8192",
            "70",
            "2000",
            "0",
            "0",
            "0",
            "0",
            "railway=subway",
            "railway=switch",
            "24",
            "13327"
          ],
          [
            "-73987095",
            "40755832",
            "-8192",
            "178",
            "2000",
            "0",
            "0",
            "0",
            "0",
            "railway=subway",
            "wheelchair=yes railway=halt",
            "38",
            "21156"
          ],
          [
            "-73981752",
            "40779362",
            "-8192",
            "2710",
            "2000",
            "0",
            "0",
            "0",
            "0",
            "railway=subway",
            "wheelchair=yes railway=halt",
            "255",
            "140356"
          ],
          [
            "-73971774",
            "40794656",
            "-8192",
            "1910",
            "2000",
            "0",
            "0",
            "0",
            "0",
            "railway=subway",
            "wheelchair=yes railway=halt",
            "408",
            "224368"
          ],
          [
            "-73971605",
            "40794888",
            "-8192",
            "29",
            "2000",
            "0",
            "0",
            "0",
            "0",
            "railway=subway",
            "railway=switch",
            "410",
            "225644"
          ],
          [
            "-73971448",
            "40795104",
            "-8192",
            "27",
            "2000",
            "0",
            "0",
            "0",
            "0",
            "railway=subway",
            "railway=switch",
            "412",
            "226831"
          ],
          [
            "-73971320",
            "40795278",
            "-8192",
            "22",
            "2000",
            "0",
            "0",
            "0",
            "0",
            "railway=subway",
            "railway=switch",
            "414",
            "227799"
          ],
          [
            "-73971258",
            "40795397",
            "-8192",
            "14",
            "2000",
            "0",
            "0",
            "0",
            "0",
            "railway=subway",
            "railway=unknown",
            "415",
            "228415"
          ],
          [
            "-73971156",
            "40795502",
            "-8192",
            "14",
            "2000",
            "0",
            "0",
            "0",
            "0",
            "railway=subway",
            "railway=switch",
            "416",
            "229031"
          ],
          [
            "-73967207",
            "40799302",
            "-8192",
            "572",
            "2000",
            "0",
            "0",
            "0",
            "0",
            "railway=subway",
            "",
            "462",
            "254190"
          ],
          [
            "-73951441",
            "40799672",
            "-8192",
            "1516",
            "2000",
            "0",
            "0",
            "0",
            "0",
            "railway=subway",
            "wheelchair=no railway=halt",
            "121",
            "66681"
          ],
          [
            "-73949142",
            "40802836",
            "-8192",
            "402",
            "2000",
            "0",
            "0",
            "0",
            "0",
            "railway=subway",
            "wheelchair=no railway=halt",
            "153",
            "84363"
          ],
          [
            "-73945048",
            "40808402",
            "-8192",
            "708",
            "2000",
            "0",
            "0",
            "0",
            "0",
            "railway=subway",
            "wheelchair=no railway=halt",
            "210",
            "115505"
          ],
          [
            "-73940410",
            "40814740",
            "-8192",
            "805",
            "2000",
            "0",
            "0",
            "0",
            "0",
            "railway=subway",
            "wheelchair=yes railway=halt",
            "274",
            "150913"
          ],
          [
            "-73937975",
            "40818033",
            "-8192",
            "419",
            "2000",
            "0",
            "0",
            "0",
            "0",
            "railway=subway",
            "railway=switch",
            "308",
            "169343"
          ],
          [
            "-73937784",
            "40818292",
            "-8192",
            "33",
            "2000",
            "0",
            "0",
            "0",
            "0",
            "railway=subway",
            "railway=switch",
            "310",
            "170794"
          ],
          [
            "-73937661",
            "40818458",
            "-8192",
            "21",
            "2000",
            "0",
            "0",
            "0",
            "0",
            "railway=subway",
            "railway=switch",
            "312",
            "171718"
          ],
          [
            "-73937507",
            "40818670",
            "-8192",
            "27",
            "2000",
            "0",
            "0",
            "0",
            "0",
            "railway=subway",
            "railway=unknown",
            "314",
            "172906"
          ],
          [
            "-73935915",
            "40820850",
            "-8192",
            "276",
            "2000",
            "0",
            "0",
            "0",
            "0",
            "railway=subway",
            "wheelchair=no railway=halt",
            "336",
            "185045"
          ],
          [
            "-73934908",
            "40822050",
            "-8192",
            "158",
            "2000",
            "0",
            "0",
            "0",
            "0",
            "railway=subway",
            "railway=switch",
            "349",
            "191995"
          ],
          [
            "-73934702",
            "40822325",
            "-8192",
            "35",
            "2000",
            "0",
            "0",
            "0",
            "0",
            "railway=subway",
            "railway=switch",
            "352",
            "193535"
          ],
          [
            "-73934567",
            "40822512",
            "4",
            "24",
            "2000",
            "0",
            "0",
            "0",
            "0",
            "railway=subway",
            "railway=switch",
            "353",
            "194427"
          ],
          [
            "-73936739",
            "40824023",
            "-8192",
            "274",
            "2000",
            "0",
            "0",
            "0",
            "0",
            "railway=subway",
            "wheelchair=no railway=halt",
            "375",
            "205750"
          ],
          [
            "-73936808",
            "40824051",
            "-8192",
            "7",
            "2000",
            "0",
            "0",
            "0",
            "0",
            "railway=subway",
            "",
            "376",
            "206058"
          ],
          [
            "-73936739",
            "40824023",
            "-8192",
            "7",
            "2000",
            "0",
            "0",
            "0",
            "0",
            "reversedirection=yes railway=subway",
            "wheelchair=no railway=halt",
            "0",
            "307"
          ],
          [
            "-73934567",
            "40822512",
            "4",
            "274",
            "2000",
            "0",
            "0",
            "0",
            "0",
            "reversedirection=yes railway=subway",
            "railway=switch",
            "22",
            "11901"
          ],
          [
            "-73934702",
            "40822325",
            "-8192",
            "24",
            "2000",
            "0",
            "0",
            "0",
            "0",
            "reversedirection=yes railway=subway",
            "railway=switch",
            "24",
            "13243"
          ],
          [
            "-73934825",
            "40822195",
            "-8192",
            "18",
            "2000",
            "0",
            "0",
            "0",
            "0",
            "railway=subway",
            "railway=unknown",
            "25",
            "14209"
          ],
          [
            "-73934949",
            "40822064",
            "-8192",
            "18",
            "2000",
            "0",
            "0",
            "0",
            "0",
            "railway=subway",
            "railway=switch",
            "27",
            "15145"
          ],
          [
            "-73935863",
            "40821000",
            "-8192",
            "141",
            "2000",
            "0",
            "0",
            "0",
            "0",
            "railway=subway",
            "",
            "38",
            "21904"
          ],
          [
            "-73936542",
            "40820077",
            "-8192",
            "117",
            "2000",
            "0",
            "0",
            "0",
            "0",
            "railway=subway",
            "wheelchair=no railway=halt",
            "9",
            "5146"
          ],
          [
            "-73937700",
            "40818474",
            "-8192",
            "203",
            "2000",
            "0",
            "0",
            "0",
            "0",
            "railway=subway",
            "railway=switch",
            "25",
            "14075"
          ],
          [
            "-73937822",
            "40818308",
            "-8192",
            "21",
            "2000",
            "0",
            "0",
            "0",
            "0",
            "railway=subway",
            "railway=switch",
            "27",
            "14998"
          ],
          [
            "-73938014",
            "40818049",
            "-8192",
            "33",
            "2000",
            "0",
            "0",
            "0",
            "0",
            "railway=subway",
            "railway=switch",
            "29",
            "16450"
          ],
          [
            "-73941359",
            "40813527",
            "-8192",
            "576",
            "2000",
            "0",
            "0",
            "0",
            "0",
            "railway=subway",
            "wheelchair=yes railway=halt",
            "76",
            "41785"
          ],
          [
            "-73945992",
            "40807184",
            "-8192",
            "806",
            "2000",
            "0",
            "0",
            "0",
            "0",
            "railway=subway",
            "wheelchair=no railway=halt",
            "140",
            "77238"
          ],
          [
            "-73950070",
            "40801625",
            "-8192",
            "707",
            "2000",
            "0",
            "0",
            "0",
            "0",
            "railway=subway",
            "wheelchair=no railway=halt",
            "197",
            "108335"
          ],
          [
            "-73952506",
            "40798522",
            "-8192",
            "403",
            "2000",
            "0",
            "0",
            "0",
            "0",
            "railway=subway",
            "wheelchair=no railway=halt",
            "229",
            "126061"
          ],
          [
            "-73971198",
            "40795514",
            "-8192",
            "1927",
            "2000",
            "0",
            "0",
            "0",
            "0",
            "railway=subway",
            "railway=switch",
            "383",
            "210821"
          ],
          [
            "-73971359",
            "40795293",
            "-8192",
            "28",
            "2000",
            "0",
            "0",
            "0",
            "0",
            "railway=subway",
            "railway=switch",
            "385",
            "212052"
          ],
          [
            "-73971486",
            "40795119",
            "-8192",
            "22",
            "2000",
            "0",
            "0",
            "0",
            "0",
            "railway=subway",
            "railway=switch",
            "387",
            "213020"
          ],
          [
            "-73971643",
            "40794905",
            "-8192",
            "27",
            "2000",
            "0",
            "0",
            "0",
            "0",
            "railway=subway",
            "railway=switch",
            "389",
            "214208"
          ],
          [
            "-73972757",
            "40793380",
            "-8192",
            "194",
            "2000",
            "0",
            "0",
            "0",
            "0",
            "railway=subway",
            "wheelchair=yes railway=halt",
            "405",
            "222741"
          ],
          [
            "-73982098",
            "40777860",
            "-8192",
            "1916",
            "2000",
            "0",
            "0",
            "0",
            "0",
            "railway=subway",
            "wheelchair=yes railway=halt",
            "558",
            "307017"
          ],
          [
            "-73988039",
            "40754599",
            "-8192",
            "2698",
            "2000",
            "0",
            "0",
            "0",
            "0",
            "railway=subway",
            "wheelchair=yes railway=halt",
            "774",
            "425689"
          ],
          [
            "-73988139",
            "40754449",
            "-8192",
            "19",
            "2000",
            "0",
            "0",
            "0",
            "0",
            "railway=subway",
            "railway=switch",
            "775",
            "426525"
          ],
          [
            "-73988559",
            "40753905",
            "-8192",
            "70",
            "2000",
            "0",
            "0",
            "0",
            "0",
            "railway=subway",
            "railway=switch",
            "781",
            "429604"
          ],
          [
            "-73989762",
            "40752252",
            "-8192",
            "210",
            "2000",
            "0",
            "0",
            "0",
            "0",
            "railway=subway",
            "",
            "798",
            "438840"
          ],
          [
            "-73989991",
            "40751937",
            "-8192",
            "40",
            "2000",
            "0",
            "0",
            "0",
            "0",
            "railway=subway",
            "railway=switch",
            "3",
            "1759"
          ],
          [
            "-73990378",
            "40751403",
            "-8192",
            "68",
            "2000",
            "0",
            "0",
            "0",
            "0",
            "railway=subway",
            "railway=switch",
            "8",
            "4750"
          ],
          [
            "-73991348",
            "40750079",
            "-8192",
            "168",
            "2000",
            "0",
            "0",
            "0",
            "0",
            "railway=subway",
            "wheelchair=yes railway=halt",
            "22",
            "12139"
          ],
          [
            "-73992868",
            "40747914",
            "33",
            "273",
            "2000",
            "0",
            "0",
            "0",
            "0",
            "railway=subway",
            "highway=crossing estimated_crossing_class=0 crossing=traffic_signals",
            "43",
            "24147"
          ],
          [
            "-73995108",
            "40744835",
            "30",
            "391",
            "2000",
            "0",
            "0",
            "0",
            "0",
            "railway=subway",
            "highway=crossing estimated_crossing_class=0 crossing=traffic_signals",
            "75",
            "40606"
          ],
          [
            "-73995201",
            "40744707",
            "30",
            "16",
            "2000",
            "0",
            "0",
            "0",
            "0",
            "railway=subway",
            "highway=crossing estimated_crossing_class=0 crossing=traffic_signals",
            "76",
            "41190"
          ],
          [
            "-73996085",
            "40743493",
            "15",
            "154",
            "2000",
            "0",
            "0",
            "0",
            "0",
            "railway=subway",
            "highway=crossing estimated_crossing_class=0 crossing=traffic_signals",
            "88",
            "41190"
          ],
          [
            "-73999233",
            "40739194",
            "-8192",
            "546",
            "2000",
            "0",
            "0",
            "0",
            "0",
            "railway=subway",
            "",
            "132",
            "62327"
          ],
          [
            "-73999369",
            "40739009",
            "-8192",
            "24",
            "2000",
            "0",
            "0",
            "0",
            "0",
            "railway=subway",
            "railway=switch",
            "1",
            "1055"
          ],
          [
            "-73999485",
            "40738851",
            "-8192",
            "20",
            "2000",
            "0",
            "0",
            "0",
            "0",
            "railway=subway",
            "railway=switch",
            "3",
            "1935"
          ],
          [
            "-74000568",
            "40737342",
            "-8192",
            "191",
            "2000",
            "0",
            "0",
            "0",
            "0",
            "railway=subway",
            "wheelchair=no railway=halt",
            "18",
            "10336"
          ],
          [
            "-74008085",
            "40716995",
            "-8192",
            "2373",
            "2000",
            "0",
            "0",
            "0",
            "0",
            "railway=subway",
            "railway=switch",
            "208",
            "114713"
          ],
          [
            "-74008383",
            "40716617",
            "-8192",
            "49",
            "2000",
            "0",
            "0",
            "0",
            "0",
            "railway=subway",
            "railway=switch",
            "212",
            "116868"
          ],
          [
            "-74008585",
            "40716362",
            "-8192",
            "33",
            "2000",
            "0",
            "0",
            "0",
            "0",
            "railway=subway",
            "railway=switch",
            "215",
            "118320"
          ],
          [
            "-74008858",
            "40716015",
            "-8192",
            "45",
            "2000",
            "0",
            "0",
            "0",
            "0",
            "railway=subway",
            "railway=switch",
            "218",
            "120299"
          ],
          [
            "-74009655",
            "40715006",
            "-8192",
            "131",
            "2000",
            "0",
            "0",
            "0",
            "0",
            "railway=subway",
            "wheelchair=yes railway=halt",
            "229",
            "126061"
          ],
          [
            "-74008207",
            "40712680",
            "-8192",
            "363",
            "2000",
            "0",
            "0",
            "0",
            "0",
            "railway=subway",
            "wheelchair=no railway=halt",
            "258",
            "142028"
          ],
          [
            "-74007210",
            "40708843",
            "-8192",
            "543",
            "2000",
            "0",
            "0",
            "0",
            "0",
            "railway=subway",
            "wheelchair=yes railway=halt",
            "301",
            "165912"
          ],
          [
            "-74009489",
            "40706451",
            "-8192",
            "329",
            "2000",
            "0",
            "0",
            "0",
            "0",
            "railway=subway",
            "wheelchair=yes railway=halt",
            "328",
            "180383"
          ],
          [
            "-73992060",
            "40697165",
            "-8192",
            "1955",
            "2000",
            "0",
            "0",
            "0",
            "0",
            "railway=subway",
            "wheelchair=no railway=halt",
            "484",
            "266374"
          ],
          [
            "-73989609",
            "40692631",
            "-8192",
            "562",
            "2000",
            "0",
            "0",
            "0",
            "0",
            "railway=subway",
            "wheelchair=yes railway=halt",
            "529",
            "291094"
          ],
          [
            "-73984136",
            "40690110",
            "-8192",
            "548",
            "2000",
            "0",
            "0",
            "0",
            "0",
            "railway=subway",
            "wheelchair=no railway=halt",
            "573",
            "315198"
          ],
          [
            "-73980026",
            "40687435",
            "-8192",
            "476",
            "2000",
            "0",
            "0",
            "0",
            "0",
            "railway=subway",
            "wheelchair=no railway=halt",
            "611",
            "336135"
          ],
          [
            "-73978887",
            "40685927",
            "-8192",
            "194",
            "2000",
            "0",
            "0",
            "0",
            "0",
            "railway=subway",
            "railway=switch",
            "626",
            "344668"
          ],
          [
            "-73978720",
            "40685730",
            "-8192",
            "26",
            "2000",
            "0",
            "0",
            "0",
            "0",
            "railway=subway",
            "railway=unknown",
            "628",
            "345812"
          ],
          [
            "-73978554",
            "40685534",
            "-8192",
            "26",
            "2000",
            "0",
            "0",
            "0",
            "0",
            "railway=subway",
            "railway=switch",
            "631",
            "346955"
          ],
          [
            "-73977344",
            "40683788",
            "-8192",
            "219",
            "2000",
            "0",
            "0",
            "0",
            "0",
            "railway=subway",
            "wheelchair=yes railway=halt",
            "648",
            "356588"
          ],
          [
            "-73957360",
            "40670539",
            "-8192",
            "2416",
            "2000",
            "0",
            "0",
            "0",
            "0",
            "railway=subway",
            "",
            "841",
            "462856"
          ],
          [
            "-73957068",
            "40670481",
            "-8192",
            "26",
            "2000",
            "0",
            "0",
            "0",
            "0",
            "railway=subway",
            "wheelchair=limited railway=halt",
            "2",
            "1143"
          ],
          [
            "-73954183",
            "40670060",
            "-8192",
            "249",
            "2000",
            "0",
            "0",
            "0",
            "0",
            "railway=subway",
            "railway=switch",
            "22",
            "12095"
          ],
          [
            "-73953192",
            "40670002",
            "-8192",
            "84",
            "2000",
            "0",
            "0",
            "0",
            "0",
            "railway=subway",
            "railway=switch",
            "28",
            "15790"
          ],
          [
            "-73953112",
            "40669997",
            "-8192",
            "7",
            "2000",
            "0",
            "0",
            "0",
            "0",
            "railway=subway",
            "",
            "29",
            "16098"
          ],
          [
            "-73951829",
            "40669930",
            "-8192",
            "109",
            "2000",
            "0",
            "0",
            "0",
            "0",
            "railway=subway",
            "railway=switch",
            "8",
            "4794"
          ],
          [
            "-73949498",
            "40669806",
            "-8192",
            "198",
            "2000",
            "0",
            "0",
            "0",
            "0",
            "railway=subway",
            "wheelchair=no railway=halt",
            "24",
            "13503"
          ],
          [
            "-73941275",
            "40669358",
            "-8192",
            "697",
            "2000",
            "0",
            "0",
            "0",
            "0",
            "railway=subway",
            "wheelchair=no railway=halt",
            "80",
            "44161"
          ],
          [
            "-73932012",
            "40668835",
            "-8192",
            "786",
            "2000",
            "0",
            "0",
            "0",
            "0",
            "railway=subway",
            "wheelchair=yes railway=halt",
            "143",
            "78733"
          ],
          [
            "-73930606",
            "40668757",
            "-8192",
            "119",
            "2000",
            "0",
            "0",
            "0",
            "0",
            "railway=subway",
            "railway=switch",
            "152",
            "83967"
          ],
          [
            "-73929651",
            "40668703",
            "-8192",
            "81",
            "2000",
            "0",
            "0",
            "0",
            "0",
            "railway=subway",
            "railway=switch",
            "159",
            "87530"
          ],
          [
            "-73927314",
            "40668573",
            "-8192",
            "198",
            "2000",
            "0",
            "0",
            "0",
            "0",
            "railway=subway",
            "railway=switch",
            "175",
            "96239"
          ],
          [
            "-73927231",
            "40668569",
            "-8192",
            "7",
            "2000",
            "0",
            "0",
            "0",
            "0",
            "railway=subway",
            "railway=switch",
            "175",
            "96547"
          ],
          [
            "-73922051",
            "40664164",
            "-8192",
            "695",
            "2000",
            "0",
            "0",
            "0",
            "0",
            "railway=subway",
            "wheelchair=no railway=halt",
            "231",
            "123637"
          ],
          [
            "-73915371",
            "40661568",
            "-8192",
            "718",
            "2000",
            "0",
            "0",
            "0",
            "0",
            "railway=subway",
            "wheelchair=no railway=halt",
            "288",
            "155167"
          ],
          [
            "-73907957",
            "40662667",
            "-8192",
            "639",
            "2000",
            "0",
            "0",
            "0",
            "0",
            "railway=subway",
            "wheelchair=no railway=halt",
            "339",
            "183273"
          ],
          [
            "-73904093",
            "40663238",
            "-8192",
            "333",
            "2000",
            "0",
            "0",
            "0",
            "0",
            "railway=subway",
            "railway=switch",
            "366",
            "195366"
          ],
          [
            "-73903293",
            "40663357",
            "-8192",
            "69",
            "2000",
            "0",
            "0",
            "0",
            "0",
            "railway=subway",
            "",
            "371",
            "198354"
          ],
          [
            "-73901597",
            "40663611",
            "-8192",
            "146",
            "2000",
            "0",
            "0",
            "0",
            "0",
            "railway=subway",
            "wheelchair=no railway=halt",
            "11",
            "6421"
          ],
          [
            "-73901580",
            "40663614",
            "-8192",
            "1",
            "2000",
            "0",
            "0",
            "0",
            "0",
            "railway=subway",
            "railway=unknown",
            "11",
            "6465"
          ],
          [
            "-73900244",
            "40663811",
            "-8192",
            "115",
            "2000",
            "0",
            "0",
            "0",
            "0",
            "railway=subway",
            "railway=switch",
            "20",
            "11524"
          ],
          [
            "-73899532",
            "40663916",
            "-8192",
            "61",
            "2000",
            "0",
            "0",
            "0",
            "0",
            "railway=subway",
            "railway=switch",
            "25",
            "14207"
          ],
          [
            "-73893917",
            "40664750",
            "-8192",
            "483",
            "2000",
            "0",
            "0",
            "0",
            "0",
            "railway=subway",
            "wheelchair=no railway=halt",
            "64",
            "35452"
          ],
          [
            "-73888372",
            "40665574",
            "-8192",
            "478",
            "2000",
            "0",
            "0",
            "0",
            "0",
            "railway=subway",
            "wheelchair=no railway=halt",
            "102",
            "56477"
          ],
          [
            "-73888189",
            "40665601",
            "-8192",
            "16",
            "2000",
            "0",
            "0",
            "0",
            "0",
            "railway=subway",
            "",
            "104",
            "57180"
          ],
          [
            "-73886925",
            "40665788",
            "-8192",
            "109",
            "2000",
            "0",
            "0",
            "0",
            "0",
            "railway=subway",
            "railway=switch",
            "8",
            "4794"
          ],
          [
            "-73886220",
            "40665963",
            "-8192",
            "63",
            "2000",
            "0",
            "0",
            "0",
            "0",
            "railway=subway",
            "railway=switch",
            "13",
            "7565"
          ],
          [
            "-73886147",
            "40665974",
            "-8192",
            "6",
            "2000",
            "0",
            "0",
            "0",
            "0",
            "reversedirection=yes railway=subway",
            "railway=switch",
            "14",
            "7829"
          ],
          [
            "-73883166",
            "40666415",
            "-8192",
            "257",
            "2000",
            "0",
            "0",
            "0",
            "0",
            "reversedirection=yes railway=subway",
            "wheelchair=no railway=halt",
            "34",
            "19133"
          ],
          [
            "-73883164",
            "40666415",
            "-8192",
            "1",
            "2000",
            "0",
            "0",
            "0",
            "0",
            "reversedirection=yes railway=subway",
            "",
            "34",
            "19177"
          ]
        ],
        "times": [
          0,
          0.08,
          20.64,
          21.12,
          50.08,
          87.44,
          112.16,
          113.04,
          115.84,
          117.92,
          122.72,
          139.52,
          144.4,
          171.84,
          184.56,
          235.2,
          239.92,
          241.2,
          242.08,
          243.04,
          244.16,
          245.28,
          246.48,
          247.92,
          291.28,
          300.64,
          301.76,
          303.04,
          304.24,
          305.44,
          308.16,
          313.52,
          315.36,
          316.96,
          318.48,
          321.76,
          323.68,
          324.56,
          325.36,
          326.32,
          329.76,
          352.32,
          380,
          382.24,
          389.04,
          429.28,
          442.72,
          498.56,
          501.84,
          508.08,
          511.12,
          518.24,
          522.64,
          528.16,
          541.76,
          550.4,
          588,
          612.96,
          618.48,
          621.2,
          624.16,
          629.68,
          642.16,
          651.6,
          654.88,
          692.64,
          696.56,
          725.84,
          732.56,
          744.88,
          750.16,
          765.76,
          766.24,
          768.24,
          769.84,
          782.4,
          783.6,
          784.48,
          786.32,
          802.08,
          810,
          821.04,
          839.76,
          846.08,
          849.6,
          850.4,
          851.28,
          852,
          865.2,
          868.16,
          890.16,
          891.52,
          892.8,
          894.08,
          895.36,
          909.68,
          930.24,
          939.52,
          991.12,
          996.16,
          998.08,
          1000,
          1002.72,
          1005.12,
          1018.4,
          1037.68,
          1038.96,
          1040.08,
          1041.04,
          1041.92,
          1044,
          1045.2,
          1046.32,
          1051.6,
          1052.56,
          1065.04,
          1069.76,
          1078.88,
          1091.76,
          1092.8,
          1093.92,
          1094.8,
          1096,
          1096.56,
          1097.76,
          1098.32,
          1099.44,
          1111.44,
          1116.4,
          1118.8,
          1121.12,
          1122.72,
          1136.32,
          1137.52,
          1138.72,
          1139.84,
          1140.8,
          1141.52,
          1142.24,
          1143.44,
          1163.52,
          1164.32,
          1165.04,
          1166.24,
          1167.84,
          1168.8,
          1176.24,
          1181.12,
          1184.32,
          1185.52,
          1188.08,
          1216.72,
          1223.36,
          1241.76,
          1282.08,
          1286.4,
          1292.32,
          1315.12,
          1353.6,
          1357.6,
          1374.08,
          1377.6,
          1378.56,
          1393.68,
          1446.56,
          1480.16,
          1490.72,
          1503.36,
          1504.16,
          1509.6,
          1510.96,
          1519.68,
          1529.6,
          1532.4,
          1535.2,
          1549.44,
          1553.6,
          1560.48,
          1567.6,
          1571.28,
          1576.08,
          1586.96,
          1592.64,
          1597.68,
          1608.32,
          1623.84,
          1630.16,
          1637.84,
          1643.36,
          1651.12,
          1655.84,
          1658.48,
          1661.04,
          1663.12,
          1665.12,
          1672.48,
          1677.28,
          1712,
          1716.8,
          1728.8,
          1752.72,
          1763.12,
          1766.24,
          1772.08,
          1789.44,
          1794.72,
          1801.2,
          1808.24,
          1837.52,
          1847.04,
          1860.96,
          1891.28,
          1919.04,
          1921.36,
          1923.52,
          1924.32,
          1925.28,
          1926.4,
          1927.52,
          1936.08,
          1961.12,
          1962.32,
          1963.28,
          1964.24,
          1965.2,
          1966.16,
          1967.12,
          1968.08,
          1969.04,
          1970,
          1970.96,
          1971.92,
          1972.88,
          1973.28,
          1973.76,
          1974.72,
          1975.68,
          2022.16,
          2023.36,
          2024.56,
          2025.76,
          2026.88,
          2073.36,
          2075.28,
          2077.2,
          2078.8,
          2080.08,
          2082.88,
          2084.24,
          2085.68,
          2089.76,
          2094.56,
          2114.24,
          2126.72,
          2183.36,
          2235.28,
          2247.76,
          2281.28,
          2283.92,
          2285.6,
          2287.76,
          2297.68,
          2309.84,
          2314,
          2314.88,
          2315.6,
          2318.08,
          2319.44,
          2322.48,
          2325.28,
          2325.92,
          2327.2,
          2327.92,
          2328.88,
          2329.68,
          2330.56,
          2331.44,
          2332.08,
          2332.8,
          2333.52,
          2334.24,
          2349.12,
          2349.68,
          2350.24,
          2365.12,
          2365.84,
          2366.56,
          2367.28,
          2367.92,
          2368.8,
          2369.68,
          2370.48,
          2371.44,
          2372.16,
          2373.44,
          2374.08,
          2375.52,
          2376.96,
          2380,
          2381.28,
          2383.76,
          2385.36,
          2388.24,
          2397.6,
          2413.84,
          2415.52,
          2418.16,
          2464.24,
          2516.16,
          2528.72,
          2569.04,
          2585.28,
          2613.84,
          2615.12,
          2616.4,
          2617.52,
          2620.4,
          2621.92,
          2623.84,
          2625.76,
          2672.24,
          2673.28,
          2674.48,
          2675.6,
          2676.72,
          2723.2,
          2724.24,
          2725.28,
          2726.32,
          2727.36,
          2728.4,
          2729.44,
          2730.48,
          2731.52,
          2732.56,
          2733.6,
          2734.64,
          2735.68,
          2736.72,
          2737.76,
          2763.04,
          2771.68,
          2773.92,
          2774.88,
          2775.68,
          2777.84,
          2780.24,
          2793.36,
          2808,
          2838.24,
          2852.08,
          2861.68,
          2891.04,
          2898.08,
          2904.64,
          2909.92,
          2927.28,
          2936.24,
          2946.64,
          2970.56,
          2982.56,
          2987.36,
          3022.08,
          3026.88,
          3034.32,
          3036.24,
          3038.32,
          3040.88,
          3043.44,
          3048.16,
          3055.92,
          3061.36,
          3069.04,
          3075.28,
          3090.8,
          3101.52,
          3106.56,
          3112.24,
          3123.12,
          3127.92,
          3131.6,
          3138.72,
          3145.68,
          3149.84,
          3160.72,
          3162.48,
          3164,
          3166.8,
          3169.6,
          3179.52,
          3186.4,
          3189.6,
          3195.04,
          3208.48,
          3210,
          3230.32,
          3235.36,
          3252.72,
          3261.6,
          3262.88,
          3275.2,
          3305.6,
          3318.88,
          3320.8,
          3322.4,
          3337.68,
          3341.68,
          3345.68,
          3384.16,
          3406.96,
          3412.96,
          3417.28,
          3457.6,
          3476,
          3482.64,
          3511.28,
          3513.84,
          3514.96,
          3518.08,
          3527.52,
          3531.44,
          3534.08,
          3537.68,
          3548.16,
          3555.76,
          3556.24,
          3556.88,
          3557.76,
          3558.64,
          3559.68,
          3560.96,
          3562.32,
          3563.6,
          3577.2,
          3578.96,
          3581.04,
          3583.44,
          3588.4,
          3600.4,
          3601.44,
          3602,
          3603.12,
          3603.68,
          3604.24,
          3604.8,
          3605.68,
          3606.72,
          3609.2,
          3620.64,
          3629.76,
          3634.48,
          3636.24,
          3646.96,
          3647.92,
          3653.28,
          3654.48,
          3655.68,
          3657.84,
          3658.72,
          3659.76,
          3660.88,
          3662.24,
          3681.36,
          3697.2,
          3699.84,
          3701.76,
          3704,
          3706,
          3746.48,
          3761.04,
          3766,
          3767.44,
          3803.36,
          3805.2,
          3806.48,
          3807.68,
          3808.88,
          3810.16,
          3829.84,
          3832.16,
          3835.12,
          3848.32,
          3848.88,
          3849.92,
          3851.12,
          3852.8,
          3853.6,
          3854.4,
          3860.96,
          3892.16,
          3898.64,
          3913.6,
          3914.24,
          3914.96,
          3915.84,
          3916.72,
          3917.68,
          3930.24,
          3933.76,
          3934.24,
          3945.76,
          3947.84,
          3949.92,
          3967.44,
          3974.08,
          4003.44,
          4007.36,
          4045.12,
          4048.4,
          4057.84,
          4070.4,
          4076.08,
          4079.12,
          4081.84,
          4087.44,
          4112.48,
          4160.72,
          4162.8,
          4172.4,
          4177.92,
          4182.72,
          4189.44,
          4190,
          4198.72,
          4214.56,
          4257.84,
          4270.32,
          4311.52,
          4318.32,
          4333.2,
          4342.72,
          4349.2,
          4365.04,
          4365.6,
          4370.8,
          4372.96,
          4374.8,
          4376.64,
          4378.32,
          4381.52,
          4383.04,
          4384.56,
          4388.24,
          4391.76,
          4395.76,
          4397.04,
          4398.32,
          4399.44,
          4421.2,
          4448.24,
          4452.16,
          4453.68,
          4454.96,
          4456.24,
          4457.44,
          4458.48,
          4459.44,
          4460.8,
          4478.64,
          4529.76,
          4556.4,
          4561.92,
          4573.6,
          4573.68,
          4578.08,
          4582.88,
          4587.76,
          4588.56,
          4626.4,
          4664.64,
          4665.92,
          4674.64,
          4675.76,
          4678.48,
          4679.68,
          4680.16,
          4700.72,
          4700.8
        ]
      },
      "geometry": {
        "type": "LineString",
        "coordinates": [
          [
            -73.883165,
            40.666415
          ],
          [
            -73.883166,
            40.666415
          ],
          [
            -73.886147,
            40.665974
          ],
          [
            -73.88622,
            40.665963
          ],
          [
            -73.890424,
            40.665339
          ],
          [
            -73.895844,
            40.664534
          ],
          [
            -73.89943,
            40.664003
          ],
          [
            -73.899554,
            40.663985
          ],
          [
            -73.899957,
            40.663925,
            20.5
          ],
          [
            -73.900263,
            40.66388,
            20.5
          ],
          [
            -73.900964,
            40.663775,
            20.5
          ],
          [
            -73.9034,
            40.663412,
            20.5
          ],
          [
            -73.904109,
            40.663305,
            20.5
          ],
          [
            -73.908091,
            40.662717,
            20.5
          ],
          [
            -73.909933,
            40.662444,
            20.5
          ],
          [
            -73.917277,
            40.661355,
            20.5
          ],
          [
            -73.917967,
            40.661254,
            20.5
          ],
          [
            -73.918159,
            40.66124,
            20.5
          ],
          [
            -73.918292,
            40.661246,
            20.5
          ],
          [
            -73.918432,
            40.661264,
            20.5
          ],
          [
            -73.918583,
            40.661304,
            20.5
          ],
          [
            -73.918735,
            40.661363,
            20.5
          ],
          [
            -73.918876,
            40.661443,
            20.5
          ],
          [
            -73.919024,
            40.661555,
            20.5
          ],
          [
            -73.92317,
            40.665274,
            20.5
          ],
          [
            -73.924064,
            40.666076,
            20.5
          ],
          [
            -73.924167,
            40.666175,
            20.5
          ],
          [
            -73.924273,
            40.666291,
            20.5
          ],
          [
            -73.924355,
            40.66641,
            20.5
          ],
          [
            -73.924421,
            40.666537,
            20.5
          ],
          [
            -73.924545,
            40.666829,
            20.5
          ],
          [
            -73.92479,
            40.667402,
            25.25
          ],
          [
            -73.924892,
            40.667597,
            26.25
          ],
          [
            -73.925005,
            40.667754,
            26.75
          ],
          [
            -73.92513,
            40.6679,
            27.25
          ],
          [
            -73.925399,
            40.668202
          ],
          [
            -73.9256,
            40.668359
          ],
          [
            -73.925706,
            40.668418
          ],
          [
            -73.925818,
            40.66845
          ],
          [
            -73.925953,
            40.668474
          ],
          [
            -73.926461,
            40.668528
          ],
          [
            -73.929789,
            40.668712
          ],
          [
            -73.933865,
            40.668937
          ],
          [
            -73.9342,
            40.668955
          ],
          [
            -73.935205,
            40.669031
          ],
          [
            -73.941133,
            40.669354
          ],
          [
            -73.943115,
            40.669454
          ],
          [
            -73.951347,
            40.669908
          ],
          [
            -73.951829,
            40.669934
          ],
          [
            -73.952751,
            40.669981
          ],
          [
            -73.953194,
            40.670037
          ],
          [
            -73.954238,
            40.670096
          ],
          [
            -73.954883,
            40.670133
          ],
          [
            -73.955683,
            40.670239
          ],
          [
            -73.957629,
            40.670627
          ],
          [
            -73.958866,
            40.670875
          ],
          [
            -73.964242,
            40.67195
          ],
          [
            -73.967807,
            40.672686
          ],
          [
            -73.968579,
            40.672894
          ],
          [
            -73.968905,
            40.673067
          ],
          [
            -73.969218,
            40.673302
          ],
          [
            -73.969709,
            40.673796
          ],
          [
            -73.97076,
            40.67495
          ],
          [
            -73.971435,
            40.675878
          ],
          [
            -73.971705,
            40.676181
          ],
          [
            -73.974401,
            40.6799
          ],
          [
            -73.974644,
            40.680304
          ],
          [
            -73.976725,
            40.683194
          ],
          [
            -73.97726,
            40.683826
          ],
          [
            -73.978109,
            40.685051
          ],
          [
            -73.978518,
            40.685552
          ],
          [
            -73.979625,
            40.687095
          ],
          [
            -73.979659,
            40.687142
          ],
          [
            -73.97978,
            40.687345
          ],
          [
            -73.979827,
            40.68752
          ],
          [
            -73.980723,
            40.688763
          ],
          [
            -73.980835,
            40.688865
          ],
          [
            -73.980936,
            40.688929
          ],
          [
            -73.981162,
            40.689045
          ],
          [
            -73.983229,
            40.689865
          ],
          [
            -73.98427,
            40.690276
          ],
          [
            -73.98571,
            40.690855
          ],
          [
            -73.98816,
            40.69184
          ],
          [
            -73.988947,
            40.692227
          ],
          [
            -73.98939,
            40.692432
          ],
          [
            -73.989482,
            40.692485
          ],
          [
            -73.989572,
            40.69256
          ],
          [
            -73.989632,
            40.692622
          ],
          [
            -73.99038,
            40.693997
          ],
          [
            -73.99053,
            40.694312
          ],
          [
            -73.991275,
            40.696719
          ],
          [
            -73.991346,
            40.696861
          ],
          [
            -73.991461,
            40.696981
          ],
          [
            -73.991605,
            40.697071
          ],
          [
            -73.991779,
            40.697133
          ],
          [
            -73.993766,
            40.697687
          ],
          [
            -73.996623,
            40.698479
          ],
          [
            -73.99787,
            40.698907
          ],
          [
            -74.00483,
            40.701301
          ],
          [
            -74.005505,
            40.701548
          ],
          [
            -74.005754,
            40.701656
          ],
          [
            -74.005983,
            40.701778
          ],
          [
            -74.006284,
            40.701985
          ],
          [
            -74.006527,
            40.702177
          ],
          [
            -74.007843,
            40.703291
          ],
          [
            -74.009794,
            40.704869
          ],
          [
            -74.009889,
            40.704997
          ],
          [
            -74.00995,
            40.70511
          ],
          [
            -74.009982,
            40.705219
          ],
          [
            -74.009989,
            40.705314
          ],
          [
            -74.009949,
            40.705547
          ],
          [
            -74.009912,
            40.705679
          ],
          [
            -74.00986,
            40.705802
          ],
          [
            -74.009505,
            40.706333
          ],
          [
            -74.009432,
            40.706423
          ],
          [
            -74.008372,
            40.707568
          ],
          [
            -74.007964,
            40.707998
          ],
          [
            -74.00712,
            40.708799
          ],
          [
            -74.005986,
            40.709963
          ],
          [
            -74.005905,
            40.71006
          ],
          [
            -74.005828,
            40.71017
          ],
          [
            -74.005786,
            40.710268
          ],
          [
            -74.005757,
            40.710402
          ],
          [
            -74.005767,
            40.710469
          ],
          [
            -74.005822,
            40.710598
          ],
          [
            -74.005861,
            40.710654
          ],
          [
            -74.005951,
            40.710755
          ],
          [
            -74.007062,
            40.711804
          ],
          [
            -74.007447,
            40.71228
          ],
          [
            -74.00768,
            40.712483
          ],
          [
            -74.007953,
            40.712645
          ],
          [
            -74.008153,
            40.712747
          ],
          [
            -74.009871,
            40.713549
          ],
          [
            -74.010002,
            40.713638
          ],
          [
            -74.010119,
            40.713745
          ],
          [
            -74.010192,
            40.713861
          ],
          [
            -74.010225,
            40.713967
          ],
          [
            -74.010235,
            40.714044
          ],
          [
            -74.010234,
            40.714124
          ],
          [
            -74.010196,
            40.714256
          ],
          [
            -74.008664,
            40.716196
          ],
          [
            -74.008602,
            40.716274
          ],
          [
            -74.008549,
            40.716342
          ],
          [
            -74.008459,
            40.716455
          ],
          [
            -74.008339,
            40.716607
          ],
          [
            -74.008263,
            40.716703
          ],
          [
            -74.0077,
            40.717418
          ],
          [
            -74.007326,
            40.717891
          ],
          [
            -74.007118,
            40.718213
          ],
          [
            -74.00707,
            40.718339
          ],
          [
            -74.007023,
            40.718628
          ],
          [
            -74.006386,
            40.721813
          ],
          [
            -74.006273,
            40.722557
          ],
          [
            -74.005918,
            40.724613
          ],
          [
            -74.0052,
            40.729116
          ],
          [
            -74.005028,
            40.729584
          ],
          [
            -74.004718,
            40.730211
          ],
          [
            -74.003394,
            40.732575
          ],
          [
            -74.001091,
            40.736533
          ],
          [
            -74.000813,
            40.736926
          ],
          [
            -73.999647,
            40.73856
          ],
          [
            -73.999396,
            40.738903
          ],
          [
            -73.999327,
            40.738997
          ],
          [
            -73.998238,
            40.740487
          ],
          [
            -73.99443,
            40.745692
          ],
          [
            -73.992047,
            40.749013
          ],
          [
            -73.991268,
            40.750047
          ],
          [
            -73.990362,
            40.751288
          ],
          [
            -73.990303,
            40.751369
          ],
          [
            -73.989912,
            40.751907
          ],
          [
            -73.989817,
            40.752037
          ],
          [
            -73.989192,
            40.752897
          ],
          [
            -73.988483,
            40.753872
          ],
          [
            -73.988282,
            40.754149
          ],
          [
            -73.988103,
            40.754429
          ],
          [
            -73.987095,
            40.755832
          ],
          [
            -73.986784,
            40.75624
          ],
          [
            -73.986289,
            40.756921
          ],
          [
            -73.985802,
            40.757631
          ],
          [
            -73.985589,
            40.758017
          ],
          [
            -73.985362,
            40.758529
          ],
          [
            -73.984937,
            40.759708
          ],
          [
            -73.984681,
            40.760315
          ],
          [
            -73.984404,
            40.760839
          ],
          [
            -73.983707,
            40.761917
          ],
          [
            -73.982731,
            40.763498
          ],
          [
            -73.982413,
            40.764163
          ],
          [
            -73.982116,
            40.764997
          ],
          [
            -73.981945,
            40.7656
          ],
          [
            -73.981757,
            40.76646
          ],
          [
            -73.981682,
            40.766989
          ],
          [
            -73.981661,
            40.767282
          ],
          [
            -73.981669,
            40.767574
          ],
          [
            -73.981703,
            40.767804
          ],
          [
            -73.981757,
            40.768029
          ],
          [
            -73.982009,
            40.768833
          ],
          [
            -73.98209,
            40.769369
          ],
          [
            -73.98218,
            40.773277
          ],
          [
            -73.982198,
            40.773816
          ],
          [
            -73.982162,
            40.775166
          ],
          [
            -73.982055,
            40.777855
          ],
          [
            -73.981833,
            40.779012
          ],
          [
            -73.981752,
            40.779362
          ],
          [
            -73.981602,
            40.780007
          ],
          [
            -73.981004,
            40.781908
          ],
          [
            -73.980803,
            40.782478
          ],
          [
            -73.980468,
            40.783164
          ],
          [
            -73.97997,
            40.783856
          ],
          [
            -73.977832,
            40.786727
          ],
          [
            -73.97708,
            40.787638
          ],
          [
            -73.975954,
            40.788946
          ],
          [
            -73.973771,
            40.791923
          ],
          [
            -73.971774,
            40.794656
          ],
          [
            -73.971605,
            40.794888
          ],
          [
            -73.971448,
            40.795104
          ],
          [
            -73.971389,
            40.795184
          ],
          [
            -73.97132,
            40.795278
          ],
          [
            -73.971258,
            40.795397
          ],
          [
            -73.971156,
            40.795502
          ],
          [
            -73.970541,
            40.796344
          ],
          [
            -73.968741,
            40.798807
          ],
          [
            -73.968636,
            40.798921
          ],
          [
            -73.968545,
            40.799001
          ],
          [
            -73.968443,
            40.799074
          ],
          [
            -73.968333,
            40.799139
          ],
          [
            -73.968215,
            40.799195
          ],
          [
            -73.968089,
            40.799242
          ],
          [
            -73.967959,
            40.79928
          ],
          [
            -73.967824,
            40.799307
          ],
          [
            -73.967686,
            40.799325
          ],
          [
            -73.967546,
            40.799332
          ],
          [
            -73.967406,
            40.799328
          ],
          [
            -73.967268,
            40.799314
          ],
          [
            -73.967207,
            40.799302,
            6
          ],
          [
            -73.967132,
            40.799289,
            6
          ],
          [
            -73.966999,
            40.799255,
            6
          ],
          [
            -73.966872,
            40.799211,
            6
          ],
          [
            -73.96086,
            40.796676,
            6
          ],
          [
            -73.960703,
            40.79662,
            6
          ],
          [
            -73.96053,
            40.796592,
            6
          ],
          [
            -73.960347,
            40.796597,
            6
          ],
          [
            -73.960188,
            40.796619,
            6
          ],
          [
            -73.953577,
            40.798073,
            6
          ],
          [
            -73.953304,
            40.798138,
            6
          ],
          [
            -73.953033,
            40.798216,
            6
          ],
          [
            -73.952826,
            40.798297,
            6
          ],
          [
            -73.952664,
            40.79838,
            6
          ],
          [
            -73.952309,
            40.798543,
            6
          ],
          [
            -73.952166,
            40.798653,
            6
          ],
          [
            -73.952035,
            40.798781,
            6
          ],
          [
            -73.951755,
            40.799188,
            6
          ],
          [
            -73.951441,
            40.799672,
            6
          ],
          [
            -73.950041,
            40.801613,
            6
          ],
          [
            -73.949142,
            40.802836,
            6
          ],
          [
            -73.945048,
            40.808402,
            6
          ],
          [
            -73.941311,
            40.813508,
            6
          ],
          [
            -73.94041,
            40.81474,
            6
          ],
          [
            -73.937975,
            40.818033,
            6
          ],
          [
            -73.937784,
            40.818292,
            6
          ],
          [
            -73.937661,
            40.818458,
            6
          ],
          [
            -73.937507,
            40.81867,
            6
          ],
          [
            -73.936789,
            40.819648,
            6
          ],
          [
            -73.935915,
            40.82085,
            6
          ],
          [
            -73.935616,
            40.821263,
            6
          ],
          [
            -73.935547,
            40.821347,
            6
          ],
          [
            -73.935481,
            40.821415,
            6
          ],
          [
            -73.935243,
            40.82163,
            6
          ],
          [
            -73.935131,
            40.821752,
            6
          ],
          [
            -73.934908,
            40.82205,
            6
          ],
          [
            -73.934702,
            40.822325,
            6
          ],
          [
            -73.934657,
            40.822385,
            6
          ],
          [
            -73.934567,
            40.822512,
            4.75
          ],
          [
            -73.934528,
            40.822592,
            4
          ],
          [
            -73.934502,
            40.822699,
            3.75
          ],
          [
            -73.934492,
            40.822786,
            3.5
          ],
          [
            -73.934509,
            40.822882,
            3.5
          ],
          [
            -73.934546,
            40.82298,
            4
          ],
          [
            -73.934591,
            40.823045,
            4.25
          ],
          [
            -73.934654,
            40.823106,
            5
          ],
          [
            -73.934731,
            40.823163
          ],
          [
            -73.934818,
            40.823205
          ],
          [
            -73.936739,
            40.824023
          ],
          [
            -73.936808,
            40.824051,
            5
          ],
          [
            -73.936739,
            40.824023,
            5
          ],
          [
            -73.934818,
            40.823205,
            5
          ],
          [
            -73.934731,
            40.823163,
            5
          ],
          [
            -73.934654,
            40.823106,
            5
          ],
          [
            -73.934591,
            40.823045,
            4.25
          ],
          [
            -73.934546,
            40.82298,
            4
          ],
          [
            -73.934509,
            40.822882,
            3.5
          ],
          [
            -73.934492,
            40.822786,
            3.5
          ],
          [
            -73.934502,
            40.822699,
            3.75
          ],
          [
            -73.934528,
            40.822592,
            4
          ],
          [
            -73.934567,
            40.822512,
            4.75
          ],
          [
            -73.934657,
            40.822385,
            6
          ],
          [
            -73.934702,
            40.822325
          ],
          [
            -73.934825,
            40.822195
          ],
          [
            -73.934949,
            40.822064
          ],
          [
            -73.935172,
            40.821766
          ],
          [
            -73.93528,
            40.82165
          ],
          [
            -73.935518,
            40.821434
          ],
          [
            -73.935654,
            40.821283
          ],
          [
            -73.935863,
            40.821
          ],
          [
            -73.936542,
            40.820077
          ],
          [
            -73.9377,
            40.818474
          ],
          [
            -73.937822,
            40.818308
          ],
          [
            -73.938014,
            40.818049
          ],
          [
            -73.941359,
            40.813527
          ],
          [
            -73.945088,
            40.808418
          ],
          [
            -73.945992,
            40.807184
          ],
          [
            -73.948909,
            40.803222
          ],
          [
            -73.95007,
            40.801625
          ],
          [
            -73.952141,
            40.798825
          ],
          [
            -73.95225,
            40.798708
          ],
          [
            -73.952375,
            40.798599
          ],
          [
            -73.952506,
            40.798522
          ],
          [
            -73.952849,
            40.798325
          ],
          [
            -73.953051,
            40.798246
          ],
          [
            -73.953319,
            40.79817
          ],
          [
            -73.95359,
            40.798105
          ],
          [
            -73.960198,
            40.796651
          ],
          [
            -73.960353,
            40.79663
          ],
          [
            -73.960527,
            40.796626
          ],
          [
            -73.960689,
            40.796652
          ],
          [
            -73.96084,
            40.796706
          ],
          [
            -73.966855,
            40.799241
          ],
          [
            -73.966996,
            40.79929
          ],
          [
            -73.967143,
            40.799326
          ],
          [
            -73.967294,
            40.799351
          ],
          [
            -73.967448,
            40.799364
          ],
          [
            -73.967602,
            40.799364
          ],
          [
            -73.967756,
            40.799352
          ],
          [
            -73.967907,
            40.799327
          ],
          [
            -73.968054,
            40.79929
          ],
          [
            -73.968195,
            40.799242
          ],
          [
            -73.968328,
            40.799183
          ],
          [
            -73.968452,
            40.799113
          ],
          [
            -73.968566,
            40.799034
          ],
          [
            -73.968668,
            40.798946
          ],
          [
            -73.968759,
            40.798851
          ],
          [
            -73.970579,
            40.79636
          ],
          [
            -73.971198,
            40.795514
          ],
          [
            -73.971359,
            40.795293
          ],
          [
            -73.971427,
            40.7952
          ],
          [
            -73.971486,
            40.795119
          ],
          [
            -73.971643,
            40.794905
          ],
          [
            -73.971813,
            40.794672
          ],
          [
            -73.972757,
            40.79338
          ],
          [
            -73.97381,
            40.79194
          ],
          [
            -73.975992,
            40.788963
          ],
          [
            -73.977117,
            40.787656
          ],
          [
            -73.977872,
            40.786742
          ],
          [
            -73.980011,
            40.783869
          ],
          [
            -73.980509,
            40.783178
          ],
          [
            -73.980845,
            40.782489
          ],
          [
            -73.981047,
            40.781917
          ],
          [
            -73.981645,
            40.780014
          ],
          [
            -73.981878,
            40.77902
          ],
          [
            -73.982098,
            40.77786
          ],
          [
            -73.982206,
            40.775167
          ],
          [
            -73.982242,
            40.773817
          ],
          [
            -73.982224,
            40.773276
          ],
          [
            -73.982137,
            40.769365
          ],
          [
            -73.982052,
            40.768826
          ],
          [
            -73.981797,
            40.768012
          ],
          [
            -73.981747,
            40.767799
          ],
          [
            -73.981713,
            40.767568
          ],
          [
            -73.981705,
            40.767282
          ],
          [
            -73.981726,
            40.766992
          ],
          [
            -73.981801,
            40.766465
          ],
          [
            -73.981989,
            40.765606
          ],
          [
            -73.982159,
            40.765005
          ],
          [
            -73.982455,
            40.764173
          ],
          [
            -73.982771,
            40.763511
          ],
          [
            -73.983746,
            40.761932
          ],
          [
            -73.984445,
            40.760852
          ],
          [
            -73.984723,
            40.760326
          ],
          [
            -73.984979,
            40.759717
          ],
          [
            -73.985404,
            40.758539
          ],
          [
            -73.98563,
            40.758029
          ],
          [
            -73.985842,
            40.757646
          ],
          [
            -73.98633,
            40.756936
          ],
          [
            -73.986825,
            40.756254
          ],
          [
            -73.987138,
            40.755854
          ],
          [
            -73.987907,
            40.754773
          ],
          [
            -73.988039,
            40.754599
          ],
          [
            -73.988139,
            40.754449
          ],
          [
            -73.988357,
            40.754184
          ],
          [
            -73.988559,
            40.753905
          ],
          [
            -73.989269,
            40.75293
          ],
          [
            -73.989762,
            40.752252,
            35
          ],
          [
            -73.989991,
            40.751937,
            35
          ],
          [
            -73.990378,
            40.751403,
            35
          ],
          [
            -73.991348,
            40.750079,
            35
          ],
          [
            -73.991455,
            40.749933,
            35
          ],
          [
            -73.992868,
            40.747914,
            33
          ],
          [
            -73.993237,
            40.747424,
            32.5
          ],
          [
            -73.994469,
            40.745708,
            31
          ],
          [
            -73.995108,
            40.744835,
            30.25
          ],
          [
            -73.995201,
            40.744707,
            30.25
          ],
          [
            -73.996085,
            40.743493,
            15.75
          ],
          [
            -73.998276,
            40.740503
          ],
          [
            -73.999233,
            40.739194
          ],
          [
            -73.999369,
            40.739009
          ],
          [
            -73.999485,
            40.738851
          ],
          [
            -74.000568,
            40.737342
          ],
          [
            -74.000852,
            40.736942
          ],
          [
            -74.00113,
            40.736548
          ],
          [
            -74.003434,
            40.732588
          ],
          [
            -74.004759,
            40.730223
          ],
          [
            -74.00507,
            40.729594
          ],
          [
            -74.005243,
            40.729123
          ],
          [
            -74.005962,
            40.724617
          ],
          [
            -74.006317,
            40.722561
          ],
          [
            -74.00643,
            40.721817
          ],
          [
            -74.007067,
            40.718633
          ],
          [
            -74.007113,
            40.718346
          ],
          [
            -74.007159,
            40.718225
          ],
          [
            -74.007365,
            40.717907
          ],
          [
            -74.008085,
            40.716995
          ],
          [
            -74.008383,
            40.716617
          ],
          [
            -74.008585,
            40.716362
          ],
          [
            -74.008858,
            40.716015
          ],
          [
            -74.009655,
            40.715006
          ],
          [
            -74.010234,
            40.714273
          ],
          [
            -74.010262,
            40.714219
          ],
          [
            -74.010283,
            40.714147
          ],
          [
            -74.010299,
            40.714053
          ],
          [
            -74.010298,
            40.713956
          ],
          [
            -74.010268,
            40.71384
          ],
          [
            -74.010193,
            40.713704
          ],
          [
            -74.010066,
            40.71358
          ],
          [
            -74.009922,
            40.713483
          ],
          [
            -74.008207,
            40.71268
          ],
          [
            -74.007989,
            40.712579
          ],
          [
            -74.007731,
            40.712444
          ],
          [
            -74.00748,
            40.712259
          ],
          [
            -74.007097,
            40.711785
          ],
          [
            -74.005984,
            40.710735
          ],
          [
            -74.005897,
            40.710637
          ],
          [
            -74.005861,
            40.710584
          ],
          [
            -74.005809,
            40.710463
          ],
          [
            -74.0058,
            40.710402
          ],
          [
            -74.005811,
            40.710339
          ],
          [
            -74.005827,
            40.710279
          ],
          [
            -74.005875,
            40.710186
          ],
          [
            -74.005961,
            40.710088
          ],
          [
            -74.006199,
            40.70988
          ],
          [
            -74.00721,
            40.708843
          ],
          [
            -74.007998,
            40.708015
          ],
          [
            -74.008406,
            40.707586
          ],
          [
            -74.008578,
            40.707438
          ],
          [
            -74.009489,
            40.706451
          ],
          [
            -74.009561,
            40.706358
          ],
          [
            -74.0099,
            40.705814
          ],
          [
            -74.009953,
            40.705687
          ],
          [
            -74.009991,
            40.705553
          ],
          [
            -74.010032,
            40.705316
          ],
          [
            -74.010025,
            40.705215
          ],
          [
            -74.009991,
            40.705101
          ],
          [
            -74.009928,
            40.704983
          ],
          [
            -74.009829,
            40.70485
          ],
          [
            -74.008001,
            40.703202
          ],
          [
            -74.00643,
            40.701879
          ],
          [
            -74.006145,
            40.701672
          ],
          [
            -74.005917,
            40.701544
          ],
          [
            -74.005628,
            40.701414
          ],
          [
            -74.005363,
            40.701318
          ],
          [
            -73.999871,
            40.699508
          ],
          [
            -73.997913,
            40.698833
          ],
          [
            -73.997246,
            40.698608
          ],
          [
            -73.997043,
            40.698549
          ],
          [
            -73.99206,
            40.697165
          ],
          [
            -73.991802,
            40.697094
          ],
          [
            -73.991635,
            40.697033
          ],
          [
            -73.991495,
            40.696957
          ],
          [
            -73.991387,
            40.696845
          ],
          [
            -73.991316,
            40.696709
          ],
          [
            -73.99065,
            40.69455
          ],
          [
            -73.990552,
            40.694303
          ],
          [
            -73.990387,
            40.693996
          ],
          [
            -73.989609,
            40.692631
          ],
          [
            -73.989582,
            40.692572
          ],
          [
            -73.989508,
            40.692466
          ],
          [
            -73.989412,
            40.692353
          ],
          [
            -73.989254,
            40.692212
          ],
          [
            -73.989167,
            40.69215
          ],
          [
            -73.98907,
            40.692099
          ],
          [
            -73.988213,
            40.69175
          ],
          [
            -73.984136,
            40.69011
          ],
          [
            -73.983288,
            40.689776
          ],
          [
            -73.981321,
            40.688999
          ],
          [
            -73.981236,
            40.688963
          ],
          [
            -73.981156,
            40.688913
          ],
          [
            -73.981069,
            40.688845
          ],
          [
            -73.980992,
            40.688766
          ],
          [
            -73.980921,
            40.688676
          ],
          [
            -73.980026,
            40.687435
          ],
          [
            -73.979736,
            40.68711
          ],
          [
            -73.979703,
            40.687065
          ],
          [
            -73.978887,
            40.685927
          ],
          [
            -73.97872,
            40.68573
          ],
          [
            -73.978554,
            40.685534
          ],
          [
            -73.977344,
            40.683788
          ],
          [
            -73.97684,
            40.683148
          ],
          [
            -73.974757,
            40.680253
          ],
          [
            -73.974439,
            40.679883
          ],
          [
            -73.971743,
            40.676164
          ],
          [
            -73.971549,
            40.675828
          ],
          [
            -73.970874,
            40.674895
          ],
          [
            -73.969816,
            40.673738
          ],
          [
            -73.969285,
            40.673244
          ],
          [
            -73.968941,
            40.673023
          ],
          [
            -73.968598,
            40.672864
          ],
          [
            -73.96782,
            40.672654
          ],
          [
            -73.964253,
            40.671918
          ],
          [
            -73.95736,
            40.670539
          ],
          [
            -73.957068,
            40.670481
          ],
          [
            -73.955693,
            40.670206
          ],
          [
            -73.954888,
            40.6701
          ],
          [
            -73.954183,
            40.67006
          ],
          [
            -73.953192,
            40.670002
          ],
          [
            -73.953112,
            40.669997,
            27
          ],
          [
            -73.951829,
            40.66993,
            27
          ],
          [
            -73.949498,
            40.669806,
            27
          ],
          [
            -73.943118,
            40.669452,
            27
          ],
          [
            -73.941275,
            40.669358,
            27
          ],
          [
            -73.935206,
            40.669029,
            27
          ],
          [
            -73.934201,
            40.668953,
            27
          ],
          [
            -73.932012,
            40.668835,
            27
          ],
          [
            -73.930606,
            40.668757,
            27
          ],
          [
            -73.929651,
            40.668703,
            27
          ],
          [
            -73.927314,
            40.668573,
            27
          ],
          [
            -73.927231,
            40.668569,
            27
          ],
          [
            -73.926461,
            40.668527,
            27
          ],
          [
            -73.926148,
            40.668471,
            27
          ],
          [
            -73.925893,
            40.668397,
            27
          ],
          [
            -73.925671,
            40.668284,
            27
          ],
          [
            -73.925491,
            40.668155,
            27
          ],
          [
            -73.925204,
            40.667865,
            27
          ],
          [
            -73.925084,
            40.667719,
            26.5
          ],
          [
            -73.924979,
            40.667568,
            26.25
          ],
          [
            -73.924789,
            40.667181,
            23.25
          ],
          [
            -73.924631,
            40.666808,
            20
          ],
          [
            -73.924437,
            40.666381
          ],
          [
            -73.924351,
            40.666255
          ],
          [
            -73.92424,
            40.666134
          ],
          [
            -73.924135,
            40.666033
          ],
          [
            -73.922051,
            40.664164
          ],
          [
            -73.919466,
            40.661845
          ],
          [
            -73.919091,
            40.661508
          ],
          [
            -73.918935,
            40.661391
          ],
          [
            -73.918783,
            40.661304
          ],
          [
            -73.918619,
            40.66124
          ],
          [
            -73.918454,
            40.661197
          ],
          [
            -73.918302,
            40.661177
          ],
          [
            -73.918157,
            40.661171
          ],
          [
            -73.917955,
            40.661186
          ],
          [
            -73.915371,
            40.661568
          ],
          [
            -73.907957,
            40.662667
          ],
          [
            -73.904093,
            40.663238
          ],
          [
            -73.903293,
            40.663357
          ],
          [
            -73.901597,
            40.663611
          ],
          [
            -73.90158,
            40.663614
          ],
          [
            -73.900946,
            40.663707
          ],
          [
            -73.900244,
            40.663811
          ],
          [
            -73.899532,
            40.663916
          ],
          [
            -73.899411,
            40.663935
          ],
          [
            -73.893917,
            40.66475
          ],
          [
            -73.888372,
            40.665574
          ],
          [
            -73.888189,
            40.665601
          ],
          [
            -73.886925,
            40.665788
          ],
          [
            -73.886764,
            40.665819
          ],
          [
            -73.886391,
            40.665926
          ],
          [
            -73.88622,
            40.665963
          ],
          [
            -73.886147,
            40.665974
          ],
          [
            -73.883166,
            40.666415
          ],
          [
            -73.883164,
            40.666415
          ]
        ]
      }
    }
  ]
}