{
  "type": "FeatureCollection",
  "features": [
    {
      "type": "Feature",
      "properties": {
        "creator": "BRouter-1.7.0",
        "name": "Denver Light Rail (Littleton - Loop)",
        "track-length": "41087",
        "filtered ascend": "94",
        "plain-ascend": "12",
        "total-time": "3287",
        "total-energy": "1811228",
        "cost": "41087",
        "messages": [
          [
            "Longitude",
            "Latitude",
            "Elevation",
            "Distance",
            "CostPerKm",
            "ElevCost",
            "TurnCost",
            "NodeCost",
            "InitialCost",
            "WayTags",
            "NodeTags",
            "Time",
            "Energy"
          ],
          [
            "-105024790",
            "39580552",
            "1647",
            "79",
            "1000",
            "0",
            "0",
            "0",
            "0",
            "railway=light_rail",
            "railway=unknown",
            "6",
            "3715"
          ],
          [
            "-105024625",
            "39580881",
            "1648",
            "39",
            "1000",
            "0",
            "0",
            "0",
            "0",
            "railway=light_rail",
            "railway=switch",
            "9",
            "5567"
          ],
          [
            "-105024033",
            "39582044",
            "1648",
            "139",
            "1000",
            "0",
            "0",
            "0",
            "0",
            "railway=light_rail",
            "railway=level_crossing",
            "20",
            "11910"
          ],
          [
            "-105021522",
            "39592807",
            "1641",
            "1155",
            "1000",
            "0",
            "0",
            "0",
            "0",
            "railway=light_rail",
            "",
            "112",
            "60649"
          ],
          [
            "-105016531",
            "39609087",
            "1634",
            "1933",
            "1000",
            "0",
            "0",
            "0",
            "0",
            "railway=light_rail",
            "railway=switch",
            "154",
            "77392"
          ],
          [
            "-105014713",
            "39612166",
            "1633",
            "376",
            "1000",
            "0",
            "0",
            "0",
            "0",
            "railway=light_rail",
            "railway=unknown",
            "184",
            "93331"
          ],
          [
            "-105011171",
            "39621166",
            "1633",
            "539",
            "1000",
            "0",
            "0",
            "0",
            "0",
            "railway=light_rail",
            "",
            "227",
            "119006"
          ],
          [
            "-105004668",
            "39643241",
            "1624",
            "3023",
            "1000",
            "0",
            "0",
            "0",
            "0",
            "railway=light_rail",
            "railway=unknown",
            "241",
            "123680"
          ],
          [
            "-105004616",
            "39643377",
            "1624",
            "16",
            "1000",
            "0",
            "0",
            "0",
            "0",
            "railway=light_rail",
            "railway=crossing",
            "243",
            "124354"
          ],
          [
            "-105001805",
            "39650811",
            "1622",
            "860",
            "1000",
            "0",
            "0",
            "0",
            "0",
            "railway=light_rail",
            "railway=switch",
            "311",
            "160023"
          ],
          [
            "-105000027",
            "39655286",
            "1623",
            "520",
            "1000",
            "0",
            "0",
            "0",
            "0",
            "railway=light_rail",
            "railway=crossing",
            "353",
            "183000"
          ],
          [
            "-104999904",
            "39655575",
            "1622",
            "34",
            "1000",
            "0",
            "0",
            "0",
            "0",
            "railway=light_rail",
            "railway=crossing",
            "356",
            "184552"
          ],
          [
            "-104999730",
            "39655983",
            "1619",
            "21",
            "1000",
            "0",
            "0",
            "0",
            "0",
            "railway=light_rail",
            "",
            "357",
            "185278"
          ],
          [
            "-104999730",
            "39655983",
            "1619",
            "27",
            "1000",
            "0",
            "0",
            "0",
            "0",
            "railway=light_rail",
            "railway=unknown",
            "2",
            "926"
          ],
          [
            "-104999685",
            "39656081",
            "1619",
            "12",
            "1000",
            "0",
            "0",
            "0",
            "0",
            "railway=light_rail",
            "railway=crossing",
            "3",
            "1309"
          ],
          [
            "-104997529",
            "39661319",
            "1615",
            "611",
            "1000",
            "0",
            "0",
            "0",
            "0",
            "railway=light_rail",
            "railway=switch",
            "52",
            "23890"
          ],
          [
            "-104997487",
            "39661421",
            "1616",
            "12",
            "1000",
            "0",
            "0",
            "0",
            "0",
            "railway=light_rail",
            "railway=switch",
            "52",
            "24450"
          ],
          [
            "-104993844",
            "39673676",
            "1611",
            "1398",
            "1000",
            "0",
            "0",
            "0",
            "0",
            "railway=light_rail",
            "railway=switch",
            "164",
            "81918"
          ],
          [
            "-104993607",
            "39674643",
            "1610",
            "109",
            "1000",
            "0",
            "0",
            "0",
            "0",
            "railway=light_rail",
            "railway=switch",
            "173",
            "86474"
          ],
          [
            "-104992720",
            "39678055",
            "1611",
            "386",
            "1000",
            "0",
            "0",
            "0",
            "0",
            "railway=light_rail",
            "railway=unknown",
            "204",
            "103751"
          ],
          [
            "-104992695",
            "39678151",
            "1610",
            "11",
            "1000",
            "0",
            "0",
            "0",
            "0",
            "railway=light_rail",
            "railway=crossing",
            "205",
            "104191"
          ],
          [
            "-104991447",
            "39682930",
            "1608",
            "456",
            "1000",
            "0",
            "0",
            "0",
            "0",
            "railway=light_rail",
            "",
            "241",
            "122172"
          ],
          [
            "-104989780",
            "39698587",
            "1608",
            "1851",
            "1000",
            "0",
            "0",
            "0",
            "0",
            "railway=light_rail",
            "railway=switch",
            "148",
            "82043"
          ],
          [
            "-104989809",
            "39698724",
            "1608",
            "15",
            "1000",
            "0",
            "0",
            "0",
            "0",
            "railway=light_rail",
            "railway=switch",
            "149",
            "82554"
          ],
          [
            "-104989997",
            "39700514",
            "1604",
            "200",
            "1000",
            "0",
            "0",
            "0",
            "0",
            "railway=light_rail",
            "railway=switch",
            "165",
            "90456"
          ],
          [
            "-104989999",
            "39700642",
            "1605",
            "14",
            "1000",
            "0",
            "0",
            "0",
            "0",
            "railway=light_rail",
            "railway=unknown",
            "166",
            "91040"
          ],
          [
            "-104990017",
            "39701194",
            "1605",
            "61",
            "1000",
            "0",
            "0",
            "0",
            "0",
            "railway=light_rail",
            "railway=switch",
            "171",
            "92517"
          ],
          [
            "-104990032",
            "39701302",
            "1605",
            "12",
            "1000",
            "0",
            "0",
            "0",
            "0",
            "railway=light_rail",
            "railway=crossing",
            "172",
            "92907"
          ],
          [
            "-104990140",
            "39702089",
            "1605",
            "88",
            "1000",
            "0",
            "0",
            "0",
            "0",
            "railway=light_rail",
            "railway=unknown",
            "179",
            "96019"
          ],
          [
            "-104990165",
            "39702261",
            "1605",
            "19",
            "1000",
            "0",
            "0",
            "0",
            "0",
            "railway=light_rail",
            "railway=crossing",
            "180",
            "96723"
          ],
          [
            "-104990183",
            "39702393",
            "1604",
            "15",
            "1000",
            "0",
            "0",
            "0",
            "0",
            "railway=light_rail",
            "railway=switch",
            "181",
            "97265"
          ],
          [
            "-104991603",
            "39706722",
            "1604",
            "441",
            "1000",
            "0",
            "0",
            "0",
            "0",
            "railway=light_rail",
            "",
            "217",
            "115793"
          ],
          [
            "-104992525",
            "39707969",
            "1603",
            "218",
            "1000",
            "0",
            "0",
            "0",
            "0",
            "railway=light_rail",
            "railway=crossing",
            "17",
            "9174"
          ],
          [
            "-104993115",
            "39708620",
            "1603",
            "88",
            "1000",
            "0",
            "0",
            "0",
            "0",
            "railway=light_rail",
            "railway=unknown",
            "24",
            "12641"
          ],
          [
            "-104993263",
            "39708783",
            "1603",
            "22",
            "1000",
            "0",
            "0",
            "0",
            "0",
            "railway=light_rail",
            "railway=crossing",
            "26",
            "13596"
          ],
          [
            "-104996789",
            "39714799",
            "1599",
            "736",
            "1000",
            "0",
            "0",
            "0",
            "0",
            "railway=light_rail",
            "railway=level_crossing",
            "85",
            "43460"
          ],
          [
            "-105002482",
            "39724096",
            "1597",
            "1143",
            "1000",
            "0",
            "0",
            "0",
            "0",
            "railway=light_rail",
            "railway=signal",
            "176",
            "91270"
          ],
          [
            "-105002858",
            "39724673",
            "1597",
            "72",
            "1000",
            "0",
            "0",
            "0",
            "0",
            "railway=light_rail",
            "railway=switch",
            "182",
            "94244"
          ],
          [
            "-105002896",
            "39724733",
            "1597",
            "7",
            "1000",
            "0",
            "0",
            "0",
            "0",
            "railway=light_rail",
            "railway=switch",
            "182",
            "94540"
          ],
          [
            "-105004616",
            "39728873",
            "1599",
            "483",
            "1000",
            "0",
            "0",
            "0",
            "0",
            "railway=light_rail",
            "railway=signal",
            "221",
            "114508"
          ],
          [
            "-105004778",
            "39729362",
            "1598",
            "56",
            "1000",
            "0",
            "0",
            "0",
            "0",
            "railway=light_rail",
            "railway=switch",
            "225",
            "117729"
          ],
          [
            "-105004868",
            "39729635",
            "1597",
            "31",
            "1000",
            "0",
            "0",
            "0",
            "0",
            "railway=light_rail",
            "railway=switch",
            "228",
            "119186"
          ],
          [
            "-105005389",
            "39731268",
            "1597",
            "187",
            "1000",
            "0",
            "0",
            "0",
            "0",
            "railway=light_rail",
            "railway=crossing",
            "243",
            "127950"
          ],
          [
            "-105005652",
            "39732076",
            "1599",
            "92",
            "1000",
            "0",
            "0",
            "0",
            "0",
            "railway=light_rail",
            "railway=unknown",
            "250",
            "132623"
          ],
          [
            "-105005720",
            "39732280",
            "1599",
            "23",
            "1000",
            "0",
            "0",
            "0",
            "0",
            "railway=light_rail",
            "railway=crossing",
            "252",
            "133810"
          ],
          [
            "-105005734",
            "39732323",
            "1599",
            "5",
            "1000",
            "0",
            "0",
            "0",
            "0",
            "railway=light_rail",
            "railway=signal",
            "253",
            "134074"
          ],
          [
            "-105006205",
            "39736806",
            "1595",
            "500",
            "1000",
            "0",
            "0",
            "0",
            "0",
            "railway=light_rail",
            "railway=crossing",
            "293",
            "153525"
          ],
          [
            "-105006206",
            "39736856",
            "1595",
            "6",
            "1000",
            "0",
            "0",
            "0",
            "0",
            "railway=light_rail",
            "railway=unknown",
            "293",
            "153769"
          ],
          [
            "-105006211",
            "39736925",
            "1595",
            "8",
            "1000",
            "0",
            "0",
            "0",
            "0",
            "railway=light_rail",
            "railway=level_crossing",
            "294",
            "154078"
          ],
          [
            "-105006215",
            "39736982",
            "1595",
            "6",
            "1000",
            "0",
            "0",
            "0",
            "0",
            "railway=light_rail",
            "railway=crossing",
            "294",
            "154312"
          ],
          [
            "-105006259",
            "39737727",
            "1594",
            "83",
            "1000",
            "0",
            "0",
            "0",
            "0",
            "railway=light_rail",
            "railway=signal",
            "301",
            "157193"
          ],
          [
            "-105006263",
            "39737785",
            "1594",
            "6",
            "1000",
            "0",
            "0",
            "0",
            "0",
            "railway=light_rail",
            "railway=switch",
            "301",
            "157410"
          ],
          [
            "-105006663",
            "39739405",
            "1591",
            "186",
            "1000",
            "0",
            "0",
            "0",
            "0",
            "railway=light_rail",
            "railway=signal",
            "316",
            "163082"
          ],
          [
            "-105005750",
            "39740411",
            "1591",
            "207",
            "1000",
            "0",
            "0",
            "0",
            "0",
            "railway=light_rail",
            "railway=switch",
            "333",
            "171031"
          ],
          [
            "-105005472",
            "39740404",
            "1592",
            "24",
            "1000",
            "0",
            "0",
            "0",
            "0",
            "railway=light_rail",
            "railway=crossing",
            "335",
            "172328"
          ],
          [
            "-105005389",
            "39740402",
            "1592",
            "7",
            "1000",
            "0",
            "0",
            "0",
            "0",
            "railway=light_rail",
            "railway=level_crossing",
            "335",
            "172711"
          ],
          [
            "-105005235",
            "39740396",
            "1592",
            "13",
            "1000",
            "0",
            "0",
            "0",
            "0",
            "railway=light_rail",
            "railway=level_crossing",
            "336",
            "173436"
          ],
          [
            "-105005151",
            "39740394",
            "1592",
            "7",
            "1000",
            "0",
            "0",
            "0",
            "0",
            "railway=light_rail",
            "railway=level_crossing",
            "337",
            "173818"
          ],
          [
            "-105005057",
            "39740388",
            "1592",
            "8",
            "1000",
            "0",
            "0",
            "0",
            "0",
            "railway=light_rail",
            "railway=crossing",
            "337",
            "174266"
          ],
          [
            "-105002986",
            "39740252",
            "1592",
            "180",
            "1000",
            "0",
            "0",
            "0",
            "0",
            "railway=light_rail",
            "railway=crossing",
            "352",
            "183214"
          ],
          [
            "-105002856",
            "39740252",
            "1592",
            "2",
            "1000",
            "0",
            "0",
            "0",
            "0",
            "railway=light_rail",
            "",
            "352",
            "183300"
          ],
          [
            "-105002856",
            "39740252",
            "1592",
            "10",
            "1000",
            "0",
            "0",
            "0",
            "0",
            "railway=light_rail",
            "railway=level_crossing",
            "0",
            "439"
          ],
          [
            "-105002746",
            "39740255",
            "1592",
            "9",
            "1000",
            "0",
            "0",
            "0",
            "0",
            "railway=light_rail",
            "railway=crossing",
            "1",
            "835"
          ],
          [
            "-105001671",
            "39740315",
            "1592",
            "93",
            "1000",
            "0",
            "0",
            "0",
            "0",
            "railway=light_rail",
            "railway=unknown",
            "8",
            "4715"
          ],
          [
            "-105001465",
            "39740327",
            "1592",
            "18",
            "1000",
            "0",
            "0",
            "0",
            "0",
            "railway=light_rail",
            "railway=crossing",
            "10",
            "5505"
          ],
          [
            "-105001421",
            "39740329",
            "1592",
            "4",
            "1000",
            "0",
            "0",
            "0",
            "0",
            "railway=light_rail",
            "railway=crossing",
            "10",
            "5681"
          ],
          [
            "-105000258",
            "39740735",
            "1592",
            "111",
            "1000",
            "0",
            "0",
            "0",
            "0",
            "railway=light_rail",
            "railway=crossing",
            "19",
            "10558"
          ],
          [
            "-105000147",
            "39740811",
            "1592",
            "13",
            "1000",
            "0",
            "0",
            "0",
            "0",
            "railway=light_rail",
            "railway=level_crossing",
            "20",
            "11156"
          ],
          [
            "-104999659",
            "39741238",
            "1592",
            "63",
            "1000",
            "0",
            "0",
            "0",
            "0",
            "railway=light_rail",
            "railway=level_crossing",
            "25",
            "14076"
          ],
          [
            "-104999532",
            "39741331",
            "1593",
            "15",
            "1000",
            "0",
            "0",
            "0",
            "0",
            "railway=light_rail",
            "railway=level_crossing",
            "26",
            "14834"
          ],
          [
            "-104999009",
            "39741531",
            "1595",
            "50",
            "1000",
            "0",
            "0",
            "0",
            "0",
            "railway=light_rail",
            "railway=crossing",
            "30",
            "17944"
          ],
          [
            "-104998917",
            "39741560",
            "1595",
            "9",
            "1000",
            "0",
            "0",
            "0",
            "0",
            "railway=light_rail",
            "railway=level_crossing",
            "31",
            "18504"
          ],
          [
            "-104998785",
            "39741603",
            "1595",
            "12",
            "1000",
            "0",
            "0",
            "0",
            "0",
            "railway=light_rail",
            "railway=crossing",
            "32",
            "19229"
          ],
          [
            "-104995869",
            "39743920",
            "1599",
            "395",
            "1000",
            "0",
            "0",
            "0",
            "0",
            "railway=light_rail",
            "railway=unknown",
            "64",
            "41737"
          ],
          [
            "-104995615",
            "39743965",
            "1599",
            "23",
            "1000",
            "0",
            "0",
            "0",
            "0",
            "railway=light_rail",
            "railway=crossing",
            "66",
            "42618"
          ],
          [
            "-104995551",
            "39743978",
            "1598",
            "6",
            "1000",
            "0",
            "0",
            "0",
            "0",
            "railway=light_rail",
            "railway=crossing",
            "66",
            "42835"
          ],
          [
            "-104995480",
            "39743992",
            "1598",
            "6",
            "1000",
            "0",
            "0",
            "0",
            "0",
            "railway=light_rail",
            "railway=level_crossing",
            "66",
            "43041"
          ],
          [
            "-104995466",
            "39743994",
            "1598",
            "1",
            "1000",
            "0",
            "0",
            "0",
            "0",
            "railway=light_rail",
            "railway=level_crossing",
            "67",
            "43076"
          ],
          [
            "-104995304",
            "39743993",
            "1598",
            "14",
            "1000",
            "0",
            "0",
            "0",
            "0",
            "railway=light_rail",
            "railway=crossing",
            "68",
            "43559"
          ],
          [
            "-104995285",
            "39743990",
            "1598",
            "2",
            "1000",
            "0",
            "0",
            "0",
            "0",
            "railway=light_rail",
            "railway=crossing",
            "68",
            "43627"
          ],
          [
            "-104995104",
            "39743897",
            "1598",
            "19",
            "1000",
            "0",
            "0",
            "0",
            "0",
            "railway=light_rail",
            "railway=switch",
            "69",
            "44345"
          ],
          [
            "-104994906",
            "39743759",
            "1599",
            "23",
            "1000",
            "0",
            "0",
            "0",
            "0",
            "railway=light_rail",
            "railway=level_crossing",
            "71",
            "45405"
          ],
          [
            "-104994548",
            "39743504",
            "1600",
            "42",
            "1000",
            "0",
            "0",
            "0",
            "0",
            "railway=light_rail",
            "railway=crossing",
            "75",
            "47630"
          ],
          [
            "-104994431",
            "39743479",
            "1600",
            "11",
            "1000",
            "0",
            "0",
            "0",
            "0",
            "railway=light_rail",
            "railway=level_crossing",
            "75",
            "48208"
          ],
          [
            "-104993440",
            "39744165",
            "1600",
            "116",
            "1000",
            "0",
            "0",
            "0",
            "0",
            "railway=light_rail",
            "railway=crossing",
            "85",
            "53686"
          ],
          [
            "-104993412",
            "39744185",
            "1600",
            "3",
            "1000",
            "0",
            "0",
            "0",
            "0",
            "railway=light_rail",
            "railway=crossing",
            "85",
            "53831"
          ],
          [
            "-104993360",
            "39744224",
            "1601",
            "6",
            "1000",
            "0",
            "0",
            "0",
            "0",
            "railway=light_rail",
            "railway=level_crossing",
            "85",
            "54146"
          ],
          [
            "-104993330",
            "39744246",
            "1601",
            "4",
            "1000",
            "0",
            "0",
            "0",
            "0",
            "railway=light_rail",
            "railway=level_crossing",
            "86",
            "54354"
          ],
          [
            "-104993277",
            "39744286",
            "1601",
            "6",
            "1000",
            "0",
            "0",
            "0",
            "0",
            "railway=light_rail",
            "railway=crossing",
            "86",
            "54677"
          ],
          [
            "-104992596",
            "39744814",
            "1603",
            "83",
            "1000",
            "0",
            "0",
            "0",
            "0",
            "railway=light_rail",
            "railway=level_crossing",
            "93",
            "59734"
          ],
          [
            "-104992365",
            "39744994",
            "1604",
            "28",
            "1000",
            "0",
            "0",
            "0",
            "0",
            "railway=light_rail",
            "railway=unknown",
            "95",
            "61447"
          ],
          [
            "-104992239",
            "39745092",
            "1605",
            "15",
            "1000",
            "0",
            "0",
            "0",
            "0",
            "railway=light_rail",
            "railway=crossing",
            "96",
            "62468"
          ],
          [
            "-104992210",
            "39745120",
            "1605",
            "4",
            "1000",
            "0",
            "0",
            "0",
            "0",
            "railway=light_rail",
            "railway=level_crossing",
            "97",
            "62740"
          ],
          [
            "-104992145",
            "39745175",
            "1606",
            "8",
            "1000",
            "0",
            "0",
            "0",
            "0",
            "railway=light_rail",
            "railway=level_crossing",
            "97",
            "63120"
          ],
          [
            "-104992074",
            "39745220",
            "1607",
            "8",
            "1000",
            "0",
            "0",
            "0",
            "0",
            "railway=light_rail",
            "railway=crossing",
            "98",
            "63532"
          ],
          [
            "-104991029",
            "39746029",
            "1604",
            "127",
            "1000",
            "0",
            "0",
            "0",
            "0",
            "railway=light_rail",
            "railway=crossing",
            "108",
            "69955"
          ],
          [
            "-104990973",
            "39746072",
            "1603",
            "7",
            "1000",
            "0",
            "0",
            "0",
            "0",
            "railway=light_rail",
            "railway=level_crossing",
            "109",
            "70241"
          ],
          [
            "-104990941",
            "39746096",
            "1603",
            "4",
            "1000",
            "0",
            "0",
            "0",
            "0",
            "railway=light_rail",
            "railway=level_crossing",
            "109",
            "70396"
          ],
          [
            "-104990859",
            "39746158",
            "1603",
            "10",
            "1000",
            "0",
            "0",
            "0",
            "0",
            "railway=light_rail",
            "railway=crossing",
            "110",
            "70745"
          ],
          [
            "-104990042",
            "39746789",
            "1605",
            "74",
            "1000",
            "0",
            "0",
            "0",
            "0",
            "railway=light_rail",
            "",
            "116",
            "74241"
          ],
          [
            "-104990042",
            "39746789",
            "1605",
            "25",
            "1000",
            "0",
            "0",
            "0",
            "0",
            "railway=light_rail",
            "railway=unknown",
            "2",
            "1246"
          ],
          [
            "-104989817",
            "39746963",
            "1607",
            "27",
            "1000",
            "0",
            "0",
            "0",
            "0",
            "railway=light_rail",
            "railway=crossing",
            "4",
            "2921"
          ],
          [
            "-104989737",
            "39747023",
            "1607",
            "10",
            "1000",
            "0",
            "0",
            "0",
            "0",
            "railway=light_rail",
            "railway=level_crossing",
            "4",
            "3552"
          ],
          [
            "-104989721",
            "39747036",
            "1607",
            "2",
            "1000",
            "0",
            "0",
            "0",
            "0",
            "railway=light_rail",
            "railway=level_crossing",
            "5",
            "3681"
          ],
          [
            "-104989696",
            "39747055",
            "1608",
            "3",
            "1000",
            "0",
            "0",
            "0",
            "0",
            "railway=light_rail",
            "railway=crossing",
            "5",
            "3879"
          ],
          [
            "-104989657",
            "39747086",
            "1608",
            "5",
            "1000",
            "0",
            "0",
            "0",
            "0",
            "railway=light_rail",
            "railway=crossing",
            "5",
            "4214"
          ],
          [
            "-104988783",
            "39747758",
            "1610",
            "106",
            "1000",
            "0",
            "0",
            "0",
            "0",
            "railway=light_rail",
            "railway=switch",
            "14",
            "9923"
          ],
          [
            "-104988705",
            "39747824",
            "1609",
            "10",
            "1000",
            "0",
            "0",
            "0",
            "0",
            "railway=light_rail",
            "railway=level_crossing",
            "15",
            "10605"
          ],
          [
            "-104988657",
            "39747916",
            "1608",
            "11",
            "1000",
            "0",
            "0",
            "0",
            "0",
            "railway=light_rail",
            "railway=crossing",
            "15",
            "11243"
          ],
          [
            "-104988652",
            "39747936",
            "1608",
            "2",
            "1000",
            "0",
            "0",
            "0",
            "0",
            "railway=light_rail",
            "railway=level_crossing",
            "16",
            "11348"
          ],
          [
            "-104988651",
            "39748003",
            "1607",
            "7",
            "1000",
            "0",
            "0",
            "0",
            "0",
            "railway=light_rail",
            "railway=level_crossing",
            "16",
            "11665"
          ],
          [
            "-104988666",
            "39748063",
            "1606",
            "7",
            "1000",
            "0",
            "0",
            "0",
            "0",
            "railway=light_rail",
            "railway=crossing",
            "17",
            "11937"
          ],
          [
            "-104988783",
            "39748202",
            "1605",
            "18",
            "1000",
            "0",
            "0",
            "0",
            "0",
            "railway=light_rail",
            "railway=switch",
            "18",
            "12524"
          ],
          [
            "-104989339",
            "39748591",
            "1606",
            "65",
            "1000",
            "0",
            "0",
            "0",
            "0",
            "railway=light_rail",
            "railway=crossing",
            "23",
            "14826"
          ],
          [
            "-104989383",
            "39748597",
            "1607",
            "4",
            "1000",
            "0",
            "0",
            "0",
            "0",
            "railway=light_rail",
            "railway=level_crossing",
            "24",
            "15021"
          ],
          [
            "-104989471",
            "39748608",
            "1607",
            "8",
            "1000",
            "0",
            "0",
            "0",
            "0",
            "railway=light_rail",
            "railway=level_crossing",
            "24",
            "15422"
          ],
          [
            "-104989542",
            "39748599",
            "1607",
            "6",
            "1000",
            "0",
            "0",
            "0",
            "0",
            "railway=light_rail",
            "railway=crossing",
            "25",
            "15749"
          ],
          [
            "-104990330",
            "39748042",
            "1607",
            "92",
            "1000",
            "0",
            "0",
            "0",
            "0",
            "railway=light_rail",
            "railway=unknown",
            "32",
            "20314"
          ],
          [
            "-104990617",
            "39747824",
            "1604",
            "35",
            "1000",
            "0",
            "0",
            "0",
            "0",
            "railway=light_rail",
            "railway=crossing",
            "35",
            "21806"
          ],
          [
            "-104990654",
            "39747796",
            "1603",
            "4",
            "1000",
            "0",
            "0",
            "0",
            "0",
            "railway=light_rail",
            "railway=crossing",
            "35",
            "21960"
          ],
          [
            "-104990674",
            "39747780",
            "1603",
            "2",
            "1000",
            "0",
            "0",
            "0",
            "0",
            "railway=light_rail",
            "railway=level_crossing",
            "35",
            "22033"
          ],
          [
            "-104990697",
            "39747762",
            "1603",
            "3",
            "1000",
            "0",
            "0",
            "0",
            "0",
            "railway=light_rail",
            "railway=level_crossing",
            "36",
            "22137"
          ],
          [
            "-104990775",
            "39747700",
            "1601",
            "10",
            "1000",
            "0",
            "0",
            "0",
            "0",
            "railway=light_rail",
            "railway=crossing",
            "36",
            "22408"
          ],
          [
            "-104991238",
            "39747335",
            "1603",
            "57",
            "1000",
            "0",
            "0",
            "0",
            "0",
            "railway=light_rail",
            "railway=level_crossing",
            "41",
            "24679"
          ],
          [
            "-104991809",
            "39746886",
            "1607",
            "66",
            "1000",
            "0",
            "0",
            "0",
            "0",
            "railway=light_rail",
            "",
            "46",
            "27754"
          ],
          [
            "-104991809",
            "39746886",
            "1607",
            "4",
            "1000",
            "0",
            "0",
            "0",
            "0",
            "railway=light_rail",
            "railway=crossing",
            "0",
            "184"
          ],
          [
            "-104991887",
            "39746825",
            "1607",
            "10",
            "1000",
            "0",
            "0",
            "0",
            "0",
            "railway=light_rail",
            "railway=level_crossing",
            "1",
            "686"
          ],
          [
            "-104991921",
            "39746797",
            "1608",
            "4",
            "1000",
            "0",
            "0",
            "0",
            "0",
            "railway=light_rail",
            "railway=level_crossing",
            "1",
            "894"
          ],
          [
            "-104991972",
            "39746757",
            "1608",
            "6",
            "1000",
            "0",
            "0",
            "0",
            "0",
            "railway=light_rail",
            "railway=crossing",
            "1",
            "1216"
          ],
          [
            "-104992533",
            "39746317",
            "1611",
            "69",
            "1000",
            "0",
            "0",
            "0",
            "0",
            "railway=light_rail",
            "railway=level_crossing",
            "7",
            "4721"
          ],
          [
            "-104992858",
            "39746062",
            "1609",
            "40",
            "1000",
            "0",
            "0",
            "0",
            "0",
            "railway=light_rail",
            "railway=unknown",
            "10",
            "7073"
          ],
          [
            "-104993012",
            "39745943",
            "1609",
            "19",
            "1000",
            "0",
            "0",
            "0",
            "0",
            "railway=light_rail",
            "railway=crossing",
            "12",
            "8041"
          ],
          [
            "-104993071",
            "39745896",
            "1609",
            "7",
            "1000",
            "0",
            "0",
            "0",
            "0",
            "railway=light_rail",
            "railway=level_crossing",
            "12",
            "8391"
          ],
          [
            "-104993141",
            "39745844",
            "1609",
            "8",
            "1000",
            "0",
            "0",
            "0",
            "0",
            "railway=light_rail",
            "railway=level_crossing",
            "13",
            "8788"
          ],
          [
            "-104993179",
            "39745815",
            "1609",
            "5",
            "1000",
            "0",
            "0",
            "0",
            "0",
            "railway=light_rail",
            "railway=crossing",
            "13",
            "9035"
          ],
          [
            "-104994224",
            "39745016",
            "1598",
            "126",
            "1000",
            "0",
            "0",
            "0",
            "0",
            "railway=light_rail",
            "railway=crossing",
            "23",
            "9729"
          ],
          [
            "-104994271",
            "39744980",
            "1598",
            "6",
            "1000",
            "0",
            "0",
            "0",
            "0",
            "railway=light_rail",
            "railway=level_crossing",
            "24",
            "9881"
          ],
          [
            "-104994305",
            "39744954",
            "1598",
            "4",
            "1000",
            "0",
            "0",
            "0",
            "0",
            "railway=light_rail",
            "railway=level_crossing",
            "24",
            "9986"
          ],
          [
            "-104994366",
            "39744907",
            "1598",
            "7",
            "1000",
            "0",
            "0",
            "0",
            "0",
            "railway=light_rail",
            "railway=crossing",
            "25",
            "10177"
          ],
          [
            "-104994394",
            "39744885",
            "1598",
            "3",
            "1000",
            "0",
            "0",
            "0",
            "0",
            "railway=light_rail",
            "railway=crossing",
            "25",
            "10261"
          ],
          [
            "-104994850",
            "39744537",
            "1597",
            "55",
            "1000",
            "0",
            "0",
            "0",
            "0",
            "railway=light_rail",
            "railway=level_crossing",
            "29",
            "11829"
          ],
          [
            "-104994944",
            "39744466",
            "1597",
            "11",
            "1000",
            "0",
            "0",
            "0",
            "0",
            "railway=light_rail",
            "railway=level_crossing",
            "30",
            "12168"
          ],
          [
            "-104995149",
            "39744309",
            "1597",
            "25",
            "1000",
            "0",
            "0",
            "0",
            "0",
            "railway=light_rail",
            "railway=switch",
            "32",
            "13092"
          ],
          [
            "-104995431",
            "39744102",
            "1597",
            "33",
            "1000",
            "0",
            "0",
            "0",
            "0",
            "railway=light_rail",
            "railway=crossing",
            "35",
            "14369"
          ],
          [
            "-104995552",
            "39744048",
            "1598",
            "12",
            "1000",
            "0",
            "0",
            "0",
            "0",
            "railway=light_rail",
            "railway=level_crossing",
            "36",
            "14730"
          ],
          [
            "-104995624",
            "39744029",
            "1598",
            "7",
            "1000",
            "0",
            "0",
            "0",
            "0",
            "railway=light_rail",
            "railway=crossing",
            "36",
            "14885"
          ],
          [
            "-104995685",
            "39744018",
            "1598",
            "5",
            "1000",
            "0",
            "0",
            "0",
            "0",
            "railway=light_rail",
            "railway=crossing",
            "37",
            "15012"
          ],
          [
            "-104996416",
            "39743894",
            "1603",
            "64",
            "1000",
            "0",
            "0",
            "0",
            "0",
            "railway=light_rail",
            "railway=unknown",
            "42",
            "18447"
          ],
          [
            "-104996922",
            "39743771",
            "1604",
            "46",
            "1000",
            "0",
            "0",
            "0",
            "0",
            "railway=light_rail",
            "railway=crossing",
            "46",
            "20474"
          ],
          [
            "-104998805",
            "39741637",
            "1595",
            "306",
            "1000",
            "0",
            "0",
            "0",
            "0",
            "railway=light_rail",
            "railway=crossing",
            "70",
            "32412"
          ],
          [
            "-104998937",
            "39741597",
            "1595",
            "12",
            "1000",
            "0",
            "0",
            "0",
            "0",
            "railway=light_rail",
            "railway=level_crossing",
            "71",
            "32838"
          ],
          [
            "-104999029",
            "39741566",
            "1595",
            "9",
            "1000",
            "0",
            "0",
            "0",
            "0",
            "railway=light_rail",
            "railway=crossing",
            "72",
            "33165"
          ],
          [
            "-104999551",
            "39741368",
            "1593",
            "50",
            "1000",
            "0",
            "0",
            "0",
            "0",
            "railway=light_rail",
            "railway=level_crossing",
            "76",
            "34380"
          ],
          [
            "-104999680",
            "39741277",
            "1592",
            "15",
            "1000",
            "0",
            "0",
            "0",
            "0",
            "railway=light_rail",
            "railway=level_crossing",
            "77",
            "34706"
          ],
          [
            "-105000147",
            "39740868",
            "1592",
            "60",
            "1000",
            "0",
            "0",
            "0",
            "0",
            "railway=light_rail",
            "railway=level_crossing",
            "82",
            "36256"
          ],
          [
            "-105000256",
            "39740789",
            "1592",
            "13",
            "1000",
            "0",
            "0",
            "0",
            "0",
            "railway=light_rail",
            "railway=crossing",
            "83",
            "36655"
          ],
          [
            "-105000285",
            "39740771",
            "1592",
            "3",
            "1000",
            "0",
            "0",
            "0",
            "0",
            "railway=light_rail",
            "railway=crossing",
            "83",
            "36751"
          ],
          [
            "-105001394",
            "39740369",
            "1592",
            "105",
            "1000",
            "0",
            "0",
            "0",
            "0",
            "railway=light_rail",
            "railway=crossing",
            "91",
            "40529"
          ],
          [
            "-105001472",
            "39740364",
            "1592",
            "7",
            "1000",
            "0",
            "0",
            "0",
            "0",
            "railway=light_rail",
            "railway=crossing",
            "92",
            "40813"
          ],
          [
            "-105002525",
            "39740303",
            "1592",
            "61",
            "1000",
            "0",
            "0",
            "0",
            "0",
            "railway=light_rail",
            "",
            "97",
            "43340"
          ],
          [
            "-105002525",
            "39740303",
            "1592",
            "30",
            "1000",
            "0",
            "0",
            "0",
            "0",
            "railway=light_rail",
            "railway=unknown",
            "2",
            "1376"
          ],
          [
            "-105002770",
            "39740294",
            "1592",
            "21",
            "1000",
            "0",
            "0",
            "0",
            "0",
            "railway=light_rail",
            "railway=crossing",
            "4",
            "2331"
          ],
          [
            "-105002869",
            "39740292",
            "1592",
            "8",
            "1000",
            "0",
            "0",
            "0",
            "0",
            "railway=light_rail",
            "railway=level_crossing",
            "4",
            "2676"
          ],
          [
            "-105002991",
            "39740292",
            "1592",
            "10",
            "1000",
            "0",
            "0",
            "0",
            "0",
            "railway=light_rail",
            "railway=crossing",
            "5",
            "3108"
          ],
          [
            "-105005053",
            "39740427",
            "1592",
            "179",
            "1000",
            "0",
            "0",
            "0",
            "0",
            "railway=light_rail",
            "railway=crossing",
            "19",
            "11695"
          ],
          [
            "-105005180",
            "39740435",
            "1592",
            "11",
            "1000",
            "0",
            "0",
            "0",
            "0",
            "railway=light_rail",
            "railway=level_crossing",
            "20",
            "12120"
          ],
          [
            "-105005235",
            "39740437",
            "1592",
            "5",
            "1000",
            "0",
            "0",
            "0",
            "0",
            "railway=light_rail",
            "railway=level_crossing",
            "21",
            "12315"
          ],
          [
            "-105005359",
            "39740441",
            "1592",
            "11",
            "1000",
            "0",
            "0",
            "0",
            "0",
            "railway=light_rail",
            "railway=level_crossing",
            "21",
            "12726"
          ],
          [
            "-105005434",
            "39740443",
            "1592",
            "6",
            "1000",
            "0",
            "0",
            "0",
            "0",
            "railway=light_rail",
            "railway=crossing",
            "22",
            "12940"
          ],
          [
            "-105005703",
            "39740448",
            "1591",
            "23",
            "1000",
            "0",
            "0",
            "0",
            "0",
            "railway=light_rail",
            "railway=signal",
            "24",
            "13711"
          ],
          [
            "-105006187",
            "39740460",
            "1590",
            "42",
            "1000",
            "0",
            "0",
            "0",
            "0",
            "railway=light_rail",
            "railway=switch",
            "27",
            "14836"
          ],
          [
            "-105006940",
            "39740298",
            "1589",
            "70",
            "1000",
            "0",
            "0",
            "0",
            "0",
            "railway=light_rail",
            "railway=signal",
            "33",
            "16737"
          ],
          [
            "-105006939",
            "39739676",
            "1590",
            "74",
            "1000",
            "0",
            "0",
            "0",
            "0",
            "railway=light_rail",
            "railway=unknown",
            "39",
            "19824"
          ],
          [
            "-105006809",
            "39739414",
            "1590",
            "31",
            "1000",
            "0",
            "0",
            "0",
            "0",
            "railway=light_rail",
            "railway=switch",
            "41",
            "21295"
          ],
          [
            "-105006266",
            "39736982",
            "1595",
            "280",
            "1000",
            "0",
            "0",
            "0",
            "0",
            "railway=light_rail",
            "railway=crossing",
            "64",
            "35112"
          ],
          [
            "-105006262",
            "39736926",
            "1595",
            "6",
            "1000",
            "0",
            "0",
            "0",
            "0",
            "railway=light_rail",
            "railway=level_crossing",
            "64",
            "35382"
          ],
          [
            "-105006258",
            "39736856",
            "1595",
            "8",
            "1000",
            "0",
            "0",
            "0",
            "0",
            "railway=light_rail",
            "railway=unknown",
            "65",
            "35743"
          ],
          [
            "-105006255",
            "39736805",
            "1595",
            "6",
            "1000",
            "0",
            "0",
            "0",
            "0",
            "railway=light_rail",
            "railway=crossing",
            "65",
            "36013"
          ],
          [
            "-105006150",
            "39735064",
            "1597",
            "194",
            "1000",
            "0",
            "0",
            "0",
            "0",
            "railway=light_rail",
            "railway=signal",
            "81",
            "45934"
          ],
          [
            "-105005521",
            "39731459",
            "1597",
            "406",
            "1000",
            "0",
            "0",
            "0",
            "0",
            "railway=light_rail",
            "railway=unknown",
            "113",
            "66396"
          ],
          [
            "-105005118",
            "39730242",
            "1597",
            "139",
            "1000",
            "0",
            "0",
            "0",
            "0",
            "railway=light_rail",
            "railway=signal",
            "124",
            "73253"
          ],
          [
            "-105005091",
            "39730161",
            "1597",
            "10",
            "1000",
            "0",
            "0",
            "0",
            "0",
            "railway=light_rail",
            "railway=switch",
            "125",
            "73672"
          ],
          [
            "-105003629",
            "39725843",
            "1597",
            "489",
            "1000",
            "0",
            "0",
            "0",
            "0",
            "railway=light_rail",
            "",
            "164",
            "94447"
          ],
          [
            "-105002926",
            "39724690",
            "1597",
            "148",
            "1000",
            "0",
            "0",
            "0",
            "0",
            "railway=light_rail",
            "railway=signal",
            "11",
            "6513"
          ],
          [
            "-105002590",
            "39724181",
            "1597",
            "63",
            "1000",
            "0",
            "0",
            "0",
            "0",
            "railway=light_rail",
            "railway=switch",
            "16",
            "9489"
          ],
          [
            "-105000381",
            "39720785",
            "1598",
            "422",
            "1000",
            "0",
            "0",
            "0",
            "0",
            "railway=light_rail",
            "railway=signal",
            "50",
            "28715"
          ],
          [
            "-104996842",
            "39714799",
            "1599",
            "730",
            "1000",
            "0",
            "0",
            "0",
            "0",
            "railway=light_rail",
            "railway=level_crossing",
            "109",
            "62214"
          ],
          [
            "-104996385",
            "39713992",
            "1602",
            "98",
            "1000",
            "0",
            "0",
            "0",
            "0",
            "railway=light_rail",
            "railway=signal",
            "116",
            "68144"
          ],
          [
            "-104992858",
            "39708231",
            "1603",
            "709",
            "1000",
            "0",
            "0",
            "0",
            "0",
            "railway=light_rail",
            "railway=unknown",
            "173",
            "100613"
          ],
          [
            "-104991186",
            "39705716",
            "1605",
            "316",
            "1000",
            "0",
            "0",
            "0",
            "0",
            "railway=light_rail",
            "railway=switch",
            "198",
            "115846"
          ],
          [
            "-104990290",
            "39701479",
            "1605",
            "479",
            "1000",
            "0",
            "0",
            "0",
            "0",
            "railway=light_rail",
            "railway=unknown",
            "237",
            "137488"
          ],
          [
            "-104989717",
            "39697794",
            "1609",
            "288",
            "1000",
            "0",
            "0",
            "0",
            "0",
            "railway=light_rail",
            "",
            "260",
            "151093"
          ],
          [
            "-104989717",
            "39697794",
            "1609",
            "124",
            "1000",
            "0",
            "0",
            "0",
            "0",
            "railway=light_rail",
            "railway=switch",
            "9",
            "6865"
          ],
          [
            "-104992083",
            "39680749",
            "1607",
            "1775",
            "1000",
            "0",
            "0",
            "0",
            "0",
            "railway=light_rail",
            "",
            "151",
            "84352"
          ],
          [
            "-104992988",
            "39677386",
            "1611",
            "529",
            "1000",
            "0",
            "0",
            "0",
            "0",
            "railway=light_rail",
            "railway=unknown",
            "42",
            "25964"
          ],
          [
            "-104993526",
            "39675198",
            "1610",
            "248",
            "1000",
            "0",
            "0",
            "0",
            "0",
            "railway=light_rail",
            "railway=switch",
            "62",
            "37077"
          ],
          [
            "-104994788",
            "39670249",
            "1614",
            "372",
            "1000",
            "0",
            "0",
            "0",
            "0",
            "railway=light_rail",
            "",
            "91",
            "54839"
          ],
          [
            "-104997812",
            "39660790",
            "1615",
            "1272",
            "1000",
            "0",
            "0",
            "0",
            "0",
            "railway=light_rail",
            "railway=switch",
            "101",
            "57962"
          ],
          [
            "-105000076",
            "39655389",
            "1622",
            "556",
            "1000",
            "0",
            "0",
            "0",
            "0",
            "railway=light_rail",
            "",
            "146",
            "85665"
          ],
          [
            "-105000076",
            "39655389",
            "1622",
            "73",
            "1000",
            "0",
            "0",
            "0",
            "0",
            "railway=light_rail",
            "railway=unknown",
            "5",
            "4354"
          ],
          [
            "-105001651",
            "39651351",
            "1621",
            "468",
            "1000",
            "0",
            "0",
            "0",
            "0",
            "railway=light_rail",
            "railway=switch",
            "43",
            "25086"
          ],
          [
            "-105004966",
            "39642702",
            "1624",
            "1002",
            "1000",
            "0",
            "0",
            "0",
            "0",
            "railway=light_rail",
            "railway=unknown",
            "123",
            "71917"
          ],
          [
            "-105010204",
            "39624914",
            "1631",
            "1752",
            "1000",
            "0",
            "0",
            "0",
            "0",
            "railway=light_rail",
            "",
            "263",
            "151802"
          ],
          [
            "-105014580",
            "39612556",
            "1634",
            "1704",
            "1000",
            "0",
            "0",
            "0",
            "0",
            "railway=light_rail",
            "railway=crossing",
            "136",
            "80123"
          ],
          [
            "-105015058",
            "39611749",
            "1631",
            "99",
            "1000",
            "0",
            "0",
            "0",
            "0",
            "railway=light_rail",
            "railway=unknown",
            "144",
            "82891"
          ],
          [
            "-105015121",
            "39611643",
            "1631",
            "13",
            "1000",
            "0",
            "0",
            "0",
            "0",
            "railway=light_rail",
            "railway=crossing",
            "145",
            "83376"
          ],
          [
            "-105016854",
            "39608607",
            "1633",
            "369",
            "1000",
            "0",
            "0",
            "0",
            "0",
            "railway=light_rail",
            "railway=switch",
            "174",
            "100890"
          ],
          [
            "-105021268",
            "39594329",
            "1640",
            "1579",
            "1000",
            "0",
            "0",
            "0",
            "0",
            "railway=light_rail",
            "",
            "301",
            "175592"
          ],
          [
            "-105024087",
            "39582059",
            "1648",
            "1451",
            "1000",
            "0",
            "0",
            "0",
            "0",
            "railway=light_rail",
            "railway=level_crossing",
            "116",
            "70742"
          ],
          [
            "-105024415",
            "39581407",
            "1647",
            "78",
            "1000",
            "0",
            "0",
            "0",
            "0",
            "railway=light_rail",
            "railway=switch",
            "122",
            "74011"
          ],
          [
            "-105024625",
            "39580881",
            "1648",
            "61",
            "1000",
            "0",
            "0",
            "0",
            "0",
            "railway=light_rail",
            "railway=switch",
            "127",
            "76859"
          ],
          [
            "-105024790",
            "39580552",
            "1647",
            "39",
            "1000",
            "0",
            "0",
            "0",
            "0",
            "reversedirection=yes railway=light_rail",
            "railway=unknown",
            "130",
            "78620"
          ],
          [
            "-105025209",
            "39579735",
            "1647",
            "79",
            "1000",
            "0",
            "0",
            "0",
            "0",
            "reversedirection=yes railway=light_rail",
            "",
            "136",
            "81905"
          ]
        ],
        "times": [
          0,
          6.32,
          9.44,
          18,
          20.56,
          22.24,
          25.2,
          29.36,
          33.04,
          36.4,
          40,
          46.56,
          49.76,
          100,
          112.96,
          117.68,
          122.96,
          124.8,
          127.2,
          141.52,
          150.8,
          201.76,
          204.32,
          206.64,
          208.96,
          211.52,
          216.64,
          219.04,
          221.92,
          234.24,
          252.16,
          260.4,
          265.84,
          267.6,
          290.48,
          297.68,
          301.28,
          313.44,
          317.68,
          321.84,
          326.24,
          330.56,
          336.56,
          339.04,
          340.8,
          381.6,
          406.16,
          410.88,
          419.2,
          441.12,
          445.44,
          450.96,
          456.64,
          462,
          465.12,
          467.36,
          471.68,
          474.88,
          480.8,
          482.88,
          485.6,
          486.48,
          551.68,
          558.88,
          561.28,
          570.72,
          575.2,
          582.64,
          583.92,
          589.2,
          595.2,
          603.6,
          652.72,
          672.48,
          678.4,
          681.12,
          691.28,
          694.32,
          694.72,
          697.04,
          698.72,
          700.88,
          701.84,
          705.44,
          709.28,
          724.64,
          731.68,
          734.16,
          745.68,
          750.72,
          751.68,
          757.04,
          767.52,
          772.56,
          778.16,
          782.64,
          832.48,
          837.76,
          844.56,
          851.6,
          860.48,
          863.52,
          872.24,
          880.4,
          894.96,
          903.12,
          904,
          908.24,
          913.6,
          920.8,
          940.48,
          947.28,
          956.48,
          959.28,
          965.52,
          966.64,
          976.08,
          988.08,
          991.04,
          1017.52,
          1025.2,
          1029.44,
          1034.4,
          1038.4,
          1042.32,
          1048.24,
          1051.2,
          1054.8,
          1058.16,
          1062.32,
          1070.24,
          1072.32,
          1073.36,
          1075.12,
          1080.4,
          1083.2,
          1086.08,
          1088.56,
          1089.76,
          1096.48,
          1100.56,
          1105.76,
          1106.88,
          1111.76,
          1112.72,
          1119.76,
          1121.28,
          1122.48,
          1129.76,
          1132.72,
          1137.12,
          1139.04,
          1143.04,
          1147.04,
          1156.56,
          1157.76,
          1162.4,
          1164.4,
          1166.4,
          1172.08,
          1172.72,
          1175.2,
          1182.24,
          1184,
          1188,
          1191.6,
          1192.96,
          1194.72,
          1196.48,
          1198.32,
          1207.36,
          1209.2,
          1218.08,
          1223.2,
          1235.52,
          1242.88,
          1251.36,
          1259.12,
          1271.68,
          1287.28,
          1291.68,
          1303.6,
          1323.36,
          1334.32,
          1340.08,
          1340.64,
          1348.32,
          1351.52,
          1353.04,
          1357.12,
          1364.8,
          1379.28,
          1383.76,
          1386.24,
          1394.56,
          1399.12,
          1400.56,
          1401.2,
          1408.56,
          1410.4,
          1410.8,
          1416,
          1418.48,
          1424.72,
          1431.04,
          1444.88,
          1450.8,
          1451.28,
          1451.92,
          1452.4,
          1459.04,
          1459.52,
          1466.08,
          1466.8,
          1467.76,
          1468.56,
          1470.4,
          1474.16,
          1474.4,
          1479.04,
          1480.16,
          1480.64,
          1481.2,
          1482.08,
          1482.48,
          1482.96,
          1483.44,
          1483.92,
          1484.88,
          1485.44,
          1486.8,
          1490.96,
          1492.88,
          1493.44,
          1494.48,
          1495.04,
          1495.68,
          1497.84,
          1500.4,
          1502.08,
          1502.72,
          1508.8,
          1510.08,
          1510.24,
          1511.04,
          1511.76,
          1514,
          1519.2,
          1520.64,
          1520.96,
          1522,
          1523.68,
          1525.28,
          1528.08,
          1529.84,
          1530.88,
          1532.24,
          1533.44,
          1535.92,
          1537.12,
          1538,
          1540.8,
          1541.12,
          1541.84,
          1542.8,
          1543.04,
          1544.16,
          1544.96,
          1545.36,
          1546.16,
          1547.04,
          1547.52,
          1548.16,
          1554.56,
          1555.44,
          1556.96,
          1557.52,
          1558.08,
          1558.72,
          1563.44,
          1565.36,
          1566.08,
          1566.96,
          1567.76,
          1569.52,
          1574.4,
          1574.8,
          1576.24,
          1576.72,
          1577.2,
          1577.28,
          1577.92,
          1578.4,
          1578.56,
          1579.04,
          1580.08,
          1581.92,
          1584.88,
          1585.28,
          1585.76,
          1586.16,
          1586.72,
          1587.36,
          1588.88,
          1595.44,
          1595.68,
          1596.16,
          1596.48,
          1596.96,
          1603.6,
          1605.84,
          1607.04,
          1607.36,
          1608,
          1608.64,
          1618.8,
          1619.36,
          1619.68,
          1620.48,
          1626.4,
          1628.4,
          1630.56,
          1631.36,
          1631.52,
          1631.76,
          1632.16,
          1640.64,
          1641.44,
          1641.84,
          1642.32,
          1642.48,
          1643.04,
          1643.6,
          1643.92,
          1644.48,
          1645.04,
          1648.16,
          1649.44,
          1650.24,
          1650.56,
          1650.72,
          1651.2,
          1651.68,
          1652.32,
          1652.8,
          1659.04,
          1661.84,
          1662.16,
          1662.32,
          1662.56,
          1663.04,
          1663.36,
          1667.92,
          1673.2,
          1673.52,
          1674.32,
          1674.64,
          1675.12,
          1680.64,
          1683.84,
          1685.36,
          1685.92,
          1686.56,
          1686.96,
          1697.04,
          1697.52,
          1697.84,
          1698.4,
          1698.64,
          1703.04,
          1703.92,
          1705.92,
          1708.56,
          1709.04,
          1709.52,
          1710.08,
          1710.48,
          1711.76,
          1715.6,
          1717.92,
          1719.28,
          1721.2,
          1723.2,
          1727.92,
          1728.56,
          1729.2,
          1729.76,
          1730.56,
          1732.24,
          1738.64,
          1739.28,
          1739.76,
          1740.56,
          1741.28,
          1742,
          1742.88,
          1743.76,
          1744.72,
          1745.44,
          1745.76,
          1748.56,
          1749.44,
          1750.64,
          1750.88,
          1754,
          1755.44,
          1756.48,
          1756.72,
          1758.4,
          1761.12,
          1761.92,
          1763.36,
          1765.12,
          1765.68,
          1770.56,
          1772.96,
          1774.64,
          1775.28,
          1776.08,
          1781.36,
          1784,
          1784.88,
          1790.4,
          1791.28,
          1791.68,
          1792.56,
          1793.04,
          1793.36,
          1794.88,
          1798.24,
          1800.24,
          1800.8,
          1801.44,
          1802,
          1802.48,
          1803.04,
          1803.84,
          1804.56,
          1805.2,
          1805.68,
          1806.4,
          1806.96,
          1807.6,
          1809.76,
          1811.2,
          1812.24,
          1814.96,
          1816.88,
          1818.64,
          1819.84,
          1821.2,
          1822.56,
          1834.64,
          1835.12,
          1835.76,
          1836.24,
          1842.16,
          1851.76,
          1856.08,
          1865.76,
          1868.32,
          1871.52,
          1873.68,
          1875.84,
          1884.24,
          1890.64,
          1893.44,
          1895.36,
          1896.08,
          1896.16,
          1931.36,
          1934.48,
          1935.28,
          1935.84,
          1939.12,
          1947.12,
          1952.16,
          1964.08,
          1985.92,
          1991.68,
          1995.84,
          2007.68,
          2015.28,
          2018.88,
          2027.12,
          2036,
          2041.76,
          2044.32,
          2052.16,
          2069.04,
          2078,
          2079.76,
          2090.72,
          2092.32,
          2094,
          2096.88,
          2098.64,
          2103.68,
          2108.88,
          2117.6,
          2119.76,
          2122.8,
          2127.44,
          2134.16,
          2137.2,
          2142.56,
          2148.72,
          2150.4,
          2154.4,
          2164.8,
          2172.48,
          2179.04,
          2185.52,
          2189.76,
          2192.64,
          2195.52,
          2205.44,
          2211.84,
          2214.56,
          2216.72,
          2224.4,
          2228.72,
          2232.08,
          2235.6,
          2241.2,
          2244.48,
          2248.4,
          2252.24,
          2257.28,
          2261.52,
          2264.8,
          2269.2,
          2274.08,
          2295.68,
          2298.56,
          2316.96,
          2321.04,
          2324.72,
          2327.04,
          2331.6,
          2338.64,
          2347.44,
          2359.2,
          2365.84,
          2381.28,
          2389.76,
          2398.32,
          2409.6,
          2417.84,
          2439.36,
          2454.4,
          2504.16,
          2507.68,
          2514.16,
          2520.56,
          2541.12,
          2541.2,
          2552.64,
          2562.16,
          2572.08,
          2580.72,
          2585.6,
          2591.44,
          2598.96,
          2608.16,
          2614,
          2628.88,
          2700.16,
          2709.04,
          2711.52,
          2716.08,
          2718.16,
          2724.88,
          2731.36,
          2800.88,
          2803.68,
          2805.84,
          2809.36,
          2819.2,
          2821.44,
          2824.64,
          2830.08,
          2835.76,
          2841.36,
          2849.2,
          2871.36,
          2876,
          2880.8,
          2905.36,
          2947.84,
          2956.32,
          2960.64,
          2964.96,
          2969.2,
          2971.44,
          2984.72,
          2985.52,
          2993.44,
          2994.48,
          3006.32,
          3010.56,
          3024,
          3025.44,
          3034.48,
          3052.64,
          3064.8,
          3070.16,
          3072.88,
          3075.28,
          3077.84,
          3082.56,
          3085.12,
          3136.08,
          3145.52,
          3150.32,
          3155.52,
          3161.92,
          3164.16,
          3180.4,
          3186.88,
          3195.36,
          3237.2,
          3240.4,
          3246.96,
          3253.92,
          3257.6,
          3261.76,
          3266.4,
          3272.64,
          3274.16,
          3277.52,
          3280.64,
          3286.96
        ]
      },
      "geometry": {
        "type": "LineString",
        "coordinates": [
          [
            -105.025129,
            39.57989,
            1647.25
          ],
          [
            -105.02479,
            39.580552,
            1647.75
          ],
          [
            -105.024625,
            39.580881,
            1648
          ],
          [
            -105.024164,
            39.581776,
            1647.75
          ],
          [
            -105.024033,
            39.582044,
            1648.5
          ],
          [
            -105.023948,
            39.582221,
            1648.75
          ],
          [
            -105.023811,
            39.58254,
            1648.75
          ],
          [
            -105.023629,
            39.582988,
            1647.5
          ],
          [
            -105.02348,
            39.583384,
            1646.75
          ],
          [
            -105.023357,
            39.583753,
            1646.75
          ],
          [
            -105.023235,
            39.58415,
            1646.5
          ],
          [
            -105.02305,
            39.584879,
            1646
          ],
          [
            -105.022977,
            39.585234,
            1645.5
          ],
          [
            -105.021995,
            39.590843,
            1646
          ],
          [
            -105.021649,
            39.592281,
            1641.5
          ],
          [
            -105.021522,
            39.592807,
            1641.5
          ],
          [
            -105.021401,
            39.593392,
            1641
          ],
          [
            -105.021352,
            39.593593,
            1641
          ],
          [
            -105.021306,
            39.593857,
            1641
          ],
          [
            -105.021045,
            39.595455,
            1639.75
          ],
          [
            -105.020858,
            39.596493,
            1639.75
          ],
          [
            -105.01993,
            39.602188,
            1638.5
          ],
          [
            -105.019879,
            39.602469,
            1639
          ],
          [
            -105.01982,
            39.60273,
            1639.75
          ],
          [
            -105.019754,
            39.602988,
            1640.25
          ],
          [
            -105.019667,
            39.603268,
            1640.25
          ],
          [
            -105.019461,
            39.603818,
            1639.25
          ],
          [
            -105.019346,
            39.604072,
            1639
          ],
          [
            -105.019189,
            39.604376,
            1638
          ],
          [
            -105.018474,
            39.605649,
            1637.25
          ],
          [
            -105.017416,
            39.607493,
            1635
          ],
          [
            -105.016936,
            39.608345,
            1633.5
          ],
          [
            -105.016634,
            39.60891,
            1633.5
          ],
          [
            -105.016531,
            39.609087,
            1634
          ],
          [
            -105.015147,
            39.611432,
            1632.25
          ],
          [
            -105.014713,
            39.612166,
            1633.75
          ],
          [
            -105.014498,
            39.612532,
            1634
          ],
          [
            -105.013793,
            39.613783,
            1635.25
          ],
          [
            -105.013552,
            39.614221,
            1634.25
          ],
          [
            -105.013334,
            39.614654,
            1634
          ],
          [
            -105.013117,
            39.615122,
            1635.5
          ],
          [
            -105.012922,
            39.615584,
            1636.25
          ],
          [
            -105.012687,
            39.616235,
            1635.75
          ],
          [
            -105.012598,
            39.616508,
            1635.25
          ],
          [
            -105.01254,
            39.616697,
            1633
          ],
          [
            -105.011171,
            39.621166,
            1633
          ],
          [
            -105.010433,
            39.623874,
            1632
          ],
          [
            -105.010297,
            39.624394,
            1631
          ],
          [
            -105.010047,
            39.625312,
            1630.25
          ],
          [
            -105.009393,
            39.62773,
            1627.5
          ],
          [
            -105.009269,
            39.628211,
            1627.75
          ],
          [
            -105.009129,
            39.628824,
            1627.75
          ],
          [
            -105.009016,
            39.62946,
            1628
          ],
          [
            -105.008889,
            39.630059,
            1628.25
          ],
          [
            -105.008784,
            39.630405,
            1628.5
          ],
          [
            -105.008686,
            39.630648,
            1628.5
          ],
          [
            -105.008481,
            39.631106,
            1628.75
          ],
          [
            -105.008319,
            39.631442,
            1629
          ],
          [
            -105.008036,
            39.632076,
            1629.25
          ],
          [
            -105.007951,
            39.632303,
            1629.25
          ],
          [
            -105.007857,
            39.632602,
            1629.5
          ],
          [
            -105.007829,
            39.632696,
            1629.5
          ],
          [
            -105.005893,
            39.639878,
            1625.75
          ],
          [
            -105.005643,
            39.640669,
            1624.5
          ],
          [
            -105.005551,
            39.640928,
            1624
          ],
          [
            -105.005162,
            39.64195,
            1624
          ],
          [
            -105.004977,
            39.642435,
            1624.75
          ],
          [
            -105.004668,
            39.643241,
            1624.5
          ],
          [
            -105.004616,
            39.643377,
            1624.25
          ],
          [
            -105.004397,
            39.643951,
            1624
          ],
          [
            -105.004163,
            39.644603,
            1623.25
          ],
          [
            -105.003837,
            39.645513,
            1623
          ],
          [
            -105.001805,
            39.650811,
            1622
          ],
          [
            -105.000985,
            39.652947,
            1620
          ],
          [
            -105.000737,
            39.653584,
            1619.25
          ],
          [
            -105.000624,
            39.653877,
            1619.75
          ],
          [
            -105.000165,
            39.654962,
            1622.5
          ],
          [
            -105.000027,
            39.655286,
            1623
          ],
          [
            -105.000009,
            39.655329,
            1623
          ],
          [
            -104.999904,
            39.655575,
            1622.25
          ],
          [
            -104.999827,
            39.655756,
            1619.75
          ],
          [
            -104.99973,
            39.655983,
            1619.75
          ],
          [
            -104.999685,
            39.656081,
            1619.25
          ],
          [
            -104.999509,
            39.656459,
            1618.25
          ],
          [
            -104.999351,
            39.65687,
            1617.75
          ],
          [
            -104.998713,
            39.658528,
            1615.25
          ],
          [
            -104.998392,
            39.659282,
            1613
          ],
          [
            -104.998289,
            39.659551,
            1613.25
          ],
          [
            -104.99776,
            39.660778,
            1615.25
          ],
          [
            -104.997529,
            39.661319,
            1615.75
          ],
          [
            -104.997487,
            39.661421,
            1616
          ],
          [
            -104.99723,
            39.661993,
            1616
          ],
          [
            -104.996746,
            39.663109,
            1615.75
          ],
          [
            -104.996529,
            39.663653,
            1615.75
          ],
          [
            -104.996315,
            39.664259,
            1615.75
          ],
          [
            -104.996174,
            39.664749,
            1616.25
          ],
          [
            -104.994738,
            39.67025,
            1614.5
          ],
          [
            -104.99458,
            39.670831,
            1615.75
          ],
          [
            -104.994395,
            39.671581,
            1613
          ],
          [
            -104.994181,
            39.672356,
            1611
          ],
          [
            -104.993925,
            39.673338,
            1610.75
          ],
          [
            -104.993844,
            39.673676,
            1611
          ],
          [
            -104.993607,
            39.674643,
            1610.75
          ],
          [
            -104.993385,
            39.67555,
            1611
          ],
          [
            -104.992959,
            39.677153,
            1611.75
          ],
          [
            -104.99272,
            39.678055,
            1611
          ],
          [
            -104.992695,
            39.678151,
            1610.75
          ],
          [
            -104.992572,
            39.678618,
            1609.5
          ],
          [
            -104.992431,
            39.679216,
            1609
          ],
          [
            -104.992234,
            39.680016,
            1609.5
          ],
          [
            -104.99165,
            39.682182,
            1608.5
          ],
          [
            -104.991447,
            39.68293,
            1608.5
          ],
          [
            -104.991181,
            39.683945,
            1609.75
          ],
          [
            -104.991079,
            39.684248,
            1610
          ],
          [
            -104.990851,
            39.684931,
            1610.75
          ],
          [
            -104.99081,
            39.685053,
            1610.5
          ],
          [
            -104.990527,
            39.68609,
            1606
          ],
          [
            -104.990179,
            39.687413,
            1607.5
          ],
          [
            -104.990095,
            39.687737,
            1607.5
          ],
          [
            -104.989339,
            39.690659,
            1607.75
          ],
          [
            -104.989175,
            39.691515,
            1607
          ],
          [
            -104.989113,
            39.691987,
            1606.25
          ],
          [
            -104.989058,
            39.692546,
            1605.25
          ],
          [
            -104.989031,
            39.692995,
            1605.75
          ],
          [
            -104.989023,
            39.693432,
            1606
          ],
          [
            -104.989043,
            39.694097,
            1605.25
          ],
          [
            -104.989067,
            39.694433,
            1606
          ],
          [
            -104.989105,
            39.694833,
            1607.25
          ],
          [
            -104.989153,
            39.695208,
            1608.25
          ],
          [
            -104.989231,
            39.695672,
            1608.25
          ],
          [
            -104.989408,
            39.696551,
            1608.5
          ],
          [
            -104.989455,
            39.696781,
            1608.75
          ],
          [
            -104.989481,
            39.696898,
            1609.25
          ],
          [
            -104.989511,
            39.697093,
            1610
          ],
          [
            -104.989603,
            39.697682,
            1611
          ],
          [
            -104.98966,
            39.697998,
            1610.25
          ],
          [
            -104.989718,
            39.698315,
            1609.5
          ],
          [
            -104.98978,
            39.698587,
            1608.5
          ],
          [
            -104.989809,
            39.698724,
            1608.25
          ],
          [
            -104.989948,
            39.699473,
            1606.25
          ],
          [
            -104.989984,
            39.699927,
            1605
          ],
          [
            -104.989997,
            39.700514,
            1604.75
          ],
          [
            -104.989999,
            39.700642,
            1605
          ],
          [
            -104.990017,
            39.701194,
            1605.25
          ],
          [
            -104.990032,
            39.701302,
            1605.5
          ],
          [
            -104.99014,
            39.702089,
            1605.25
          ],
          [
            -104.990165,
            39.702261,
            1605
          ],
          [
            -104.990183,
            39.702393,
            1604.75
          ],
          [
            -104.9903,
            39.703206,
            1604
          ],
          [
            -104.990347,
            39.703536,
            1604
          ],
          [
            -104.990438,
            39.704025,
            1604.25
          ],
          [
            -104.990494,
            39.704241,
            1604.25
          ],
          [
            -104.990643,
            39.704672,
            1604.25
          ],
          [
            -104.990836,
            39.705101,
            1604.25
          ],
          [
            -104.991311,
            39.706108,
            1604.75
          ],
          [
            -104.991372,
            39.706235,
            1604.25
          ],
          [
            -104.991603,
            39.706722,
            1604.25
          ],
          [
            -104.991717,
            39.706931,
            1604.5
          ],
          [
            -104.991841,
            39.707139,
            1604.5
          ],
          [
            -104.99227,
            39.707684,
            1604.25
          ],
          [
            -104.992321,
            39.707741,
            1604
          ],
          [
            -104.992525,
            39.707969,
            1603.25
          ],
          [
            -104.993115,
            39.70862,
            1603.25
          ],
          [
            -104.993263,
            39.708783,
            1603.5
          ],
          [
            -104.993596,
            39.709158,
            1603.75
          ],
          [
            -104.993868,
            39.7095,
            1603.5
          ],
          [
            -104.993968,
            39.709627,
            1603.5
          ],
          [
            -104.994088,
            39.7098,
            1603.25
          ],
          [
            -104.994201,
            39.709981,
            1602.75
          ],
          [
            -104.99431,
            39.710168,
            1602.25
          ],
          [
            -104.994815,
            39.711108,
            1601.25
          ],
          [
            -104.994917,
            39.711295,
            1601.5
          ],
          [
            -104.995413,
            39.71222,
            1600.25
          ],
          [
            -104.995684,
            39.712759,
            1601.25
          ],
          [
            -104.996357,
            39.714045,
            1602.5
          ],
          [
            -104.996789,
            39.714799,
            1599.75
          ],
          [
            -104.997286,
            39.715669,
            1599.5
          ],
          [
            -104.997737,
            39.716466,
            1599.25
          ],
          [
            -104.998448,
            39.717768,
            1599
          ],
          [
            -104.999409,
            39.719362,
            1598.5
          ],
          [
            -104.999696,
            39.719807,
            1598.5
          ],
          [
            -105.000471,
            39.72101,
            1598
          ],
          [
            -105.001763,
            39.722995,
            1597.75
          ],
          [
            -105.002482,
            39.724096,
            1597.75
          ],
          [
            -105.002858,
            39.724673,
            1597.5
          ],
          [
            -105.002896,
            39.724733,
            1597.5
          ],
          [
            -105.003398,
            39.725507,
            1597.5
          ],
          [
            -105.003576,
            39.725842,
            1597.5
          ],
          [
            -105.00365,
            39.726006,
            1597.25
          ],
          [
            -105.003815,
            39.726452,
            1596.25
          ],
          [
            -105.004088,
            39.727294,
            1595.75
          ],
          [
            -105.004616,
            39.728873,
            1599.25
          ],
          [
            -105.004778,
            39.729362,
            1598.25
          ],
          [
            -105.004868,
            39.729635,
            1597.5
          ],
          [
            -105.005163,
            39.730541,
            1598
          ],
          [
            -105.005309,
            39.731038,
            1598
          ],
          [
            -105.005364,
            39.731196,
            1597.75
          ],
          [
            -105.005389,
            39.731268,
            1597.75
          ],
          [
            -105.005652,
            39.732076,
            1599
          ],
          [
            -105.00572,
            39.73228,
            1599.5
          ],
          [
            -105.005734,
            39.732323,
            1599.75
          ],
          [
            -105.005897,
            39.732898,
            1598.75
          ],
          [
            -105.00595,
            39.733171,
            1598
          ],
          [
            -105.006021,
            39.73387,
            1597.75
          ],
          [
            -105.00606,
            39.73458,
            1597.75
          ],
          [
            -105.006159,
            39.73614,
            1596
          ],
          [
            -105.006205,
            39.736806,
            1595.5
          ],
          [
            -105.006206,
            39.736856,
            1595.5
          ],
          [
            -105.006211,
            39.736925,
            1595.25
          ],
          [
            -105.006215,
            39.736982,
            1595.25
          ],
          [
            -105.006259,
            39.737727,
            1594.25
          ],
          [
            -105.006263,
            39.737785,
            1594
          ],
          [
            -105.006271,
            39.738525,
            1592.25
          ],
          [
            -105.006275,
            39.738608,
            1592
          ],
          [
            -105.006294,
            39.738718,
            1592
          ],
          [
            -105.006317,
            39.738807,
            1591.75
          ],
          [
            -105.006398,
            39.739002,
            1591.5
          ],
          [
            -105.006647,
            39.73938,
            1591
          ],
          [
            -105.006663,
            39.739405,
            1591
          ],
          [
            -105.006971,
            39.739872,
            1590.25
          ],
          [
            -105.006999,
            39.739995,
            1590
          ],
          [
            -105.007002,
            39.740052,
            1590
          ],
          [
            -105.006989,
            39.740113,
            1589.75
          ],
          [
            -105.006939,
            39.740205,
            1589.75
          ],
          [
            -105.006904,
            39.740246,
            1589.5
          ],
          [
            -105.006864,
            39.740289,
            1589.5
          ],
          [
            -105.006818,
            39.740326,
            1589.25
          ],
          [
            -105.006762,
            39.740359,
            1589.25
          ],
          [
            -105.006638,
            39.740405,
            1589
          ],
          [
            -105.006558,
            39.740419,
            1589.25
          ],
          [
            -105.006362,
            39.740425,
            1589.75
          ],
          [
            -105.00575,
            39.740411,
            1591.5
          ],
          [
            -105.005472,
            39.740404,
            1592
          ],
          [
            -105.005389,
            39.740402,
            1592.25
          ],
          [
            -105.005235,
            39.740396,
            1592.5
          ],
          [
            -105.005151,
            39.740394,
            1592.5
          ],
          [
            -105.005057,
            39.740388,
            1592.75
          ],
          [
            -105.00475,
            39.740349,
            1593.25
          ],
          [
            -105.004385,
            39.740293,
            1594.25
          ],
          [
            -105.004146,
            39.740264,
            1594.75
          ],
          [
            -105.00405,
            39.740258,
            1594.5
          ],
          [
            -105.003168,
            39.740252,
            1592.25
          ],
          [
            -105.002986,
            39.740252,
            1592.5
          ],
          [
            -105.002968,
            39.740252,
            1592.5
          ],
          [
            -105.002856,
            39.740252,
            1592.5
          ],
          [
            -105.002746,
            39.740255,
            1592.5
          ],
          [
            -105.002422,
            39.740269,
            1592.5
          ],
          [
            -105.001671,
            39.740315,
            1592
          ],
          [
            -105.001465,
            39.740327,
            1592.25
          ],
          [
            -105.001421,
            39.740329,
            1592.25
          ],
          [
            -105.001268,
            39.740345,
            1592.25
          ],
          [
            -105.001035,
            39.740396,
            1592.25
          ],
          [
            -105.000826,
            39.740469,
            1592.25
          ],
          [
            -105.000466,
            39.740625,
            1592.25
          ],
          [
            -105.000258,
            39.740735,
            1592.25
          ],
          [
            -105.000147,
            39.740811,
            1592.5
          ],
          [
            -105.000011,
            39.740919,
            1592.5
          ],
          [
            -104.999895,
            39.741025,
            1592.5
          ],
          [
            -104.999659,
            39.741238,
            1592.75
          ],
          [
            -104.999532,
            39.741331,
            1593.25
          ],
          [
            -104.99943,
            39.741388,
            1593.75
          ],
          [
            -104.999058,
            39.741517,
            1595.5
          ],
          [
            -104.999009,
            39.741531,
            1595.5
          ],
          [
            -104.998917,
            39.74156,
            1595.75
          ],
          [
            -104.998785,
            39.741603,
            1595.75
          ],
          [
            -104.998755,
            39.741613,
            1595.75
          ],
          [
            -104.998611,
            39.741663,
            1595.75
          ],
          [
            -104.99851,
            39.741711,
            1596
          ],
          [
            -104.99846,
            39.74174,
            1596
          ],
          [
            -104.998383,
            39.741803,
            1596.25
          ],
          [
            -104.998314,
            39.741884,
            1596.75
          ],
          [
            -104.998285,
            39.741938,
            1597
          ],
          [
            -104.99826,
            39.742009,
            1597.25
          ],
          [
            -104.998118,
            39.742721,
            1599.25
          ],
          [
            -104.998092,
            39.742818,
            1599.25
          ],
          [
            -104.998022,
            39.742983,
            1599.25
          ],
          [
            -104.997984,
            39.743037,
            1599.5
          ],
          [
            -104.997933,
            39.743091,
            1599.75
          ],
          [
            -104.997869,
            39.743144,
            1600
          ],
          [
            -104.997367,
            39.743509,
            1603.75
          ],
          [
            -104.997142,
            39.743641,
            1604.5
          ],
          [
            -104.997045,
            39.743682,
            1604.5
          ],
          [
            -104.99693,
            39.743722,
            1604.75
          ],
          [
            -104.996817,
            39.743753,
            1604.75
          ],
          [
            -104.996565,
            39.743806,
            1604
          ],
          [
            -104.995869,
            39.74392,
            1599.75
          ],
          [
            -104.995814,
            39.743929,
            1599.5
          ],
          [
            -104.995615,
            39.743965,
            1599
          ],
          [
            -104.995551,
            39.743978,
            1598.75
          ],
          [
            -104.99548,
            39.743992,
            1598.5
          ],
          [
            -104.995466,
            39.743994,
            1598.5
          ],
          [
            -104.995368,
            39.743997,
            1598.5
          ],
          [
            -104.995304,
            39.743993,
            1598.25
          ],
          [
            -104.995285,
            39.74399,
            1598.25
          ],
          [
            -104.995217,
            39.743971,
            1598.25
          ],
          [
            -104.995104,
            39.743897,
            1598.75
          ],
          [
            -104.994906,
            39.743759,
            1599.5
          ],
          [
            -104.994592,
            39.743528,
            1600.5
          ],
          [
            -104.994548,
            39.743504,
            1600.75
          ],
          [
            -104.994483,
            39.743485,
            1600.75
          ],
          [
            -104.994431,
            39.743479,
            1600.75
          ],
          [
            -104.99435,
            39.743486,
            1600.5
          ],
          [
            -104.994269,
            39.743529,
            1600.5
          ],
          [
            -104.99411,
            39.743644,
            1600
          ],
          [
            -104.99344,
            39.744165,
            1600.5
          ],
          [
            -104.993412,
            39.744185,
            1600.75
          ],
          [
            -104.99336,
            39.744224,
            1601.25
          ],
          [
            -104.99333,
            39.744246,
            1601.25
          ],
          [
            -104.993277,
            39.744286,
            1601.5
          ],
          [
            -104.992596,
            39.744814,
            1603.25
          ],
          [
            -104.992365,
            39.744994,
            1604.25
          ],
          [
            -104.992239,
            39.745092,
            1605.5
          ],
          [
            -104.99221,
            39.74512,
            1605.75
          ],
          [
            -104.992145,
            39.745175,
            1606.5
          ],
          [
            -104.992074,
            39.74522,
            1607
          ],
          [
            -104.991029,
            39.746029,
            1604.5
          ],
          [
            -104.990973,
            39.746072,
            1603.75
          ],
          [
            -104.990941,
            39.746096,
            1603.5
          ],
          [
            -104.990859,
            39.746158,
            1603
          ],
          [
            -104.990248,
            39.746629,
            1605.25
          ],
          [
            -104.990042,
            39.746789,
            1605.25
          ],
          [
            -104.989817,
            39.746963,
            1607
          ],
          [
            -104.989737,
            39.747023,
            1607.5
          ],
          [
            -104.989721,
            39.747036,
            1607.75
          ],
          [
            -104.989696,
            39.747055,
            1608
          ],
          [
            -104.989657,
            39.747086,
            1608.25
          ],
          [
            -104.988783,
            39.747758,
            1610.5
          ],
          [
            -104.988705,
            39.747824,
            1609.75
          ],
          [
            -104.988676,
            39.74786,
            1609.25
          ],
          [
            -104.988657,
            39.747916,
            1608.5
          ],
          [
            -104.988652,
            39.747936,
            1608.25
          ],
          [
            -104.988651,
            39.748003,
            1607.5
          ],
          [
            -104.988666,
            39.748063,
            1606.75
          ],
          [
            -104.988682,
            39.748097,
            1606.5
          ],
          [
            -104.988728,
            39.748151,
            1606
          ],
          [
            -104.988783,
            39.748202,
            1605.5
          ],
          [
            -104.989111,
            39.748443,
            1605.25
          ],
          [
            -104.989246,
            39.748541,
            1606
          ],
          [
            -104.989339,
            39.748591,
            1606.75
          ],
          [
            -104.989383,
            39.748597,
            1607
          ],
          [
            -104.989407,
            39.748604,
            1607
          ],
          [
            -104.989471,
            39.748608,
            1607.25
          ],
          [
            -104.989542,
            39.748599,
            1607.75
          ],
          [
            -104.989625,
            39.748573,
            1608
          ],
          [
            -104.989683,
            39.748542,
            1608.5
          ],
          [
            -104.99033,
            39.748042,
            1607.5
          ],
          [
            -104.990617,
            39.747824,
            1604
          ],
          [
            -104.990654,
            39.747796,
            1603.5
          ],
          [
            -104.990674,
            39.74778,
            1603.25
          ],
          [
            -104.990697,
            39.747762,
            1603
          ],
          [
            -104.990746,
            39.747723,
            1602.25
          ],
          [
            -104.990775,
            39.7477,
            1601.75
          ],
          [
            -104.991238,
            39.747335,
            1603.25
          ],
          [
            -104.991775,
            39.746913,
            1607.25
          ],
          [
            -104.991809,
            39.746886,
            1607.25
          ],
          [
            -104.991887,
            39.746825,
            1607.75
          ],
          [
            -104.991921,
            39.746797,
            1608
          ],
          [
            -104.991972,
            39.746757,
            1608.25
          ],
          [
            -104.992533,
            39.746317,
            1611.25
          ],
          [
            -104.992858,
            39.746062,
            1609.75
          ],
          [
            -104.993012,
            39.745943,
            1609.25
          ],
          [
            -104.993071,
            39.745896,
            1609.25
          ],
          [
            -104.993141,
            39.745844,
            1609.25
          ],
          [
            -104.993179,
            39.745815,
            1609.25
          ],
          [
            -104.994224,
            39.745016,
            1598
          ],
          [
            -104.994271,
            39.74498,
            1598
          ],
          [
            -104.994305,
            39.744954,
            1598
          ],
          [
            -104.994366,
            39.744907,
            1598
          ],
          [
            -104.994394,
            39.744885,
            1598
          ],
          [
            -104.99485,
            39.744537,
            1597.5
          ],
          [
            -104.994944,
            39.744466,
            1597.25
          ],
          [
            -104.995149,
            39.744309,
            1597.75
          ],
          [
            -104.995431,
            39.744102,
            1597.75
          ],
          [
            -104.995487,
            39.744071,
            1598
          ],
          [
            -104.995552,
            39.744048,
            1598.25
          ],
          [
            -104.995624,
            39.744029,
            1598.5
          ],
          [
            -104.995685,
            39.744018,
            1598.75
          ],
          [
            -104.995872,
            39.743989,
            1599.25
          ],
          [
            -104.996416,
            39.743894,
            1603
          ],
          [
            -104.996736,
            39.743824,
            1604.5
          ],
          [
            -104.996922,
            39.743771,
            1604.5
          ],
          [
            -104.997167,
            39.743672,
            1604.25
          ],
          [
            -104.997398,
            39.743537,
            1603.75
          ],
          [
            -104.997902,
            39.743169,
            1599.75
          ],
          [
            -104.997969,
            39.743113,
            1599.5
          ],
          [
            -104.998024,
            39.743056,
            1599
          ],
          [
            -104.998065,
            39.742998,
            1599
          ],
          [
            -104.998104,
            39.742916,
            1599
          ],
          [
            -104.998164,
            39.742728,
            1599
          ],
          [
            -104.998306,
            39.742017,
            1597.25
          ],
          [
            -104.998329,
            39.741949,
            1597
          ],
          [
            -104.998356,
            39.7419,
            1596.75
          ],
          [
            -104.998419,
            39.741825,
            1596.5
          ],
          [
            -104.998491,
            39.741767,
            1596.25
          ],
          [
            -104.99858,
            39.741719,
            1596
          ],
          [
            -104.998688,
            39.741674,
            1596
          ],
          [
            -104.998805,
            39.741637,
            1595.75
          ],
          [
            -104.998937,
            39.741597,
            1595.75
          ],
          [
            -104.999029,
            39.741566,
            1595.75
          ],
          [
            -104.999076,
            39.741551,
            1595.75
          ],
          [
            -104.999448,
            39.741421,
            1593.75
          ],
          [
            -104.999551,
            39.741368,
            1593.25
          ],
          [
            -104.99968,
            39.741277,
            1592.75
          ],
          [
            -104.999705,
            39.741256,
            1592.5
          ],
          [
            -105.000005,
            39.740986,
            1592.25
          ],
          [
            -105.000147,
            39.740868,
            1592.5
          ],
          [
            -105.000256,
            39.740789,
            1592.25
          ],
          [
            -105.000285,
            39.740771,
            1592.25
          ],
          [
            -105.00049,
            39.740663,
            1592
          ],
          [
            -105.000839,
            39.740509,
            1592
          ],
          [
            -105.000942,
            39.74047,
            1592.25
          ],
          [
            -105.001142,
            39.740412,
            1592.25
          ],
          [
            -105.001394,
            39.740369,
            1592.25
          ],
          [
            -105.001472,
            39.740364,
            1592.25
          ],
          [
            -105.002178,
            39.740323,
            1592.5
          ],
          [
            -105.002525,
            39.740303,
            1592.5
          ],
          [
            -105.00277,
            39.740294,
            1592.5
          ],
          [
            -105.002869,
            39.740292,
            1592.25
          ],
          [
            -105.002991,
            39.740292,
            1592.25
          ],
          [
            -105.003759,
            39.740292,
            1593.5
          ],
          [
            -105.00414,
            39.740303,
            1594.75
          ],
          [
            -105.004262,
            39.740314,
            1594.5
          ],
          [
            -105.005053,
            39.740427,
            1592.75
          ],
          [
            -105.00518,
            39.740435,
            1592.5
          ],
          [
            -105.005235,
            39.740437,
            1592.5
          ],
          [
            -105.005359,
            39.740441,
            1592.25
          ],
          [
            -105.005434,
            39.740443,
            1592
          ],
          [
            -105.005484,
            39.740443,
            1592
          ],
          [
            -105.005703,
            39.740448,
            1591.5
          ],
          [
            -105.006187,
            39.74046,
            1590.25
          ],
          [
            -105.006478,
            39.740466,
            1589.25
          ],
          [
            -105.006564,
            39.74046,
            1589
          ],
          [
            -105.006661,
            39.740446,
            1588.75
          ],
          [
            -105.006738,
            39.740423,
            1589
          ],
          [
            -105.006803,
            39.740398,
            1589
          ],
          [
            -105.006864,
            39.740363,
            1589.25
          ],
          [
            -105.00694,
            39.740298,
            1589.5
          ],
          [
            -105.006999,
            39.740232,
            1589.5
          ],
          [
            -105.00704,
            39.740167,
            1589.75
          ],
          [
            -105.00706,
            39.740116,
            1589.75
          ],
          [
            -105.00707,
            39.740039,
            1589.75
          ],
          [
            -105.007066,
            39.739976,
            1590
          ],
          [
            -105.007044,
            39.739902,
            1590
          ],
          [
            -105.006939,
            39.739676,
            1590.5
          ],
          [
            -105.006872,
            39.739522,
            1590.75
          ],
          [
            -105.006809,
            39.739414,
            1590.75
          ],
          [
            -105.006617,
            39.739151,
            1591
          ],
          [
            -105.0065,
            39.738957,
            1591.75
          ],
          [
            -105.006422,
            39.738772,
            1592
          ],
          [
            -105.006381,
            39.738644,
            1592.25
          ],
          [
            -105.006356,
            39.738495,
            1592.5
          ],
          [
            -105.006344,
            39.73834,
            1592.75
          ],
          [
            -105.006266,
            39.736982,
            1595.25
          ],
          [
            -105.006262,
            39.736926,
            1595.25
          ],
          [
            -105.006258,
            39.736856,
            1595.25
          ],
          [
            -105.006255,
            39.736805,
            1595.25
          ],
          [
            -105.006219,
            39.736139,
            1595.75
          ],
          [
            -105.00615,
            39.735064,
            1597.25
          ],
          [
            -105.006112,
            39.734582,
            1597.5
          ],
          [
            -105.006047,
            39.733494,
            1597.5
          ],
          [
            -105.006014,
            39.733206,
            1597.75
          ],
          [
            -105.005956,
            39.732853,
            1598.75
          ],
          [
            -105.005896,
            39.732615,
            1599.5
          ],
          [
            -105.005817,
            39.732379,
            1599.5
          ],
          [
            -105.005521,
            39.731459,
            1597.25
          ],
          [
            -105.005284,
            39.730761,
            1598
          ],
          [
            -105.005189,
            39.730454,
            1597.75
          ],
          [
            -105.005118,
            39.730242,
            1597.5
          ],
          [
            -105.005092,
            39.730166,
            1597.25
          ],
          [
            -105.005091,
            39.730161,
            1597.25
          ],
          [
            -105.003824,
            39.726325,
            1596.25
          ],
          [
            -105.003698,
            39.725992,
            1597.25
          ],
          [
            -105.003658,
            39.725904,
            1597.5
          ],
          [
            -105.003629,
            39.725843,
            1597.5
          ],
          [
            -105.003441,
            39.725499,
            1597.25
          ],
          [
            -105.002926,
            39.72469,
            1597.25
          ],
          [
            -105.00259,
            39.724181,
            1597.75
          ],
          [
            -105.001808,
            39.722982,
            1598
          ],
          [
            -105.000381,
            39.720785,
            1598.5
          ],
          [
            -105.000002,
            39.720202,
            1598.5
          ],
          [
            -104.999733,
            39.719782,
            1598.75
          ],
          [
            -104.998987,
            39.718577,
            1599
          ],
          [
            -104.998522,
            39.717801,
            1599.25
          ],
          [
            -104.998315,
            39.717433,
            1599.25
          ],
          [
            -104.997852,
            39.716575,
            1599.5
          ],
          [
            -104.997333,
            39.715658,
            1599.75
          ],
          [
            -104.996997,
            39.715061,
            1599.75
          ],
          [
            -104.996842,
            39.714799,
            1599.75
          ],
          [
            -104.996385,
            39.713992,
            1602.75
          ],
          [
            -104.995465,
            39.71223,
            1600.25
          ],
          [
            -104.994967,
            39.711294,
            1601.5
          ],
          [
            -104.994868,
            39.711107,
            1601.25
          ],
          [
            -104.994251,
            39.709964,
            1602.75
          ],
          [
            -104.994154,
            39.709802,
            1603
          ],
          [
            -104.994045,
            39.709628,
            1603.5
          ],
          [
            -104.993833,
            39.709343,
            1603.75
          ],
          [
            -104.993699,
            39.709175,
            1603.75
          ],
          [
            -104.993291,
            39.708707,
            1603.25
          ],
          [
            -104.992858,
            39.708231,
            1603
          ],
          [
            -104.992134,
            39.707424,
            1604.5
          ],
          [
            -104.991969,
            39.707215,
            1604.5
          ],
          [
            -104.991771,
            39.706913,
            1604.25
          ],
          [
            -104.991517,
            39.706427,
            1604
          ],
          [
            -104.991186,
            39.705716,
            1605
          ],
          [
            -104.991059,
            39.705389,
            1604.5
          ],
          [
            -104.990873,
            39.704807,
            1603.5
          ],
          [
            -104.990697,
            39.704131,
            1603.5
          ],
          [
            -104.990657,
            39.703946,
            1603.5
          ],
          [
            -104.990583,
            39.703497,
            1603.75
          ],
          [
            -104.990414,
            39.702336,
            1604.75
          ],
          [
            -104.99029,
            39.701479,
            1605.75
          ],
          [
            -104.990188,
            39.700745,
            1605.25
          ],
          [
            -104.990125,
            39.700013,
            1605.25
          ],
          [
            -104.990065,
            39.699537,
            1606
          ],
          [
            -104.990008,
            39.699214,
            1606.75
          ],
          [
            -104.989943,
            39.698895,
            1609.5
          ],
          [
            -104.989717,
            39.697794,
            1609.5
          ],
          [
            -104.989571,
            39.697085,
            1609.25
          ],
          [
            -104.989513,
            39.696778,
            1608.25
          ],
          [
            -104.989463,
            39.696541,
            1608
          ],
          [
            -104.989287,
            39.695684,
            1608
          ],
          [
            -104.989206,
            39.6952,
            1608
          ],
          [
            -104.989158,
            39.694827,
            1607.25
          ],
          [
            -104.989121,
            39.694434,
            1606
          ],
          [
            -104.989081,
            39.693802,
            1605.5
          ],
          [
            -104.989076,
            39.693433,
            1606
          ],
          [
            -104.989084,
            39.692996,
            1605.5
          ],
          [
            -104.989108,
            39.69256,
            1605
          ],
          [
            -104.989163,
            39.691991,
            1606
          ],
          [
            -104.989228,
            39.691519,
            1607
          ],
          [
            -104.989289,
            39.691153,
            1607.25
          ],
          [
            -104.989393,
            39.690664,
            1607.75
          ],
          [
            -104.989527,
            39.690126,
            1608.25
          ],
          [
            -104.990149,
            39.68774,
            1607.5
          ],
          [
            -104.990234,
            39.687418,
            1607.5
          ],
          [
            -104.990761,
            39.68539,
            1608.5
          ],
          [
            -104.990901,
            39.68494,
            1609
          ],
          [
            -104.991046,
            39.684537,
            1609.25
          ],
          [
            -104.991127,
            39.684286,
            1609.5
          ],
          [
            -104.991283,
            39.68379,
            1609.75
          ],
          [
            -104.991482,
            39.683017,
            1608.5
          ],
          [
            -104.99174,
            39.682044,
            1607.25
          ],
          [
            -104.992083,
            39.680749,
            1607.25
          ],
          [
            -104.992285,
            39.680022,
            1609.5
          ],
          [
            -104.99274,
            39.678319,
            1610.75
          ],
          [
            -104.992988,
            39.677386,
            1611
          ],
          [
            -104.993228,
            39.676443,
            1612.5
          ],
          [
            -104.993526,
            39.675198,
            1610.75
          ],
          [
            -104.993742,
            39.674285,
            1610.75
          ],
          [
            -104.994358,
            39.67191,
            1614.5
          ],
          [
            -104.994788,
            39.670249,
            1614.5
          ],
          [
            -104.996225,
            39.664755,
            1615.75
          ],
          [
            -104.996335,
            39.664372,
            1615.5
          ],
          [
            -104.996577,
            39.66367,
            1615.5
          ],
          [
            -104.996856,
            39.662979,
            1615.25
          ],
          [
            -104.997812,
            39.66079,
            1615
          ],
          [
            -104.997818,
            39.660778,
            1615
          ],
          [
            -104.998346,
            39.659553,
            1613.25
          ],
          [
            -104.998766,
            39.658529,
            1615.25
          ],
          [
            -104.999184,
            39.657458,
            1617.75
          ],
          [
            -104.999582,
            39.656536,
            1618
          ],
          [
            -104.999809,
            39.656011,
            1622.5
          ],
          [
            -105.000076,
            39.655389,
            1622.5
          ],
          [
            -105.000406,
            39.654583,
            1620.75
          ],
          [
            -105.000794,
            39.653589,
            1619.25
          ],
          [
            -105.001034,
            39.652959,
            1620
          ],
          [
            -105.001651,
            39.651351,
            1621.75
          ],
          [
            -105.004597,
            39.643658,
            1624.25
          ],
          [
            -105.004966,
            39.642702,
            1624.75
          ],
          [
            -105.005069,
            39.642435,
            1624.5
          ],
          [
            -105.005256,
            39.64194,
            1623.75
          ],
          [
            -105.005344,
            39.641712,
            1623.5
          ],
          [
            -105.005612,
            39.640988,
            1624
          ],
          [
            -105.005834,
            39.640283,
            1625.25
          ],
          [
            -105.007905,
            39.632621,
            1626.5
          ],
          [
            -105.008004,
            39.632313,
            1626.75
          ],
          [
            -105.008091,
            39.632079,
            1626.75
          ],
          [
            -105.00825,
            39.631704,
            1626.75
          ],
          [
            -105.008741,
            39.630661,
            1627
          ],
          [
            -105.008835,
            39.630418,
            1627
          ],
          [
            -105.008944,
            39.63007,
            1627.25
          ],
          [
            -105.009068,
            39.629467,
            1627.25
          ],
          [
            -105.009184,
            39.628837,
            1627.5
          ],
          [
            -105.00932,
            39.628219,
            1627.5
          ],
          [
            -105.009551,
            39.627356,
            1631
          ],
          [
            -105.010204,
            39.624914,
            1631
          ],
          [
            -105.010346,
            39.624403,
            1631
          ],
          [
            -105.010486,
            39.623875,
            1632
          ],
          [
            -105.011221,
            39.62117,
            1633
          ],
          [
            -105.012642,
            39.616512,
            1635.25
          ],
          [
            -105.012969,
            39.615595,
            1636
          ],
          [
            -105.013168,
            39.615129,
            1635
          ],
          [
            -105.013377,
            39.61467,
            1634
          ],
          [
            -105.013605,
            39.614228,
            1634.25
          ],
          [
            -105.013733,
            39.613995,
            1634.75
          ],
          [
            -105.014533,
            39.612636,
            1634
          ],
          [
            -105.01458,
            39.612556,
            1634
          ],
          [
            -105.015058,
            39.611749,
            1631.25
          ],
          [
            -105.015121,
            39.611643,
            1631.5
          ],
          [
            -105.015819,
            39.610424,
            1634.5
          ],
          [
            -105.016059,
            39.609988,
            1635
          ],
          [
            -105.016854,
            39.608607,
            1633.5
          ],
          [
            -105.01693,
            39.608454,
            1633.5
          ],
          [
            -105.017459,
            39.607518,
            1635
          ],
          [
            -105.01853,
            39.605649,
            1637
          ],
          [
            -105.019236,
            39.604395,
            1638
          ],
          [
            -105.019508,
            39.60383,
            1639.25
          ],
          [
            -105.019629,
            39.603543,
            1639.75
          ],
          [
            -105.019723,
            39.603279,
            1640.25
          ],
          [
            -105.019811,
            39.602997,
            1640
          ],
          [
            -105.019936,
            39.602476,
            1638.5
          ],
          [
            -105.019988,
            39.602194,
            1638
          ],
          [
            -105.020915,
            39.596499,
            1639.5
          ],
          [
            -105.021096,
            39.595447,
            1639.5
          ],
          [
            -105.021179,
            39.594911,
            1640.5
          ],
          [
            -105.021268,
            39.594329,
            1640.5
          ],
          [
            -105.021404,
            39.593617,
            1640.75
          ],
          [
            -105.021446,
            39.593364,
            1641
          ],
          [
            -105.021885,
            39.591564,
            1644.5
          ],
          [
            -105.022052,
            39.59085,
            1645.5
          ],
          [
            -105.022222,
            39.589907,
            1647
          ],
          [
            -105.023034,
            39.585241,
            1645.25
          ],
          [
            -105.023107,
            39.584886,
            1645.5
          ],
          [
            -105.023291,
            39.58416,
            1646.25
          ],
          [
            -105.023536,
            39.583396,
            1646.25
          ],
          [
            -105.023685,
            39.583001,
            1647
          ],
          [
            -105.023866,
            39.582553,
            1648.5
          ],
          [
            -105.024087,
            39.582059,
            1648
          ],
          [
            -105.024415,
            39.581407,
            1647.25
          ],
          [
            -105.024487,
            39.581248,
            1647.25
          ],
          [
            -105.024625,
            39.580881,
            1648
          ],
          [
            -105.02479,
            39.580552,
            1647.75
          ],
          [
            -105.02513,
            39.579889,
            1647.25
          ]
        ]
      }
    }
  ]
}