{
  "type": "FeatureCollection",
  "features": [
    {
      "type": "Feature",
      "properties": {
        "creator": "BRouter-1.7.0",
        "name": "[SJRRC] Altamont Corridor Express",
        "track-length": "274488",
        "filtered ascend": "561",
        "plain-ascend": "7",
        "total-time": "21959",
        "total-energy": "12078625",
        "cost": "274488",
        "messages": [
          [
            "Longitude",
            "Latitude",
            "Elevation",
            "Distance",
            "CostPerKm",
            "ElevCost",
            "TurnCost",
            "NodeCost",
            "InitialCost",
            "WayTags",
            "NodeTags",
            "Time",
            "Energy"
          ],
          [
            "-121902820",
            "37329145",
            "23",
            "47",
            "1000",
            "0",
            "0",
            "0",
            "0",
            "railway=rail",
            "railway=unknown",
            "3",
            "2067"
          ],
          [
            "-121902913",
            "37330359",
            "25",
            "135",
            "1000",
            "0",
            "0",
            "0",
            "0",
            "railway=rail",
            "railway=unknown",
            "14",
            "9640"
          ],
          [
            "-121903019",
            "37330927",
            "24",
            "64",
            "1000",
            "0",
            "0",
            "0",
            "0",
            "railway=rail",
            "railway=level_crossing",
            "19",
            "12096"
          ],
          [
            "-121903055",
            "37331016",
            "23",
            "10",
            "1000",
            "0",
            "0",
            "0",
            "0",
            "railway=rail",
            "railway=signal",
            "20",
            "12456"
          ],
          [
            "-121903251",
            "37331571",
            "19",
            "64",
            "1000",
            "0",
            "0",
            "0",
            "0",
            "railway=rail",
            "railway=switch",
            "25",
            "14761"
          ],
          [
            "-121903295",
            "37331840",
            "19",
            "30",
            "1000",
            "0",
            "0",
            "0",
            "0",
            "railway=rail",
            "railway=switch",
            "28",
            "15559"
          ],
          [
            "-121903317",
            "37332113",
            "20",
            "31",
            "1000",
            "0",
            "0",
            "0",
            "0",
            "reversedirection=yes railway=rail",
            "railway=switch",
            "30",
            "16815"
          ],
          [
            "-121903420",
            "37332664",
            "21",
            "62",
            "1000",
            "0",
            "0",
            "0",
            "0",
            "reversedirection=yes railway=rail",
            "railway=switch",
            "35",
            "18821"
          ],
          [
            "-121903436",
            "37332758",
            "21",
            "11",
            "1000",
            "0",
            "0",
            "0",
            "0",
            "reversedirection=yes railway=rail",
            "railway=signal",
            "36",
            "19236"
          ],
          [
            "-121903754",
            "37333556",
            "21",
            "93",
            "1000",
            "0",
            "0",
            "0",
            "0",
            "reversedirection=yes railway=rail",
            "",
            "43",
            "22751"
          ],
          [
            "-121904064",
            "37333944",
            "21",
            "51",
            "1000",
            "0",
            "0",
            "0",
            "0",
            "railway=rail",
            "railway=switch",
            "47",
            "24723"
          ],
          [
            "-121904467",
            "37334416",
            "21",
            "64",
            "1000",
            "0",
            "0",
            "0",
            "0",
            "reversedirection=yes railway=rail",
            "railway=switch",
            "52",
            "27382"
          ],
          [
            "-121904482",
            "37334430",
            "21",
            "2",
            "1000",
            "0",
            "0",
            "0",
            "0",
            "reversedirection=yes railway=rail",
            "railway=signal",
            "53",
            "27470"
          ],
          [
            "-121904502",
            "37334449",
            "21",
            "3",
            "1000",
            "0",
            "0",
            "0",
            "0",
            "reversedirection=yes railway=rail",
            "railway=switch",
            "53",
            "27607"
          ],
          [
            "-121905743",
            "37335585",
            "22",
            "167",
            "1000",
            "0",
            "0",
            "0",
            "0",
            "reversedirection=yes railway=rail",
            "railway=unknown",
            "66",
            "35781"
          ],
          [
            "-121905967",
            "37335791",
            "22",
            "30",
            "1000",
            "0",
            "0",
            "0",
            "0",
            "reversedirection=yes railway=rail",
            "railway=signal",
            "69",
            "37220"
          ],
          [
            "-121906696",
            "37336458",
            "21",
            "98",
            "1000",
            "0",
            "0",
            "0",
            "0",
            "reversedirection=yes railway=rail",
            "railway=unknown",
            "76",
            "41192"
          ],
          [
            "-121909979",
            "37340400",
            "19",
            "508",
            "1000",
            "0",
            "0",
            "0",
            "0",
            "reversedirection=yes railway=rail",
            "",
            "117",
            "61048"
          ],
          [
            "-121911264",
            "37341032",
            "18",
            "157",
            "1000",
            "0",
            "0",
            "0",
            "0",
            "reversedirection=yes railway=rail",
            "railway=signal",
            "12",
            "6821"
          ],
          [
            "-121912034",
            "37341262",
            "17",
            "73",
            "1000",
            "0",
            "0",
            "0",
            "0",
            "reversedirection=yes railway=rail",
            "railway=switch",
            "18",
            "9046"
          ],
          [
            "-121913882",
            "37342050",
            "18",
            "187",
            "1000",
            "0",
            "0",
            "0",
            "0",
            "reversedirection=yes railway=rail",
            "railway=switch",
            "33",
            "17621"
          ],
          [
            "-121915031",
            "37342634",
            "18",
            "121",
            "1000",
            "0",
            "0",
            "0",
            "0",
            "reversedirection=yes railway=rail",
            "railway=switch",
            "43",
            "23139"
          ],
          [
            "-121915253",
            "37342743",
            "19",
            "23",
            "1000",
            "0",
            "0",
            "0",
            "0",
            "reversedirection=yes railway=rail",
            "railway=signal",
            "44",
            "24213"
          ],
          [
            "-121919622",
            "37344948",
            "19",
            "458",
            "1000",
            "0",
            "0",
            "0",
            "0",
            "reversedirection=yes railway=rail",
            "railway=unknown",
            "81",
            "45291"
          ],
          [
            "-121934240",
            "37352477",
            "14",
            "1542",
            "1000",
            "0",
            "0",
            "0",
            "0",
            "reversedirection=yes railway=rail",
            "railway=unknown",
            "204",
            "108920"
          ],
          [
            "-121934492",
            "37352618",
            "14",
            "27",
            "1000",
            "0",
            "0",
            "0",
            "0",
            "reversedirection=yes railway=rail",
            "railway=unknown",
            "207",
            "110049"
          ],
          [
            "-121936331",
            "37353572",
            "15",
            "185",
            "1000",
            "0",
            "0",
            "0",
            "0",
            "reversedirection=yes railway=rail",
            "",
            "221",
            "118578"
          ],
          [
            "-121936331",
            "37353572",
            "15",
            "10",
            "1000",
            "0",
            "0",
            "0",
            "0",
            "reversedirection=yes railway=rail",
            "railway=unknown",
            "0",
            "439"
          ],
          [
            "-121937121",
            "37353888",
            "17",
            "78",
            "1000",
            "0",
            "0",
            "0",
            "0",
            "reversedirection=yes railway=rail",
            "railway=signal",
            "7",
            "4468"
          ],
          [
            "-121939155",
            "37354731",
            "14",
            "203",
            "1000",
            "0",
            "0",
            "0",
            "0",
            "reversedirection=yes railway=rail",
            "railway=switch",
            "23",
            "12060"
          ],
          [
            "-121939714",
            "37354966",
            "14",
            "56",
            "1000",
            "0",
            "0",
            "0",
            "0",
            "reversedirection=yes railway=rail",
            "railway=switch",
            "27",
            "14272"
          ],
          [
            "-121939809",
            "37355007",
            "14",
            "10",
            "1000",
            "0",
            "0",
            "0",
            "0",
            "reversedirection=yes railway=rail",
            "railway=switch",
            "28",
            "14659"
          ],
          [
            "-121941079",
            "37355627",
            "17",
            "133",
            "1000",
            "0",
            "0",
            "0",
            "0",
            "reversedirection=yes railway=rail",
            "railway=signal",
            "39",
            "22175"
          ],
          [
            "-121941103",
            "37355641",
            "17",
            "3",
            "1000",
            "0",
            "0",
            "0",
            "0",
            "reversedirection=yes railway=rail",
            "railway=unknown",
            "39",
            "22328"
          ],
          [
            "-121943890",
            "37359793",
            "14",
            "527",
            "1000",
            "0",
            "0",
            "0",
            "0",
            "reversedirection=yes railway=rail",
            "railway=level_crossing",
            "81",
            "43635"
          ],
          [
            "-121945518",
            "37366508",
            "10",
            "770",
            "1000",
            "0",
            "0",
            "0",
            "0",
            "reversedirection=yes railway=rail",
            "railway=level_crossing",
            "143",
            "73948"
          ],
          [
            "-121945516",
            "37368266",
            "8",
            "195",
            "1000",
            "0",
            "0",
            "0",
            "0",
            "reversedirection=yes railway=rail",
            "railway=signal",
            "158",
            "81484"
          ],
          [
            "-121945516",
            "37369287",
            "9",
            "113",
            "1000",
            "0",
            "0",
            "0",
            "0",
            "reversedirection=yes railway=rail",
            "railway=switch",
            "167",
            "86364"
          ],
          [
            "-121945516",
            "37369422",
            "9",
            "15",
            "1000",
            "0",
            "0",
            "0",
            "0",
            "reversedirection=yes railway=rail",
            "railway=signal",
            "169",
            "87049"
          ],
          [
            "-121952653",
            "37385590",
            "7",
            "1934",
            "1000",
            "0",
            "0",
            "0",
            "0",
            "reversedirection=yes railway=rail",
            "",
            "323",
            "170916"
          ],
          [
            "-121953018",
            "37386119",
            "6",
            "67",
            "1000",
            "0",
            "0",
            "0",
            "0",
            "railway=rail",
            "railway=signal",
            "329",
            "173230"
          ],
          [
            "-121953141",
            "37386296",
            "5",
            "22",
            "1000",
            "0",
            "0",
            "0",
            "0",
            "railway=rail",
            "railway=level_crossing",
            "330",
            "173893"
          ],
          [
            "-121958831",
            "37394753",
            "4",
            "1066",
            "1000",
            "0",
            "0",
            "0",
            "0",
            "railway=rail",
            "railway=crossing",
            "416",
            "218657"
          ],
          [
            "-121958872",
            "37394815",
            "4",
            "8",
            "1000",
            "0",
            "0",
            "0",
            "0",
            "railway=rail",
            "railway=level_crossing",
            "416",
            "219009"
          ],
          [
            "-121958943",
            "37394920",
            "4",
            "13",
            "1000",
            "0",
            "0",
            "0",
            "0",
            "railway=rail",
            "railway=crossing",
            "417",
            "219581"
          ],
          [
            "-121966007",
            "37405365",
            "3",
            "1317",
            "1000",
            "0",
            "0",
            "0",
            "0",
            "railway=rail",
            "railway=signal",
            "523",
            "276630"
          ],
          [
            "-121966187",
            "37405629",
            "3",
            "33",
            "1000",
            "0",
            "0",
            "0",
            "0",
            "railway=rail",
            "railway=unknown",
            "525",
            "278081"
          ],
          [
            "-121967472",
            "37407536",
            "2",
            "240",
            "1000",
            "0",
            "0",
            "0",
            "0",
            "railway=rail",
            "railway=unknown",
            "545",
            "287631"
          ],
          [
            "-121967515",
            "37407601",
            "1",
            "8",
            "1000",
            "0",
            "0",
            "0",
            "0",
            "railway=rail",
            "railway=crossing",
            "545",
            "287959"
          ],
          [
            "-121967596",
            "37407723",
            "1",
            "15",
            "1000",
            "0",
            "0",
            "0",
            "0",
            "railway=rail",
            "railway=signal",
            "546",
            "288577"
          ],
          [
            "-121973451",
            "37416400",
            "0",
            "1094",
            "1000",
            "0",
            "0",
            "0",
            "0",
            "railway=rail",
            "railway=crossing",
            "634",
            "334989"
          ],
          [
            "-121973512",
            "37416483",
            "0",
            "11",
            "1000",
            "0",
            "0",
            "0",
            "0",
            "railway=rail",
            "railway=level_crossing",
            "635",
            "335532"
          ],
          [
            "-121973565",
            "37416564",
            "1",
            "10",
            "1000",
            "0",
            "0",
            "0",
            "0",
            "railway=rail",
            "railway=crossing",
            "636",
            "336042"
          ],
          [
            "-121974600",
            "37417784",
            "2",
            "164",
            "1000",
            "0",
            "0",
            "0",
            "0",
            "railway=rail",
            "railway=crossing",
            "649",
            "344314"
          ],
          [
            "-121974654",
            "37417840",
            "1",
            "8",
            "1000",
            "0",
            "0",
            "0",
            "0",
            "railway=rail",
            "railway=level_crossing",
            "649",
            "344686"
          ],
          [
            "-121977055",
            "37421070",
            "2",
            "418",
            "1000",
            "0",
            "0",
            "0",
            "0",
            "railway=rail",
            "railway=level_crossing",
            "683",
            "364176"
          ],
          [
            "-121977359",
            "37423537",
            "1",
            "275",
            "1000",
            "0",
            "0",
            "0",
            "0",
            "railway=rail",
            "access=no railway=crossing",
            "705",
            "374927"
          ],
          [
            "-121977540",
            "37427160",
            "-1",
            "403",
            "1000",
            "0",
            "0",
            "0",
            "0",
            "railway=rail",
            "railway=crossing",
            "737",
            "390994"
          ],
          [
            "-121977539",
            "37427203",
            "-1",
            "5",
            "1000",
            "0",
            "0",
            "0",
            "0",
            "railway=rail",
            "railway=level_crossing",
            "737",
            "391200"
          ],
          [
            "-121977540",
            "37427271",
            "-1",
            "8",
            "1000",
            "0",
            "0",
            "0",
            "0",
            "railway=rail",
            "railway=crossing",
            "738",
            "391531"
          ],
          [
            "-121977543",
            "37428187",
            "-1",
            "102",
            "1000",
            "0",
            "0",
            "0",
            "0",
            "railway=rail",
            "railway=crossing",
            "746",
            "395859"
          ],
          [
            "-121977543",
            "37428243",
            "-1",
            "6",
            "1000",
            "0",
            "0",
            "0",
            "0",
            "railway=rail",
            "railway=level_crossing",
            "747",
            "396117"
          ],
          [
            "-121977070",
            "37436942",
            "-2",
            "970",
            "1000",
            "0",
            "0",
            "0",
            "0",
            "railway=rail",
            "railway=switch",
            "824",
            "437638"
          ],
          [
            "-121976758",
            "37437780",
            "-2",
            "97",
            "1000",
            "0",
            "0",
            "0",
            "0",
            "railway=rail",
            "railway=signal",
            "832",
            "441878"
          ],
          [
            "-121975301",
            "37452709",
            "-1",
            "1664",
            "1000",
            "0",
            "0",
            "0",
            "0",
            "railway=rail",
            "crossing=unknown railway=crossing",
            "965",
            "515936"
          ],
          [
            "-121974667",
            "37460798",
            "0",
            "900",
            "1000",
            "0",
            "0",
            "0",
            "0",
            "railway=rail",
            "",
            "1037",
            "556626"
          ],
          [
            "-121973964",
            "37470024",
            "-1",
            "1027",
            "1000",
            "0",
            "0",
            "0",
            "0",
            "reversedirection=yes railway=rail",
            "railway=signal",
            "1119",
            "600389"
          ],
          [
            "-121981094",
            "37487822",
            "0",
            "2202",
            "1000",
            "0",
            "0",
            "0",
            "0",
            "reversedirection=yes railway=rail",
            "railway=signal",
            "1296",
            "698660"
          ],
          [
            "-121981175",
            "37487900",
            "0",
            "11",
            "1000",
            "0",
            "0",
            "0",
            "0",
            "reversedirection=yes railway=rail",
            "railway=switch",
            "1296",
            "699144"
          ],
          [
            "-121981952",
            "37488637",
            "0",
            "107",
            "1000",
            "0",
            "0",
            "0",
            "0",
            "reversedirection=yes railway=rail",
            "railway=signal",
            "1305",
            "703847"
          ],
          [
            "-121989175",
            "37495489",
            "0",
            "993",
            "1000",
            "0",
            "0",
            "0",
            "0",
            "reversedirection=yes railway=rail",
            "railway=level_crossing",
            "1384",
            "747522"
          ],
          [
            "-121990278",
            "37496534",
            "-1",
            "152",
            "1000",
            "0",
            "0",
            "0",
            "0",
            "reversedirection=yes railway=rail",
            "railway=signal",
            "1397",
            "753346"
          ],
          [
            "-121990956",
            "37497177",
            "0",
            "93",
            "1000",
            "0",
            "0",
            "0",
            "0",
            "reversedirection=yes railway=rail",
            "railway=switch",
            "1404",
            "757691"
          ],
          [
            "-121991151",
            "37497363",
            "0",
            "27",
            "1000",
            "0",
            "0",
            "0",
            "0",
            "reversedirection=yes railway=rail",
            "railway=signal",
            "1406",
            "758918"
          ],
          [
            "-121992314",
            "37498469",
            "1",
            "160",
            "1000",
            "0",
            "0",
            "0",
            "0",
            "reversedirection=yes railway=rail",
            "railway=level_crossing",
            "1419",
            "767290"
          ],
          [
            "-121992450",
            "37498598",
            "1",
            "19",
            "1000",
            "0",
            "0",
            "0",
            "0",
            "reversedirection=yes railway=rail",
            "railway=level_crossing",
            "1420",
            "768184"
          ],
          [
            "-121997993",
            "37503852",
            "0",
            "761",
            "1000",
            "0",
            "0",
            "0",
            "0",
            "reversedirection=yes railway=rail",
            "railway=level_crossing",
            "1481",
            "801052"
          ],
          [
            "-122000859",
            "37506568",
            "2",
            "394",
            "1000",
            "0",
            "0",
            "0",
            "0",
            "reversedirection=yes railway=rail",
            "railway=signal",
            "1513",
            "819898"
          ],
          [
            "-122002430",
            "37508056",
            "3",
            "216",
            "1000",
            "0",
            "0",
            "0",
            "0",
            "reversedirection=yes railway=rail",
            "railway=switch",
            "1530",
            "830598"
          ],
          [
            "-122002971",
            "37508571",
            "2",
            "75",
            "1000",
            "0",
            "0",
            "0",
            "0",
            "reversedirection=yes railway=rail",
            "railway=switch",
            "1536",
            "833397"
          ],
          [
            "-122004300",
            "37509840",
            "1",
            "183",
            "1000",
            "0",
            "0",
            "0",
            "0",
            "railway=rail",
            "railway=signal",
            "1551",
            "840664"
          ],
          [
            "-122012099",
            "37515614",
            "6",
            "952",
            "1000",
            "0",
            "0",
            "0",
            "0",
            "railway=rail",
            "railway=level_crossing",
            "1627",
            "883625"
          ],
          [
            "-122027684",
            "37522849",
            "4",
            "1593",
            "1000",
            "0",
            "0",
            "0",
            "0",
            "railway=rail",
            "railway=signal",
            "1754",
            "954590"
          ],
          [
            "-122029267",
            "37523584",
            "4",
            "162",
            "1000",
            "0",
            "0",
            "0",
            "0",
            "railway=rail",
            "railway=switch",
            "1767",
            "961632"
          ],
          [
            "-122029778",
            "37523824",
            "4",
            "52",
            "1000",
            "0",
            "0",
            "0",
            "0",
            "railway=rail",
            "railway=level_crossing",
            "1772",
            "964000"
          ],
          [
            "-122030971",
            "37524380",
            "5",
            "122",
            "1000",
            "0",
            "0",
            "0",
            "0",
            "railway=rail",
            "railway=switch",
            "1781",
            "969917"
          ],
          [
            "-122032835",
            "37527058",
            "5",
            "385",
            "1000",
            "0",
            "0",
            "0",
            "0",
            "railway=rail",
            "railway=crossing",
            "1812",
            "987322"
          ],
          [
            "-122032776",
            "37527156",
            "5",
            "12",
            "1000",
            "0",
            "0",
            "0",
            "0",
            "railway=rail",
            "railway=level_crossing",
            "1813",
            "987898"
          ],
          [
            "-122032703",
            "37527243",
            "5",
            "12",
            "1000",
            "0",
            "0",
            "0",
            "0",
            "railway=rail",
            "railway=crossing",
            "1814",
            "988443"
          ],
          [
            "-122032598",
            "37527373",
            "5",
            "17",
            "1000",
            "0",
            "0",
            "0",
            "0",
            "railway=rail",
            "railway=signal",
            "1815",
            "989178"
          ],
          [
            "-122031940",
            "37528188",
            "5",
            "107",
            "1000",
            "0",
            "0",
            "0",
            "0",
            "railway=rail",
            "railway=switch",
            "1824",
            "993837"
          ],
          [
            "-122030579",
            "37529854",
            "4",
            "220",
            "1000",
            "0",
            "0",
            "0",
            "0",
            "railway=rail",
            "railway=switch",
            "1842",
            "1002675"
          ],
          [
            "-122030403",
            "37530067",
            "4",
            "28",
            "1000",
            "0",
            "0",
            "0",
            "0",
            "railway=rail",
            "railway=signal",
            "1844",
            "1003944"
          ],
          [
            "-122029848",
            "37530742",
            "4",
            "90",
            "1000",
            "0",
            "0",
            "0",
            "0",
            "railway=rail",
            "railway=crossing",
            "1851",
            "1007885"
          ],
          [
            "-122029796",
            "37530805",
            "4",
            "8",
            "1000",
            "0",
            "0",
            "0",
            "0",
            "railway=rail",
            "railway=level_crossing",
            "1852",
            "1008230"
          ],
          [
            "-122029708",
            "37530913",
            "4",
            "14",
            "1000",
            "0",
            "0",
            "0",
            "0",
            "railway=rail",
            "railway=level_crossing",
            "1853",
            "1008835"
          ],
          [
            "-122029667",
            "37530964",
            "4",
            "7",
            "1000",
            "0",
            "0",
            "0",
            "0",
            "railway=rail",
            "railway=crossing",
            "1853",
            "1009153"
          ],
          [
            "-122028210",
            "37532748",
            "6",
            "236",
            "1000",
            "0",
            "0",
            "0",
            "0",
            "railway=rail",
            "railway=switch",
            "1872",
            "1021059"
          ],
          [
            "-122025174",
            "37536473",
            "7",
            "114",
            "1000",
            "0",
            "0",
            "0",
            "0",
            "railway=rail",
            "",
            "1881",
            "1026332"
          ],
          [
            "-122025174",
            "37536473",
            "7",
            "379",
            "1000",
            "0",
            "0",
            "0",
            "0",
            "railway=rail",
            "railway=unknown",
            "30",
            "17533"
          ],
          [
            "-122022292",
            "37539927",
            "9",
            "460",
            "1000",
            "0",
            "0",
            "0",
            "0",
            "railway=rail",
            "railway=crossing",
            "67",
            "39461"
          ],
          [
            "-122022220",
            "37540014",
            "9",
            "12",
            "1000",
            "0",
            "0",
            "0",
            "0",
            "railway=rail",
            "railway=level_crossing",
            "68",
            "39999"
          ],
          [
            "-122022148",
            "37540103",
            "9",
            "12",
            "1000",
            "0",
            "0",
            "0",
            "0",
            "railway=rail",
            "railway=crossing",
            "69",
            "40536"
          ],
          [
            "-122017503",
            "37545865",
            "9",
            "760",
            "1000",
            "0",
            "0",
            "0",
            "0",
            "railway=rail",
            "railway=signal",
            "129",
            "73581"
          ],
          [
            "-122017427",
            "37545960",
            "9",
            "13",
            "1000",
            "0",
            "0",
            "0",
            "0",
            "railway=rail",
            "railway=crossing",
            "130",
            "74181"
          ],
          [
            "-122017383",
            "37546015",
            "9",
            "7",
            "1000",
            "0",
            "0",
            "0",
            "0",
            "railway=rail",
            "railway=level_crossing",
            "131",
            "74518"
          ],
          [
            "-122017286",
            "37546137",
            "10",
            "16",
            "1000",
            "0",
            "0",
            "0",
            "0",
            "railway=rail",
            "railway=level_crossing",
            "132",
            "75346"
          ],
          [
            "-122017245",
            "37546189",
            "10",
            "7",
            "1000",
            "0",
            "0",
            "0",
            "0",
            "railway=rail",
            "railway=crossing",
            "133",
            "75702"
          ],
          [
            "-122010999",
            "37554187",
            "13",
            "1045",
            "1000",
            "0",
            "0",
            "0",
            "0",
            "railway=rail",
            "railway=crossing",
            "216",
            "122334"
          ],
          [
            "-122010924",
            "37554283",
            "13",
            "13",
            "1000",
            "0",
            "0",
            "0",
            "0",
            "railway=rail",
            "railway=level_crossing",
            "217",
            "122905"
          ],
          [
            "-122010860",
            "37554364",
            "13",
            "11",
            "1000",
            "0",
            "0",
            "0",
            "0",
            "railway=rail",
            "railway=crossing",
            "218",
            "123389"
          ],
          [
            "-122008346",
            "37557532",
            "15",
            "416",
            "1000",
            "0",
            "0",
            "0",
            "0",
            "railway=rail",
            "railway=level_crossing",
            "252",
            "143425"
          ],
          [
            "-122007574",
            "37558515",
            "15",
            "129",
            "1000",
            "0",
            "0",
            "0",
            "0",
            "railway=rail",
            "railway=level_crossing",
            "262",
            "149599"
          ],
          [
            "-122007510",
            "37558595",
            "15",
            "11",
            "1000",
            "0",
            "0",
            "0",
            "0",
            "railway=rail",
            "railway=crossing",
            "263",
            "150356"
          ],
          [
            "-122007389",
            "37558751",
            "15",
            "20",
            "1000",
            "0",
            "0",
            "0",
            "0",
            "railway=rail",
            "railway=unknown",
            "264",
            "151701"
          ],
          [
            "-121995426",
            "37563189",
            "13",
            "1188",
            "1000",
            "0",
            "0",
            "0",
            "0",
            "railway=rail",
            "railway=signal",
            "359",
            "204551"
          ],
          [
            "-121983573",
            "37566471",
            "22",
            "1109",
            "1000",
            "0",
            "0",
            "0",
            "0",
            "railway=rail",
            "railway=level_crossing",
            "448",
            "257705"
          ],
          [
            "-121973455",
            "37569270",
            "22",
            "946",
            "1000",
            "0",
            "0",
            "0",
            "0",
            "railway=rail",
            "railway=signal",
            "524",
            "302001"
          ],
          [
            "-121973237",
            "37569330",
            "22",
            "20",
            "1000",
            "0",
            "0",
            "0",
            "0",
            "railway=rail",
            "railway=switch",
            "525",
            "302954"
          ],
          [
            "-121972264",
            "37569646",
            "21",
            "93",
            "1000",
            "0",
            "0",
            "0",
            "0",
            "railway=rail",
            "railway=switch",
            "533",
            "306844"
          ],
          [
            "-121971919",
            "37569742",
            "21",
            "32",
            "1000",
            "0",
            "0",
            "0",
            "0",
            "reversedirection=yes railway=rail",
            "railway=signal",
            "535",
            "308156"
          ],
          [
            "-121970011",
            "37571270",
            "23",
            "256",
            "1000",
            "0",
            "0",
            "0",
            "0",
            "reversedirection=yes railway=rail",
            "railway=signal",
            "556",
            "320255"
          ],
          [
            "-121970015",
            "37571511",
            "23",
            "27",
            "1000",
            "0",
            "0",
            "0",
            "0",
            "reversedirection=yes railway=rail",
            "railway=switch",
            "558",
            "321622"
          ],
          [
            "-121970092",
            "37572080",
            "23",
            "64",
            "1000",
            "0",
            "0",
            "0",
            "0",
            "reversedirection=yes railway=rail",
            "railway=unknown",
            "563",
            "324565"
          ],
          [
            "-121969194",
            "37573534",
            "22",
            "190",
            "1000",
            "0",
            "0",
            "0",
            "0",
            "reversedirection=yes railway=rail",
            "railway=switch",
            "578",
            "331603"
          ],
          [
            "-121968050",
            "37574519",
            "23",
            "149",
            "1000",
            "0",
            "0",
            "0",
            "0",
            "reversedirection=yes railway=rail",
            "railway=switch",
            "590",
            "339015"
          ],
          [
            "-121967933",
            "37574622",
            "23",
            "15",
            "1000",
            "0",
            "0",
            "0",
            "0",
            "railway=rail",
            "railway=signal",
            "591",
            "339790"
          ],
          [
            "-121962905",
            "37580044",
            "32",
            "761",
            "1000",
            "0",
            "0",
            "0",
            "0",
            "railway=rail",
            "railway=level_crossing",
            "652",
            "378994"
          ],
          [
            "-121927456",
            "37596743",
            "60",
            "4160",
            "1000",
            "0",
            "0",
            "0",
            "0",
            "railway=rail",
            "railway=signal",
            "985",
            "592983"
          ],
          [
            "-121925592",
            "37597747",
            "61",
            "199",
            "1000",
            "0",
            "0",
            "0",
            "0",
            "railway=rail",
            "railway=level_crossing",
            "1001",
            "600862"
          ],
          [
            "-121893563",
            "37593415",
            "73",
            "3131",
            "1000",
            "0",
            "0",
            "0",
            "0",
            "railway=rail",
            "railway=signal",
            "1252",
            "747662"
          ],
          [
            "-121887328",
            "37593947",
            "77",
            "578",
            "1000",
            "0",
            "0",
            "0",
            "0",
            "railway=rail",
            "railway=crossing",
            "1298",
            "776463"
          ],
          [
            "-121887270",
            "37593984",
            "77",
            "7",
            "1000",
            "0",
            "0",
            "0",
            "0",
            "railway=rail",
            "railway=level_crossing",
            "1298",
            "776775"
          ],
          [
            "-121887214",
            "37594024",
            "77",
            "7",
            "1000",
            "0",
            "0",
            "0",
            "0",
            "railway=rail",
            "railway=crossing",
            "1299",
            "777087"
          ],
          [
            "-121885614",
            "37595407",
            "77",
            "208",
            "1000",
            "0",
            "0",
            "0",
            "0",
            "railway=rail",
            "railway=level_crossing",
            "1316",
            "785988"
          ],
          [
            "-121875793",
            "37612047",
            "87",
            "2309",
            "1000",
            "0",
            "0",
            "0",
            "0",
            "railway=rail",
            "railway=signal",
            "1500",
            "893481"
          ],
          [
            "-121875870",
            "37612190",
            "86",
            "17",
            "1000",
            "0",
            "0",
            "0",
            "0",
            "railway=rail",
            "railway=switch",
            "1502",
            "894625"
          ],
          [
            "-121876428",
            "37613106",
            "88",
            "113",
            "1000",
            "0",
            "0",
            "0",
            "0",
            "railway=rail",
            "railway=signal",
            "1511",
            "901691"
          ],
          [
            "-121877381",
            "37614878",
            "89",
            "214",
            "1000",
            "0",
            "0",
            "0",
            "0",
            "railway=rail",
            "railway=switch",
            "1528",
            "913089"
          ],
          [
            "-121880825",
            "37623948",
            "95",
            "1061",
            "1000",
            "0",
            "0",
            "0",
            "0",
            "railway=rail",
            "railway=signal",
            "1613",
            "965627"
          ],
          [
            "-121880773",
            "37624980",
            "95",
            "114",
            "1000",
            "0",
            "0",
            "0",
            "0",
            "railway=rail",
            "railway=switch",
            "1622",
            "970544"
          ],
          [
            "-121880773",
            "37625121",
            "95",
            "16",
            "1000",
            "0",
            "0",
            "0",
            "0",
            "railway=rail",
            "railway=signal",
            "1623",
            "971249"
          ],
          [
            "-121888597",
            "37638141",
            "92",
            "1612",
            "1000",
            "0",
            "0",
            "0",
            "0",
            "railway=rail",
            "railway=level_crossing",
            "1752",
            "1039279"
          ],
          [
            "-121891299",
            "37642784",
            "95",
            "568",
            "1000",
            "0",
            "0",
            "0",
            "0",
            "railway=rail",
            "railway=level_crossing",
            "1798",
            "1066696"
          ],
          [
            "-121887941",
            "37651546",
            "95",
            "1091",
            "1000",
            "0",
            "0",
            "0",
            "0",
            "railway=rail",
            "railway=signal",
            "1885",
            "1118015"
          ],
          [
            "-121882709",
            "37657894",
            "100",
            "843",
            "1000",
            "0",
            "0",
            "0",
            "0",
            "railway=rail",
            "railway=unknown",
            "1952",
            "1155619"
          ],
          [
            "-121881965",
            "37658797",
            "102",
            "120",
            "1000",
            "0",
            "0",
            "0",
            "0",
            "railway=rail",
            "railway=unknown",
            "1962",
            "1161139"
          ],
          [
            "-121880378",
            "37660724",
            "103",
            "256",
            "1000",
            "0",
            "0",
            "0",
            "0",
            "railway=rail",
            "railway=crossing",
            "1982",
            "1172903"
          ],
          [
            "-121880340",
            "37660770",
            "103",
            "6",
            "1000",
            "0",
            "0",
            "0",
            "0",
            "railway=rail",
            "railway=level_crossing",
            "1983",
            "1173169"
          ],
          [
            "-121880294",
            "37660826",
            "103",
            "7",
            "1000",
            "0",
            "0",
            "0",
            "0",
            "railway=rail",
            "railway=crossing",
            "1983",
            "1173495"
          ],
          [
            "-121879586",
            "37661684",
            "104",
            "114",
            "1000",
            "0",
            "0",
            "0",
            "0",
            "railway=rail",
            "railway=level_crossing",
            "1992",
            "1178975"
          ],
          [
            "-121879529",
            "37661753",
            "104",
            "9",
            "1000",
            "0",
            "0",
            "0",
            "0",
            "railway=rail",
            "railway=crossing",
            "1993",
            "1179389"
          ],
          [
            "-121878230",
            "37663325",
            "104",
            "209",
            "1000",
            "0",
            "0",
            "0",
            "0",
            "railway=rail",
            "railway=crossing",
            "2010",
            "1189338"
          ],
          [
            "-121878164",
            "37663406",
            "105",
            "11",
            "1000",
            "0",
            "0",
            "0",
            "0",
            "railway=rail",
            "railway=level_crossing",
            "2011",
            "1189856"
          ],
          [
            "-121878092",
            "37663493",
            "105",
            "12",
            "1000",
            "0",
            "0",
            "0",
            "0",
            "railway=rail",
            "railway=crossing",
            "2012",
            "1190442"
          ],
          [
            "-121873521",
            "37666614",
            "105",
            "547",
            "1000",
            "0",
            "0",
            "0",
            "0",
            "railway=rail",
            "railway=level_crossing",
            "2056",
            "1217182"
          ],
          [
            "-121873389",
            "37666651",
            "105",
            "12",
            "1000",
            "0",
            "0",
            "0",
            "0",
            "railway=rail",
            "railway=crossing",
            "2056",
            "1217732"
          ],
          [
            "-121856112",
            "37671155",
            "109",
            "1609",
            "1000",
            "0",
            "0",
            "0",
            "0",
            "railway=rail",
            "railway=signal",
            "2185",
            "1292486"
          ],
          [
            "-121855923",
            "37671175",
            "109",
            "17",
            "1000",
            "0",
            "0",
            "0",
            "0",
            "railway=rail",
            "railway=level_crossing",
            "2187",
            "1293295"
          ],
          [
            "-121854218",
            "37671358",
            "112",
            "152",
            "1000",
            "0",
            "0",
            "0",
            "0",
            "railway=rail",
            "railway=switch",
            "2199",
            "1301945"
          ],
          [
            "-121827724",
            "37674236",
            "115",
            "2360",
            "1000",
            "0",
            "0",
            "0",
            "0",
            "railway=rail",
            "railway=switch",
            "2388",
            "1406767"
          ],
          [
            "-121827043",
            "37674311",
            "116",
            "61",
            "1000",
            "0",
            "0",
            "0",
            "0",
            "railway=rail",
            "railway=signal",
            "2392",
            "1409551"
          ],
          [
            "-121826795",
            "37674339",
            "116",
            "22",
            "1000",
            "0",
            "0",
            "0",
            "0",
            "railway=rail",
            "railway=level_crossing",
            "2394",
            "1410542"
          ],
          [
            "-121814592",
            "37675676",
            "121",
            "1087",
            "1000",
            "0",
            "0",
            "0",
            "0",
            "railway=rail",
            "railway=level_crossing",
            "2481",
            "1462865"
          ],
          [
            "-121808838",
            "37676295",
            "122",
            "512",
            "1000",
            "0",
            "0",
            "0",
            "0",
            "railway=rail",
            "railway=switch",
            "2522",
            "1486482"
          ],
          [
            "-121782427",
            "37680634",
            "141",
            "2392",
            "1000",
            "0",
            "0",
            "0",
            "0",
            "railway=rail",
            "railway=signal",
            "2713",
            "1608692"
          ],
          [
            "-121782269",
            "37680681",
            "141",
            "15",
            "1000",
            "0",
            "0",
            "0",
            "0",
            "railway=rail",
            "railway=switch",
            "2715",
            "1609353"
          ],
          [
            "-121781038",
            "37681050",
            "141",
            "116",
            "1000",
            "0",
            "0",
            "0",
            "0",
            "railway=rail",
            "railway=signal",
            "2724",
            "1614610"
          ],
          [
            "-121772534",
            "37683597",
            "145",
            "802",
            "1000",
            "0",
            "0",
            "0",
            "0",
            "railway=rail",
            "railway=crossing",
            "2788",
            "1653010"
          ],
          [
            "-121772418",
            "37683631",
            "145",
            "11",
            "1000",
            "0",
            "0",
            "0",
            "0",
            "railway=rail",
            "railway=level_crossing",
            "2789",
            "1653497"
          ],
          [
            "-121772318",
            "37683660",
            "145",
            "9",
            "1000",
            "0",
            "0",
            "0",
            "0",
            "railway=rail",
            "railway=crossing",
            "2790",
            "1653915"
          ],
          [
            "-121768267",
            "37684873",
            "147",
            "382",
            "1000",
            "0",
            "0",
            "0",
            "0",
            "railway=rail",
            "railway=unknown",
            "2820",
            "1672412"
          ],
          [
            "-121766990",
            "37685255",
            "148",
            "119",
            "1000",
            "0",
            "0",
            "0",
            "0",
            "railway=rail",
            "",
            "2830",
            "1678164"
          ],
          [
            "-121766990",
            "37685255",
            "148",
            "1",
            "1000",
            "0",
            "0",
            "0",
            "0",
            "railway=rail",
            "railway=unknown",
            "0",
            "46"
          ],
          [
            "-121764893",
            "37685812",
            "150",
            "196",
            "1000",
            "0",
            "0",
            "0",
            "0",
            "railway=rail",
            "railway=crossing",
            "15",
            "10375"
          ],
          [
            "-121764782",
            "37685835",
            "150",
            "10",
            "1000",
            "0",
            "0",
            "0",
            "0",
            "railway=rail",
            "railway=level_crossing",
            "16",
            "10863"
          ],
          [
            "-121764624",
            "37685859",
            "150",
            "14",
            "1000",
            "0",
            "0",
            "0",
            "0",
            "railway=rail",
            "railway=crossing",
            "17",
            "11537"
          ],
          [
            "-121747050",
            "37690005",
            "163",
            "1632",
            "1000",
            "0",
            "0",
            "0",
            "0",
            "railway=rail",
            "railway=level_crossing",
            "148",
            "91892"
          ],
          [
            "-121741041",
            "37692476",
            "163",
            "597",
            "1000",
            "0",
            "0",
            "0",
            "0",
            "railway=rail",
            "railway=signal",
            "195",
            "118578"
          ],
          [
            "-121739877",
            "37692956",
            "162",
            "116",
            "1000",
            "0",
            "0",
            "0",
            "0",
            "railway=rail",
            "railway=switch",
            "205",
            "124742"
          ],
          [
            "-121739733",
            "37693015",
            "162",
            "14",
            "1000",
            "0",
            "0",
            "0",
            "0",
            "railway=rail",
            "railway=signal",
            "206",
            "125421"
          ],
          [
            "-121725598",
            "37695984",
            "167",
            "1302",
            "1000",
            "0",
            "0",
            "0",
            "0",
            "railway=rail",
            "railway=switch",
            "310",
            "185067"
          ],
          [
            "-121718366",
            "37696927",
            "170",
            "647",
            "1000",
            "0",
            "0",
            "0",
            "0",
            "railway=rail",
            "railway=unknown",
            "362",
            "216200"
          ],
          [
            "-121717063",
            "37697094",
            "171",
            "116",
            "1000",
            "0",
            "0",
            "0",
            "0",
            "railway=rail",
            "railway=unknown",
            "371",
            "222063"
          ],
          [
            "-121710173",
            "37697988",
            "174",
            "616",
            "1000",
            "0",
            "0",
            "0",
            "0",
            "railway=rail",
            "railway=signal",
            "420",
            "251927"
          ],
          [
            "-121695091",
            "37705706",
            "187",
            "1709",
            "1000",
            "0",
            "0",
            "0",
            "0",
            "railway=rail",
            "railway=switch",
            "557",
            "341114"
          ],
          [
            "-121695616",
            "37715601",
            "196",
            "1151",
            "1000",
            "0",
            "0",
            "0",
            "0",
            "railway=rail",
            "railway=signal",
            "649",
            "399799"
          ],
          [
            "-121696212",
            "37721496",
            "200",
            "658",
            "1000",
            "0",
            "0",
            "0",
            "0",
            "railway=rail",
            "",
            "702",
            "433327"
          ],
          [
            "-121694020",
            "37725657",
            "203",
            "597",
            "1000",
            "0",
            "0",
            "0",
            "0",
            "reversedirection=yes railway=rail",
            "railway=level_crossing",
            "750",
            "460330"
          ],
          [
            "-121692472",
            "37725461",
            "207",
            "140",
            "1000",
            "0",
            "0",
            "0",
            "0",
            "reversedirection=yes railway=rail",
            "railway=level_crossing",
            "761",
            "469072"
          ],
          [
            "-121684936",
            "37723748",
            "215",
            "740",
            "1000",
            "0",
            "0",
            "0",
            "0",
            "reversedirection=yes railway=rail",
            "railway=crossing",
            "820",
            "509429"
          ],
          [
            "-121672236",
            "37733324",
            "231",
            "1914",
            "1000",
            "0",
            "0",
            "0",
            "0",
            "reversedirection=yes railway=rail",
            "railway=signal",
            "973",
            "606997"
          ],
          [
            "-121672086",
            "37734582",
            "226",
            "142",
            "1000",
            "0",
            "0",
            "0",
            "0",
            "reversedirection=yes railway=rail",
            "railway=switch",
            "984",
            "612306"
          ],
          [
            "-121672116",
            "37735608",
            "226",
            "114",
            "1000",
            "0",
            "0",
            "0",
            "0",
            "reversedirection=yes railway=rail",
            "railway=signal",
            "994",
            "616332"
          ],
          [
            "-121666068",
            "37743055",
            "228",
            "1078",
            "1000",
            "0",
            "0",
            "0",
            "0",
            "reversedirection=yes railway=rail",
            "railway=level_crossing",
            "1080",
            "665272"
          ],
          [
            "-121660983",
            "37745668",
            "233",
            "534",
            "1000",
            "0",
            "0",
            "0",
            "0",
            "reversedirection=yes railway=rail",
            "railway=signal",
            "1123",
            "690015"
          ],
          [
            "-121659892",
            "37746229",
            "232",
            "115",
            "1000",
            "0",
            "0",
            "0",
            "0",
            "reversedirection=yes railway=rail",
            "railway=switch",
            "1132",
            "696326"
          ],
          [
            "-121659125",
            "37746612",
            "230",
            "80",
            "1000",
            "0",
            "0",
            "0",
            "0",
            "reversedirection=yes railway=rail",
            "railway=signal",
            "1138",
            "699718"
          ],
          [
            "-121630379",
            "37732984",
            "203",
            "3385",
            "1000",
            "0",
            "0",
            "0",
            "0",
            "reversedirection=yes railway=rail",
            "railway=signal",
            "1409",
            "828831"
          ],
          [
            "-121604829",
            "37728203",
            "178",
            "2459",
            "1000",
            "0",
            "0",
            "0",
            "0",
            "reversedirection=yes railway=rail",
            "railway=level_crossing",
            "1606",
            "920324"
          ],
          [
            "-121600403",
            "37724103",
            "174",
            "600",
            "1000",
            "0",
            "0",
            "0",
            "0",
            "reversedirection=yes railway=rail",
            "railway=signal",
            "1654",
            "941947"
          ],
          [
            "-121595249",
            "37719183",
            "169",
            "710",
            "1000",
            "0",
            "0",
            "0",
            "0",
            "reversedirection=yes railway=rail",
            "railway=level_crossing",
            "1710",
            "968745"
          ],
          [
            "-121583342",
            "37709954",
            "155",
            "1491",
            "1000",
            "0",
            "0",
            "0",
            "0",
            "reversedirection=yes railway=rail",
            "railway=level_crossing",
            "1830",
            "1020329"
          ],
          [
            "-121572794",
            "37706660",
            "146",
            "1000",
            "1000",
            "0",
            "0",
            "0",
            "0",
            "reversedirection=yes railway=rail",
            "railway=signal",
            "1910",
            "1056155"
          ],
          [
            "-121572636",
            "37706611",
            "147",
            "15",
            "1000",
            "0",
            "0",
            "0",
            "0",
            "reversedirection=yes railway=rail",
            "railway=switch",
            "1911",
            "1056826"
          ],
          [
            "-121571474",
            "37706198",
            "150",
            "113",
            "1000",
            "0",
            "0",
            "0",
            "0",
            "reversedirection=yes railway=rail",
            "railway=signal",
            "1920",
            "1062860"
          ],
          [
            "-121570250",
            "37705808",
            "144",
            "116",
            "1000",
            "0",
            "0",
            "0",
            "0",
            "reversedirection=yes railway=rail",
            "railway=level_crossing",
            "1929",
            "1067432"
          ],
          [
            "-121570151",
            "37705776",
            "143",
            "9",
            "1000",
            "0",
            "0",
            "0",
            "0",
            "reversedirection=yes railway=rail",
            "railway=switch",
            "1930",
            "1067769"
          ],
          [
            "-121556937",
            "37703537",
            "136",
            "1234",
            "1000",
            "0",
            "0",
            "0",
            "0",
            "reversedirection=yes railway=rail",
            "railway=level_crossing",
            "2029",
            "1112550"
          ],
          [
            "-121554310",
            "37704234",
            "133",
            "245",
            "1000",
            "0",
            "0",
            "0",
            "0",
            "railway=rail",
            "railway=signal",
            "2048",
            "1121454"
          ],
          [
            "-121553026",
            "37704337",
            "129",
            "114",
            "1000",
            "0",
            "0",
            "0",
            "0",
            "railway=rail",
            "railway=switch",
            "2057",
            "1125435"
          ],
          [
            "-121552851",
            "37704341",
            "129",
            "15",
            "1000",
            "0",
            "0",
            "0",
            "0",
            "railway=rail",
            "railway=signal",
            "2059",
            "1125921"
          ],
          [
            "-121523434",
            "37704181",
            "105",
            "2635",
            "1000",
            "0",
            "0",
            "0",
            "0",
            "railway=rail",
            "railway=signal",
            "2269",
            "1218036"
          ],
          [
            "-121522957",
            "37704010",
            "106",
            "46",
            "1000",
            "0",
            "0",
            "0",
            "0",
            "railway=rail",
            "railway=level_crossing",
            "2273",
            "1219971"
          ],
          [
            "-121492533",
            "37698208",
            "75",
            "2996",
            "1000",
            "0",
            "0",
            "0",
            "0",
            "railway=rail",
            "railway=signal",
            "2513",
            "1328348"
          ],
          [
            "-121490494",
            "37697393",
            "74",
            "202",
            "1000",
            "0",
            "0",
            "0",
            "0",
            "railway=rail",
            "railway=level_crossing",
            "2529",
            "1336035"
          ],
          [
            "-121476538",
            "37696139",
            "64",
            "1250",
            "1000",
            "0",
            "0",
            "0",
            "0",
            "railway=rail",
            "railway=level_crossing",
            "2629",
            "1381489"
          ],
          [
            "-121453048",
            "37696185",
            "49",
            "2074",
            "1000",
            "0",
            "0",
            "0",
            "0",
            "railway=rail",
            "railway=signal",
            "2795",
            "1459235"
          ],
          [
            "-121452834",
            "37696186",
            "48",
            "19",
            "1000",
            "0",
            "0",
            "0",
            "0",
            "railway=rail",
            "railway=level_crossing",
            "2796",
            "1459994"
          ],
          [
            "-121434611",
            "37696216",
            "43",
            "1608",
            "1000",
            "0",
            "0",
            "0",
            "0",
            "railway=rail",
            "railway=level_crossing",
            "2925",
            "1525943"
          ],
          [
            "-121434019",
            "37696218",
            "42",
            "52",
            "1000",
            "0",
            "0",
            "0",
            "0",
            "railway=rail",
            "railway=unknown",
            "2929",
            "1527783"
          ],
          [
            "-121432727",
            "37696221",
            "40",
            "114",
            "1000",
            "0",
            "0",
            "0",
            "0",
            "railway=rail",
            "railway=unknown",
            "2938",
            "1531150"
          ],
          [
            "-121416410",
            "37696247",
            "41",
            "1440",
            "1000",
            "0",
            "0",
            "0",
            "0",
            "railway=rail",
            "railway=level_crossing",
            "3054",
            "1591727"
          ],
          [
            "-121416328",
            "37696249",
            "41",
            "7",
            "1000",
            "0",
            "0",
            "0",
            "0",
            "railway=rail",
            "railway=switch",
            "3054",
            "1592035"
          ],
          [
            "-121415347",
            "37696250",
            "39",
            "87",
            "1000",
            "0",
            "0",
            "0",
            "0",
            "railway=rail",
            "railway=signal",
            "3061",
            "1594964"
          ],
          [
            "-121415201",
            "37696250",
            "39",
            "13",
            "1000",
            "0",
            "0",
            "0",
            "0",
            "railway=rail",
            "railway=switch",
            "3062",
            "1595403"
          ],
          [
            "-121414007",
            "37696253",
            "36",
            "105",
            "1000",
            "0",
            "0",
            "0",
            "0",
            "railway=rail",
            "railway=signal",
            "3070",
            "1599687"
          ],
          [
            "-121407246",
            "37698027",
            "36",
            "618",
            "1000",
            "0",
            "0",
            "0",
            "0",
            "railway=rail",
            "",
            "3120",
            "1624217"
          ],
          [
            "-121398113",
            "37704427",
            "30",
            "1097",
            "1000",
            "0",
            "0",
            "0",
            "0",
            "railway=rail",
            "railway=level_crossing",
            "87",
            "45827"
          ],
          [
            "-121385174",
            "37713521",
            "22",
            "1523",
            "1000",
            "0",
            "0",
            "0",
            "0",
            "railway=rail",
            "railway=signal",
            "209",
            "105992"
          ],
          [
            "-121384367",
            "37714088",
            "22",
            "95",
            "1000",
            "0",
            "0",
            "0",
            "0",
            "railway=rail",
            "railway=switch",
            "217",
            "110022"
          ],
          [
            "-121381607",
            "37716027",
            "20",
            "325",
            "1000",
            "0",
            "0",
            "0",
            "0",
            "railway=rail",
            "railway=unknown",
            "243",
            "122742"
          ],
          [
            "-121380790",
            "37716599",
            "19",
            "96",
            "1000",
            "0",
            "0",
            "0",
            "0",
            "railway=rail",
            "railway=signal",
            "250",
            "125972"
          ],
          [
            "-121379896",
            "37717224",
            "19",
            "105",
            "1000",
            "0",
            "0",
            "0",
            "0",
            "railway=rail",
            "railway=level_crossing",
            "259",
            "128899"
          ],
          [
            "-121361696",
            "37729986",
            "14",
            "2140",
            "1000",
            "0",
            "0",
            "0",
            "0",
            "railway=rail",
            "railway=level_crossing",
            "430",
            "217046"
          ],
          [
            "-121361336",
            "37730240",
            "14",
            "42",
            "1000",
            "0",
            "0",
            "0",
            "0",
            "railway=rail",
            "railway=switch",
            "433",
            "218891"
          ],
          [
            "-121360810",
            "37730670",
            "14",
            "67",
            "1000",
            "0",
            "0",
            "0",
            "0",
            "railway=rail",
            "railway=unknown",
            "439",
            "222048"
          ],
          [
            "-121359398",
            "37731662",
            "13",
            "166",
            "1000",
            "0",
            "0",
            "0",
            "0",
            "railway=rail",
            "railway=switch",
            "452",
            "228819"
          ],
          [
            "-121357758",
            "37732795",
            "11",
            "191",
            "1000",
            "0",
            "0",
            "0",
            "0",
            "railway=rail",
            "railway=switch",
            "467",
            "236332"
          ],
          [
            "-121357388",
            "37733000",
            "10",
            "40",
            "1000",
            "0",
            "0",
            "0",
            "0",
            "railway=rail",
            "railway=switch",
            "470",
            "237397"
          ],
          [
            "-121339588",
            "37745503",
            "6",
            "2095",
            "1000",
            "0",
            "0",
            "0",
            "0",
            "railway=rail",
            "railway=signal",
            "638",
            "324011"
          ],
          [
            "-121339420",
            "37745614",
            "6",
            "19",
            "1000",
            "0",
            "0",
            "0",
            "0",
            "railway=rail",
            "railway=level_crossing",
            "640",
            "325026"
          ],
          [
            "-121318911",
            "37763500",
            "4",
            "2704",
            "1000",
            "0",
            "0",
            "0",
            "0",
            "railway=rail",
            "railway=signal",
            "856",
            "442388"
          ],
          [
            "-121317693",
            "37764860",
            "4",
            "184",
            "1000",
            "0",
            "0",
            "0",
            "0",
            "railway=rail",
            "railway=level_crossing",
            "871",
            "450495"
          ],
          [
            "-121308092",
            "37775572",
            "4",
            "1460",
            "1000",
            "0",
            "0",
            "0",
            "0",
            "railway=rail",
            "railway=level_crossing",
            "987",
            "514919"
          ],
          [
            "-121305523",
            "37777747",
            "3",
            "333",
            "1000",
            "0",
            "0",
            "0",
            "0",
            "railway=rail",
            "railway=signal",
            "1014",
            "529020"
          ],
          [
            "-121300150",
            "37779798",
            "4",
            "527",
            "1000",
            "0",
            "0",
            "0",
            "0",
            "railway=rail",
            "railway=level_crossing",
            "1056",
            "553253"
          ],
          [
            "-121279851",
            "37786641",
            "9",
            "1944",
            "1000",
            "0",
            "0",
            "0",
            "0",
            "railway=rail",
            "railway=signal",
            "1212",
            "639580"
          ],
          [
            "-121279685",
            "37786699",
            "9",
            "16",
            "1000",
            "0",
            "0",
            "0",
            "0",
            "railway=rail",
            "railway=switch",
            "1213",
            "640317"
          ],
          [
            "-121278838",
            "37786984",
            "9",
            "81",
            "1000",
            "0",
            "0",
            "0",
            "0",
            "railway=rail",
            "railway=signal",
            "1220",
            "643984"
          ],
          [
            "-121270538",
            "37790571",
            "6",
            "835",
            "1000",
            "0",
            "0",
            "0",
            "0",
            "railway=rail",
            "railway=level_crossing",
            "1286",
            "681295"
          ],
          [
            "-121264748",
            "37796053",
            "6",
            "797",
            "1000",
            "0",
            "0",
            "0",
            "0",
            "railway=rail",
            "railway=signal",
            "1350",
            "716148"
          ],
          [
            "-121264161",
            "37796961",
            "5",
            "113",
            "1000",
            "0",
            "0",
            "0",
            "0",
            "railway=rail",
            "railway=switch",
            "1359",
            "720768"
          ],
          [
            "-121264082",
            "37797086",
            "5",
            "16",
            "1000",
            "0",
            "0",
            "0",
            "0",
            "railway=rail",
            "railway=signal",
            "1360",
            "721414"
          ],
          [
            "-121263933",
            "37797320",
            "4",
            "29",
            "1000",
            "0",
            "0",
            "0",
            "0",
            "railway=rail",
            "railway=level_crossing",
            "1363",
            "722440"
          ],
          [
            "-121263517",
            "37798047",
            "5",
            "89",
            "1000",
            "0",
            "0",
            "0",
            "0",
            "railway=rail",
            "railway=unknown",
            "1370",
            "726047"
          ],
          [
            "-121262901",
            "37799365",
            "5",
            "156",
            "1000",
            "0",
            "0",
            "0",
            "0",
            "railway=rail",
            "railway=unknown",
            "1382",
            "732521"
          ],
          [
            "-121262047",
            "37811881",
            "4",
            "1402",
            "1000",
            "0",
            "0",
            "0",
            "0",
            "railway=rail",
            "railway=level_crossing",
            "1494",
            "793585"
          ],
          [
            "-121262495",
            "37819782",
            "4",
            "878",
            "1000",
            "0",
            "0",
            "0",
            "0",
            "railway=rail",
            "railway=signal",
            "1565",
            "832865"
          ],
          [
            "-121262517",
            "37820128",
            "4",
            "38",
            "1000",
            "0",
            "0",
            "0",
            "0",
            "railway=rail",
            "railway=switch",
            "1568",
            "834503"
          ],
          [
            "-121262594",
            "37821565",
            "5",
            "159",
            "1000",
            "0",
            "0",
            "0",
            "0",
            "railway=rail",
            "railway=unknown",
            "1580",
            "841615"
          ],
          [
            "-121262692",
            "37823380",
            "2",
            "202",
            "1000",
            "0",
            "0",
            "0",
            "0",
            "railway=rail",
            "railway=signal",
            "1597",
            "848811"
          ],
          [
            "-121262766",
            "37824649",
            "4",
            "141",
            "1000",
            "0",
            "0",
            "0",
            "0",
            "railway=rail",
            "railway=switch",
            "1608",
            "855812"
          ],
          [
            "-121262789",
            "37825126",
            "4",
            "53",
            "1000",
            "0",
            "0",
            "0",
            "0",
            "railway=rail",
            "railway=switch",
            "1612",
            "858340"
          ],
          [
            "-121262796",
            "37826625",
            "2",
            "166",
            "1000",
            "0",
            "0",
            "0",
            "0",
            "railway=rail",
            "railway=signal",
            "1625",
            "864358"
          ],
          [
            "-121264378",
            "37855096",
            "6",
            "3163",
            "1000",
            "0",
            "0",
            "0",
            "0",
            "railway=rail",
            "railway=switch",
            "1878",
            "1004387"
          ],
          [
            "-121264407",
            "37855585",
            "6",
            "54",
            "1000",
            "0",
            "0",
            "0",
            "0",
            "railway=rail",
            "railway=level_crossing",
            "1883",
            "1007683"
          ],
          [
            "-121264749",
            "37861537",
            "5",
            "661",
            "1000",
            "0",
            "0",
            "0",
            "0",
            "railway=rail",
            "railway=signal",
            "1936",
            "1036940"
          ],
          [
            "-121264866",
            "37862615",
            "6",
            "120",
            "1000",
            "0",
            "0",
            "0",
            "0",
            "railway=rail",
            "railway=switch",
            "1945",
            "1042692"
          ],
          [
            "-121264874",
            "37862764",
            "6",
            "17",
            "1000",
            "0",
            "0",
            "0",
            "0",
            "railway=rail",
            "railway=signal",
            "1947",
            "1043504"
          ],
          [
            "-121266230",
            "37880942",
            "4",
            "2023",
            "1000",
            "0",
            "0",
            "0",
            "0",
            "railway=rail",
            "railway=level_crossing",
            "2108",
            "1131665"
          ],
          [
            "-121268095",
            "37888776",
            "4",
            "885",
            "1000",
            "0",
            "0",
            "0",
            "0",
            "railway=rail",
            "railway=level_crossing",
            "2179",
            "1169674"
          ],
          [
            "-121270242",
            "37897922",
            "7",
            "1032",
            "1000",
            "0",
            "0",
            "0",
            "0",
            "railway=rail",
            "railway=level_crossing",
            "2262",
            "1215382"
          ],
          [
            "-121271202",
            "37901132",
            "4",
            "367",
            "1000",
            "0",
            "0",
            "0",
            "0",
            "railway=rail",
            "railway=signal",
            "2291",
            "1232004"
          ],
          [
            "-121271265",
            "37901288",
            "3",
            "18",
            "1000",
            "0",
            "0",
            "0",
            "0",
            "railway=rail",
            "railway=switch",
            "2293",
            "1232644"
          ],
          [
            "-121271493",
            "37901985",
            "3",
            "80",
            "1000",
            "0",
            "0",
            "0",
            "0",
            "reversedirection=yes railway=rail",
            "railway=signal",
            "2299",
            "1235475"
          ],
          [
            "-121272745",
            "37905087",
            "6",
            "361",
            "1000",
            "0",
            "0",
            "0",
            "0",
            "reversedirection=yes railway=rail",
            "railway=switch",
            "2328",
            "1253640"
          ],
          [
            "-121273041",
            "37905934",
            "4",
            "98",
            "1000",
            "0",
            "0",
            "0",
            "0",
            "railway=rail",
            "railway=switch",
            "2336",
            "1257183"
          ],
          [
            "-121273102",
            "37906092",
            "4",
            "18",
            "1000",
            "0",
            "0",
            "0",
            "0",
            "railway=rail",
            "railway=switch",
            "2337",
            "1257784"
          ],
          [
            "-121273373",
            "37906651",
            "4",
            "66",
            "1000",
            "0",
            "0",
            "0",
            "0",
            "railway=rail",
            "railway=switch",
            "2342",
            "1260221"
          ],
          [
            "-121273407",
            "37906737",
            "4",
            "10",
            "1000",
            "0",
            "0",
            "0",
            "0",
            "reversedirection=yes railway=rail",
            "railway=level_crossing",
            "2343",
            "1260613"
          ],
          [
            "-121273426",
            "37906784",
            "4",
            "5",
            "1000",
            "0",
            "0",
            "0",
            "0",
            "reversedirection=yes railway=rail",
            "railway=level_crossing",
            "2344",
            "1260822"
          ],
          [
            "-121273654",
            "37907373",
            "5",
            "68",
            "1000",
            "0",
            "0",
            "0",
            "0",
            "reversedirection=yes railway=rail",
            "railway=switch",
            "2349",
            "1264032"
          ],
          [
            "-121273833",
            "37914693",
            "3",
            "815",
            "1000",
            "0",
            "0",
            "0",
            "0",
            "reversedirection=yes railway=rail",
            "railway=switch",
            "2414",
            "1299002"
          ],
          [
            "-121273827",
            "37915143",
            "4",
            "50",
            "1000",
            "0",
            "0",
            "0",
            "0",
            "reversedirection=yes railway=rail",
            "railway=switch",
            "2418",
            "1301461"
          ],
          [
            "-121273827",
            "37915332",
            "4",
            "21",
            "1000",
            "0",
            "0",
            "0",
            "0",
            "reversedirection=yes railway=rail",
            "railway=switch",
            "2420",
            "1302461"
          ],
          [
            "-121273884",
            "37915955",
            "4",
            "70",
            "1000",
            "0",
            "0",
            "0",
            "0",
            "railway=rail",
            "railway=switch",
            "2426",
            "1305716"
          ],
          [
            "-121273884",
            "37916097",
            "4",
            "16",
            "1000",
            "0",
            "0",
            "0",
            "0",
            "reversedirection=yes railway=rail",
            "railway=switch",
            "2427",
            "1306475"
          ],
          [
            "-121274027",
            "37917517",
            "6",
            "159",
            "1000",
            "0",
            "0",
            "0",
            "0",
            "railway=rail",
            "railway=switch",
            "2440",
            "1314480"
          ],
          [
            "-121274058",
            "37917928",
            "6",
            "46",
            "1000",
            "0",
            "0",
            "0",
            "0",
            "railway=rail",
            "railway=switch",
            "2443",
            "1316816"
          ],
          [
            "-121274113",
            "37918586",
            "6",
            "73",
            "1000",
            "0",
            "0",
            "0",
            "0",
            "railway=rail",
            "railway=switch",
            "2449",
            "1320419"
          ],
          [
            "-121273972",
            "37936566",
            "5",
            "1996",
            "1000",
            "0",
            "0",
            "0",
            "0",
            "railway=rail",
            "railway=switch",
            "2609",
            "1407474"
          ],
          [
            "-121273969",
            "37936976",
            "5",
            "46",
            "1000",
            "0",
            "0",
            "0",
            "0",
            "railway=rail",
            "railway=switch",
            "2612",
            "1409416"
          ],
          [
            "-121274589",
            "37942307",
            "5",
            "596",
            "1000",
            "0",
            "0",
            "0",
            "0",
            "railway=rail",
            "railway=signal",
            "2660",
            "1434858"
          ],
          [
            "-121274940",
            "37943376",
            "5",
            "123",
            "1000",
            "0",
            "0",
            "0",
            "0",
            "railway=rail",
            "railway=switch",
            "2670",
            "1441056"
          ],
          [
            "-121275253",
            "37944505",
            "3",
            "128",
            "1000",
            "0",
            "0",
            "0",
            "0",
            "reversedirection=yes railway=rail",
            "railway=switch",
            "2680",
            "1445459"
          ],
          [
            "-121275286",
            "37944633",
            "3",
            "15",
            "1000",
            "0",
            "0",
            "0",
            "0",
            "reversedirection=yes railway=rail",
            "railway=switch",
            "2681",
            "1446022"
          ],
          [
            "-121275755",
            "37946393",
            "4",
            "200",
            "1000",
            "0",
            "0",
            "0",
            "0",
            "reversedirection=yes railway=rail",
            "railway=signal",
            "2697",
            "1454777"
          ],
          [
            "-121275855",
            "37946740",
            "4",
            "40",
            "1000",
            "0",
            "0",
            "0",
            "0",
            "reversedirection=yes railway=rail",
            "railway=unknown",
            "2701",
            "1456572"
          ],
          [
            "-121275865",
            "37946776",
            "4",
            "4",
            "1000",
            "0",
            "0",
            "0",
            "0",
            "reversedirection=yes railway=rail",
            "railway=unknown",
            "2701",
            "1456751"
          ],
          [
            "-121275959",
            "37947129",
            "4",
            "40",
            "1000",
            "0",
            "0",
            "0",
            "0",
            "reversedirection=yes railway=rail",
            "railway=signal",
            "2704",
            "1458606"
          ],
          [
            "-121276093",
            "37947648",
            "4",
            "59",
            "1000",
            "0",
            "0",
            "0",
            "0",
            "reversedirection=yes railway=rail",
            "railway=level_crossing",
            "2709",
            "1461386"
          ],
          [
            "-121276311",
            "37948456",
            "5",
            "92",
            "1000",
            "0",
            "0",
            "0",
            "0",
            "reversedirection=yes railway=rail",
            "railway=signal",
            "2716",
            "1466235"
          ],
          [
            "-121276397",
            "37948746",
            "6",
            "33",
            "1000",
            "0",
            "0",
            "0",
            "0",
            "reversedirection=yes railway=rail",
            "railway=level_crossing",
            "2719",
            "1468022"
          ],
          [
            "-121276424",
            "37948836",
            "6",
            "10",
            "1000",
            "0",
            "0",
            "0",
            "0",
            "reversedirection=yes railway=rail",
            "railway=level_crossing",
            "2720",
            "1468564"
          ],
          [
            "-121276598",
            "37949514",
            "7",
            "77",
            "1000",
            "0",
            "0",
            "0",
            "0",
            "reversedirection=yes railway=rail",
            "railway=switch",
            "2726",
            "1472713"
          ],
          [
            "-121276631",
            "37949632",
            "6",
            "13",
            "1000",
            "0",
            "0",
            "0",
            "0",
            "reversedirection=yes railway=rail",
            "railway=signal",
            "2727",
            "1473311"
          ],
          [
            "-121276687",
            "37949820",
            "6",
            "21",
            "1000",
            "0",
            "0",
            "0",
            "0",
            "reversedirection=yes railway=rail",
            "railway=level_crossing",
            "2729",
            "1474145"
          ],
          [
            "-121277154",
            "37951575",
            "3",
            "199",
            "1000",
            "0",
            "0",
            "0",
            "0",
            "reversedirection=yes railway=rail",
            "railway=signal",
            "2744",
            "1480851"
          ],
          [
            "-121277207",
            "37951771",
            "4",
            "22",
            "1000",
            "0",
            "0",
            "0",
            "0",
            "reversedirection=yes railway=rail",
            "railway=level_crossing",
            "2746",
            "1481842"
          ],
          [
            "-121277384",
            "37952426",
            "7",
            "74",
            "1000",
            "0",
            "0",
            "0",
            "0",
            "reversedirection=yes railway=rail",
            "railway=switch",
            "2752",
            "1485146"
          ],
          [
            "-121277706",
            "37953414",
            "4",
            "113",
            "1000",
            "0",
            "0",
            "0",
            "0",
            "reversedirection=yes railway=rail",
            "railway=switch",
            "2761",
            "1490297"
          ],
          [
            "-121277787",
            "37953714",
            "5",
            "34",
            "1000",
            "0",
            "0",
            "0",
            "0",
            "reversedirection=yes railway=rail",
            "railway=level_crossing",
            "2764",
            "1491944"
          ],
          [
            "-121277873",
            "37954033",
            "5",
            "36",
            "1000",
            "0",
            "0",
            "0",
            "0",
            "reversedirection=yes railway=rail",
            "railway=switch",
            "2767",
            "1493708"
          ],
          [
            "-121278101",
            "37954682",
            "7",
            "75",
            "1000",
            "0",
            "0",
            "0",
            "0",
            "railway=rail",
            "railway=level_crossing",
            "2773",
            "1498158"
          ],
          [
            "-121278249",
            "37955102",
            "8",
            "48",
            "1000",
            "0",
            "0",
            "0",
            "0",
            "railway=rail",
            "railway=signal",
            "2777",
            "1501083"
          ],
          [
            "-121278387",
            "37955676",
            "8",
            "65",
            "1000",
            "0",
            "0",
            "0",
            "0",
            "railway=rail",
            "railway=level_crossing",
            "2782",
            "1504448"
          ],
          [
            "-121278414",
            "37955786",
            "7",
            "12",
            "1000",
            "0",
            "0",
            "0",
            "0",
            "railway=rail",
            "railway=level_crossing",
            "2783",
            "1504993"
          ],
          [
            "-121278464",
            "37955945",
            "7",
            "18",
            "1000",
            "0",
            "0",
            "0",
            "0",
            "railway=rail",
            "railway=unknown",
            "2784",
            "1505807"
          ],
          [
            "-121279072",
            "37958186",
            "3",
            "254",
            "1000",
            "0",
            "0",
            "0",
            "0",
            "railway=rail",
            "railway=unknown",
            "2805",
            "1514752"
          ],
          [
            "-121279193",
            "37958648",
            "4",
            "24",
            "1000",
            "0",
            "0",
            "0",
            "0",
            "railway=rail",
            "",
            "2806",
            "1515553"
          ],
          [
            "-121279072",
            "37958186",
            "3",
            "24",
            "1000",
            "0",
            "0",
            "0",
            "0",
            "reversedirection=yes railway=rail",
            "railway=unknown",
            "1",
            "1055"
          ],
          [
            "-121278464",
            "37955945",
            "7",
            "254",
            "1000",
            "0",
            "0",
            "0",
            "0",
            "reversedirection=yes railway=rail",
            "railway=unknown",
            "22",
            "12946"
          ],
          [
            "-121278414",
            "37955786",
            "7",
            "18",
            "1000",
            "0",
            "0",
            "0",
            "0",
            "reversedirection=yes railway=rail",
            "railway=level_crossing",
            "23",
            "13764"
          ],
          [
            "-121278387",
            "37955676",
            "8",
            "12",
            "1000",
            "0",
            "0",
            "0",
            "0",
            "reversedirection=yes railway=rail",
            "railway=level_crossing",
            "24",
            "14333"
          ],
          [
            "-121278249",
            "37955102",
            "8",
            "65",
            "1000",
            "0",
            "0",
            "0",
            "0",
            "reversedirection=yes railway=rail",
            "railway=signal",
            "29",
            "17544"
          ],
          [
            "-121278101",
            "37954682",
            "7",
            "48",
            "1000",
            "0",
            "0",
            "0",
            "0",
            "reversedirection=yes railway=rail",
            "railway=level_crossing",
            "33",
            "20288"
          ],
          [
            "-121277873",
            "37954033",
            "5",
            "75",
            "1000",
            "0",
            "0",
            "0",
            "0",
            "reversedirection=yes railway=rail",
            "railway=switch",
            "39",
            "23351"
          ],
          [
            "-121277787",
            "37953714",
            "5",
            "36",
            "1000",
            "0",
            "0",
            "0",
            "0",
            "railway=rail",
            "railway=level_crossing",
            "42",
            "24804"
          ],
          [
            "-121277706",
            "37953414",
            "4",
            "34",
            "1000",
            "0",
            "0",
            "0",
            "0",
            "railway=rail",
            "railway=switch",
            "45",
            "26086"
          ],
          [
            "-121277258",
            "37951762",
            "4",
            "188",
            "1000",
            "0",
            "0",
            "0",
            "0",
            "railway=rail",
            "railway=level_crossing",
            "60",
            "33720"
          ],
          [
            "-121277205",
            "37951566",
            "3",
            "22",
            "1000",
            "0",
            "0",
            "0",
            "0",
            "railway=rail",
            "railway=signal",
            "62",
            "34578"
          ],
          [
            "-121276730",
            "37949813",
            "6",
            "199",
            "1000",
            "0",
            "0",
            "0",
            "0",
            "railway=rail",
            "railway=level_crossing",
            "78",
            "44661"
          ],
          [
            "-121276526",
            "37949056",
            "8",
            "66",
            "1000",
            "0",
            "0",
            "0",
            "0",
            "railway=rail",
            "",
            "83",
            "48306"
          ],
          [
            "-121276465",
            "37948829",
            "7",
            "46",
            "1000",
            "0",
            "0",
            "0",
            "0",
            "railway=rail",
            "railway=level_crossing",
            "3",
            "1983"
          ],
          [
            "-121276440",
            "37948739",
            "6",
            "10",
            "1000",
            "0",
            "0",
            "0",
            "0",
            "railway=rail",
            "railway=level_crossing",
            "4",
            "2364"
          ],
          [
            "-121276143",
            "37947641",
            "4",
            "125",
            "1000",
            "0",
            "0",
            "0",
            "0",
            "railway=rail",
            "railway=level_crossing",
            "14",
            "6243"
          ],
          [
            "-121276003",
            "37947121",
            "4",
            "59",
            "1000",
            "0",
            "0",
            "0",
            "0",
            "railway=rail",
            "railway=signal",
            "19",
            "8325"
          ],
          [
            "-121275910",
            "37946768",
            "4",
            "40",
            "1000",
            "0",
            "0",
            "0",
            "0",
            "railway=rail",
            "railway=unknown",
            "22",
            "9801"
          ],
          [
            "-121275900",
            "37946733",
            "4",
            "4",
            "1000",
            "0",
            "0",
            "0",
            "0",
            "railway=rail",
            "railway=unknown",
            "22",
            "9954"
          ],
          [
            "-121275806",
            "37946385",
            "4",
            "39",
            "1000",
            "0",
            "0",
            "0",
            "0",
            "railway=rail",
            "railway=signal",
            "25",
            "11562"
          ],
          [
            "-121275491",
            "37945214",
            "3",
            "133",
            "1000",
            "0",
            "0",
            "0",
            "0",
            "railway=rail",
            "railway=switch",
            "36",
            "16922"
          ],
          [
            "-121275474",
            "37945158",
            "3",
            "6",
            "1000",
            "0",
            "0",
            "0",
            "0",
            "railway=rail",
            "railway=switch",
            "36",
            "17163"
          ],
          [
            "-121275032",
            "37943523",
            "5",
            "185",
            "1000",
            "0",
            "0",
            "0",
            "0",
            "railway=rail",
            "railway=signal",
            "51",
            "25999"
          ],
          [
            "-121274101",
            "37939226",
            "3",
            "485",
            "1000",
            "0",
            "0",
            "0",
            "0",
            "railway=rail",
            "railway=switch",
            "90",
            "46581"
          ],
          [
            "-121274093",
            "37939111",
            "3",
            "13",
            "1000",
            "0",
            "0",
            "0",
            "0",
            "railway=rail",
            "railway=switch",
            "91",
            "47140"
          ],
          [
            "-121274132",
            "37927623",
            "5",
            "1275",
            "1000",
            "0",
            "0",
            "0",
            "0",
            "railway=rail",
            "railway=signal",
            "193",
            "104898"
          ],
          [
            "-121274264",
            "37913173",
            "3",
            "1603",
            "1000",
            "0",
            "0",
            "0",
            "0",
            "railway=rail",
            "railway=signal",
            "321",
            "173291"
          ],
          [
            "-121274268",
            "37912030",
            "5",
            "127",
            "1000",
            "0",
            "0",
            "0",
            "0",
            "railway=rail",
            "railway=switch",
            "332",
            "180081"
          ],
          [
            "-121274235",
            "37910935",
            "5",
            "122",
            "1000",
            "0",
            "0",
            "0",
            "0",
            "railway=rail",
            "railway=switch",
            "341",
            "185624"
          ],
          [
            "-121274241",
            "37910206",
            "4",
            "81",
            "1000",
            "0",
            "0",
            "0",
            "0",
            "reversedirection=yes railway=rail",
            "railway=switch",
            "348",
            "189105"
          ],
          [
            "-121274045",
            "37908243",
            "4",
            "220",
            "1000",
            "0",
            "0",
            "0",
            "0",
            "reversedirection=yes railway=rail",
            "railway=signal",
            "365",
            "198540"
          ],
          [
            "-121273647",
            "37907194",
            "5",
            "121",
            "1000",
            "0",
            "0",
            "0",
            "0",
            "reversedirection=yes railway=rail",
            "railway=switch",
            "375",
            "204254"
          ],
          [
            "-121273601",
            "37907080",
            "4",
            "13",
            "1000",
            "0",
            "0",
            "0",
            "0",
            "railway=rail",
            "railway=signal",
            "376",
            "204799"
          ],
          [
            "-121273477",
            "37906771",
            "4",
            "36",
            "1000",
            "0",
            "0",
            "0",
            "0",
            "railway=rail",
            "railway=level_crossing",
            "379",
            "206192"
          ],
          [
            "-121273457",
            "37906722",
            "4",
            "6",
            "1000",
            "0",
            "0",
            "0",
            "0",
            "railway=rail",
            "railway=level_crossing",
            "379",
            "206418"
          ],
          [
            "-121273124",
            "37905891",
            "4",
            "97",
            "1000",
            "0",
            "0",
            "0",
            "0",
            "railway=rail",
            "railway=switch",
            "387",
            "210298"
          ],
          [
            "-121271541",
            "37901973",
            "3",
            "457",
            "1000",
            "0",
            "0",
            "0",
            "0",
            "railway=rail",
            "railway=signal",
            "424",
            "229729"
          ],
          [
            "-121271265",
            "37901288",
            "3",
            "80",
            "1000",
            "0",
            "0",
            "0",
            "0",
            "railway=rail",
            "railway=switch",
            "430",
            "233244"
          ],
          [
            "-121271202",
            "37901132",
            "4",
            "18",
            "1000",
            "0",
            "0",
            "0",
            "0",
            "reversedirection=yes railway=rail",
            "railway=signal",
            "432",
            "234108"
          ],
          [
            "-121270242",
            "37897922",
            "7",
            "367",
            "1000",
            "0",
            "0",
            "0",
            "0",
            "reversedirection=yes railway=rail",
            "railway=level_crossing",
            "461",
            "253145"
          ],
          [
            "-121268095",
            "37888776",
            "4",
            "1032",
            "1000",
            "0",
            "0",
            "0",
            "0",
            "reversedirection=yes railway=rail",
            "railway=level_crossing",
            "544",
            "296245"
          ],
          [
            "-121266230",
            "37880942",
            "4",
            "885",
            "1000",
            "0",
            "0",
            "0",
            "0",
            "reversedirection=yes railway=rail",
            "railway=level_crossing",
            "614",
            "335732"
          ],
          [
            "-121264874",
            "37862764",
            "6",
            "2023",
            "1000",
            "0",
            "0",
            "0",
            "0",
            "reversedirection=yes railway=rail",
            "railway=signal",
            "776",
            "425684"
          ],
          [
            "-121264866",
            "37862615",
            "6",
            "17",
            "1000",
            "0",
            "0",
            "0",
            "0",
            "reversedirection=yes railway=rail",
            "railway=switch",
            "777",
            "426432"
          ],
          [
            "-121264749",
            "37861537",
            "5",
            "120",
            "1000",
            "0",
            "0",
            "0",
            "0",
            "reversedirection=yes railway=rail",
            "railway=signal",
            "787",
            "431127"
          ],
          [
            "-121264407",
            "37855585",
            "6",
            "661",
            "1000",
            "0",
            "0",
            "0",
            "0",
            "reversedirection=yes railway=rail",
            "railway=level_crossing",
            "840",
            "461060"
          ],
          [
            "-121264378",
            "37855096",
            "6",
            "54",
            "1000",
            "0",
            "0",
            "0",
            "0",
            "reversedirection=yes railway=rail",
            "railway=switch",
            "844",
            "463597"
          ],
          [
            "-121262796",
            "37826625",
            "2",
            "3163",
            "1000",
            "0",
            "0",
            "0",
            "0",
            "reversedirection=yes railway=rail",
            "railway=signal",
            "1097",
            "601844"
          ],
          [
            "-121262789",
            "37825126",
            "4",
            "166",
            "1000",
            "0",
            "0",
            "0",
            "0",
            "reversedirection=yes railway=rail",
            "railway=switch",
            "1111",
            "608529"
          ],
          [
            "-121262766",
            "37824649",
            "4",
            "53",
            "1000",
            "0",
            "0",
            "0",
            "0",
            "reversedirection=yes railway=rail",
            "railway=switch",
            "1115",
            "610659"
          ],
          [
            "-121262692",
            "37823380",
            "2",
            "141",
            "1000",
            "0",
            "0",
            "0",
            "0",
            "reversedirection=yes railway=rail",
            "railway=signal",
            "1126",
            "615477"
          ],
          [
            "-121262594",
            "37821565",
            "5",
            "202",
            "1000",
            "0",
            "0",
            "0",
            "0",
            "reversedirection=yes railway=rail",
            "railway=unknown",
            "1142",
            "625382"
          ],
          [
            "-121262517",
            "37820128",
            "4",
            "159",
            "1000",
            "0",
            "0",
            "0",
            "0",
            "reversedirection=yes railway=rail",
            "railway=switch",
            "1155",
            "632830"
          ],
          [
            "-121262495",
            "37819782",
            "4",
            "38",
            "1000",
            "0",
            "0",
            "0",
            "0",
            "reversedirection=yes railway=rail",
            "railway=signal",
            "1158",
            "634522"
          ],
          [
            "-121262047",
            "37811881",
            "4",
            "878",
            "1000",
            "0",
            "0",
            "0",
            "0",
            "reversedirection=yes railway=rail",
            "railway=level_crossing",
            "1228",
            "672709"
          ],
          [
            "-121262901",
            "37799365",
            "5",
            "1402",
            "1000",
            "0",
            "0",
            "0",
            "0",
            "reversedirection=yes railway=rail",
            "railway=unknown",
            "1340",
            "735367"
          ],
          [
            "-121263517",
            "37798047",
            "5",
            "156",
            "1000",
            "0",
            "0",
            "0",
            "0",
            "reversedirection=yes railway=rail",
            "railway=unknown",
            "1353",
            "741879"
          ],
          [
            "-121263933",
            "37797320",
            "4",
            "89",
            "1000",
            "0",
            "0",
            "0",
            "0",
            "reversedirection=yes railway=rail",
            "railway=level_crossing",
            "1360",
            "745696"
          ],
          [
            "-121264082",
            "37797086",
            "5",
            "29",
            "1000",
            "0",
            "0",
            "0",
            "0",
            "reversedirection=yes railway=rail",
            "railway=signal",
            "1362",
            "747122"
          ],
          [
            "-121264161",
            "37796961",
            "5",
            "16",
            "1000",
            "0",
            "0",
            "0",
            "0",
            "reversedirection=yes railway=rail",
            "railway=switch",
            "1364",
            "747924"
          ],
          [
            "-121264748",
            "37796053",
            "6",
            "113",
            "1000",
            "0",
            "0",
            "0",
            "0",
            "reversedirection=yes railway=rail",
            "railway=signal",
            "1373",
            "753726"
          ],
          [
            "-121270538",
            "37790571",
            "6",
            "797",
            "1000",
            "0",
            "0",
            "0",
            "0",
            "reversedirection=yes railway=rail",
            "railway=level_crossing",
            "1436",
            "788877"
          ],
          [
            "-121278838",
            "37786984",
            "9",
            "835",
            "1000",
            "0",
            "0",
            "0",
            "0",
            "reversedirection=yes railway=rail",
            "railway=signal",
            "1503",
            "827975"
          ],
          [
            "-121279685",
            "37786699",
            "9",
            "81",
            "1000",
            "0",
            "0",
            "0",
            "0",
            "reversedirection=yes railway=rail",
            "railway=switch",
            "1510",
            "831615"
          ],
          [
            "-121279851",
            "37786641",
            "9",
            "16",
            "1000",
            "0",
            "0",
            "0",
            "0",
            "reversedirection=yes railway=rail",
            "railway=signal",
            "1511",
            "832361"
          ],
          [
            "-121300150",
            "37779798",
            "4",
            "1944",
            "1000",
            "0",
            "0",
            "0",
            "0",
            "reversedirection=yes railway=rail",
            "railway=level_crossing",
            "1667",
            "913474"
          ],
          [
            "-121305523",
            "37777747",
            "3",
            "527",
            "1000",
            "0",
            "0",
            "0",
            "0",
            "reversedirection=yes railway=rail",
            "railway=signal",
            "1709",
            "937021"
          ],
          [
            "-121308092",
            "37775572",
            "4",
            "333",
            "1000",
            "0",
            "0",
            "0",
            "0",
            "reversedirection=yes railway=rail",
            "railway=level_crossing",
            "1735",
            "951850"
          ],
          [
            "-121317693",
            "37764860",
            "4",
            "1460",
            "1000",
            "0",
            "0",
            "0",
            "0",
            "reversedirection=yes railway=rail",
            "railway=level_crossing",
            "1852",
            "1015519"
          ],
          [
            "-121318911",
            "37763500",
            "4",
            "184",
            "1000",
            "0",
            "0",
            "0",
            "0",
            "reversedirection=yes railway=rail",
            "railway=signal",
            "1867",
            "1023734"
          ],
          [
            "-121339420",
            "37745614",
            "6",
            "2704",
            "1000",
            "0",
            "0",
            "0",
            "0",
            "reversedirection=yes railway=rail",
            "railway=level_crossing",
            "2083",
            "1144919"
          ],
          [
            "-121339588",
            "37745503",
            "6",
            "19",
            "1000",
            "0",
            "0",
            "0",
            "0",
            "reversedirection=yes railway=rail",
            "railway=signal",
            "2085",
            "1145688"
          ],
          [
            "-121357388",
            "37733000",
            "10",
            "2095",
            "1000",
            "0",
            "0",
            "0",
            "0",
            "reversedirection=yes railway=rail",
            "railway=switch",
            "2252",
            "1241052"
          ],
          [
            "-121361336",
            "37730240",
            "14",
            "464",
            "1000",
            "0",
            "0",
            "0",
            "0",
            "reversedirection=yes railway=rail",
            "railway=switch",
            "2289",
            "1262117"
          ],
          [
            "-121361696",
            "37729986",
            "14",
            "42",
            "1000",
            "0",
            "0",
            "0",
            "0",
            "reversedirection=yes railway=rail",
            "railway=level_crossing",
            "2293",
            "1263966"
          ],
          [
            "-121379896",
            "37717224",
            "19",
            "2140",
            "1000",
            "0",
            "0",
            "0",
            "0",
            "reversedirection=yes railway=rail",
            "railway=level_crossing",
            "2464",
            "1365650"
          ],
          [
            "-121380790",
            "37716599",
            "19",
            "105",
            "1000",
            "0",
            "0",
            "0",
            "0",
            "reversedirection=yes railway=rail",
            "railway=signal",
            "2472",
            "1369951"
          ],
          [
            "-121381607",
            "37716027",
            "20",
            "96",
            "1000",
            "0",
            "0",
            "0",
            "0",
            "reversedirection=yes railway=rail",
            "railway=unknown",
            "2480",
            "1375022"
          ],
          [
            "-121384367",
            "37714088",
            "22",
            "325",
            "1000",
            "0",
            "0",
            "0",
            "0",
            "reversedirection=yes railway=rail",
            "railway=switch",
            "2506",
            "1391308"
          ],
          [
            "-121385174",
            "37713521",
            "22",
            "95",
            "1000",
            "0",
            "0",
            "0",
            "0",
            "reversedirection=yes railway=rail",
            "railway=signal",
            "2514",
            "1395672"
          ],
          [
            "-121398113",
            "37704427",
            "30",
            "1523",
            "1000",
            "0",
            "0",
            "0",
            "0",
            "reversedirection=yes railway=rail",
            "railway=level_crossing",
            "2635",
            "1466971"
          ],
          [
            "-121407846",
            "37697665",
            "36",
            "1140",
            "1000",
            "0",
            "0",
            "0",
            "0",
            "reversedirection=yes railway=rail",
            "",
            "2727",
            "1523686"
          ],
          [
            "-121414007",
            "37696253",
            "36",
            "573",
            "1000",
            "0",
            "0",
            "0",
            "0",
            "reversedirection=yes railway=rail",
            "railway=signal",
            "45",
            "26421"
          ],
          [
            "-121415201",
            "37696250",
            "39",
            "105",
            "1000",
            "0",
            "0",
            "0",
            "0",
            "reversedirection=yes railway=rail",
            "railway=switch",
            "54",
            "31826"
          ],
          [
            "-121415347",
            "37696250",
            "39",
            "13",
            "1000",
            "0",
            "0",
            "0",
            "0",
            "reversedirection=yes railway=rail",
            "railway=signal",
            "55",
            "32503"
          ],
          [
            "-121416328",
            "37696249",
            "41",
            "87",
            "1000",
            "0",
            "0",
            "0",
            "0",
            "reversedirection=yes railway=rail",
            "railway=switch",
            "62",
            "37669"
          ],
          [
            "-121416410",
            "37696247",
            "41",
            "7",
            "1000",
            "0",
            "0",
            "0",
            "0",
            "reversedirection=yes railway=rail",
            "railway=level_crossing",
            "62",
            "38042"
          ],
          [
            "-121432727",
            "37696221",
            "40",
            "1440",
            "1000",
            "0",
            "0",
            "0",
            "0",
            "reversedirection=yes railway=rail",
            "railway=unknown",
            "178",
            "101619"
          ],
          [
            "-121434019",
            "37696218",
            "42",
            "114",
            "1000",
            "0",
            "0",
            "0",
            "0",
            "reversedirection=yes railway=rail",
            "railway=unknown",
            "187",
            "107834"
          ],
          [
            "-121434611",
            "37696216",
            "43",
            "52",
            "1000",
            "0",
            "0",
            "0",
            "0",
            "reversedirection=yes railway=rail",
            "railway=level_crossing",
            "191",
            "110798"
          ],
          [
            "-121452834",
            "37696186",
            "48",
            "1608",
            "1000",
            "0",
            "0",
            "0",
            "0",
            "reversedirection=yes railway=rail",
            "railway=level_crossing",
            "319",
            "184284"
          ],
          [
            "-121453048",
            "37696185",
            "49",
            "19",
            "1000",
            "0",
            "0",
            "0",
            "0",
            "reversedirection=yes railway=rail",
            "railway=signal",
            "321",
            "185196"
          ],
          [
            "-121476538",
            "37696139",
            "64",
            "2074",
            "1000",
            "0",
            "0",
            "0",
            "0",
            "reversedirection=yes railway=rail",
            "railway=level_crossing",
            "487",
            "290223"
          ],
          [
            "-121490494",
            "37697393",
            "74",
            "1250",
            "1000",
            "0",
            "0",
            "0",
            "0",
            "reversedirection=yes railway=rail",
            "railway=level_crossing",
            "587",
            "355561"
          ],
          [
            "-121492533",
            "37698208",
            "75",
            "202",
            "1000",
            "0",
            "0",
            "0",
            "0",
            "reversedirection=yes railway=rail",
            "railway=signal",
            "603",
            "366199"
          ],
          [
            "-121522957",
            "37704010",
            "106",
            "2996",
            "1000",
            "0",
            "0",
            "0",
            "0",
            "reversedirection=yes railway=rail",
            "railway=level_crossing",
            "843",
            "522537"
          ],
          [
            "-121523434",
            "37704181",
            "105",
            "46",
            "1000",
            "0",
            "0",
            "0",
            "0",
            "reversedirection=yes railway=rail",
            "railway=signal",
            "846",
            "525456"
          ],
          [
            "-121552851",
            "37704341",
            "129",
            "2635",
            "1000",
            "0",
            "0",
            "0",
            "0",
            "reversedirection=yes railway=rail",
            "railway=signal",
            "1057",
            "660747"
          ],
          [
            "-121553026",
            "37704337",
            "129",
            "15",
            "1000",
            "0",
            "0",
            "0",
            "0",
            "reversedirection=yes railway=rail",
            "railway=switch",
            "1058",
            "661440"
          ],
          [
            "-121554315",
            "37704284",
            "133",
            "114",
            "1000",
            "0",
            "0",
            "0",
            "0",
            "reversedirection=yes railway=rail",
            "railway=signal",
            "1067",
            "669149"
          ],
          [
            "-121556960",
            "37703580",
            "136",
            "247",
            "1000",
            "0",
            "0",
            "0",
            "0",
            "reversedirection=yes railway=rail",
            "railway=level_crossing",
            "1087",
            "683053"
          ],
          [
            "-121570228",
            "37705851",
            "144",
            "1242",
            "1000",
            "0",
            "0",
            "0",
            "0",
            "railway=rail",
            "railway=level_crossing",
            "1187",
            "745400"
          ],
          [
            "-121571451",
            "37706237",
            "150",
            "116",
            "1000",
            "0",
            "0",
            "0",
            "0",
            "railway=rail",
            "railway=signal",
            "1196",
            "754443"
          ],
          [
            "-121572636",
            "37706611",
            "147",
            "112",
            "1000",
            "0",
            "0",
            "0",
            "0",
            "railway=rail",
            "railway=switch",
            "1205",
            "760136"
          ],
          [
            "-121572794",
            "37706660",
            "146",
            "15",
            "1000",
            "0",
            "0",
            "0",
            "0",
            "railway=rail",
            "railway=signal",
            "1206",
            "760786"
          ],
          [
            "-121583342",
            "37709954",
            "155",
            "1000",
            "1000",
            "0",
            "0",
            "0",
            "0",
            "railway=rail",
            "railway=level_crossing",
            "1286",
            "810225"
          ],
          [
            "-121595249",
            "37719183",
            "169",
            "1491",
            "1000",
            "0",
            "0",
            "0",
            "0",
            "railway=rail",
            "railway=level_crossing",
            "1405",
            "887508"
          ],
          [
            "-121600403",
            "37724103",
            "174",
            "710",
            "1000",
            "0",
            "0",
            "0",
            "0",
            "railway=rail",
            "railway=signal",
            "1462",
            "923149"
          ],
          [
            "-121604829",
            "37728203",
            "178",
            "600",
            "1000",
            "0",
            "0",
            "0",
            "0",
            "railway=rail",
            "railway=level_crossing",
            "1510",
            "952177"
          ],
          [
            "-121630379",
            "37732984",
            "203",
            "2459",
            "1000",
            "0",
            "0",
            "0",
            "0",
            "railway=rail",
            "railway=signal",
            "1707",
            "1078441"
          ],
          [
            "-121659125",
            "37746612",
            "230",
            "3385",
            "1000",
            "0",
            "0",
            "0",
            "0",
            "railway=rail",
            "railway=signal",
            "1978",
            "1260511"
          ],
          [
            "-121659892",
            "37746229",
            "232",
            "80",
            "1000",
            "0",
            "0",
            "0",
            "0",
            "railway=rail",
            "railway=switch",
            "1984",
            "1264323"
          ],
          [
            "-121660983",
            "37745668",
            "233",
            "115",
            "1000",
            "0",
            "0",
            "0",
            "0",
            "railway=rail",
            "railway=signal",
            "1993",
            "1270200"
          ],
          [
            "-121666068",
            "37743055",
            "228",
            "534",
            "1000",
            "0",
            "0",
            "0",
            "0",
            "railway=rail",
            "railway=level_crossing",
            "2036",
            "1292764"
          ],
          [
            "-121672116",
            "37735608",
            "226",
            "1078",
            "1000",
            "0",
            "0",
            "0",
            "0",
            "railway=rail",
            "railway=signal",
            "2122",
            "1335582"
          ],
          [
            "-121672086",
            "37734582",
            "226",
            "114",
            "1000",
            "0",
            "0",
            "0",
            "0",
            "railway=rail",
            "railway=switch",
            "2131",
            "1340557"
          ],
          [
            "-121672236",
            "37733324",
            "231",
            "142",
            "1000",
            "0",
            "0",
            "0",
            "0",
            "railway=rail",
            "railway=signal",
            "2143",
            "1349001"
          ],
          [
            "-121684936",
            "37723748",
            "215",
            "1914",
            "1000",
            "0",
            "0",
            "0",
            "0",
            "railway=rail",
            "railway=crossing",
            "2296",
            "1426978"
          ],
          [
            "-121692472",
            "37725461",
            "207",
            "740",
            "1000",
            "0",
            "0",
            "0",
            "0",
            "railway=rail",
            "railway=level_crossing",
            "2355",
            "1447810"
          ],
          [
            "-121694020",
            "37725657",
            "203",
            "140",
            "1000",
            "0",
            "0",
            "0",
            "0",
            "railway=rail",
            "railway=level_crossing",
            "2366",
            "1453400"
          ],
          [
            "-121696212",
            "37721496",
            "201",
            "597",
            "1000",
            "0",
            "0",
            "0",
            "0",
            "railway=rail",
            "",
            "2414",
            "1474622"
          ],
          [
            "-121695616",
            "37715601",
            "196",
            "658",
            "1000",
            "0",
            "0",
            "0",
            "0",
            "reversedirection=yes railway=rail",
            "railway=signal",
            "2467",
            "1500841"
          ],
          [
            "-121695091",
            "37705706",
            "187",
            "1151",
            "1000",
            "0",
            "0",
            "0",
            "0",
            "reversedirection=yes railway=rail",
            "railway=switch",
            "2559",
            "1546050"
          ],
          [
            "-121710173",
            "37697988",
            "174",
            "1709",
            "1000",
            "0",
            "0",
            "0",
            "0",
            "reversedirection=yes railway=rail",
            "railway=signal",
            "2695",
            "1607200"
          ],
          [
            "-121717063",
            "37697094",
            "171",
            "616",
            "1000",
            "0",
            "0",
            "0",
            "0",
            "reversedirection=yes railway=rail",
            "railway=unknown",
            "2745",
            "1631868"
          ],
          [
            "-121718366",
            "37696927",
            "170",
            "116",
            "1000",
            "0",
            "0",
            "0",
            "0",
            "reversedirection=yes railway=rail",
            "railway=unknown",
            "2754",
            "1636209"
          ],
          [
            "-121725598",
            "37695984",
            "167",
            "647",
            "1000",
            "0",
            "0",
            "0",
            "0",
            "reversedirection=yes railway=rail",
            "railway=switch",
            "2806",
            "1661896"
          ],
          [
            "-121739733",
            "37693015",
            "162",
            "1302",
            "1000",
            "0",
            "0",
            "0",
            "0",
            "reversedirection=yes railway=rail",
            "railway=signal",
            "2910",
            "1711704"
          ],
          [
            "-121739877",
            "37692956",
            "162",
            "14",
            "1000",
            "0",
            "0",
            "0",
            "0",
            "reversedirection=yes railway=rail",
            "railway=switch",
            "2911",
            "1712314"
          ],
          [
            "-121741041",
            "37692476",
            "163",
            "116",
            "1000",
            "0",
            "0",
            "0",
            "0",
            "reversedirection=yes railway=rail",
            "railway=signal",
            "2920",
            "1718145"
          ],
          [
            "-121747050",
            "37690005",
            "163",
            "597",
            "1000",
            "0",
            "0",
            "0",
            "0",
            "reversedirection=yes railway=rail",
            "railway=level_crossing",
            "2968",
            "1744516"
          ],
          [
            "-121764624",
            "37685859",
            "150",
            "1632",
            "1000",
            "0",
            "0",
            "0",
            "0",
            "reversedirection=yes railway=rail",
            "railway=crossing",
            "3099",
            "1806660"
          ],
          [
            "-121764782",
            "37685835",
            "150",
            "14",
            "1000",
            "0",
            "0",
            "0",
            "0",
            "reversedirection=yes railway=rail",
            "railway=level_crossing",
            "3100",
            "1807093"
          ],
          [
            "-121764893",
            "37685812",
            "150",
            "10",
            "1000",
            "0",
            "0",
            "0",
            "0",
            "reversedirection=yes railway=rail",
            "railway=crossing",
            "3101",
            "1807439"
          ],
          [
            "-121766990",
            "37685255",
            "148",
            "196",
            "1000",
            "0",
            "0",
            "0",
            "0",
            "reversedirection=yes railway=rail",
            "railway=unknown",
            "3116",
            "1813720"
          ],
          [
            "-121768267",
            "37684873",
            "147",
            "120",
            "1000",
            "0",
            "0",
            "0",
            "0",
            "reversedirection=yes railway=rail",
            "railway=unknown",
            "3126",
            "1818155"
          ],
          [
            "-121769445",
            "37684520",
            "146",
            "7",
            "1000",
            "0",
            "0",
            "0",
            "0",
            "reversedirection=yes railway=rail",
            "",
            "3126",
            "1818423"
          ],
          [
            "-121772318",
            "37683660",
            "145",
            "375",
            "1000",
            "0",
            "0",
            "0",
            "0",
            "reversedirection=yes railway=rail",
            "railway=crossing",
            "30",
            "14808"
          ],
          [
            "-121772418",
            "37683631",
            "145",
            "9",
            "1000",
            "0",
            "0",
            "0",
            "0",
            "reversedirection=yes railway=rail",
            "railway=level_crossing",
            "30",
            "15178"
          ],
          [
            "-121772534",
            "37683597",
            "145",
            "11",
            "1000",
            "0",
            "0",
            "0",
            "0",
            "reversedirection=yes railway=rail",
            "railway=crossing",
            "31",
            "15633"
          ],
          [
            "-121781038",
            "37681050",
            "141",
            "802",
            "1000",
            "0",
            "0",
            "0",
            "0",
            "reversedirection=yes railway=rail",
            "railway=signal",
            "95",
            "50241"
          ],
          [
            "-121782269",
            "37680681",
            "141",
            "116",
            "1000",
            "0",
            "0",
            "0",
            "0",
            "reversedirection=yes railway=rail",
            "railway=switch",
            "105",
            "55179"
          ],
          [
            "-121782427",
            "37680634",
            "141",
            "15",
            "1000",
            "0",
            "0",
            "0",
            "0",
            "reversedirection=yes railway=rail",
            "railway=signal",
            "106",
            "55828"
          ],
          [
            "-121808838",
            "37676295",
            "122",
            "2392",
            "1000",
            "0",
            "0",
            "0",
            "0",
            "reversedirection=yes railway=rail",
            "railway=switch",
            "297",
            "144193"
          ],
          [
            "-121814592",
            "37675676",
            "121",
            "512",
            "1000",
            "0",
            "0",
            "0",
            "0",
            "reversedirection=yes railway=rail",
            "railway=level_crossing",
            "338",
            "165405"
          ],
          [
            "-121826795",
            "37674339",
            "116",
            "1087",
            "1000",
            "0",
            "0",
            "0",
            "0",
            "reversedirection=yes railway=rail",
            "railway=level_crossing",
            "425",
            "208794"
          ],
          [
            "-121827043",
            "37674311",
            "116",
            "22",
            "1000",
            "0",
            "0",
            "0",
            "0",
            "reversedirection=yes railway=rail",
            "railway=signal",
            "427",
            "209762"
          ],
          [
            "-121827724",
            "37674236",
            "115",
            "61",
            "1000",
            "0",
            "0",
            "0",
            "0",
            "reversedirection=yes railway=rail",
            "railway=switch",
            "432",
            "212344"
          ],
          [
            "-121854218",
            "37671358",
            "112",
            "2360",
            "1000",
            "0",
            "0",
            "0",
            "0",
            "reversedirection=yes railway=rail",
            "railway=switch",
            "620",
            "310512"
          ],
          [
            "-121855923",
            "37671175",
            "109",
            "152",
            "1000",
            "0",
            "0",
            "0",
            "0",
            "reversedirection=yes railway=rail",
            "railway=level_crossing",
            "633",
            "315722"
          ],
          [
            "-121856112",
            "37671155",
            "109",
            "17",
            "1000",
            "0",
            "0",
            "0",
            "0",
            "reversedirection=yes railway=rail",
            "railway=signal",
            "634",
            "316321"
          ],
          [
            "-121873389",
            "37666651",
            "105",
            "1609",
            "1000",
            "0",
            "0",
            "0",
            "0",
            "reversedirection=yes railway=rail",
            "railway=crossing",
            "763",
            "384744"
          ],
          [
            "-121873521",
            "37666614",
            "105",
            "12",
            "1000",
            "0",
            "0",
            "0",
            "0",
            "reversedirection=yes railway=rail",
            "railway=level_crossing",
            "764",
            "385272"
          ],
          [
            "-121878092",
            "37663493",
            "105",
            "547",
            "1000",
            "0",
            "0",
            "0",
            "0",
            "reversedirection=yes railway=rail",
            "railway=crossing",
            "807",
            "407072"
          ],
          [
            "-121878164",
            "37663406",
            "105",
            "12",
            "1000",
            "0",
            "0",
            "0",
            "0",
            "reversedirection=yes railway=rail",
            "railway=level_crossing",
            "808",
            "407556"
          ],
          [
            "-121878230",
            "37663325",
            "104",
            "11",
            "1000",
            "0",
            "0",
            "0",
            "0",
            "reversedirection=yes railway=rail",
            "railway=crossing",
            "809",
            "407981"
          ],
          [
            "-121879529",
            "37661753",
            "104",
            "209",
            "1000",
            "0",
            "0",
            "0",
            "0",
            "reversedirection=yes railway=rail",
            "railway=crossing",
            "826",
            "416150"
          ],
          [
            "-121879586",
            "37661684",
            "104",
            "9",
            "1000",
            "0",
            "0",
            "0",
            "0",
            "reversedirection=yes railway=rail",
            "railway=level_crossing",
            "827",
            "416533"
          ],
          [
            "-121880294",
            "37660826",
            "103",
            "114",
            "1000",
            "0",
            "0",
            "0",
            "0",
            "reversedirection=yes railway=rail",
            "railway=crossing",
            "836",
            "421157"
          ],
          [
            "-121880340",
            "37660770",
            "103",
            "7",
            "1000",
            "0",
            "0",
            "0",
            "0",
            "reversedirection=yes railway=rail",
            "railway=level_crossing",
            "836",
            "421438"
          ],
          [
            "-121880378",
            "37660724",
            "103",
            "6",
            "1000",
            "0",
            "0",
            "0",
            "0",
            "reversedirection=yes railway=rail",
            "railway=crossing",
            "837",
            "421680"
          ],
          [
            "-121881965",
            "37658797",
            "102",
            "256",
            "1000",
            "0",
            "0",
            "0",
            "0",
            "reversedirection=yes railway=rail",
            "railway=unknown",
            "857",
            "432205"
          ],
          [
            "-121882709",
            "37657894",
            "100",
            "120",
            "1000",
            "0",
            "0",
            "0",
            "0",
            "reversedirection=yes railway=rail",
            "railway=unknown",
            "867",
            "435744"
          ],
          [
            "-121882845",
            "37657727",
            "99",
            "11",
            "1000",
            "0",
            "0",
            "0",
            "0",
            "reversedirection=yes railway=rail",
            "",
            "868",
            "436126"
          ],
          [
            "-121887941",
            "37651546",
            "95",
            "832",
            "1000",
            "0",
            "0",
            "0",
            "0",
            "reversedirection=yes railway=rail",
            "railway=signal",
            "66",
            "35713"
          ],
          [
            "-121891299",
            "37642784",
            "95",
            "1091",
            "1000",
            "0",
            "0",
            "0",
            "0",
            "reversedirection=yes railway=rail",
            "railway=level_crossing",
            "153",
            "83342"
          ],
          [
            "-121888597",
            "37638141",
            "92",
            "568",
            "1000",
            "0",
            "0",
            "0",
            "0",
            "reversedirection=yes railway=rail",
            "railway=level_crossing",
            "199",
            "105603"
          ],
          [
            "-121880773",
            "37625121",
            "95",
            "1612",
            "1000",
            "0",
            "0",
            "0",
            "0",
            "reversedirection=yes railway=rail",
            "railway=signal",
            "328",
            "176182"
          ],
          [
            "-121880773",
            "37624980",
            "95",
            "16",
            "1000",
            "0",
            "0",
            "0",
            "0",
            "reversedirection=yes railway=rail",
            "railway=switch",
            "329",
            "176965"
          ],
          [
            "-121880825",
            "37623948",
            "95",
            "114",
            "1000",
            "0",
            "0",
            "0",
            "0",
            "reversedirection=yes railway=rail",
            "railway=signal",
            "338",
            "182037"
          ],
          [
            "-121877381",
            "37614878",
            "89",
            "1061",
            "1000",
            "0",
            "0",
            "0",
            "0",
            "reversedirection=yes railway=rail",
            "railway=switch",
            "423",
            "226353"
          ],
          [
            "-121876428",
            "37613106",
            "88",
            "214",
            "1000",
            "0",
            "0",
            "0",
            "0",
            "reversedirection=yes railway=rail",
            "railway=signal",
            "440",
            "234883"
          ],
          [
            "-121875870",
            "37612190",
            "86",
            "113",
            "1000",
            "0",
            "0",
            "0",
            "0",
            "reversedirection=yes railway=rail",
            "railway=switch",
            "449",
            "238997"
          ],
          [
            "-121875793",
            "37612047",
            "87",
            "17",
            "1000",
            "0",
            "0",
            "0",
            "0",
            "reversedirection=yes railway=rail",
            "railway=signal",
            "451",
            "239688"
          ],
          [
            "-121885614",
            "37595407",
            "77",
            "2309",
            "1000",
            "0",
            "0",
            "0",
            "0",
            "reversedirection=yes railway=rail",
            "railway=level_crossing",
            "635",
            "329710"
          ],
          [
            "-121887214",
            "37594024",
            "77",
            "208",
            "1000",
            "0",
            "0",
            "0",
            "0",
            "reversedirection=yes railway=rail",
            "railway=crossing",
            "652",
            "338795"
          ],
          [
            "-121887270",
            "37593984",
            "77",
            "7",
            "1000",
            "0",
            "0",
            "0",
            "0",
            "reversedirection=yes railway=rail",
            "railway=level_crossing",
            "652",
            "339121"
          ],
          [
            "-121887328",
            "37593947",
            "77",
            "7",
            "1000",
            "0",
            "0",
            "0",
            "0",
            "reversedirection=yes railway=rail",
            "railway=crossing",
            "653",
            "339460"
          ],
          [
            "-121893563",
            "37593415",
            "73",
            "578",
            "1000",
            "0",
            "0",
            "0",
            "0",
            "reversedirection=yes railway=rail",
            "railway=signal",
            "699",
            "361994"
          ],
          [
            "-121925592",
            "37597747",
            "61",
            "3131",
            "1000",
            "0",
            "0",
            "0",
            "0",
            "reversedirection=yes railway=rail",
            "railway=level_crossing",
            "950",
            "493104"
          ],
          [
            "-121927456",
            "37596743",
            "60",
            "199",
            "1000",
            "0",
            "0",
            "0",
            "0",
            "reversedirection=yes railway=rail",
            "railway=signal",
            "966",
            "499621"
          ],
          [
            "-121962905",
            "37580044",
            "32",
            "4160",
            "1000",
            "0",
            "0",
            "0",
            "0",
            "reversedirection=yes railway=rail",
            "railway=level_crossing",
            "1298",
            "658229"
          ],
          [
            "-121967933",
            "37574622",
            "23",
            "761",
            "1000",
            "0",
            "0",
            "0",
            "0",
            "reversedirection=yes railway=rail",
            "railway=signal",
            "1359",
            "682604"
          ],
          [
            "-121968050",
            "37574519",
            "23",
            "15",
            "1000",
            "0",
            "0",
            "0",
            "0",
            "reversedirection=yes railway=rail",
            "railway=switch",
            "1361",
            "682918"
          ],
          [
            "-121969194",
            "37573534",
            "22",
            "149",
            "1000",
            "0",
            "0",
            "0",
            "0",
            "railway=rail",
            "railway=switch",
            "1372",
            "689061"
          ],
          [
            "-121970092",
            "37572080",
            "23",
            "190",
            "1000",
            "0",
            "0",
            "0",
            "0",
            "railway=rail",
            "railway=unknown",
            "1388",
            "695537"
          ],
          [
            "-121970015",
            "37571511",
            "23",
            "64",
            "1000",
            "0",
            "0",
            "0",
            "0",
            "railway=rail",
            "railway=switch",
            "1393",
            "698633"
          ],
          [
            "-121970011",
            "37571270",
            "23",
            "27",
            "1000",
            "0",
            "0",
            "0",
            "0",
            "railway=rail",
            "railway=signal",
            "1395",
            "699843"
          ],
          [
            "-121971919",
            "37569742",
            "21",
            "256",
            "1000",
            "0",
            "0",
            "0",
            "0",
            "railway=rail",
            "railway=signal",
            "1415",
            "709814"
          ],
          [
            "-121972264",
            "37569646",
            "21",
            "32",
            "1000",
            "0",
            "0",
            "0",
            "0",
            "railway=rail",
            "railway=switch",
            "1418",
            "711171"
          ],
          [
            "-121973471",
            "37569310",
            "22",
            "113",
            "1000",
            "0",
            "0",
            "0",
            "0",
            "railway=rail",
            "railway=signal",
            "1427",
            "716349"
          ],
          [
            "-121983586",
            "37566511",
            "22",
            "946",
            "1000",
            "0",
            "0",
            "0",
            "0",
            "railway=rail",
            "railway=level_crossing",
            "1503",
            "758057"
          ],
          [
            "-121995443",
            "37563224",
            "13",
            "1109",
            "1000",
            "0",
            "0",
            "0",
            "0",
            "railway=rail",
            "railway=signal",
            "1591",
            "801761"
          ],
          [
            "-122006144",
            "37559995",
            "16",
            "1015",
            "1000",
            "0",
            "0",
            "0",
            "0",
            "railway=rail",
            "railway=unknown",
            "1673",
            "847161"
          ],
          [
            "-122007464",
            "37558781",
            "15",
            "180",
            "1000",
            "0",
            "0",
            "0",
            "0",
            "railway=rail",
            "railway=unknown",
            "1687",
            "854103"
          ],
          [
            "-122007581",
            "37558634",
            "15",
            "19",
            "1000",
            "0",
            "0",
            "0",
            "0",
            "railway=rail",
            "railway=crossing",
            "1689",
            "854824"
          ],
          [
            "-122007646",
            "37558554",
            "15",
            "11",
            "1000",
            "0",
            "0",
            "0",
            "0",
            "railway=rail",
            "railway=level_crossing",
            "1689",
            "855274"
          ],
          [
            "-122008416",
            "37557566",
            "15",
            "129",
            "1000",
            "0",
            "0",
            "0",
            "0",
            "railway=rail",
            "railway=level_crossing",
            "1700",
            "860255"
          ],
          [
            "-122010903",
            "37554385",
            "13",
            "416",
            "1000",
            "0",
            "0",
            "0",
            "0",
            "railway=rail",
            "railway=crossing",
            "1733",
            "876556"
          ],
          [
            "-122010968",
            "37554302",
            "13",
            "11",
            "1000",
            "0",
            "0",
            "0",
            "0",
            "railway=rail",
            "railway=level_crossing",
            "1734",
            "877037"
          ],
          [
            "-122011043",
            "37554205",
            "13",
            "13",
            "1000",
            "0",
            "0",
            "0",
            "0",
            "railway=rail",
            "railway=crossing",
            "1735",
            "877632"
          ],
          [
            "-122017292",
            "37546213",
            "10",
            "1045",
            "1000",
            "0",
            "0",
            "0",
            "0",
            "railway=rail",
            "railway=crossing",
            "1819",
            "923545"
          ],
          [
            "-122017333",
            "37546161",
            "10",
            "7",
            "1000",
            "0",
            "0",
            "0",
            "0",
            "railway=rail",
            "railway=level_crossing",
            "1819",
            "923853"
          ],
          [
            "-122017430",
            "37546039",
            "9",
            "16",
            "1000",
            "0",
            "0",
            "0",
            "0",
            "railway=rail",
            "railway=level_crossing",
            "1820",
            "924491"
          ],
          [
            "-122017474",
            "37545985",
            "9",
            "7",
            "1000",
            "0",
            "0",
            "0",
            "0",
            "railway=rail",
            "railway=crossing",
            "1821",
            "924759"
          ],
          [
            "-122017552",
            "37545890",
            "9",
            "13",
            "1000",
            "0",
            "0",
            "0",
            "0",
            "railway=rail",
            "railway=signal",
            "1822",
            "925236"
          ],
          [
            "-122022236",
            "37540150",
            "9",
            "761",
            "1000",
            "0",
            "0",
            "0",
            "0",
            "railway=rail",
            "railway=crossing",
            "1883",
            "956037"
          ],
          [
            "-122022308",
            "37540061",
            "9",
            "12",
            "1000",
            "0",
            "0",
            "0",
            "0",
            "railway=rail",
            "railway=level_crossing",
            "1884",
            "956565"
          ],
          [
            "-122022378",
            "37539975",
            "9",
            "11",
            "1000",
            "0",
            "0",
            "0",
            "0",
            "railway=rail",
            "railway=crossing",
            "1885",
            "957049"
          ],
          [
            "-122025224",
            "37536496",
            "7",
            "461",
            "1000",
            "0",
            "0",
            "0",
            "0",
            "railway=rail",
            "railway=unknown",
            "1922",
            "975361"
          ],
          [
            "-122028256",
            "37532766",
            "6",
            "445",
            "1000",
            "0",
            "0",
            "0",
            "0",
            "railway=rail",
            "",
            "1957",
            "994525"
          ],
          [
            "-122029716",
            "37530987",
            "4",
            "284",
            "1000",
            "0",
            "0",
            "0",
            "0",
            "railway=rail",
            "railway=crossing",
            "22",
            "10676"
          ],
          [
            "-122029756",
            "37530937",
            "4",
            "7",
            "1000",
            "0",
            "0",
            "0",
            "0",
            "railway=rail",
            "railway=level_crossing",
            "23",
            "10958"
          ],
          [
            "-122029844",
            "37530831",
            "4",
            "14",
            "1000",
            "0",
            "0",
            "0",
            "0",
            "railway=rail",
            "railway=level_crossing",
            "24",
            "11497"
          ],
          [
            "-122029896",
            "37530767",
            "4",
            "8",
            "1000",
            "0",
            "0",
            "0",
            "0",
            "railway=rail",
            "railway=crossing",
            "25",
            "11810"
          ],
          [
            "-122030445",
            "37530091",
            "4",
            "89",
            "1000",
            "0",
            "0",
            "0",
            "0",
            "railway=rail",
            "railway=signal",
            "32",
            "15707"
          ],
          [
            "-122031004",
            "37529403",
            "4",
            "91",
            "1000",
            "0",
            "0",
            "0",
            "0",
            "railway=rail",
            "railway=switch",
            "39",
            "19439"
          ],
          [
            "-122031401",
            "37528915",
            "4",
            "65",
            "1000",
            "0",
            "0",
            "0",
            "0",
            "railway=rail",
            "railway=switch",
            "44",
            "22527"
          ],
          [
            "-122032022",
            "37528156",
            "5",
            "101",
            "1000",
            "0",
            "0",
            "0",
            "0",
            "railway=rail",
            "railway=switch",
            "52",
            "27409"
          ],
          [
            "-122032642",
            "37527394",
            "5",
            "101",
            "1000",
            "0",
            "0",
            "0",
            "0",
            "railway=rail",
            "railway=signal",
            "60",
            "32012"
          ],
          [
            "-122032748",
            "37527266",
            "5",
            "17",
            "1000",
            "0",
            "0",
            "0",
            "0",
            "railway=rail",
            "railway=crossing",
            "62",
            "32809"
          ],
          [
            "-122032819",
            "37527178",
            "5",
            "12",
            "1000",
            "0",
            "0",
            "0",
            "0",
            "railway=rail",
            "railway=level_crossing",
            "63",
            "33391"
          ],
          [
            "-122032892",
            "37527086",
            "5",
            "12",
            "1000",
            "0",
            "0",
            "0",
            "0",
            "railway=rail",
            "railway=crossing",
            "64",
            "33968"
          ],
          [
            "-122032060",
            "37524834",
            "4",
            "294",
            "1000",
            "0",
            "0",
            "0",
            "0",
            "railway=rail",
            "railway=switch",
            "87",
            "45930"
          ],
          [
            "-122031595",
            "37524616",
            "4",
            "48",
            "1000",
            "0",
            "0",
            "0",
            "0",
            "railway=rail",
            "railway=switch",
            "91",
            "48051"
          ],
          [
            "-122030867",
            "37524283",
            "5",
            "75",
            "1000",
            "0",
            "0",
            "0",
            "0",
            "railway=rail",
            "railway=signal",
            "97",
            "51748"
          ],
          [
            "-122030728",
            "37524219",
            "5",
            "14",
            "1000",
            "0",
            "0",
            "0",
            "0",
            "railway=rail",
            "railway=switch",
            "98",
            "52458"
          ],
          [
            "-122029802",
            "37523794",
            "4",
            "94",
            "1000",
            "0",
            "0",
            "0",
            "0",
            "railway=rail",
            "railway=level_crossing",
            "106",
            "56303"
          ],
          [
            "-122029676",
            "37523733",
            "4",
            "13",
            "1000",
            "0",
            "0",
            "0",
            "0",
            "railway=rail",
            "railway=switch",
            "107",
            "56852"
          ],
          [
            "-122028082",
            "37522969",
            "3",
            "164",
            "1000",
            "0",
            "0",
            "0",
            "0",
            "railway=rail",
            "railway=switch",
            "120",
            "63446"
          ],
          [
            "-122020888",
            "37519637",
            "1",
            "431",
            "1000",
            "0",
            "0",
            "0",
            "0",
            "railway=rail",
            "",
            "154",
            "81455"
          ],
          [
            "-122017300",
            "37517983",
            "1",
            "671",
            "1000",
            "0",
            "0",
            "0",
            "0",
            "railway=rail",
            "railway=switch",
            "53",
            "28836"
          ],
          [
            "-122012118",
            "37515576",
            "6",
            "530",
            "1000",
            "0",
            "0",
            "0",
            "0",
            "railway=rail",
            "railway=level_crossing",
            "96",
            "53481"
          ],
          [
            "-122004336",
            "37509813",
            "1",
            "949",
            "1000",
            "0",
            "0",
            "0",
            "0",
            "railway=rail",
            "railway=signal",
            "172",
            "93535"
          ],
          [
            "-122002971",
            "37508571",
            "2",
            "183",
            "1000",
            "0",
            "0",
            "0",
            "0",
            "railway=rail",
            "railway=switch",
            "186",
            "102071"
          ],
          [
            "-122002430",
            "37508056",
            "3",
            "75",
            "1000",
            "0",
            "0",
            "0",
            "0",
            "railway=rail",
            "railway=switch",
            "192",
            "106124"
          ],
          [
            "-122000859",
            "37506568",
            "2",
            "216",
            "1000",
            "0",
            "0",
            "0",
            "0",
            "railway=rail",
            "railway=signal",
            "209",
            "115050"
          ],
          [
            "-121997993",
            "37503852",
            "0",
            "394",
            "1000",
            "0",
            "0",
            "0",
            "0",
            "railway=rail",
            "railway=level_crossing",
            "241",
            "130792"
          ],
          [
            "-121992450",
            "37498598",
            "1",
            "761",
            "1000",
            "0",
            "0",
            "0",
            "0",
            "railway=rail",
            "railway=level_crossing",
            "302",
            "165040"
          ],
          [
            "-121992314",
            "37498469",
            "1",
            "19",
            "1000",
            "0",
            "0",
            "0",
            "0",
            "railway=rail",
            "railway=level_crossing",
            "303",
            "165889"
          ],
          [
            "-121991151",
            "37497363",
            "0",
            "160",
            "1000",
            "0",
            "0",
            "0",
            "0",
            "railway=rail",
            "railway=signal",
            "316",
            "171744"
          ],
          [
            "-121990956",
            "37497177",
            "0",
            "27",
            "1000",
            "0",
            "0",
            "0",
            "0",
            "railway=rail",
            "railway=switch",
            "318",
            "172860"
          ],
          [
            "-121990278",
            "37496534",
            "-1",
            "93",
            "1000",
            "0",
            "0",
            "0",
            "0",
            "railway=rail",
            "railway=signal",
            "326",
            "176412"
          ],
          [
            "-121989175",
            "37495489",
            "0",
            "152",
            "1000",
            "0",
            "0",
            "0",
            "0",
            "railway=rail",
            "railway=level_crossing",
            "338",
            "183685"
          ],
          [
            "-121981952",
            "37488637",
            "0",
            "993",
            "1000",
            "0",
            "0",
            "0",
            "0",
            "railway=rail",
            "railway=signal",
            "417",
            "227527"
          ],
          [
            "-121981175",
            "37487900",
            "0",
            "107",
            "1000",
            "0",
            "0",
            "0",
            "0",
            "railway=rail",
            "railway=switch",
            "426",
            "232234"
          ],
          [
            "-121981094",
            "37487822",
            "0",
            "11",
            "1000",
            "0",
            "0",
            "0",
            "0",
            "railway=rail",
            "railway=signal",
            "427",
            "232717"
          ],
          [
            "-121973964",
            "37470024",
            "-1",
            "2202",
            "1000",
            "0",
            "0",
            "0",
            "0",
            "railway=rail",
            "railway=signal",
            "603",
            "328028"
          ],
          [
            "-121974667",
            "37460798",
            "0",
            "1027",
            "1000",
            "0",
            "0",
            "0",
            "0",
            "railway=rail",
            "",
            "685",
            "374644"
          ],
          [
            "-121975301",
            "37452709",
            "-1",
            "900",
            "1000",
            "0",
            "0",
            "0",
            "0",
            "reversedirection=yes railway=rail",
            "crossing=unknown railway=crossing",
            "757",
            "413238"
          ],
          [
            "-121976758",
            "37437780",
            "-2",
            "1664",
            "1000",
            "0",
            "0",
            "0",
            "0",
            "reversedirection=yes railway=rail",
            "railway=signal",
            "890",
            "485470"
          ],
          [
            "-121977070",
            "37436942",
            "-2",
            "97",
            "1000",
            "0",
            "0",
            "0",
            "0",
            "reversedirection=yes railway=rail",
            "railway=switch",
            "898",
            "489916"
          ],
          [
            "-121977543",
            "37428243",
            "-1",
            "970",
            "1000",
            "0",
            "0",
            "0",
            "0",
            "reversedirection=yes railway=rail",
            "railway=level_crossing",
            "976",
            "533572"
          ],
          [
            "-121977543",
            "37428187",
            "-1",
            "6",
            "1000",
            "0",
            "0",
            "0",
            "0",
            "reversedirection=yes railway=rail",
            "railway=crossing",
            "976",
            "533836"
          ],
          [
            "-121977540",
            "37427271",
            "-1",
            "102",
            "1000",
            "0",
            "0",
            "0",
            "0",
            "reversedirection=yes railway=rail",
            "railway=crossing",
            "984",
            "538323"
          ],
          [
            "-121977539",
            "37427203",
            "-1",
            "8",
            "1000",
            "0",
            "0",
            "0",
            "0",
            "reversedirection=yes railway=rail",
            "railway=level_crossing",
            "985",
            "538675"
          ],
          [
            "-121977540",
            "37427160",
            "-1",
            "5",
            "1000",
            "0",
            "0",
            "0",
            "0",
            "reversedirection=yes railway=rail",
            "railway=crossing",
            "985",
            "538895"
          ],
          [
            "-121977359",
            "37423537",
            "1",
            "403",
            "1000",
            "0",
            "0",
            "0",
            "0",
            "reversedirection=yes railway=rail",
            "access=no railway=crossing",
            "1018",
            "558482"
          ],
          [
            "-121977055",
            "37421070",
            "2",
            "275",
            "1000",
            "0",
            "0",
            "0",
            "0",
            "reversedirection=yes railway=rail",
            "railway=level_crossing",
            "1040",
            "572018"
          ],
          [
            "-121974654",
            "37417840",
            "1",
            "418",
            "1000",
            "0",
            "0",
            "0",
            "0",
            "reversedirection=yes railway=rail",
            "railway=level_crossing",
            "1073",
            "589786"
          ],
          [
            "-121974600",
            "37417784",
            "2",
            "8",
            "1000",
            "0",
            "0",
            "0",
            "0",
            "reversedirection=yes railway=rail",
            "railway=crossing",
            "1074",
            "590135"
          ],
          [
            "-121973565",
            "37416564",
            "1",
            "164",
            "1000",
            "0",
            "0",
            "0",
            "0",
            "reversedirection=yes railway=rail",
            "railway=crossing",
            "1087",
            "596828"
          ],
          [
            "-121973512",
            "37416483",
            "0",
            "10",
            "1000",
            "0",
            "0",
            "0",
            "0",
            "reversedirection=yes railway=rail",
            "railway=level_crossing",
            "1088",
            "597210"
          ],
          [
            "-121973451",
            "37416400",
            "0",
            "11",
            "1000",
            "0",
            "0",
            "0",
            "0",
            "reversedirection=yes railway=rail",
            "railway=crossing",
            "1088",
            "597613"
          ],
          [
            "-121967596",
            "37407723",
            "1",
            "1094",
            "1000",
            "0",
            "0",
            "0",
            "0",
            "reversedirection=yes railway=rail",
            "railway=signal",
            "1176",
            "646227"
          ],
          [
            "-121967515",
            "37407601",
            "1",
            "15",
            "1000",
            "0",
            "0",
            "0",
            "0",
            "reversedirection=yes railway=rail",
            "railway=crossing",
            "1177",
            "646874"
          ],
          [
            "-121967472",
            "37407536",
            "2",
            "8",
            "1000",
            "0",
            "0",
            "0",
            "0",
            "reversedirection=yes railway=rail",
            "railway=unknown",
            "1178",
            "647238"
          ],
          [
            "-121966187",
            "37405629",
            "3",
            "240",
            "1000",
            "0",
            "0",
            "0",
            "0",
            "reversedirection=yes railway=rail",
            "railway=unknown",
            "1197",
            "658920"
          ],
          [
            "-121966007",
            "37405365",
            "3",
            "33",
            "1000",
            "0",
            "0",
            "0",
            "0",
            "reversedirection=yes railway=rail",
            "railway=signal",
            "1200",
            "660404"
          ],
          [
            "-121958943",
            "37394920",
            "4",
            "1317",
            "1000",
            "0",
            "0",
            "0",
            "0",
            "reversedirection=yes railway=rail",
            "railway=crossing",
            "1305",
            "719296"
          ],
          [
            "-121958872",
            "37394815",
            "4",
            "13",
            "1000",
            "0",
            "0",
            "0",
            "0",
            "reversedirection=yes railway=rail",
            "railway=level_crossing",
            "1306",
            "719868"
          ],
          [
            "-121958831",
            "37394753",
            "4",
            "8",
            "1000",
            "0",
            "0",
            "0",
            "0",
            "reversedirection=yes railway=rail",
            "railway=crossing",
            "1307",
            "720219"
          ],
          [
            "-121953141",
            "37386296",
            "5",
            "1066",
            "1000",
            "0",
            "0",
            "0",
            "0",
            "reversedirection=yes railway=rail",
            "railway=level_crossing",
            "1392",
            "767567"
          ],
          [
            "-121953018",
            "37386119",
            "6",
            "22",
            "1000",
            "0",
            "0",
            "0",
            "0",
            "reversedirection=yes railway=rail",
            "railway=signal",
            "1394",
            "768792"
          ],
          [
            "-121952653",
            "37385590",
            "7",
            "67",
            "1000",
            "0",
            "0",
            "0",
            "0",
            "reversedirection=yes railway=rail",
            "",
            "1399",
            "772898"
          ],
          [
            "-121945516",
            "37369422",
            "9",
            "1934",
            "1000",
            "0",
            "0",
            "0",
            "0",
            "railway=rail",
            "railway=signal",
            "1554",
            "861078"
          ],
          [
            "-121945516",
            "37369287",
            "9",
            "15",
            "1000",
            "0",
            "0",
            "0",
            "0",
            "railway=rail",
            "railway=switch",
            "1555",
            "861627"
          ],
          [
            "-121945516",
            "37368266",
            "8",
            "113",
            "1000",
            "0",
            "0",
            "0",
            "0",
            "railway=rail",
            "railway=signal",
            "1564",
            "865836"
          ],
          [
            "-121945518",
            "37366508",
            "10",
            "195",
            "1000",
            "0",
            "0",
            "0",
            "0",
            "railway=rail",
            "railway=level_crossing",
            "1580",
            "875380"
          ],
          [
            "-121943890",
            "37359793",
            "14",
            "770",
            "1000",
            "0",
            "0",
            "0",
            "0",
            "railway=rail",
            "railway=level_crossing",
            "1641",
            "912553"
          ],
          [
            "-121941103",
            "37355641",
            "17",
            "527",
            "1000",
            "0",
            "0",
            "0",
            "0",
            "railway=rail",
            "railway=unknown",
            "1683",
            "938542"
          ],
          [
            "-121941079",
            "37355627",
            "17",
            "3",
            "1000",
            "0",
            "0",
            "0",
            "0",
            "railway=rail",
            "railway=signal",
            "1684",
            "938682"
          ],
          [
            "-121939809",
            "37355007",
            "14",
            "133",
            "1000",
            "0",
            "0",
            "0",
            "0",
            "railway=rail",
            "railway=switch",
            "1694",
            "944593"
          ],
          [
            "-121939714",
            "37354966",
            "14",
            "10",
            "1000",
            "0",
            "0",
            "0",
            "0",
            "railway=rail",
            "railway=switch",
            "1695",
            "944801"
          ],
          [
            "-121939155",
            "37354731",
            "14",
            "56",
            "1000",
            "0",
            "0",
            "0",
            "0",
            "railway=rail",
            "railway=switch",
            "1699",
            "946508"
          ],
          [
            "-121938157",
            "37354240",
            "15",
            "104",
            "1000",
            "0",
            "0",
            "0",
            "0",
            "reversedirection=yes railway=rail",
            "railway=switch",
            "1708",
            "950424"
          ],
          [
            "-121937820",
            "37354093",
            "17",
            "34",
            "1000",
            "0",
            "0",
            "0",
            "0",
            "reversedirection=yes railway=rail",
            "railway=signal",
            "1711",
            "952392"
          ],
          [
            "-121936388",
            "37353465",
            "15",
            "145",
            "1000",
            "0",
            "0",
            "0",
            "0",
            "reversedirection=yes railway=rail",
            "railway=unknown",
            "1722",
            "958761"
          ],
          [
            "-121934476",
            "37352495",
            "14",
            "171",
            "1000",
            "0",
            "0",
            "0",
            "0",
            "reversedirection=yes railway=rail",
            "",
            "1736",
            "965548"
          ],
          [
            "-121934414",
            "37352461",
            "14",
            "36",
            "1000",
            "0",
            "0",
            "0",
            "0",
            "reversedirection=yes railway=rail",
            "railway=signal",
            "2",
            "1650"
          ],
          [
            "-121934299",
            "37352398",
            "14",
            "12",
            "1000",
            "0",
            "0",
            "0",
            "0",
            "reversedirection=yes railway=rail",
            "railway=unknown",
            "3",
            "2220"
          ],
          [
            "-121934273",
            "37352384",
            "14",
            "3",
            "1000",
            "0",
            "0",
            "0",
            "0",
            "reversedirection=yes railway=rail",
            "railway=switch",
            "4",
            "2362"
          ],
          [
            "-121933054",
            "37351654",
            "16",
            "135",
            "1000",
            "0",
            "0",
            "0",
            "0",
            "reversedirection=yes railway=rail",
            "railway=switch",
            "14",
            "9683"
          ],
          [
            "-121932996",
            "37351624",
            "16",
            "6",
            "1000",
            "0",
            "0",
            "0",
            "0",
            "railway=rail",
            "railway=switch",
            "15",
            "9988"
          ],
          [
            "-121932509",
            "37351379",
            "17",
            "51",
            "1000",
            "0",
            "0",
            "0",
            "0",
            "railway=rail",
            "railway=switch",
            "19",
            "12761"
          ],
          [
            "-121931622",
            "37350979",
            "15",
            "90",
            "1000",
            "0",
            "0",
            "0",
            "0",
            "railway=rail",
            "railway=switch",
            "26",
            "16619"
          ],
          [
            "-121931341",
            "37350837",
            "16",
            "29",
            "1000",
            "0",
            "0",
            "0",
            "0",
            "reversedirection=yes railway=rail",
            "railway=signal",
            "28",
            "17787"
          ],
          [
            "-121919643",
            "37344922",
            "19",
            "1227",
            "1000",
            "0",
            "0",
            "0",
            "0",
            "reversedirection=yes railway=rail",
            "railway=unknown",
            "127",
            "72099"
          ],
          [
            "-121915896",
            "37343027",
            "20",
            "392",
            "1000",
            "0",
            "0",
            "0",
            "0",
            "reversedirection=yes railway=rail",
            "railway=unknown",
            "158",
            "90412"
          ],
          [
            "-121915274",
            "37342712",
            "19",
            "65",
            "1000",
            "0",
            "0",
            "0",
            "0",
            "reversedirection=yes railway=rail",
            "railway=signal",
            "163",
            "93709"
          ],
          [
            "-121914269",
            "37342206",
            "18",
            "105",
            "1000",
            "0",
            "0",
            "0",
            "0",
            "reversedirection=yes railway=rail",
            "railway=switch",
            "172",
            "98351"
          ],
          [
            "-121913942",
            "37342038",
            "18",
            "34",
            "1000",
            "0",
            "0",
            "0",
            "0",
            "reversedirection=yes railway=rail",
            "railway=switch",
            "174",
            "99914"
          ],
          [
            "-121913878",
            "37342006",
            "18",
            "7",
            "1000",
            "0",
            "0",
            "0",
            "0",
            "reversedirection=yes railway=rail",
            "railway=switch",
            "175",
            "100233"
          ],
          [
            "-121912695",
            "37341436",
            "18",
            "123",
            "1000",
            "0",
            "0",
            "0",
            "0",
            "reversedirection=yes railway=rail",
            "railway=signal",
            "185",
            "105284"
          ],
          [
            "-121909522",
            "37339978",
            "19",
            "323",
            "1000",
            "0",
            "0",
            "0",
            "0",
            "reversedirection=yes railway=rail",
            "",
            "211",
            "120279"
          ],
          [
            "-121906001",
            "37335765",
            "22",
            "572",
            "1000",
            "0",
            "0",
            "0",
            "0",
            "reversedirection=yes railway=rail",
            "railway=signal",
            "45",
            "27334"
          ],
          [
            "-121905778",
            "37335559",
            "22",
            "30",
            "1000",
            "0",
            "0",
            "0",
            "0",
            "reversedirection=yes railway=rail",
            "railway=unknown",
            "48",
            "28834"
          ],
          [
            "-121904064",
            "37333944",
            "21",
            "235",
            "1000",
            "0",
            "0",
            "0",
            "0",
            "reversedirection=yes railway=rail",
            "railway=switch",
            "66",
            "38713"
          ],
          [
            "-121903754",
            "37333556",
            "21",
            "51",
            "1000",
            "0",
            "0",
            "0",
            "0",
            "reversedirection=yes railway=rail",
            "",
            "71",
            "40850"
          ],
          [
            "-121903436",
            "37332758",
            "21",
            "93",
            "1000",
            "0",
            "0",
            "0",
            "0",
            "railway=rail",
            "railway=signal",
            "78",
            "45099"
          ],
          [
            "-121903420",
            "37332664",
            "21",
            "11",
            "1000",
            "0",
            "0",
            "0",
            "0",
            "railway=rail",
            "railway=switch",
            "79",
            "45609"
          ],
          [
            "-121903317",
            "37332113",
            "20",
            "62",
            "1000",
            "0",
            "0",
            "0",
            "0",
            "railway=rail",
            "railway=switch",
            "84",
            "47970"
          ],
          [
            "-121903295",
            "37331840",
            "19",
            "31",
            "1000",
            "0",
            "0",
            "0",
            "0",
            "railway=rail",
            "railway=switch",
            "86",
            "49022"
          ],
          [
            "-121903251",
            "37331571",
            "19",
            "30",
            "1000",
            "0",
            "0",
            "0",
            "0",
            "reversedirection=yes railway=rail",
            "railway=switch",
            "89",
            "50027"
          ],
          [
            "-121903055",
            "37331016",
            "23",
            "64",
            "1000",
            "0",
            "0",
            "0",
            "0",
            "reversedirection=yes railway=rail",
            "railway=signal",
            "94",
            "53003"
          ],
          [
            "-121903019",
            "37330927",
            "24",
            "10",
            "1000",
            "0",
            "0",
            "0",
            "0",
            "reversedirection=yes railway=rail",
            "railway=level_crossing",
            "95",
            "53481"
          ],
          [
            "-121902913",
            "37330359",
            "25",
            "64",
            "1000",
            "0",
            "0",
            "0",
            "0",
            "reversedirection=yes railway=rail",
            "railway=unknown",
            "100",
            "57009"
          ],
          [
            "-121902820",
            "37329145",
            "23",
            "135",
            "1000",
            "0",
            "0",
            "0",
            "0",
            "reversedirection=yes railway=rail",
            "railway=unknown",
            "111",
            "64159"
          ],
          [
            "-121902834",
            "37328568",
            "23",
            "47",
            "1000",
            "0",
            "0",
            "0",
            "0",
            "reversedirection=yes railway=rail",
            "",
            "114",
            "66385"
          ]
        ],
        "times": [
          0,
          2.16,
          3.76,
          14.56,
          17.44,
          19.68,
          20.48,
          24.4,
          25.6,
          27.44,
          28,
          29.44,
          30.48,
          31.76,
          35.44,
          36.32,
          37.92,
          39.92,
          43.76,
          45.12,
          47.84,
          51.52,
          52.96,
          53.12,
          53.36,
          54.88,
          55.84,
          66.72,
          69.12,
          76.96,
          81.6,
          83.6,
          85.6,
          87.12,
          88.64,
          89.92,
          91.2,
          96,
          99.68,
          100.96,
          102.24,
          104.64,
          106.56,
          108.96,
          115.68,
          116.96,
          117.6,
          119.36,
          120.64,
          123.04,
          124.32,
          126.88,
          128.08,
          130.16,
          136,
          137.6,
          140.32,
          143.76,
          150.96,
          160.64,
          162.48,
          173.2,
          199.12,
          231.52,
          236.48,
          290.64,
          299.84,
          309.6,
          322.48,
          324.64,
          333.04,
          335.52,
          339.44,
          340.24,
          346.48,
          349.04,
          356.72,
          362.72,
          367.2,
          368,
          374.64,
          376.08,
          378.64,
          378.88,
          380.32,
          382.4,
          384.56,
          387.12,
          389.52,
          391.44,
          393.68,
          406.16,
          421.04,
          436.56,
          438.32,
          442,
          443.84,
          447.6,
          449.44,
          452.88,
          454.4,
          456,
          459.28,
          460.96,
          482.64,
          490.96,
          498.24,
          507.28,
          508.48,
          516.56,
          524.8,
          530.88,
          538.48,
          544.72,
          547.52,
          555.12,
          560.32,
          563.52,
          566.88,
          573.52,
          584,
          588.48,
          599.44,
          615.04,
          620.24,
          645.76,
          663.2,
          668.56,
          670.32,
          677.92,
          705.36,
          755.6,
          756.24,
          757.28,
          829.36,
          862.64,
          865.28,
          884.48,
          885.12,
          886.32,
          910.32,
          941.28,
          972.64,
          973.84,
          974.72,
          975.52,
          978.32,
          981.92,
          985.12,
          988.64,
          989.28,
          1002.64,
          1005.28,
          1007.84,
          1010.64,
          1013.36,
          1016.4,
          1019.44,
          1022.72,
          1025.2,
          1028,
          1031.44,
          1043.6,
          1044.72,
          1064.08,
          1069.6,
          1076.96,
          1077.36,
          1078,
          1086.16,
          1086.64,
          1143.36,
          1148,
          1152.08,
          1156.4,
          1160.4,
          1164.24,
          1172,
          1176.32,
          1180.72,
          1185.28,
          1189.36,
          1268.72,
          1305.12,
          1343.44,
          1366.48,
          1377.12,
          1383.28,
          1438.72,
          1458.8,
          1459.28,
          1525.84,
          1529.84,
          1533.68,
          1537.76,
          1539.76,
          1541.84,
          1543.84,
          1545.92,
          1548,
          1552.32,
          1554.4,
          1558.64,
          1562.32,
          1564.48,
          1568.64,
          1570.8,
          1572.96,
          1577.52,
          1601.2,
          1635.44,
          1636.32,
          1644.88,
          1724.32,
          1736.48,
          1743.92,
          1746.08,
          1758.88,
          1760.4,
          1781.76,
          1821.28,
          1852.8,
          1870.08,
          1876.08,
          1879.36,
          1890.72,
          1901.52,
          1903.04,
          1925.52,
          1932.56,
          1939.52,
          1944.48,
          1947.12,
          1950.4,
          1966.88,
          2029.44,
          2053.28,
          2064.64,
          2083.04,
          2094.32,
          2107.28,
          2111.44,
          2121.2,
          2130.24,
          2132,
          2133.84,
          2135.68,
          2137.84,
          2139.92,
          2142,
          2144.24,
          2146.16,
          2148.08,
          2150.24,
          2152,
          2152.96,
          2153.92,
          2155.28,
          2163.28,
          2163.84,
          2173.84,
          2176.4,
          2181.44,
          2183.68,
          2186.961,
          2190.881,
          2191.521,
          2192.641,
          2193.201,
          2212.081,
          2221.201,
          2251.521,
          2274.401,
          2284.321,
          2288.321,
          2289.281,
          2290.241,
          2315.281,
          2321.921,
          2351.041,
          2352.081,
          2352.641,
          2353.921,
          2354.481,
          2438.081,
          2439.121,
          2440.001,
          2473.281,
          2483.601,
          2484.481,
          2486.081,
          2488.401,
          2492.801,
          2496.561,
          2498.641,
          2500.721,
          2502.961,
          2504.801,
          2507.041,
          2509.201,
          2511.361,
          2513.601,
          2528.081,
          2542.001,
          2574.561,
          2579.201,
          2581.121,
          2669.841,
          2736.241,
          2737.281,
          2745.521,
          2747.121,
          2754.561,
          2757.121,
          2761.361,
          2763.761,
          2764.961,
          2766.241,
          2768.561,
          2770.481,
          2772.641,
          2774.401,
          2775.441,
          2776.561,
          2777.601,
          2778.961,
          2779.761,
          2784.881,
          2786.081,
          2787.681,
          2789.121,
          2790.881,
          2792.561,
          2794.081,
          2795.041,
          2796.001,
          2800.081,
          2800.321,
          2803.921,
          2806.481,
          2812.001,
          2813.201,
          2814.241,
          2826.321,
          2845.681,
          2852.881,
          2857.201,
          2860.801,
          2864.321,
          2867.601,
          2870.961,
          2874.081,
          2876.961,
          2880.001,
          2882.961,
          2901.041,
          2905.121,
          2909.121,
          2912.721,
          2916.641,
          2920.721,
          2924.241,
          2928.001,
          2931.841,
          2936.001,
          2947.601,
          2952.241,
          2955.761,
          2966.961,
          2972.321,
          2977.761,
          2982.801,
          2987.921,
          2993.281,
          2998.321,
          3003.521,
          3008.561,
          3013.441,
          3018.561,
          3123.841,
          3130.561,
          3134.801,
          3139.201,
          3143.761,
          3147.521,
          3151.281,
          3154.961,
          3158.881,
          3174.161,
          3176.721,
          3179.201,
          3182.081,
          3192.161,
          3206.881,
          3219.041,
          3222.801,
          3226.481,
          3230.241,
          3234.161,
          3237.681,
          3241.521,
          3245.441,
          3249.521,
          3253.841,
          3258.321,
          3262.081,
          3266.001,
          3293.361,
          3295.601,
          3298.001,
          3300.641,
          3303.361,
          3315.521,
          3318.161,
          3320.961,
          3324.081,
          3326.881,
          3329.521,
          3332.161,
          3334.801,
          3337.441,
          3340.321,
          3343.201,
          3346.081,
          3349.121,
          3382.001,
          3385.761,
          3388.001,
          3390.241,
          3392.161,
          3394.561,
          3398.161,
          3401.601,
          3403.281,
          3406.641,
          3409.521,
          3411.121,
          3412.881,
          3414.561,
          3417.041,
          3437.521,
          3440.481,
          3443.441,
          3446.561,
          3449.361,
          3473.281,
          3490.401,
          3492.961,
          3495.441,
          3497.281,
          3498.881,
          3500.561,
          3502.081,
          3504.241,
          3506.001,
          3508.961,
          3510.801,
          3512.321,
          3514.081,
          3516.321,
          3518.081,
          3519.521,
          3520.081,
          3520.641,
          3522.241,
          3525.201,
          3530.001,
          3530.801,
          3537.281,
          3568.881,
          3570.881,
          3572.961,
          3575.041,
          3577.281,
          3579.121,
          3580.721,
          3582.881,
          3585.041,
          3588.001,
          3597.601,
          3600.641,
          3602.881,
          3605.601,
          3607.921,
          3610.081,
          3612.641,
          3614.801,
          3616.481,
          3618.081,
          3620.241,
          3622.161,
          3624.321,
          3626.641,
          3628.241,
          3632.241,
          3638.881,
          3662.001,
          3669.681,
          3685.281,
          3689.121,
          3692.641,
          3696.881,
          3700.401,
          3703.201,
          3708.561,
          3712.801,
          3718.081,
          3722.001,
          3723.361,
          3726.241,
          3730.081,
          3732.401,
          3749.521,
          3771.281,
          3781.521,
          3811.201,
          3814.881,
          3818.721,
          3822.321,
          3826.321,
          3834.401,
          3836.321,
          3843.521,
          3844.801,
          3847.601,
          3849.361,
          3851.041,
          3853.921,
          3855.441,
          3858.081,
          3861.361,
          3866.481,
          3915.681,
          3926.081,
          3932.241,
          3953.121,
          3953.761,
          3973.761,
          4019.201,
          4025.601,
          4027.841,
          4030.081,
          4032.001,
          4034.321,
          4036.321,
          4038.321,
          4040.241,
          4042.161,
          4044.401,
          4046.481,
          4048.641,
          4050.721,
          4052.481,
          4054.481,
          4056.321,
          4058.321,
          4060.081,
          4063.841,
          4099.761,
          4102.801,
          4106.482,
          4168.081,
          4172.161,
          4173.921,
          4183.521,
          4204.001,
          4204.481,
          4205.041,
          4214.161,
          4214.881,
          4231.601,
          4232.481,
          4233.441,
          4244.241,
          4249.281,
          4251.361,
          4253.361,
          4256.721,
          4258.481,
          4260.241,
          4262.161,
          4264.081,
          4265.921,
          4267.761,
          4269.521,
          4277.201,
          4278.161,
          4374.401,
          4379.281,
          4382.001,
          4386.161,
          4390.481,
          4391.121,
          4394.801,
          4397.601,
          4406.881,
          4408.241,
          4412.321,
          4420.401,
          4532.961,
          4609.201,
          4614.081,
          4615.841,
          4702.801,
          4743.761,
          4766.561,
          4771.121,
          4842.961,
          4864.081,
          4869.601,
          4875.281,
          4880.561,
          4884.241,
          4889.441,
          4894.161,
          4935.121,
          4936.321,
          4945.601,
          4971.761,
          4975.281,
          5009.761,
          5010.641,
          5011.361,
          5029.041,
          5033.041,
          5041.921,
          5051.441,
          5051.521,
          5058.481,
          5063.121,
          5067.201,
          5068.001,
          5069.121,
          5072.881,
          5106.641,
          5122.241,
          5125.841,
          5130.881,
          5136.401,
          5142.881,
          5145.921,
          5152.081,
          5158.401,
          5164.961,
          5169.681,
          5172.561,
          5180.241,
          5199.681,
          5247.441,
          5256.721,
          5257.841,
          5277.441,
          5281.201,
          5285.921,
          5288.481,
          5292.801,
          5297.601,
          5302.081,
          5354.241,
          5362.001,
          5413.761,
          5423.041,
          5472.321,
          5525.041,
          5527.201,
          5529.521,
          5532.161,
          5534.481,
          5536.961,
          5539.441,
          5541.761,
          5544.481,
          5546.801,
          5549.361,
          5551.441,
          5553.681,
          5555.841,
          5558.001,
          5560.081,
          5562.161,
          5566.481,
          5580.961,
          5585.361,
          5609.041,
          5613.761,
          5619.121,
          5623.201,
          5625.921,
          5628.001,
          5629.601,
          5631.281,
          5632.881,
          5634.561,
          5638.081,
          5639.601,
          5641.121,
          5662.881,
          5667.121,
          5669.441,
          5671.841,
          5677.121,
          5680.481,
          5681.121,
          5701.121,
          5742.081,
          5744.961,
          5747.921,
          5749.281,
          5750.641,
          5753.761,
          5762.401,
          5763.761,
          5765.121,
          5766.801,
          5768.401,
          5769.761,
          5771.201,
          5772.641,
          5774.401,
          5776.081,
          5777.921,
          5779.601,
          5781.281,
          5782.961,
          5784.721,
          5786.881,
          5788.881,
          5791.201,
          5793.521,
          5795.681,
          5797.841,
          5799.681,
          5801.521,
          5803.441,
          5805.521,
          5807.601,
          5809.681,
          5811.201,
          5812.721,
          5814.241,
          5815.921,
          5817.681,
          5819.841,
          5834.001,
          5835.761,
          5837.681,
          5839.201,
          5840.881,
          5842.481,
          5844.321,
          5846.321,
          5848.321,
          5850.401,
          5852.481,
          5854.241,
          5856.881,
          5867.761,
          5871.921,
          5873.681,
          5875.601,
          5877.521,
          5879.281,
          5881.281,
          5883.681,
          5901.841,
          5904.241,
          5906.401,
          5908.641,
          5910.481,
          5912.641,
          5914.721,
          5916.961,
          5919.601,
          5922.321,
          5924.961,
          5927.361,
          5929.761,
          5932.321,
          5935.041,
          5937.761,
          5940.241,
          5942.641,
          5950.241,
          5951.921,
          5955.601,
          5957.201,
          5959.121,
          5960.881,
          5964.001,
          5965.681,
          5967.281,
          5968.881,
          5970.641,
          5974.881,
          5977.201,
          5979.121,
          5981.041,
          5983.201,
          5985.601,
          5988.241,
          5991.121,
          6016.881,
          6019.201,
          6021.681,
          6024.081,
          6025.041,
          6026.401,
          6028.641,
          6030.801,
          6032.961,
          6036.401,
          6045.521,
          6062.721,
          6065.041,
          6067.521,
          6070.001,
          6072.481,
          6074.801,
          6076.481,
          6078.801,
          6081.361,
          6083.841,
          6085.841,
          6087.841,
          6089.841,
          6092.001,
          6094.321,
          6096.961,
          6099.281,
          6101.281,
          6131.761,
          6152.081,
          6174.481,
          6183.681,
          6187.281,
          6190.081,
          6192.241,
          6194.401,
          6196.321,
          6198.321,
          6200.801,
          6202.961,
          6204.961,
          6206.881,
          6209.041,
          6210.801,
          6213.121,
          6215.041,
          6218.561,
          6220.641,
          6223.921,
          6238.801,
          6241.361,
          6244.081,
          6246.401,
          6248.961,
          6251.841,
          6279.121,
          6281.761,
          6284.321,
          6286.561,
          6288.881,
          6291.121,
          6293.121,
          6295.361,
          6297.921,
          6300.801,
          6307.921,
          6310.161,
          6312.321,
          6314.561,
          6316.881,
          6319.121,
          6321.441,
          6323.601,
          6325.921,
          6328.001,
          6330.401,
          6332.561,
          6334.721,
          6337.121,
          6340.321,
          6348.241,
          6350.961,
          6353.521,
          6355.761,
          6358.321,
          6360.481,
          6363.041,
          6365.601,
          6371.041,
          6378.321,
          6381.681,
          6385.121,
          6388.721,
          6392.561,
          6396.401,
          6400.241,
          6404.321,
          6408.561,
          6412.481,
          6417.201,
          6455.041,
          6457.921,
          6460.881,
          6463.761,
          6466.001,
          6468.241,
          6471.521,
          6474.881,
          6478.081,
          6481.441,
          6485.121,
          6489.041,
          6500.001,
          6517.601,
          6521.201,
          6524.881,
          6528.881,
          6533.041,
          6537.361,
          6591.681,
          6594.961,
          6598.481,
          6602.001,
          6605.361,
          6608.721,
          6612.321,
          6648.801,
          6651.601,
          6654.801,
          6657.601,
          6661.281,
          6664.961,
          6705.601,
          6762.401,
          6763.121,
          6843.281,
          6847.201,
          6852.001,
          6856.321,
          6861.601,
          6866.481,
          6881.681,
          6881.841,
          6943.601,
          6945.841,
          6961.681,
          6962.881,
          6970.881,
          6971.921,
          6981.201,
          6981.921,
          7046.401,
          7049.921,
          7053.441,
          7057.601,
          7061.521,
          7065.121,
          7069.121,
          7072.481,
          7080.641,
          7090.561,
          7094.081,
          7098.161,
          7100.241,
          7104.241,
          7109.361,
          7110.561,
          7144.081,
          7147.441,
          7150.161,
          7152.722,
          7155.201,
          7159.201,
          7175.522,
          7179.681,
          7182.802,
          7185.602,
          7187.602,
          7189.522,
          7191.681,
          7193.522,
          7196.722,
          7208.482,
          7218.641,
          7222.881,
          7226.242,
          7229.282,
          7232.482,
          7235.681,
          7238.881,
          7242.002,
          7245.122,
          7248.242,
          7304.722,
          7308.402,
          7311.922,
          7315.042,
          7318.242,
          7321.362,
          7325.042,
          7392.402,
          7395.602,
          7398.882,
          7401.602,
          7404.322,
          7407.122,
          7410.402,
          7413.842,
          7417.442,
          7420.802,
          7425.042,
          7455.202,
          7472.002,
          7475.282,
          7477.522,
          7480.082,
          7482.882,
          7485.442,
          7487.122,
          7489.122,
          7492.002,
          7494.642,
          7496.402,
          7500.402,
          7543.522,
          7550.802,
          7557.922,
          7564.722,
          7565.922,
          7576.402,
          7580.082,
          7580.882,
          7584.562,
          7587.042,
          7593.842,
          7598.562,
          7602.802,
          7606.722,
          7610.722,
          7614.642,
          7620.722,
          7623.362,
          7629.762,
          7636.802,
          7680.882,
          7722.162,
          7723.602,
          7846.802,
          7848.322,
          7976.962,
          7981.122,
          7990.242,
          8009.282,
          8105.442,
          8106.002,
          8112.962,
          8114.002,
          8122.402,
          8126.642,
          8129.202,
          8131.762,
          8134.162,
          8137.282,
          8141.122,
          8144.962,
          8148.322,
          8151.682,
          8156.562,
          8161.362,
          8164.882,
          8168.402,
          8171.122,
          8171.842,
          8173.762,
          8180.962,
          8206.482,
          8259.602,
          8343.042,
          8381.442,
          8389.042,
          8415.042,
          8422.722,
          8431.122,
          8444.322,
          8451.362,
          8461.282,
          8488.562,
          8513.042,
          8528.082,
          8564.962,
          8602.322,
          8605.682,
          8608.882,
          8611.042,
          8624.322,
          8637.842,
          8639.602,
          8642.802,
          8721.042,
          8746.162,
          8768.562,
          8773.842,
          8788.562,
          8804.242,
          8810.402,
          8811.922,
          8821.362,
          8826.242,
          8838.162,
          8867.362,
          8875.682,
          8884.482,
          8905.122,
          8913.842,
          8923.442,
          8930.642,
          8933.762,
          8937.762,
          8941.762,
          9028.242,
          9030.882,
          9042.482,
          9042.962,
          9104.642,
          9109.602,
          9159.762,
          9165.042,
          9168.642,
          9172.962,
          9177.042,
          9181.042,
          9184.962,
          9186.402,
          9189.042,
          9191.842,
          9195.122,
          9198.482,
          9203.122,
          9208.802,
          9216.882,
          9226.402,
          9228.562,
          9295.442,
          9315.922,
          9362.482,
          9372.562,
          9384.082,
          9385.362,
          9391.842,
          9413.202,
          9416.722,
          9423.202,
          9429.842,
          9435.922,
          9442.082,
          9447.602,
          9454.002,
          9458.642,
          9471.202,
          9484.402,
          9487.522,
          9492.962,
          9497.762,
          9504.962,
          9512.402,
          9515.762,
          9522.402,
          9531.442,
          9532.722,
          9535.042,
          9542.162,
          9548.082,
          9551.842,
          9554.642,
          9560.722,
          9566.322,
          9571.682,
          9577.282,
          9581.522,
          9589.202,
          9592.322,
          9597.442,
          9600.322,
          9605.602,
          9611.202,
          9616.242,
          9641.202,
          9666.802,
          9687.282,
          9698.162,
          9731.122,
          9737.042,
          9740.082,
          9747.602,
          9752.802,
          9758.882,
          9764.642,
          9768.962,
          9780.242,
          9784.482,
          9793.122,
          9797.762,
          9845.282,
          10050.802,
          10055.122,
          10081.282,
          10108.002,
          10111.442,
          10116.642,
          10117.602,
          10118.962,
          10208.562,
          10234.162,
          10250.402,
          10256.802,
          10262.722,
          10280.802,
          10303.122,
          10337.602,
          10339.442,
          10348.162,
          10350.882,
          10351.602,
          10385.842,
          10434.162,
          10442.402,
          10444.722,
          10446.962,
          10449.362,
          10455.762,
          10463.522,
          10464.962,
          10467.922,
          10471.362,
          10500.241,
          10502.641,
          10505.121,
          10508.081,
          10509.521,
          10514.801,
          10515.601,
          10516.001,
          10521.441,
          10522.801,
          10525.521,
          10528.241,
          10530.401,
          10532.641,
          10586.641,
          10590.641,
          10592.321,
          10594.401,
          10596.001,
          10597.441,
          10597.921,
          10599.201,
          10601.281,
          10602.641,
          10604.961,
          10606.401,
          10607.361,
          10611.921,
          10615.601,
          10621.441,
          10781.121,
          10784.801,
          10798.001,
          10803.361,
          10808.721,
          10813.761,
          10818.241,
          10823.121,
          10832.481,
          10835.281,
          10842.321,
          10852.561,
          10853.761,
          10861.602,
          10869.761,
          10872.961,
          10873.281,
          10876.481,
          10879.281,
          10881.201,
          10888.561,
          10891.201,
          10892.001,
          10898.161,
          10899.201,
          10900.881,
          10916.801,
          10918.561,
          10924.481,
          10933.521,
          10936.241,
          10939.121,
          10945.121,
          10948.081,
          10948.961,
          10953.441,
          10954.161,
          10955.121,
          10956.561,
          10970.641,
          10973.921,
          10976.881,
          10978.801,
          10980.721,
          10983.681,
          10986.961,
          11001.041,
          11002.481,
          11003.441,
          11004.161,
          11008.641,
          11009.521,
          11012.481,
          11018.481,
          11021.361,
          11024.081,
          11039.121,
          11040.881,
          11056.801,
          11062.081,
          11063.681,
          11065.761,
          11066.561,
          11072.321,
          11076.561,
          11081.281,
          11084.481,
          11084.801,
          11087.921,
          11098.561,
          11099.041,
          11101.841,
          11105.761,
          11113.841,
          11133.361,
          11137.361,
          11139.761,
          11142.161,
          11146.641,
          11152.641,
          11153.681,
          11157.361,
          11160.881,
          11172.481,
          11207.281,
          11255.681,
          11262.641,
          11264.721,
          11361.281,
          11383.921,
          11394.081,
          11403.841,
          11410.321,
          11420.641,
          11422.881,
          11425.761,
          11427.921,
          11432.881,
          11437.601,
          11438.641,
          11441.521,
          11442.001,
          11449.761,
          11486.321,
          11492.721,
          11494.161,
          11501.921,
          11508.321,
          11510.721,
          11512.961,
          11515.281,
          11523.521,
          11571.841,
          11606.081,
          11606.801,
          11609.521,
          11618.241,
          11620.081,
          11654.561,
          11676.881,
          11694.961,
          11700.881,
          11707.281,
          11723.521,
          11749.121,
          11838.721,
          11840.081,
          11841.041,
          11846.241,
          11849.681,
          11876.401,
          11902.561,
          11906.881,
          12112.401,
          12159.921,
          12164.561,
          12173.201,
          12177.441,
          12188.721,
          12193.041,
          12198.801,
          12204.881,
          12210.081,
          12217.601,
          12220.641,
          12226.561,
          12259.521,
          12270.401,
          12290.881,
          12316.481,
          12341.441,
          12346.481,
          12352.081,
          12357.361,
          12360.241,
          12365.361,
          12368.481,
          12376.161,
          12380.401,
          12386.001,
          12391.361,
          12396.961,
          12403.041,
          12405.841,
          12409.601,
          12415.521,
          12422.641,
          12424.961,
          12426.241,
          12435.281,
          12441.921,
          12445.281,
          12452.721,
          12459.921,
          12464.721,
          12470.161,
          12473.281,
          12486.481,
          12499.041,
          12503.681,
          12510.081,
          12515.601,
          12521.761,
          12527.841,
          12534.481,
          12540.961,
          12544.481,
          12565.841,
          12572.321,
          12573.601,
          12585.121,
          12595.201,
          12641.761,
          12662.241,
          12729.121,
          12731.281,
          12740.801,
          12748.881,
          12754.561,
          12759.201,
          12762.561,
          12765.841,
          12768.641,
          12771.281,
          12772.721,
          12776.641,
          12780.641,
          12784.721,
          12789.041,
          12792.641,
          12797.921,
          12848.081,
          12853.041,
          12914.721,
          12915.201,
          12926.801,
          12929.441,
          13015.921,
          13019.921,
          13023.921,
          13027.041,
          13034.241,
          13043.841,
          13052.561,
          13073.201,
          13082.001,
          13090.321,
          13119.521,
          13131.441,
          13136.321,
          13145.761,
          13147.281,
          13153.441,
          13169.121,
          13183.841,
          13189.121,
          13211.52,
          13236.641,
          13314.881,
          13352.001,
          13355.361,
          13392.721,
          13429.601,
          13444.641,
          13469.121,
          13496.401,
          13506.321,
          13513.361,
          13526.561,
          13534.961,
          13542.641,
          13568.641,
          13576.241,
          13614.641,
          13698.081,
          13751.201,
          13776.721,
          13783.921,
          13786.56,
          13789.28,
          13792.64,
          13796.16,
          13800.96,
          13805.84,
          13809.2,
          13812.56,
          13816.4,
          13820.24,
          13823.36,
          13825.76,
          13828.32,
          13830.88,
          13835.12,
          13843.52,
          13844.56,
          13851.52,
          13852.08,
          13948.24,
          13967.28,
          13976.4,
          13980.56,
          14109.2,
          14110.72,
          14233.92,
          14235.36,
          14276.64,
          14320.72,
          14327.76,
          14334.16,
          14336.8,
          14342.88,
          14346.8,
          14350.8,
          14354.72,
          14358.96,
          14363.68,
          14370.48,
          14372.96,
          14376.64,
          14377.44,
          14381.12,
          14391.6,
          14392.8,
          14399.6,
          14406.72,
          14414,
          14457.12,
          14461.12,
          14462.88,
          14465.52,
          14468.4,
          14470.4,
          14472.08,
          14474.64,
          14477.44,
          14480,
          14482.24,
          14485.52,
          14502.32,
          14532.48,
          14536.72,
          14540.08,
          14543.68,
          14547.12,
          14550.4,
          14553.2,
          14555.92,
          14558.64,
          14561.92,
          14565.12,
          14632.48,
          14636.16,
          14639.28,
          14642.48,
          14645.6,
          14649.12,
          14652.8,
          14709.28,
          14712.4,
          14715.52,
          14718.64,
          14721.84,
          14725.04,
          14728.24,
          14731.28,
          14734.64,
          14738.88,
          14749.04,
          14760.8,
          14764,
          14765.84,
          14768,
          14769.92,
          14771.92,
          14774.72,
          14777.84,
          14782,
          14798.32,
          14802.32,
          14804.8,
          14807.36,
          14810.08,
          14813.44,
          14846.96,
          14848.16,
          14857.28,
          14859.44,
          14863.52,
          14867.12,
          14877.04,
          14885.2,
          14888.56,
          14892.48,
          14896,
          14899.92,
          14904.08,
          14907.6,
          14911.12,
          14976.4,
          14985.68,
          14994.64,
          14995.84,
          15011.68,
          15013.92,
          15075.68,
          15075.84,
          15091.04,
          15095.92,
          15101.2,
          15105.52,
          15110.32,
          15114.24,
          15194.4,
          15195.12,
          15251.92,
          15292.56,
          15296.24,
          15299.92,
          15302.72,
          15305.92,
          15308.72,
          15345.2,
          15348.8,
          15352.16,
          15355.52,
          15359.04,
          15362.56,
          15365.84,
          15420.16,
          15424.48,
          15428.64,
          15432.64,
          15436.32,
          15439.92,
          15457.52,
          15468.48,
          15472.4,
          15476.08,
          15479.44,
          15482.64,
          15486,
          15489.28,
          15491.52,
          15493.76,
          15496.64,
          15499.6,
          15502.48,
          15540.32,
          15545.04,
          15548.96,
          15553.2,
          15557.28,
          15561.12,
          15564.96,
          15568.8,
          15572.4,
          15575.84,
          15579.2,
          15586.48,
          15591.92,
          15594.48,
          15597.04,
          15599.2,
          15601.76,
          15604,
          15606.56,
          15609.28,
          15617.2,
          15620.4,
          15622.8,
          15624.96,
          15627.12,
          15629.52,
          15631.6,
          15633.92,
          15636.08,
          15638.4,
          15640.64,
          15642.96,
          15645.2,
          15647.36,
          15649.6,
          15656.72,
          15659.6,
          15662.16,
          15664.4,
          15666.4,
          15668.64,
          15670.96,
          15673.2,
          15675.76,
          15678.4,
          15705.68,
          15708.56,
          15711.12,
          15713.44,
          15716.16,
          15718.72,
          15733.6,
          15736.88,
          15738.96,
          15742.48,
          15744.4,
          15746.72,
          15748.48,
          15750.64,
          15752.56,
          15754.56,
          15756.72,
          15759.2,
          15761.2,
          15763.12,
          15765.28,
          15767.44,
          15770.24,
          15773.84,
          15783.04,
          15805.44,
          15825.76,
          15856.24,
          15858.24,
          15860.56,
          15863.2,
          15865.52,
          15867.68,
          15869.68,
          15871.68,
          15873.68,
          15876.16,
          15878.72,
          15881.04,
          15882.72,
          15885.04,
          15887.52,
          15890,
          15892.48,
          15894.8,
          15912,
          15921.12,
          15924.56,
          15926.72,
          15928.88,
          15931.12,
          15932.48,
          15933.44,
          15935.84,
          15938.32,
          15940.64,
          15966.4,
          15969.28,
          15971.92,
          15974.32,
          15976.48,
          15978.4,
          15980.32,
          15982.64,
          15986.88,
          15988.64,
          15990.24,
          15991.84,
          15993.52,
          15996.64,
          15998.4,
          16000.32,
          16001.92,
          16005.6,
          16007.28,
          16014.88,
          16017.28,
          16019.76,
          16022.48,
          16025.2,
          16027.76,
          16030.16,
          16032.56,
          16035.199,
          16037.919,
          16040.559,
          16042.799,
          16044.879,
          16047.039,
          16048.879,
          16051.119,
          16053.279,
          16055.679,
          16073.839,
          16076.239,
          16078.239,
          16079.999,
          16081.919,
          16083.839,
          16085.599,
          16089.759,
          16100.639,
          16103.279,
          16105.039,
          16107.119,
          16109.199,
          16111.199,
          16113.199,
          16115.039,
          16116.639,
          16118.319,
          16119.839,
          16121.759,
          16123.519,
          16137.679,
          16139.839,
          16141.599,
          16143.279,
          16144.799,
          16146.319,
          16147.839,
          16149.919,
          16151.999,
          16154.079,
          16155.999,
          16157.839,
          16159.679,
          16161.839,
          16163.999,
          16166.319,
          16168.639,
          16170.639,
          16172.799,
          16174.559,
          16176.239,
          16177.919,
          16179.599,
          16181.439,
          16183.119,
          16184.879,
          16186.319,
          16187.759,
          16189.119,
          16190.719,
          16192.399,
          16193.759,
          16195.119,
          16203.759,
          16206.879,
          16208.239,
          16209.599,
          16212.559,
          16215.439,
          16256.399,
          16276.399,
          16277.039,
          16280.399,
          16285.679,
          16288.079,
          16290.399,
          16294.639,
          16316.399,
          16317.919,
          16319.439,
          16322.959,
          16324.639,
          16326.239,
          16327.919,
          16329.519,
          16331.599,
          16334.319,
          16338.399,
          16343.759,
          16348.479,
          16372.159,
          16376.559,
          16391.039,
          16395.359,
          16397.439,
          16399.519,
          16401.679,
          16403.839,
          16406.079,
          16408.159,
          16410.719,
          16413.039,
          16415.759,
          16418.079,
          16420.559,
          16423.039,
          16425.359,
          16427.999,
          16430.319,
          16432.479,
          16485.199,
          16534.479,
          16543.759,
          16595.519,
          16603.279,
          16655.439,
          16659.919,
          16664.719,
          16669.039,
          16671.599,
          16676.319,
          16680.079,
          16699.679,
          16700.8,
          16710.08,
          16757.84,
          16777.28,
          16784.959,
          16787.839,
          16792.559,
          16799.119,
          16805.439,
          16811.599,
          16814.639,
          16821.119,
          16826.639,
          16831.679,
          16835.28,
          16850.88,
          16884.64,
          16888.4,
          16889.52,
          16890.32,
          16894.4,
          16899.04,
          16906,
          16915.6,
          16916.16,
          16924.48,
          16928.48,
          16946.16,
          16946.88,
          16947.76,
          16982.24,
          16985.76,
          17011.92,
          17021.2,
          17022.4,
          17063.36,
          17068.08,
          17073.28,
          17076.96,
          17082.24,
          17087.92,
          17093.44,
          17114.56,
          17186.4,
          17190.96,
          17213.76,
          17254.72,
          17341.68,
          17343.44,
          17348.32,
          17424.56,
          17537.12,
          17545.2,
          17549.28,
          17550.64,
          17559.92,
          17562.72,
          17566.4,
          17567.04,
          17571.36,
          17575.52,
          17578.24,
          17583.12,
          17679.36,
          17680.32,
          17688,
          17689.76,
          17691.6,
          17693.44,
          17695.36,
          17697.28,
          17699.04,
          17700.8,
          17704.16,
          17706.16,
          17708.24,
          17713.28,
          17724.08,
          17725.04,
          17725.92,
          17742.64,
          17743.36,
          17752.48,
          17753.04,
          17753.52,
          17774,
          17783.6,
          17784.48,
          17785.36,
          17789.44,
          17851.04,
          17854.72,
          17857.76,
          17893.68,
          17897.44,
          17899.2,
          17901.2,
          17903.04,
          17905.04,
          17906.8,
          17908.88,
          17911.04,
          17913.12,
          17915.36,
          17917.28,
          17919.2,
          17921.2,
          17923.2,
          17925.52,
          17927.44,
          17929.68,
          17931.92,
          17938.32,
          17983.76,
          18003.76,
          18004.4,
          18025.28,
          18031.44,
          18041.84,
          18091.04,
          18096.16,
          18099.44,
          18102.08,
          18103.6,
          18106.48,
          18108.16,
          18109.92,
          18112.72,
          18114,
          18121.2,
          18123.12,
          18131.2,
          18135.2,
          18138.8,
          18142.64,
          18146.32,
          18176,
          18186.24,
          18208,
          18225.12,
          18227.44,
          18231.28,
          18234.16,
          18235.52,
          18239.44,
          18244.72,
          18248.96,
          18254.32,
          18257.12,
          18260.64,
          18264.88,
          18268.4,
          18272.24,
          18287.84,
          18295.52,
          18318.64,
          18325.28,
          18329.28,
          18330.88,
          18333.2,
          18335.36,
          18337.28,
          18339.44,
          18341.04,
          18342.72,
          18344.88,
          18347.44,
          18349.6,
          18351.92,
          18354.64,
          18356.88,
          18359.92,
          18369.52,
          18372.48,
          18374.64,
          18376.8,
          18378.4,
          18380.24,
          18382.48,
          18384.56,
          18386.64,
          18388.64,
          18420.24,
          18426.72,
          18427.52,
          18432.32,
          18435.28,
          18436.88,
          18437.44,
          18438,
          18439.44,
          18441.2,
          18443.44,
          18445.2,
          18446.72,
          18448.56,
          18451.52,
          18453.28,
          18455.44,
          18456.96,
          18458.64,
          18460.24,
          18462.08,
          18464.56,
          18467.12,
          18484.24,
          18508.16,
          18510.96,
          18514.08,
          18517.04,
          18520,
          18540.48,
          18542.96,
          18544.64,
          18546.4,
          18548,
          18550.88,
          18554.24,
          18555.92,
          18559.36,
          18562.96,
          18565.36,
          18567.28,
          18569.52,
          18571.76,
          18575.52,
          18608.4,
          18611.44,
          18614.32,
          18617.2,
          18620.08,
          18622.72,
          18625.36,
          18628,
          18630.64,
          18633.44,
          18636.56,
          18639.36,
          18642,
          18654.16,
          18656.88,
          18659.52,
          18661.92,
          18664.16,
          18691.52,
          18695.44,
          18699.2,
          18703.68,
          18708,
          18712.08,
          18716,
          18719.84,
          18723.36,
          18727.28,
          18731.04,
          18734.72,
          18738.48,
          18750.64,
          18765.36,
          18775.44,
          18778.32,
          18780.8,
          18783.36,
          18798.64,
          18802.56,
          18806.24,
          18810,
          18813.76,
          18818.32,
          18822.72,
          18826.96,
          18833.68,
          18938.96,
          18944.08,
          18948.96,
          18954,
          18959.2,
          18964.24,
          18969.6,
          18974.72,
          18979.76,
          18985.2,
          18990.56,
          19001.76,
          19005.28,
          19009.92,
          19021.52,
          19025.68,
          19029.52,
          19033.28,
          19036.8,
          19040.88,
          19044.8,
          19048.4,
          19052.4,
          19056.48,
          19074.559,
          19077.519,
          19080.559,
          19083.439,
          19086.559,
          19089.919,
          19093.199,
          19096.72,
          19100.319,
          19104.639,
          19111.839,
          19131.199,
          19143.279,
          19144.319,
          19145.519,
          19151.039,
          19153.599,
          19157.199,
          19157.439,
          19161.519,
          19162.479,
          19163.439,
          19164.959,
          19166.639,
          19168.399,
          19169.839,
          19171.439,
          19172.639,
          19177.759,
          19178.559,
          19179.919,
          19180.959,
          19182.079,
          19183.119,
          19184.879,
          19187.039,
          19188.959,
          19191.279,
          19192.559,
          19193.759,
          19196.159,
          19200.399,
          19202.959,
          19211.999,
          19220.319,
          19221.279,
          19287.679,
          19376.399,
          19378.319,
          19382.959,
          19443.919,
          19446.159,
          19448.399,
          19450.559,
          19452.799,
          19454.799,
          19457.599,
          19459.119,
          19461.279,
          19465.039,
          19467.359,
          19469.599,
          19471.999,
          19473.519,
          19474.399,
          19484.719,
          19517.999,
          19518.879,
          19519.919,
          19554.319,
          19603.519,
          19604.079,
          19605.36,
          19605.92,
          19606.96,
          19635.68,
          19642.4,
          19667.839,
          19668.799,
          19669.679,
          19706.559,
          19725.919,
          19742.159,
          19745.999,
          19764.879,
          19765.439,
          19766.559,
          19767.199,
          19771.119,
          19774.319,
          19781.599,
          19786.799,
          19794.879,
          19802.959,
          19804.319,
          19805.279,
          19806.239,
          19806.319,
          19808.159,
          19810.159,
          19812.079,
          19814.079,
          19815.919,
          19817.839,
          19820.079,
          19822.159,
          19824.159,
          19826.959,
          19829.759,
          19833.599,
          19837.439,
          19839.599,
          19840.719,
          19848.239,
          19849.279,
          19855.119,
          19862.399,
          19867.439,
          19872.079,
          19877.839,
          19896.879,
          19921.279,
          19950.559,
          19992.959,
          20009.599,
          20012.799,
          20015.599,
          20020.399,
          20025.039,
          20033.999,
          20056.559,
          20057.999,
          20068.879,
          20072.799,
          20076.799,
          20083.519,
          20089.519,
          20106.799,
          20138.319,
          20177.839,
          20199.199,
          20200.719,
          20213.519,
          20215.679,
          20223.119,
          20235.279,
          20314.719,
          20323.279,
          20324.159,
          20358.399,
          20382.079,
          20386.639,
          20388.799,
          20390.959,
          20395.119,
          20397.279,
          20400.959,
          20405.199,
          20407.279,
          20411.599,
          20413.679,
          20415.759,
          20417.759,
          20419.839,
          20421.839,
          20425.919,
          20429.759,
          20433.759,
          20500.319,
          20500.799,
          20520.879,
          20576.319,
          20582.479,
          20593.119,
          20616.159,
          20654.479,
          20690.879,
          20770.239,
          20774.319,
          20778.879,
          20783.279,
          20787.599,
          20795.359,
          20799.199,
          20803.199,
          20807.519,
          20811.599,
          20816.239,
          20872.959,
          20873.439,
          20881.599,
          20882.239,
          20882.639,
          20889.999,
          20895.519,
          20914.879,
          20915.999,
          20928.159,
          20931.599,
          20934.399,
          20936.879,
          20940.159,
          20943.199,
          20946.239,
          20948.959,
          20951.759,
          20954.319,
          20956.959,
          20970.319,
          20970.959,
          20974.479,
          20977.679,
          20981.279,
          20984.079,
          20984.879,
          20985.759,
          20986.959,
          21018.319,
          21049.279,
          21073.279,
          21074.479,
          21075.119,
          21094.319,
          21096.959,
          21130.239,
          21202.319,
          21203.359,
          21203.999,
          21254.239,
          21281.679,
          21289.279,
          21291.039,
          21296.399,
          21313.839,
          21339.359,
          21344.559,
          21360.159,
          21371.119,
          21375.599,
          21386.079,
          21392.719,
          21396.079,
          21399.279,
          21404.479,
          21412.079,
          21414.879,
          21421.119,
          21428.719,
          21434.799,
          21443.039,
          21451.119,
          21452.319,
          21461.359,
          21468.639,
          21476.959,
          21498.639,
          21500.319,
          21503.599,
          21505.199,
          21506.719,
          21510.159,
          21511.999,
          21515.759,
          21517.599,
          21521.279,
          21523.039,
          21538.559,
          21553.439,
          21565.919,
          21568.159,
          21570.079,
          21572.479,
          21575.039,
          21577.199,
          21579.279,
          21580.719,
          21580.959,
          21583.519,
          21584.959,
          21591.599,
          21592.399,
          21596.879,
          21599.519,
          21602.879,
          21605.199,
          21607.919,
          21609.839,
          21619.519,
          21624.479,
          21628.239,
          21630.399,
          21633.199,
          21635.519,
          21636.079,
          21637.039,
          21637.279,
          21646.079,
          21648.079,
          21648.559,
          21652.639,
          21654.559,
          21657.839,
          21659.839,
          21662.159,
          21760.319,
          21778.479,
          21789.999,
          21791.679,
          21796.879,
          21805.279,
          21807.999,
          21808.559,
          21815.519,
          21818.399,
          21818.879,
          21821.599,
          21827.599,
          21830.079,
          21831.279,
          21833.759,
          21835.039,
          21837.359,
          21839.839,
          21842.239,
          21844.239,
          21844.719,
          21850.159,
          21852.479,
          21854.319,
          21855.519,
          21856.719,
          21859.279,
          21862.079,
          21867.759,
          21870.399,
          21871.919,
          21873.439,
          21875.439,
          21877.439,
          21881.039,
          21889.999,
          21892.399,
          21903.279,
          21904.239,
          21909.199,
          21911.199,
          21913.919,
          21915.279,
          21919.119,
          21921.119,
          21922.719,
          21923.599,
          21927.279,
          21928.559,
          21929.599,
          21931.039,
          21931.599,
          21933.439,
          21934.639,
          21938.559,
          21939.359,
          21941.599,
          21944.479,
          21955.279,
          21956.879,
          21959.039
        ]
      },
      "geometry": {
        "type": "LineString",
        "coordinates": [
          [
            -121.902824,
            37.328728,
            23.25
          ],
          [
            -121.902809,
            37.328968,
            23.25
          ],
          [
            -121.90282,
            37.329145,
            23.25
          ],
          [
            -121.902913,
            37.330359,
            25.75
          ],
          [
            -121.902946,
            37.330682,
            24.5
          ],
          [
            -121.903019,
            37.330927,
            24
          ],
          [
            -121.903055,
            37.331016,
            23.75
          ],
          [
            -121.903212,
            37.331439,
            20.75
          ],
          [
            -121.903251,
            37.331571,
            19.5
          ],
          [
            -121.903289,
            37.331777,
            19.75
          ],
          [
            -121.903295,
            37.33184,
            19.75
          ],
          [
            -121.903309,
            37.331998,
            20.25
          ],
          [
            -121.903317,
            37.332113,
            20.25
          ],
          [
            -121.903336,
            37.332259,
            20.75
          ],
          [
            -121.90342,
            37.332664,
            21.75
          ],
          [
            -121.903436,
            37.332758,
            21.75
          ],
          [
            -121.903479,
            37.332937,
            21.5
          ],
          [
            -121.903538,
            37.333155,
            21.5
          ],
          [
            -121.903754,
            37.333556,
            21.25
          ],
          [
            -121.90385,
            37.333685,
            21
          ],
          [
            -121.904064,
            37.333944,
            21
          ],
          [
            -121.904346,
            37.33429,
            21
          ],
          [
            -121.904467,
            37.334416,
            21.25
          ],
          [
            -121.904482,
            37.33443,
            21.25
          ],
          [
            -121.904502,
            37.334449,
            21.5
          ],
          [
            -121.904637,
            37.334581,
            21.75
          ],
          [
            -121.904734,
            37.33466,
            22
          ],
          [
            -121.905743,
            37.335585,
            22.5
          ],
          [
            -121.905967,
            37.335791,
            22.75
          ],
          [
            -121.906696,
            37.336458,
            21.75
          ],
          [
            -121.907125,
            37.336858,
            20.5
          ],
          [
            -121.907299,
            37.337038,
            20
          ],
          [
            -121.907458,
            37.337222,
            19.25
          ],
          [
            -121.907567,
            37.337367,
            19
          ],
          [
            -121.907668,
            37.337517,
            18.75
          ],
          [
            -121.907746,
            37.337651,
            18.5
          ],
          [
            -121.907819,
            37.337787,
            18.5
          ],
          [
            -121.908068,
            37.338294,
            18.25
          ],
          [
            -121.908262,
            37.338675,
            18.25
          ],
          [
            -121.908341,
            37.338805,
            18.5
          ],
          [
            -121.908425,
            37.338932,
            18.5
          ],
          [
            -121.908604,
            37.339165,
            18.75
          ],
          [
            -121.908759,
            37.33934,
            19.25
          ],
          [
            -121.908972,
            37.339547,
            19.5
          ],
          [
            -121.909604,
            37.340114,
            19.25
          ],
          [
            -121.909725,
            37.340215,
            19.25
          ],
          [
            -121.909796,
            37.340266,
            19.25
          ],
          [
            -121.909979,
            37.3404,
            19.25
          ],
          [
            -121.910115,
            37.340489,
            19.5
          ],
          [
            -121.910386,
            37.340648,
            19.75
          ],
          [
            -121.910533,
            37.340726,
            19.75
          ],
          [
            -121.910841,
            37.340871,
            19.75
          ],
          [
            -121.910992,
            37.340933,
            19.25
          ],
          [
            -121.911264,
            37.341032,
            18
          ],
          [
            -121.912034,
            37.341262,
            17
          ],
          [
            -121.912243,
            37.341324,
            17.5
          ],
          [
            -121.912597,
            37.341441,
            18
          ],
          [
            -121.913023,
            37.34162,
            18
          ],
          [
            -121.913882,
            37.34205,
            18.75
          ],
          [
            -121.915031,
            37.342634,
            18.75
          ],
          [
            -121.915253,
            37.342743,
            19
          ],
          [
            -121.916527,
            37.343389,
            21.25
          ],
          [
            -121.919622,
            37.344948,
            19.75
          ],
          [
            -121.923475,
            37.346903,
            14.75
          ],
          [
            -121.92406,
            37.347211,
            15.25
          ],
          [
            -121.930515,
            37.350479,
            16.25
          ],
          [
            -121.931606,
            37.35104,
            15.75
          ],
          [
            -121.932752,
            37.351648,
            16.25
          ],
          [
            -121.93424,
            37.352477,
            14.75
          ],
          [
            -121.934492,
            37.352618,
            14.75
          ],
          [
            -121.935461,
            37.353155,
            15
          ],
          [
            -121.935761,
            37.353305,
            15.75
          ],
          [
            -121.936234,
            37.353526,
            15.75
          ],
          [
            -121.936331,
            37.353572,
            15.75
          ],
          [
            -121.937121,
            37.353888,
            17
          ],
          [
            -121.937448,
            37.354018,
            18
          ],
          [
            -121.93841,
            37.354407,
            14
          ],
          [
            -121.939155,
            37.354731,
            14.75
          ],
          [
            -121.939714,
            37.354966,
            14.25
          ],
          [
            -121.939809,
            37.355007,
            14
          ],
          [
            -121.940626,
            37.355369,
            17
          ],
          [
            -121.940791,
            37.355458,
            17.25
          ],
          [
            -121.941079,
            37.355627,
            17.25
          ],
          [
            -121.941103,
            37.355641,
            17.25
          ],
          [
            -121.94126,
            37.355749,
            17.5
          ],
          [
            -121.941472,
            37.355914,
            17.5
          ],
          [
            -121.941667,
            37.356096,
            17.5
          ],
          [
            -121.941884,
            37.356328,
            17.25
          ],
          [
            -121.942063,
            37.356553,
            16.75
          ],
          [
            -121.942198,
            37.356742,
            16
          ],
          [
            -121.942334,
            37.356971,
            15.5
          ],
          [
            -121.94305,
            37.358256,
            13.25
          ],
          [
            -121.94389,
            37.359793,
            14
          ],
          [
            -121.94478,
            37.361392,
            13
          ],
          [
            -121.944874,
            37.361579,
            12.75
          ],
          [
            -121.945051,
            37.361972,
            12.25
          ],
          [
            -121.94513,
            37.362168,
            11.75
          ],
          [
            -121.945273,
            37.362576,
            11.75
          ],
          [
            -121.945333,
            37.36278,
            11.5
          ],
          [
            -121.945423,
            37.363164,
            11.25
          ],
          [
            -121.945456,
            37.363336,
            11
          ],
          [
            -121.945478,
            37.363514,
            11
          ],
          [
            -121.945511,
            37.363882,
            11.25
          ],
          [
            -121.945519,
            37.364067,
            11.5
          ],
          [
            -121.945518,
            37.366508,
            10.25
          ],
          [
            -121.945517,
            37.367442,
            10
          ],
          [
            -121.945516,
            37.368266,
            8.5
          ],
          [
            -121.945516,
            37.369287,
            9
          ],
          [
            -121.945516,
            37.369422,
            9.25
          ],
          [
            -121.945515,
            37.370334,
            10.75
          ],
          [
            -121.945519,
            37.371259,
            12
          ],
          [
            -121.945541,
            37.371942,
            11.75
          ],
          [
            -121.945649,
            37.372795,
            10.75
          ],
          [
            -121.945764,
            37.373489,
            9.5
          ],
          [
            -121.945834,
            37.373801,
            9.25
          ],
          [
            -121.946046,
            37.374642,
            7
          ],
          [
            -121.946235,
            37.375211,
            7
          ],
          [
            -121.94637,
            37.375556,
            8
          ],
          [
            -121.946536,
            37.375909,
            8.25
          ],
          [
            -121.946904,
            37.376596,
            9.25
          ],
          [
            -121.947503,
            37.377675,
            10.75
          ],
          [
            -121.947759,
            37.37814,
            10.25
          ],
          [
            -121.948395,
            37.379264,
            8.75
          ],
          [
            -121.949443,
            37.380809,
            7
          ],
          [
            -121.94979,
            37.381321,
            6
          ],
          [
            -121.951502,
            37.383854,
            7.5
          ],
          [
            -121.952653,
            37.38559,
            7.75
          ],
          [
            -121.953018,
            37.386119,
            6.25
          ],
          [
            -121.953141,
            37.386296,
            5.25
          ],
          [
            -121.953631,
            37.387056,
            4
          ],
          [
            -121.955479,
            37.38977,
            4.25
          ],
          [
            -121.958831,
            37.394753,
            4.25
          ],
          [
            -121.958872,
            37.394815,
            4.25
          ],
          [
            -121.958943,
            37.39492,
            4.25
          ],
          [
            -121.963768,
            37.402071,
            3.5
          ],
          [
            -121.966007,
            37.405365,
            3.25
          ],
          [
            -121.966187,
            37.405629,
            3.25
          ],
          [
            -121.967472,
            37.407536,
            2
          ],
          [
            -121.967515,
            37.407601,
            1.75
          ],
          [
            -121.967596,
            37.407723,
            1.75
          ],
          [
            -121.969192,
            37.410106,
            3.75
          ],
          [
            -121.971273,
            37.413172,
            2
          ],
          [
            -121.973368,
            37.41628,
            0
          ],
          [
            -121.973451,
            37.4164,
            0.5
          ],
          [
            -121.973512,
            37.416483,
            0.75
          ],
          [
            -121.973565,
            37.416564,
            1
          ],
          [
            -121.973752,
            37.416841,
            1.5
          ],
          [
            -121.974031,
            37.417184,
            1.25
          ],
          [
            -121.974297,
            37.417472,
            1.75
          ],
          [
            -121.9746,
            37.417784,
            2
          ],
          [
            -121.974654,
            37.41784,
            1.75
          ],
          [
            -121.975825,
            37.419024,
            2.75
          ],
          [
            -121.976045,
            37.419268,
            4
          ],
          [
            -121.976242,
            37.419515,
            4.25
          ],
          [
            -121.976441,
            37.419789,
            3.75
          ],
          [
            -121.97662,
            37.420065,
            2.75
          ],
          [
            -121.976796,
            37.420382,
            2.25
          ],
          [
            -121.976938,
            37.420708,
            2.25
          ],
          [
            -121.977055,
            37.42107,
            2.75
          ],
          [
            -121.977135,
            37.421345,
            3.25
          ],
          [
            -121.977189,
            37.421661,
            3.5
          ],
          [
            -121.977244,
            37.422043,
            2.25
          ],
          [
            -121.977347,
            37.423409,
            0.75
          ],
          [
            -121.977359,
            37.423537,
            1.25
          ],
          [
            -121.977522,
            37.425712,
            0
          ],
          [
            -121.977546,
            37.426331,
            -0.5
          ],
          [
            -121.97754,
            37.42716,
            -1
          ],
          [
            -121.977539,
            37.427203,
            -1
          ],
          [
            -121.97754,
            37.427271,
            -1
          ],
          [
            -121.977543,
            37.428187,
            -1
          ],
          [
            -121.977543,
            37.428243,
            -1
          ],
          [
            -121.977552,
            37.434635,
            -2.5
          ],
          [
            -121.977517,
            37.435157,
            -2.75
          ],
          [
            -121.977451,
            37.435609,
            -2.25
          ],
          [
            -121.977348,
            37.436089,
            -2.25
          ],
          [
            -121.977213,
            37.436529,
            -2.25
          ],
          [
            -121.97707,
            37.436942,
            -2
          ],
          [
            -121.976758,
            37.43778,
            -2.25
          ],
          [
            -121.976584,
            37.438246,
            -2.75
          ],
          [
            -121.976437,
            37.438727,
            -2.25
          ],
          [
            -121.976335,
            37.439236,
            -1.25
          ],
          [
            -121.976279,
            37.439696,
            -2.5
          ],
          [
            -121.9756,
            37.448618,
            -1.25
          ],
          [
            -121.975301,
            37.452709,
            -1.25
          ],
          [
            -121.974969,
            37.457015,
            0
          ],
          [
            -121.97476,
            37.459601,
            0
          ],
          [
            -121.974667,
            37.460798,
            0
          ],
          [
            -121.974622,
            37.461488,
            -0.25
          ],
          [
            -121.974143,
            37.467718,
            0.25
          ],
          [
            -121.973968,
            37.469971,
            -1.75
          ],
          [
            -121.973964,
            37.470024,
            -1.75
          ],
          [
            -121.973385,
            37.477506,
            0
          ],
          [
            -121.97339,
            37.477952,
            0.25
          ],
          [
            -121.973424,
            37.478386,
            0.25
          ],
          [
            -121.973492,
            37.478842,
            0.25
          ],
          [
            -121.97354,
            37.479065,
            0.25
          ],
          [
            -121.973596,
            37.479295,
            0.25
          ],
          [
            -121.973658,
            37.479512,
            0
          ],
          [
            -121.973734,
            37.47974,
            0
          ],
          [
            -121.973814,
            37.479969,
            0
          ],
          [
            -121.974014,
            37.480427,
            0
          ],
          [
            -121.974119,
            37.480643,
            0
          ],
          [
            -121.974364,
            37.481078,
            -0.25
          ],
          [
            -121.974601,
            37.481442,
            -0.5
          ],
          [
            -121.974753,
            37.481649,
            -0.5
          ],
          [
            -121.975067,
            37.482044,
            -0.25
          ],
          [
            -121.975245,
            37.482243,
            -0.5
          ],
          [
            -121.975425,
            37.482435,
            -0.25
          ],
          [
            -121.975832,
            37.482836,
            0
          ],
          [
            -121.978005,
            37.484859,
            0.5
          ],
          [
            -121.981094,
            37.487822,
            0
          ],
          [
            -121.981175,
            37.4879,
            0
          ],
          [
            -121.981952,
            37.488637,
            0
          ],
          [
            -121.989175,
            37.495489,
            0
          ],
          [
            -121.990278,
            37.496534,
            -1.25
          ],
          [
            -121.990956,
            37.497177,
            -0.5
          ],
          [
            -121.991151,
            37.497363,
            -0.5
          ],
          [
            -121.992314,
            37.498469,
            1.25
          ],
          [
            -121.99245,
            37.498598,
            1.25
          ],
          [
            -121.994387,
            37.500446,
            0
          ],
          [
            -121.997993,
            37.503852,
            0.25
          ],
          [
            -122.000859,
            37.506568,
            2
          ],
          [
            -122.00243,
            37.508056,
            3.5
          ],
          [
            -122.002971,
            37.508571,
            2.25
          ],
          [
            -122.003263,
            37.508857,
            1.25
          ],
          [
            -122.0043,
            37.50984,
            1.75
          ],
          [
            -122.005285,
            37.510771,
            0
          ],
          [
            -122.005422,
            37.510901,
            0
          ],
          [
            -122.007467,
            37.512837,
            2.5
          ],
          [
            -122.00813,
            37.513427,
            1.75
          ],
          [
            -122.008845,
            37.513964,
            1.5
          ],
          [
            -122.009392,
            37.51431,
            2
          ],
          [
            -122.009693,
            37.514483,
            2
          ],
          [
            -122.01008,
            37.514679,
            2.5
          ],
          [
            -122.012099,
            37.515614,
            6.25
          ],
          [
            -122.019741,
            37.519162,
            -0.5
          ],
          [
            -122.022654,
            37.520521,
            3
          ],
          [
            -122.024051,
            37.521162,
            -2.5
          ],
          [
            -122.026299,
            37.522213,
            4
          ],
          [
            -122.027684,
            37.522849,
            4.25
          ],
          [
            -122.029267,
            37.523584,
            4
          ],
          [
            -122.029778,
            37.523824,
            4.25
          ],
          [
            -122.030971,
            37.52438,
            5
          ],
          [
            -122.032075,
            37.524896,
            4
          ],
          [
            -122.032274,
            37.52501,
            4
          ],
          [
            -122.03247,
            37.52515,
            4
          ],
          [
            -122.032635,
            37.525308,
            4
          ],
          [
            -122.032792,
            37.525514,
            4.25
          ],
          [
            -122.032913,
            37.525726,
            4.25
          ],
          [
            -122.032996,
            37.525954,
            4.5
          ],
          [
            -122.033045,
            37.526206,
            5
          ],
          [
            -122.033044,
            37.526424,
            5.5
          ],
          [
            -122.033002,
            37.526642,
            5.75
          ],
          [
            -122.032932,
            37.526877,
            6
          ],
          [
            -122.032835,
            37.527058,
            5.75
          ],
          [
            -122.032776,
            37.527156,
            5.75
          ],
          [
            -122.032703,
            37.527243,
            5.5
          ],
          [
            -122.032598,
            37.527373,
            5.25
          ],
          [
            -122.031983,
            37.528133,
            5.25
          ],
          [
            -122.03194,
            37.528188,
            5.25
          ],
          [
            -122.031162,
            37.529129,
            4.25
          ],
          [
            -122.030962,
            37.529371,
            4
          ],
          [
            -122.030579,
            37.529854,
            4.25
          ],
          [
            -122.030403,
            37.530067,
            4.5
          ],
          [
            -122.03015,
            37.530374,
            4.5
          ],
          [
            -122.029848,
            37.530742,
            4.25
          ],
          [
            -122.029796,
            37.530805,
            4.25
          ],
          [
            -122.029708,
            37.530913,
            4.25
          ],
          [
            -122.029667,
            37.530964,
            4.5
          ],
          [
            -122.02821,
            37.532748,
            6.25
          ],
          [
            -122.027509,
            37.533609,
            7.5
          ],
          [
            -122.025174,
            37.536473,
            7.5
          ],
          [
            -122.023404,
            37.538635,
            9
          ],
          [
            -122.022603,
            37.539551,
            9.5
          ],
          [
            -122.022292,
            37.539927,
            9.5
          ],
          [
            -122.02222,
            37.540014,
            9.5
          ],
          [
            -122.022148,
            37.540103,
            9.5
          ],
          [
            -122.020219,
            37.542467,
            9.25
          ],
          [
            -122.019706,
            37.543098,
            7.75
          ],
          [
            -122.017503,
            37.545865,
            9
          ],
          [
            -122.017427,
            37.54596,
            9.25
          ],
          [
            -122.017383,
            37.546015,
            9.5
          ],
          [
            -122.017286,
            37.546137,
            10
          ],
          [
            -122.017245,
            37.546189,
            10
          ],
          [
            -122.010999,
            37.554187,
            13
          ],
          [
            -122.010924,
            37.554283,
            13
          ],
          [
            -122.01086,
            37.554364,
            13
          ],
          [
            -122.008346,
            37.557532,
            15
          ],
          [
            -122.007574,
            37.558515,
            15.75
          ],
          [
            -122.00751,
            37.558595,
            15.5
          ],
          [
            -122.007389,
            37.558751,
            15.75
          ],
          [
            -122.007214,
            37.558971,
            16
          ],
          [
            -122.006834,
            37.559362,
            17
          ],
          [
            -122.006472,
            37.559672,
            16.75
          ],
          [
            -122.006256,
            37.559831,
            16.5
          ],
          [
            -122.006027,
            37.559982,
            16.75
          ],
          [
            -122.005775,
            37.560128,
            17
          ],
          [
            -122.005552,
            37.560243,
            17.25
          ],
          [
            -122.005282,
            37.560369,
            17.5
          ],
          [
            -122.005009,
            37.560475,
            18
          ],
          [
            -122.004728,
            37.56057,
            18
          ],
          [
            -122.004433,
            37.56066,
            18
          ],
          [
            -122.002494,
            37.561197,
            18.25
          ],
          [
            -122.00065,
            37.561741,
            16.75
          ],
          [
            -121.996305,
            37.562944,
            14.5
          ],
          [
            -121.995683,
            37.563118,
            13.75
          ],
          [
            -121.995426,
            37.563189,
            13.5
          ],
          [
            -121.983573,
            37.566471,
            22
          ],
          [
            -121.974696,
            37.568927,
            21.25
          ],
          [
            -121.974561,
            37.568964,
            21
          ],
          [
            -121.973455,
            37.56927,
            22.5
          ],
          [
            -121.973237,
            37.56933,
            22.5
          ],
          [
            -121.972264,
            37.569646,
            21.75
          ],
          [
            -121.971919,
            37.569742,
            21.5
          ],
          [
            -121.971351,
            37.569906,
            21.5
          ],
          [
            -121.971041,
            37.570022,
            21.75
          ],
          [
            -121.970892,
            37.570095,
            22
          ],
          [
            -121.970747,
            37.570177,
            22.25
          ],
          [
            -121.970495,
            37.570351,
            22.5
          ],
          [
            -121.970329,
            37.570526,
            22.75
          ],
          [
            -121.970177,
            37.570734,
            23
          ],
          [
            -121.97009,
            37.570918,
            23
          ],
          [
            -121.970048,
            37.571033,
            23
          ],
          [
            -121.97002,
            37.571154,
            23.25
          ],
          [
            -121.970011,
            37.57127,
            23.5
          ],
          [
            -121.970007,
            37.571425,
            23.5
          ],
          [
            -121.970015,
            37.571511,
            23.75
          ],
          [
            -121.970092,
            37.57208,
            23.25
          ],
          [
            -121.970116,
            37.572216,
            23
          ],
          [
            -121.970113,
            37.5724,
            22.75
          ],
          [
            -121.970081,
            37.572562,
            22.25
          ],
          [
            -121.970009,
            37.572749,
            21
          ],
          [
            -121.969908,
            37.57292,
            20.25
          ],
          [
            -121.969793,
            37.57306,
            19.75
          ],
          [
            -121.969706,
            37.573142,
            20
          ],
          [
            -121.969613,
            37.573219,
            20
          ],
          [
            -121.969194,
            37.573534,
            22
          ],
          [
            -121.969174,
            37.57355,
            22
          ],
          [
            -121.968803,
            37.573834,
            22
          ],
          [
            -121.968553,
            37.574046,
            22.25
          ],
          [
            -121.96805,
            37.574519,
            23.25
          ],
          [
            -121.967933,
            37.574622,
            23.5
          ],
          [
            -121.967835,
            37.574708,
            23.25
          ],
          [
            -121.966671,
            37.575704,
            23.75
          ],
          [
            -121.964802,
            37.577302,
            25.75
          ],
          [
            -121.964104,
            37.577891,
            27.5
          ],
          [
            -121.963723,
            37.578275,
            28
          ],
          [
            -121.963468,
            37.578622,
            28.25
          ],
          [
            -121.963251,
            37.578977,
            28.25
          ],
          [
            -121.963095,
            37.579324,
            28.75
          ],
          [
            -121.962974,
            37.579693,
            30.75
          ],
          [
            -121.962905,
            37.580044,
            32.5
          ],
          [
            -121.96287,
            37.580365,
            33
          ],
          [
            -121.962864,
            37.58071,
            33.75
          ],
          [
            -121.96288,
            37.581046,
            34
          ],
          [
            -121.963132,
            37.583069,
            36
          ],
          [
            -121.963175,
            37.583524,
            35.5
          ],
          [
            -121.963159,
            37.583975,
            36
          ],
          [
            -121.963079,
            37.584375,
            36.5
          ],
          [
            -121.962907,
            37.584795,
            37.75
          ],
          [
            -121.962655,
            37.585208,
            38.5
          ],
          [
            -121.962371,
            37.585539,
            37.75
          ],
          [
            -121.962027,
            37.585862,
            39.5
          ],
          [
            -121.96162,
            37.586147,
            42
          ],
          [
            -121.961126,
            37.586407,
            43.25
          ],
          [
            -121.959667,
            37.587014,
            46.5
          ],
          [
            -121.959098,
            37.587278,
            44
          ],
          [
            -121.958712,
            37.587533,
            46.75
          ],
          [
            -121.957559,
            37.588404,
            50.25
          ],
          [
            -121.956985,
            37.588804,
            52
          ],
          [
            -121.956368,
            37.58917,
            44.25
          ],
          [
            -121.955767,
            37.589471,
            46
          ],
          [
            -121.955129,
            37.589748,
            45.75
          ],
          [
            -121.954442,
            37.590003,
            44.5
          ],
          [
            -121.953771,
            37.59019,
            46.75
          ],
          [
            -121.953063,
            37.590347,
            50.25
          ],
          [
            -121.952361,
            37.590458,
            53
          ],
          [
            -121.951674,
            37.590534,
            54.25
          ],
          [
            -121.95095,
            37.590555,
            60.75
          ],
          [
            -121.936077,
            37.591135,
            80
          ],
          [
            -121.935125,
            37.591172,
            69.75
          ],
          [
            -121.934535,
            37.591252,
            71.25
          ],
          [
            -121.933945,
            37.591397,
            71.25
          ],
          [
            -121.933371,
            37.591626,
            65
          ],
          [
            -121.932936,
            37.591873,
            68
          ],
          [
            -121.932555,
            37.592171,
            65.5
          ],
          [
            -121.932217,
            37.592489,
            62.5
          ],
          [
            -121.931928,
            37.592868,
            64.75
          ],
          [
            -121.931016,
            37.594428,
            65.25
          ],
          [
            -121.930828,
            37.594678,
            64.5
          ],
          [
            -121.930624,
            37.594904,
            69.25
          ],
          [
            -121.930334,
            37.595137,
            75.25
          ],
          [
            -121.929176,
            37.595801,
            72
          ],
          [
            -121.927456,
            37.596743,
            60.5
          ],
          [
            -121.926043,
            37.597518,
            61.25
          ],
          [
            -121.925592,
            37.597747,
            61.75
          ],
          [
            -121.925125,
            37.597921,
            61.25
          ],
          [
            -121.924616,
            37.59804,
            63
          ],
          [
            -121.924069,
            37.598104,
            65.5
          ],
          [
            -121.923575,
            37.598087,
            68
          ],
          [
            -121.923039,
            37.598011,
            69.75
          ],
          [
            -121.922513,
            37.597858,
            72
          ],
          [
            -121.921998,
            37.597645,
            73.25
          ],
          [
            -121.921472,
            37.597399,
            74.75
          ],
          [
            -121.920952,
            37.59711,
            78.75
          ],
          [
            -121.920555,
            37.596825,
            79.5
          ],
          [
            -121.920179,
            37.596506,
            78
          ],
          [
            -121.917593,
            37.594218,
            77
          ],
          [
            -121.917369,
            37.594044,
            75.75
          ],
          [
            -121.917096,
            37.593876,
            76
          ],
          [
            -121.916782,
            37.593715,
            73.5
          ],
          [
            -121.916444,
            37.593571,
            72.75
          ],
          [
            -121.914888,
            37.592995,
            74.75
          ],
          [
            -121.91454,
            37.592878,
            74.5
          ],
          [
            -121.914166,
            37.592766,
            72.5
          ],
          [
            -121.913739,
            37.592666,
            72.75
          ],
          [
            -121.91335,
            37.592601,
            71.5
          ],
          [
            -121.912976,
            37.592564,
            73.25
          ],
          [
            -121.912601,
            37.592548,
            74.75
          ],
          [
            -121.912228,
            37.592561,
            73.75
          ],
          [
            -121.91186,
            37.592591,
            71.5
          ],
          [
            -121.911464,
            37.592652,
            70.25
          ],
          [
            -121.911073,
            37.592741,
            69.5
          ],
          [
            -121.910694,
            37.592853,
            70
          ],
          [
            -121.910298,
            37.592989,
            71.75
          ],
          [
            -121.906111,
            37.5946,
            72.25
          ],
          [
            -121.905625,
            37.594765,
            70.25
          ],
          [
            -121.905332,
            37.594849,
            70
          ],
          [
            -121.905031,
            37.594926,
            70.5
          ],
          [
            -121.904765,
            37.594981,
            70.75
          ],
          [
            -121.904436,
            37.595039,
            71.25
          ],
          [
            -121.903927,
            37.595098,
            70.25
          ],
          [
            -121.903439,
            37.595124,
            69.5
          ],
          [
            -121.903197,
            37.595128,
            69.25
          ],
          [
            -121.902724,
            37.595111,
            68.5
          ],
          [
            -121.902317,
            37.595076,
            68
          ],
          [
            -121.902089,
            37.595047,
            68
          ],
          [
            -121.901846,
            37.595007,
            67.75
          ],
          [
            -121.901611,
            37.594961,
            68.75
          ],
          [
            -121.901273,
            37.594885,
            70.25
          ],
          [
            -121.898523,
            37.594166,
            70.75
          ],
          [
            -121.898126,
            37.594068,
            71
          ],
          [
            -121.897722,
            37.593984,
            71
          ],
          [
            -121.897291,
            37.593911,
            71
          ],
          [
            -121.896905,
            37.593854,
            71
          ],
          [
            -121.893563,
            37.593415,
            73.75
          ],
          [
            -121.891172,
            37.593101,
            75.5
          ],
          [
            -121.890813,
            37.593071,
            75.5
          ],
          [
            -121.89046,
            37.59306,
            75.5
          ],
          [
            -121.890203,
            37.593063,
            75.5
          ],
          [
            -121.889977,
            37.593078,
            75.5
          ],
          [
            -121.889739,
            37.5931,
            75.75
          ],
          [
            -121.889532,
            37.593128,
            75.75
          ],
          [
            -121.889235,
            37.593179,
            75.75
          ],
          [
            -121.888999,
            37.593232,
            76.25
          ],
          [
            -121.8886,
            37.593347,
            77.25
          ],
          [
            -121.888364,
            37.593427,
            78
          ],
          [
            -121.888171,
            37.593501,
            78
          ],
          [
            -121.887951,
            37.593598,
            78
          ],
          [
            -121.887683,
            37.593734,
            78
          ],
          [
            -121.887485,
            37.593847,
            77.75
          ],
          [
            -121.887328,
            37.593947,
            77.75
          ],
          [
            -121.88727,
            37.593984,
            77.5
          ],
          [
            -121.887214,
            37.594024,
            77.5
          ],
          [
            -121.887044,
            37.594146,
            77.25
          ],
          [
            -121.886752,
            37.594381,
            77.25
          ],
          [
            -121.886301,
            37.594787,
            76.75
          ],
          [
            -121.886224,
            37.594858,
            76.75
          ],
          [
            -121.885614,
            37.595407,
            77.25
          ],
          [
            -121.882675,
            37.598091,
            77.75
          ],
          [
            -121.882482,
            37.598256,
            77
          ],
          [
            -121.882275,
            37.598418,
            77.75
          ],
          [
            -121.882057,
            37.598571,
            79.25
          ],
          [
            -121.881806,
            37.598718,
            80.25
          ],
          [
            -121.881583,
            37.59883,
            80.75
          ],
          [
            -121.881378,
            37.598915,
            80.75
          ],
          [
            -121.881097,
            37.599015,
            80.5
          ],
          [
            -121.880809,
            37.599098,
            79.75
          ],
          [
            -121.880409,
            37.599195,
            79.75
          ],
          [
            -121.879101,
            37.599475,
            82
          ],
          [
            -121.878683,
            37.599571,
            83
          ],
          [
            -121.87839,
            37.599655,
            83.75
          ],
          [
            -121.878039,
            37.599775,
            83
          ],
          [
            -121.87775,
            37.599893,
            82
          ],
          [
            -121.877494,
            37.600019,
            81
          ],
          [
            -121.877204,
            37.600192,
            81.25
          ],
          [
            -121.876979,
            37.600353,
            81
          ],
          [
            -121.876816,
            37.600491,
            80.5
          ],
          [
            -121.876673,
            37.600629,
            79.75
          ],
          [
            -121.876491,
            37.600826,
            79.75
          ],
          [
            -121.876349,
            37.601014,
            80.5
          ],
          [
            -121.876206,
            37.601231,
            81
          ],
          [
            -121.87608,
            37.601472,
            81.25
          ],
          [
            -121.876003,
            37.601645,
            81.5
          ],
          [
            -121.875876,
            37.602086,
            81
          ],
          [
            -121.875754,
            37.602825,
            80.75
          ],
          [
            -121.875361,
            37.605409,
            81
          ],
          [
            -121.875236,
            37.606264,
            81.75
          ],
          [
            -121.874974,
            37.608011,
            82.75
          ],
          [
            -121.874933,
            37.608443,
            81.75
          ],
          [
            -121.874921,
            37.60884,
            81.5
          ],
          [
            -121.874938,
            37.609315,
            81.75
          ],
          [
            -121.874983,
            37.60971,
            83
          ],
          [
            -121.875036,
            37.610021,
            83.75
          ],
          [
            -121.875181,
            37.610611,
            85.75
          ],
          [
            -121.875339,
            37.611071,
            86.75
          ],
          [
            -121.875579,
            37.611636,
            87.5
          ],
          [
            -121.875793,
            37.612047,
            87
          ],
          [
            -121.87587,
            37.61219,
            86.75
          ],
          [
            -121.876046,
            37.612481,
            86.75
          ],
          [
            -121.8763,
            37.612866,
            88
          ],
          [
            -121.876428,
            37.613106,
            88.25
          ],
          [
            -121.877381,
            37.614878,
            89.25
          ],
          [
            -121.878596,
            37.617128,
            91.25
          ],
          [
            -121.879125,
            37.618199,
            91.25
          ],
          [
            -121.880511,
            37.621359,
            98.5
          ],
          [
            -121.880642,
            37.621762,
            99.25
          ],
          [
            -121.880751,
            37.622183,
            97.5
          ],
          [
            -121.88081,
            37.622585,
            96.25
          ],
          [
            -121.880828,
            37.623034,
            96
          ],
          [
            -121.880825,
            37.623948,
            95.25
          ],
          [
            -121.880824,
            37.624168,
            95
          ],
          [
            -121.880773,
            37.62498,
            95.5
          ],
          [
            -121.880773,
            37.625121,
            95.5
          ],
          [
            -121.880781,
            37.625433,
            95
          ],
          [
            -121.880798,
            37.62563,
            94.5
          ],
          [
            -121.880827,
            37.625814,
            94
          ],
          [
            -121.880914,
            37.626129,
            95
          ],
          [
            -121.880977,
            37.626295,
            95.5
          ],
          [
            -121.881111,
            37.626569,
            96
          ],
          [
            -121.88132,
            37.626899,
            94.75
          ],
          [
            -121.88167,
            37.627402,
            92.75
          ],
          [
            -121.885031,
            37.632254,
            91
          ],
          [
            -121.885736,
            37.633283,
            92.25
          ],
          [
            -121.886129,
            37.633898,
            93
          ],
          [
            -121.887374,
            37.636035,
            92
          ],
          [
            -121.887411,
            37.636098,
            92
          ],
          [
            -121.888597,
            37.638141,
            92.25
          ],
          [
            -121.891299,
            37.642784,
            95
          ],
          [
            -121.891679,
            37.643442,
            95.5
          ],
          [
            -121.891802,
            37.643672,
            97
          ],
          [
            -121.891914,
            37.643911,
            98
          ],
          [
            -121.891998,
            37.64412,
            98.75
          ],
          [
            -121.892078,
            37.64437,
            99.5
          ],
          [
            -121.892132,
            37.644588,
            99.75
          ],
          [
            -121.892165,
            37.644808,
            100
          ],
          [
            -121.892186,
            37.645021,
            100.25
          ],
          [
            -121.892191,
            37.645234,
            100.25
          ],
          [
            -121.892178,
            37.645484,
            100.5
          ],
          [
            -121.89215,
            37.645716,
            100.75
          ],
          [
            -121.892101,
            37.645952,
            101.5
          ],
          [
            -121.892036,
            37.646183,
            102
          ],
          [
            -121.891967,
            37.646371,
            102.5
          ],
          [
            -121.891873,
            37.646586,
            103.25
          ],
          [
            -121.891776,
            37.646775,
            104
          ],
          [
            -121.891651,
            37.64698,
            104.25
          ],
          [
            -121.891531,
            37.647158,
            103.25
          ],
          [
            -121.891251,
            37.647523,
            99.75
          ],
          [
            -121.888468,
            37.650907,
            95.75
          ],
          [
            -121.888229,
            37.651196,
            95.75
          ],
          [
            -121.887941,
            37.651546,
            95.75
          ],
          [
            -121.88316,
            37.657345,
            99
          ],
          [
            -121.882845,
            37.657727,
            99.5
          ],
          [
            -121.882709,
            37.657894,
            100
          ],
          [
            -121.881965,
            37.658797,
            102.75
          ],
          [
            -121.880378,
            37.660724,
            103.25
          ],
          [
            -121.88034,
            37.66077,
            103.25
          ],
          [
            -121.880294,
            37.660826,
            103.5
          ],
          [
            -121.879586,
            37.661684,
            104
          ],
          [
            -121.879529,
            37.661753,
            104
          ],
          [
            -121.87823,
            37.663325,
            104.75
          ],
          [
            -121.878164,
            37.663406,
            105
          ],
          [
            -121.878092,
            37.663493,
            105.25
          ],
          [
            -121.877256,
            37.664511,
            105.75
          ],
          [
            -121.876848,
            37.664982,
            106.5
          ],
          [
            -121.876658,
            37.665163,
            106.25
          ],
          [
            -121.876463,
            37.665331,
            105.75
          ],
          [
            -121.876113,
            37.665593,
            105
          ],
          [
            -121.875916,
            37.665719,
            105
          ],
          [
            -121.87571,
            37.665836,
            104.5
          ],
          [
            -121.875479,
            37.665957,
            104.25
          ],
          [
            -121.875237,
            37.666065,
            104
          ],
          [
            -121.875008,
            37.666156,
            104
          ],
          [
            -121.87477,
            37.666238,
            104.25
          ],
          [
            -121.874543,
            37.666312,
            104.75
          ],
          [
            -121.873521,
            37.666614,
            105
          ],
          [
            -121.873389,
            37.666651,
            105
          ],
          [
            -121.860593,
            37.670396,
            107.75
          ],
          [
            -121.859939,
            37.670564,
            109.25
          ],
          [
            -121.859567,
            37.670655,
            108.75
          ],
          [
            -121.858997,
            37.670772,
            108.25
          ],
          [
            -121.8584,
            37.670877,
            107
          ],
          [
            -121.858313,
            37.67089,
            107
          ],
          [
            -121.857804,
            37.670965,
            108.25
          ],
          [
            -121.857411,
            37.671013,
            109.25
          ],
          [
            -121.856112,
            37.671155,
            109.75
          ],
          [
            -121.855923,
            37.671175,
            109.75
          ],
          [
            -121.855354,
            37.671236,
            111
          ],
          [
            -121.854218,
            37.671358,
            112.5
          ],
          [
            -121.838425,
            37.673078,
            110.25
          ],
          [
            -121.827724,
            37.674236,
            115.75
          ],
          [
            -121.827043,
            37.674311,
            116
          ],
          [
            -121.826795,
            37.674339,
            116
          ],
          [
            -121.814592,
            37.675676,
            121
          ],
          [
            -121.808838,
            37.676295,
            122.25
          ],
          [
            -121.805641,
            37.676648,
            126
          ],
          [
            -121.805002,
            37.676717,
            126.75
          ],
          [
            -121.794916,
            37.677806,
            131.75
          ],
          [
            -121.791948,
            37.678126,
            136.75
          ],
          [
            -121.79118,
            37.678228,
            139
          ],
          [
            -121.790397,
            37.678364,
            139.75
          ],
          [
            -121.789682,
            37.67853,
            139
          ],
          [
            -121.789183,
            37.678647,
            138.25
          ],
          [
            -121.788482,
            37.678818,
            138.5
          ],
          [
            -121.787854,
            37.679005,
            137.5
          ],
          [
            -121.782427,
            37.680634,
            141.5
          ],
          [
            -121.782269,
            37.680681,
            141.5
          ],
          [
            -121.781038,
            37.68105,
            141.75
          ],
          [
            -121.777571,
            37.682088,
            142
          ],
          [
            -121.777107,
            37.682228,
            142.5
          ],
          [
            -121.772534,
            37.683597,
            145.25
          ],
          [
            -121.772418,
            37.683631,
            145.25
          ],
          [
            -121.772318,
            37.68366,
            145.5
          ],
          [
            -121.769972,
            37.684366,
            146
          ],
          [
            -121.769445,
            37.68452,
            146
          ],
          [
            -121.768267,
            37.684873,
            147.75
          ],
          [
            -121.767002,
            37.685251,
            148.25
          ],
          [
            -121.76699,
            37.685255,
            148.25
          ],
          [
            -121.766071,
            37.685531,
            149.25
          ],
          [
            -121.765449,
            37.685696,
            150.25
          ],
          [
            -121.764893,
            37.685812,
            150.75
          ],
          [
            -121.764782,
            37.685835,
            150.5
          ],
          [
            -121.764624,
            37.685859,
            150.5
          ],
          [
            -121.764102,
            37.685936,
            150
          ],
          [
            -121.759382,
            37.686522,
            154.75
          ],
          [
            -121.757198,
            37.686794,
            156.25
          ],
          [
            -121.756698,
            37.686867,
            156.25
          ],
          [
            -121.755996,
            37.686989,
            156.75
          ],
          [
            -121.755233,
            37.687139,
            158.25
          ],
          [
            -121.754354,
            37.687351,
            158.75
          ],
          [
            -121.753949,
            37.687461,
            159.25
          ],
          [
            -121.753131,
            37.687702,
            159.75
          ],
          [
            -121.752304,
            37.687966,
            159.25
          ],
          [
            -121.751446,
            37.688255,
            159.25
          ],
          [
            -121.75084,
            37.688477,
            160.25
          ],
          [
            -121.750472,
            37.688612,
            161
          ],
          [
            -121.749496,
            37.688997,
            160.5
          ],
          [
            -121.74705,
            37.690005,
            163
          ],
          [
            -121.741041,
            37.692476,
            163.25
          ],
          [
            -121.739877,
            37.692956,
            162
          ],
          [
            -121.739733,
            37.693015,
            162
          ],
          [
            -121.737274,
            37.694031,
            161.5
          ],
          [
            -121.7368,
            37.694216,
            162.5
          ],
          [
            -121.736187,
            37.694426,
            163.25
          ],
          [
            -121.735846,
            37.694527,
            163.5
          ],
          [
            -121.735261,
            37.694678,
            164
          ],
          [
            -121.734597,
            37.694806,
            164
          ],
          [
            -121.733975,
            37.694899,
            163.5
          ],
          [
            -121.726678,
            37.695844,
            166.75
          ],
          [
            -121.725598,
            37.695984,
            167.5
          ],
          [
            -121.718366,
            37.696927,
            170.25
          ],
          [
            -121.717063,
            37.697094,
            171.5
          ],
          [
            -121.710173,
            37.697988,
            174.25
          ],
          [
            -121.702801,
            37.698946,
            179.75
          ],
          [
            -121.702505,
            37.698993,
            179.75
          ],
          [
            -121.702189,
            37.699054,
            180.25
          ],
          [
            -121.701831,
            37.699142,
            181.25
          ],
          [
            -121.701529,
            37.699234,
            182
          ],
          [
            -121.701206,
            37.699347,
            182.25
          ],
          [
            -121.700895,
            37.69947,
            182.75
          ],
          [
            -121.700605,
            37.699599,
            183.25
          ],
          [
            -121.700277,
            37.699768,
            183.75
          ],
          [
            -121.700009,
            37.699917,
            184
          ],
          [
            -121.699725,
            37.700098,
            184
          ],
          [
            -121.699502,
            37.700253,
            184
          ],
          [
            -121.699272,
            37.700432,
            184.25
          ],
          [
            -121.699062,
            37.70061,
            184.5
          ],
          [
            -121.698866,
            37.700793,
            184.5
          ],
          [
            -121.698688,
            37.700981,
            184
          ],
          [
            -121.698517,
            37.701174,
            183.5
          ],
          [
            -121.69819,
            37.701587,
            183.25
          ],
          [
            -121.697138,
            37.702989,
            184.5
          ],
          [
            -121.696817,
            37.703416,
            185.5
          ],
          [
            -121.695091,
            37.705706,
            187.25
          ],
          [
            -121.694758,
            37.706162,
            191.25
          ],
          [
            -121.694357,
            37.706679,
            196.75
          ],
          [
            -121.694088,
            37.707085,
            197
          ],
          [
            -121.693928,
            37.707359,
            195.5
          ],
          [
            -121.693839,
            37.70758,
            194.75
          ],
          [
            -121.693787,
            37.707756,
            195.5
          ],
          [
            -121.693746,
            37.707939,
            196
          ],
          [
            -121.693724,
            37.708121,
            196.5
          ],
          [
            -121.693716,
            37.708311,
            197
          ],
          [
            -121.693765,
            37.708707,
            197.75
          ],
          [
            -121.693808,
            37.708878,
            198
          ],
          [
            -121.693864,
            37.709044,
            198.5
          ],
          [
            -121.694925,
            37.711344,
            199.75
          ],
          [
            -121.695112,
            37.711797,
            201
          ],
          [
            -121.695202,
            37.712051,
            200.5
          ],
          [
            -121.695279,
            37.712311,
            200.5
          ],
          [
            -121.695406,
            37.712898,
            197.25
          ],
          [
            -121.695455,
            37.713278,
            194.5
          ],
          [
            -121.695463,
            37.713354,
            194.25
          ],
          [
            -121.695616,
            37.715601,
            196.25
          ],
          [
            -121.695931,
            37.720207,
            203.75
          ],
          [
            -121.695956,
            37.720531,
            203.75
          ],
          [
            -121.696,
            37.72086,
            203.25
          ],
          [
            -121.696036,
            37.721011,
            202.25
          ],
          [
            -121.696082,
            37.721158,
            201
          ],
          [
            -121.696212,
            37.721496,
            200.75
          ],
          [
            -121.696588,
            37.722421,
            200.75
          ],
          [
            -121.696643,
            37.722571,
            200.75
          ],
          [
            -121.696689,
            37.722716,
            200.75
          ],
          [
            -121.696733,
            37.722899,
            203.75
          ],
          [
            -121.696761,
            37.723081,
            206.5
          ],
          [
            -121.69677,
            37.723234,
            208.5
          ],
          [
            -121.696768,
            37.723396,
            210
          ],
          [
            -121.696747,
            37.723557,
            210.5
          ],
          [
            -121.696706,
            37.723751,
            210.75
          ],
          [
            -121.696647,
            37.723932,
            210.75
          ],
          [
            -121.696561,
            37.724129,
            210.25
          ],
          [
            -121.696465,
            37.724303,
            208.75
          ],
          [
            -121.69635,
            37.724471,
            206.75
          ],
          [
            -121.696219,
            37.724631,
            205
          ],
          [
            -121.696064,
            37.724792,
            203.25
          ],
          [
            -121.695858,
            37.724971,
            201
          ],
          [
            -121.695651,
            37.725119,
            200.25
          ],
          [
            -121.69539,
            37.725271,
            199.25
          ],
          [
            -121.695104,
            37.725405,
            198
          ],
          [
            -121.694824,
            37.725505,
            198.5
          ],
          [
            -121.694533,
            37.72558,
            200
          ],
          [
            -121.694278,
            37.725628,
            201.25
          ],
          [
            -121.69402,
            37.725657,
            203.5
          ],
          [
            -121.693753,
            37.72567,
            206.5
          ],
          [
            -121.693457,
            37.725662,
            209.25
          ],
          [
            -121.693164,
            37.725631,
            210
          ],
          [
            -121.692882,
            37.725578,
            209.25
          ],
          [
            -121.692671,
            37.725527,
            208.25
          ],
          [
            -121.692472,
            37.725461,
            207.25
          ],
          [
            -121.692275,
            37.725385,
            206.75
          ],
          [
            -121.692067,
            37.725287,
            206.25
          ],
          [
            -121.691857,
            37.725172,
            205.75
          ],
          [
            -121.691612,
            37.72502,
            206.25
          ],
          [
            -121.690058,
            37.724003,
            209.75
          ],
          [
            -121.689858,
            37.72388,
            209.25
          ],
          [
            -121.689635,
            37.723754,
            209
          ],
          [
            -121.689451,
            37.723664,
            209
          ],
          [
            -121.689237,
            37.723575,
            209
          ],
          [
            -121.68903,
            37.723503,
            209.25
          ],
          [
            -121.68878,
            37.723433,
            210
          ],
          [
            -121.688508,
            37.723378,
            211.25
          ],
          [
            -121.688233,
            37.723342,
            212
          ],
          [
            -121.687938,
            37.723323,
            211.75
          ],
          [
            -121.68764,
            37.723326,
            211.75
          ],
          [
            -121.687394,
            37.723344,
            211.75
          ],
          [
            -121.68703,
            37.723394,
            211.5
          ],
          [
            -121.685517,
            37.723655,
            214
          ],
          [
            -121.684936,
            37.723748,
            215.25
          ],
          [
            -121.684687,
            37.723774,
            217.75
          ],
          [
            -121.68441,
            37.723785,
            220
          ],
          [
            -121.684141,
            37.723779,
            222
          ],
          [
            -121.683893,
            37.723756,
            223.5
          ],
          [
            -121.68362,
            37.723714,
            224.5
          ],
          [
            -121.683288,
            37.723644,
            224
          ],
          [
            -121.680835,
            37.723009,
            224.25
          ],
          [
            -121.680509,
            37.722934,
            224.25
          ],
          [
            -121.680209,
            37.722876,
            224.25
          ],
          [
            -121.679899,
            37.722836,
            224
          ],
          [
            -121.679634,
            37.72282,
            223.5
          ],
          [
            -121.679331,
            37.722821,
            223.5
          ],
          [
            -121.679032,
            37.722843,
            223.5
          ],
          [
            -121.678721,
            37.722893,
            223.75
          ],
          [
            -121.678365,
            37.72298,
            224.5
          ],
          [
            -121.678014,
            37.723098,
            225.5
          ],
          [
            -121.677695,
            37.723247,
            225.25
          ],
          [
            -121.677423,
            37.723402,
            225.5
          ],
          [
            -121.67717,
            37.723579,
            226.75
          ],
          [
            -121.676928,
            37.723793,
            226
          ],
          [
            -121.676703,
            37.72404,
            222.25
          ],
          [
            -121.676515,
            37.724304,
            223.25
          ],
          [
            -121.676377,
            37.724561,
            224.75
          ],
          [
            -121.676275,
            37.724819,
            225.5
          ],
          [
            -121.676024,
            37.725652,
            223.5
          ],
          [
            -121.675948,
            37.72583,
            222
          ],
          [
            -121.675765,
            37.726222,
            222.5
          ],
          [
            -121.675709,
            37.726392,
            223.5
          ],
          [
            -121.675674,
            37.726608,
            224.25
          ],
          [
            -121.675672,
            37.726803,
            224.75
          ],
          [
            -121.675707,
            37.72715,
            225.5
          ],
          [
            -121.675716,
            37.727342,
            226
          ],
          [
            -121.675704,
            37.727522,
            226.5
          ],
          [
            -121.675679,
            37.727704,
            228
          ],
          [
            -121.675638,
            37.727903,
            229.25
          ],
          [
            -121.675549,
            37.728376,
            231
          ],
          [
            -121.675486,
            37.72863,
            230.25
          ],
          [
            -121.675424,
            37.728841,
            229
          ],
          [
            -121.675347,
            37.729047,
            227.5
          ],
          [
            -121.675244,
            37.729273,
            225.75
          ],
          [
            -121.675104,
            37.729519,
            223.75
          ],
          [
            -121.674935,
            37.729782,
            223.25
          ],
          [
            -121.674725,
            37.730056,
            225
          ],
          [
            -121.672751,
            37.732502,
            227.75
          ],
          [
            -121.672578,
            37.732725,
            228
          ],
          [
            -121.672412,
            37.732972,
            229.5
          ],
          [
            -121.672276,
            37.733223,
            231
          ],
          [
            -121.672236,
            37.733324,
            231.25
          ],
          [
            -121.67218,
            37.733466,
            230.5
          ],
          [
            -121.672118,
            37.733711,
            229.5
          ],
          [
            -121.672087,
            37.733953,
            228.75
          ],
          [
            -121.672077,
            37.734199,
            228.25
          ],
          [
            -121.672086,
            37.734582,
            226.5
          ],
          [
            -121.672116,
            37.735608,
            226.5
          ],
          [
            -121.672178,
            37.737542,
            227.75
          ],
          [
            -121.672177,
            37.737805,
            227
          ],
          [
            -121.672162,
            37.738087,
            226.5
          ],
          [
            -121.672122,
            37.738368,
            225.5
          ],
          [
            -121.672056,
            37.738646,
            224
          ],
          [
            -121.671972,
            37.738898,
            222.75
          ],
          [
            -121.671898,
            37.739079,
            222.25
          ],
          [
            -121.671776,
            37.739326,
            222.75
          ],
          [
            -121.67162,
            37.739584,
            224.5
          ],
          [
            -121.671448,
            37.739827,
            225.75
          ],
          [
            -121.671295,
            37.740012,
            226.5
          ],
          [
            -121.671127,
            37.740195,
            228.5
          ],
          [
            -121.670946,
            37.740366,
            230.5
          ],
          [
            -121.670735,
            37.740546,
            232.5
          ],
          [
            -121.670495,
            37.740724,
            232.75
          ],
          [
            -121.670202,
            37.740912,
            232.5
          ],
          [
            -121.669933,
            37.741065,
            232.25
          ],
          [
            -121.669697,
            37.74119,
            232.75
          ],
          [
            -121.666068,
            37.743055,
            228.75
          ],
          [
            -121.663651,
            37.744296,
            232
          ],
          [
            -121.660983,
            37.745668,
            233.25
          ],
          [
            -121.659892,
            37.746229,
            232.25
          ],
          [
            -121.659466,
            37.746448,
            232
          ],
          [
            -121.659125,
            37.746612,
            230.75
          ],
          [
            -121.658852,
            37.746727,
            231.75
          ],
          [
            -121.658572,
            37.746821,
            233.25
          ],
          [
            -121.658317,
            37.746889,
            235
          ],
          [
            -121.658044,
            37.746942,
            235.75
          ],
          [
            -121.657691,
            37.746981,
            236.25
          ],
          [
            -121.65739,
            37.74699,
            236
          ],
          [
            -121.657102,
            37.746977,
            234.25
          ],
          [
            -121.656827,
            37.746949,
            232.5
          ],
          [
            -121.65653,
            37.746893,
            230
          ],
          [
            -121.656289,
            37.746829,
            227.25
          ],
          [
            -121.655986,
            37.74672,
            227.75
          ],
          [
            -121.655743,
            37.746614,
            228.5
          ],
          [
            -121.655332,
            37.746393,
            229.75
          ],
          [
            -121.655115,
            37.746241,
            229.75
          ],
          [
            -121.654788,
            37.745982,
            233
          ],
          [
            -121.65332,
            37.74478,
            230.25
          ],
          [
            -121.653062,
            37.744583,
            230.5
          ],
          [
            -121.652773,
            37.744385,
            230
          ],
          [
            -121.652504,
            37.744236,
            228.5
          ],
          [
            -121.652185,
            37.744097,
            226.75
          ],
          [
            -121.651818,
            37.743959,
            224.25
          ],
          [
            -121.648307,
            37.742672,
            216.75
          ],
          [
            -121.647964,
            37.742554,
            220.25
          ],
          [
            -121.647628,
            37.742453,
            223.75
          ],
          [
            -121.64732,
            37.742383,
            225.5
          ],
          [
            -121.646998,
            37.742337,
            225.75
          ],
          [
            -121.646685,
            37.742323,
            225.25
          ],
          [
            -121.646403,
            37.742333,
            225
          ],
          [
            -121.646088,
            37.742373,
            224.5
          ],
          [
            -121.645743,
            37.742448,
            223.25
          ],
          [
            -121.64536,
            37.74256,
            220.25
          ],
          [
            -121.644428,
            37.742871,
            224
          ],
          [
            -121.644126,
            37.742958,
            227.5
          ],
          [
            -121.643836,
            37.743022,
            227.75
          ],
          [
            -121.643522,
            37.743068,
            227.75
          ],
          [
            -121.643195,
            37.74309,
            225.5
          ],
          [
            -121.642873,
            37.743088,
            220.5
          ],
          [
            -121.642547,
            37.74306,
            215.5
          ],
          [
            -121.642248,
            37.743012,
            214.5
          ],
          [
            -121.641936,
            37.742938,
            214
          ],
          [
            -121.641658,
            37.742849,
            214
          ],
          [
            -121.641355,
            37.742727,
            214.75
          ],
          [
            -121.641092,
            37.742594,
            216
          ],
          [
            -121.640853,
            37.742442,
            217.75
          ],
          [
            -121.64061,
            37.742259,
            218.5
          ],
          [
            -121.640309,
            37.741985,
            219.25
          ],
          [
            -121.639587,
            37.741299,
            214.75
          ],
          [
            -121.639324,
            37.741079,
            211.25
          ],
          [
            -121.639042,
            37.740904,
            208.25
          ],
          [
            -121.638775,
            37.740774,
            207.25
          ],
          [
            -121.638448,
            37.74065,
            207.25
          ],
          [
            -121.638156,
            37.740572,
            208
          ],
          [
            -121.637797,
            37.740516,
            208.75
          ],
          [
            -121.63744,
            37.740492,
            209.25
          ],
          [
            -121.636664,
            37.740474,
            214.5
          ],
          [
            -121.635632,
            37.740453,
            217
          ],
          [
            -121.635163,
            37.74041,
            214.5
          ],
          [
            -121.634682,
            37.740328,
            213.25
          ],
          [
            -121.634205,
            37.740188,
            213.5
          ],
          [
            -121.633717,
            37.739993,
            216.5
          ],
          [
            -121.633282,
            37.739738,
            218
          ],
          [
            -121.63288,
            37.73945,
            214
          ],
          [
            -121.632515,
            37.739093,
            207.5
          ],
          [
            -121.63222,
            37.738677,
            205
          ],
          [
            -121.631995,
            37.738274,
            202.5
          ],
          [
            -121.631807,
            37.737765,
            205.5
          ],
          [
            -121.63062,
            37.73361,
            210.5
          ],
          [
            -121.630513,
            37.733296,
            207.25
          ],
          [
            -121.630379,
            37.732984,
            203
          ],
          [
            -121.630214,
            37.732683,
            197
          ],
          [
            -121.630069,
            37.732454,
            192.25
          ],
          [
            -121.629901,
            37.732238,
            187.75
          ],
          [
            -121.62961,
            37.731953,
            187.75
          ],
          [
            -121.629302,
            37.731663,
            188.75
          ],
          [
            -121.628967,
            37.731415,
            185.25
          ],
          [
            -121.628578,
            37.73119,
            184.5
          ],
          [
            -121.628115,
            37.731008,
            188
          ],
          [
            -121.627607,
            37.73082,
            193.5
          ],
          [
            -121.626153,
            37.730393,
            203.5
          ],
          [
            -121.623801,
            37.729725,
            207
          ],
          [
            -121.623308,
            37.729628,
            203
          ],
          [
            -121.622799,
            37.729557,
            197
          ],
          [
            -121.622231,
            37.729535,
            190.5
          ],
          [
            -121.621641,
            37.729577,
            184.25
          ],
          [
            -121.621035,
            37.729654,
            191.25
          ],
          [
            -121.613455,
            37.730727,
            186.75
          ],
          [
            -121.612999,
            37.730778,
            187.5
          ],
          [
            -121.612495,
            37.730799,
            188.75
          ],
          [
            -121.612002,
            37.730765,
            187.75
          ],
          [
            -121.611529,
            37.730697,
            185.75
          ],
          [
            -121.611068,
            37.730591,
            182.5
          ],
          [
            -121.610591,
            37.730443,
            180.25
          ],
          [
            -121.605897,
            37.72872,
            181.25
          ],
          [
            -121.605537,
            37.72858,
            180
          ],
          [
            -121.605146,
            37.728389,
            178.25
          ],
          [
            -121.604829,
            37.728203,
            178
          ],
          [
            -121.604443,
            37.727927,
            177.5
          ],
          [
            -121.604089,
            37.727621,
            175.75
          ],
          [
            -121.600403,
            37.724103,
            174
          ],
          [
            -121.595249,
            37.719183,
            169
          ],
          [
            -121.595184,
            37.719122,
            169
          ],
          [
            -121.587921,
            37.712171,
            158
          ],
          [
            -121.58755,
            37.71184,
            154.75
          ],
          [
            -121.587068,
            37.711463,
            154.5
          ],
          [
            -121.586596,
            37.711149,
            154.5
          ],
          [
            -121.585968,
            37.71083,
            156.75
          ],
          [
            -121.585345,
            37.710596,
            159.5
          ],
          [
            -121.583342,
            37.709954,
            155.75
          ],
          [
            -121.583323,
            37.709948,
            155.75
          ],
          [
            -121.575174,
            37.707408,
            147
          ],
          [
            -121.574884,
            37.707316,
            144.75
          ],
          [
            -121.572794,
            37.70666,
            146.5
          ],
          [
            -121.572636,
            37.706611,
            147
          ],
          [
            -121.571607,
            37.70624,
            151.25
          ],
          [
            -121.571474,
            37.706198,
            150.75
          ],
          [
            -121.57025,
            37.705808,
            144.25
          ],
          [
            -121.570151,
            37.705776,
            143.75
          ],
          [
            -121.561632,
            37.703124,
            136.25
          ],
          [
            -121.561152,
            37.703003,
            134.25
          ],
          [
            -121.560659,
            37.70292,
            133.75
          ],
          [
            -121.560067,
            37.702878,
            135.5
          ],
          [
            -121.559506,
            37.702888,
            136.75
          ],
          [
            -121.559004,
            37.702939,
            138
          ],
          [
            -121.558454,
            37.703039,
            141.25
          ],
          [
            -121.558005,
            37.703173,
            141.5
          ],
          [
            -121.556937,
            37.703537,
            136
          ],
          [
            -121.555647,
            37.703984,
            135.75
          ],
          [
            -121.555168,
            37.704106,
            135.25
          ],
          [
            -121.554609,
            37.70421,
            134
          ],
          [
            -121.55431,
            37.704234,
            133
          ],
          [
            -121.553748,
            37.704269,
            131.25
          ],
          [
            -121.553026,
            37.704337,
            129.25
          ],
          [
            -121.552851,
            37.704341,
            129
          ],
          [
            -121.548095,
            37.704477,
            128.75
          ],
          [
            -121.547614,
            37.704466,
            128.5
          ],
          [
            -121.547229,
            37.704448,
            127.5
          ],
          [
            -121.546871,
            37.70442,
            126
          ],
          [
            -121.546526,
            37.704372,
            125
          ],
          [
            -121.545972,
            37.704258,
            125.25
          ],
          [
            -121.54377,
            37.703689,
            120.5
          ],
          [
            -121.543207,
            37.703554,
            119
          ],
          [
            -121.542775,
            37.703463,
            119.75
          ],
          [
            -121.542377,
            37.703422,
            121
          ],
          [
            -121.542093,
            37.703425,
            121.75
          ],
          [
            -121.541818,
            37.703436,
            122.25
          ],
          [
            -121.541512,
            37.703463,
            122
          ],
          [
            -121.541259,
            37.703512,
            120.75
          ],
          [
            -121.540818,
            37.703612,
            118.25
          ],
          [
            -121.539254,
            37.704067,
            117.75
          ],
          [
            -121.537888,
            37.704433,
            119.25
          ],
          [
            -121.537311,
            37.704558,
            118
          ],
          [
            -121.536849,
            37.704646,
            116.25
          ],
          [
            -121.536427,
            37.704711,
            114
          ],
          [
            -121.535983,
            37.704769,
            111
          ],
          [
            -121.535531,
            37.704815,
            110
          ],
          [
            -121.535077,
            37.704845,
            110
          ],
          [
            -121.534636,
            37.704864,
            111.25
          ],
          [
            -121.53419,
            37.704869,
            112.75
          ],
          [
            -121.533742,
            37.704865,
            113.5
          ],
          [
            -121.525737,
            37.704526,
            105.5
          ],
          [
            -121.525219,
            37.704498,
            104.25
          ],
          [
            -121.524723,
            37.704448,
            103.75
          ],
          [
            -121.524285,
            37.704381,
            104
          ],
          [
            -121.52385,
            37.70429,
            104.75
          ],
          [
            -121.523434,
            37.704181,
            105.75
          ],
          [
            -121.522957,
            37.70401,
            106
          ],
          [
            -121.514233,
            37.700909,
            98.5
          ],
          [
            -121.51382,
            37.700763,
            99
          ],
          [
            -121.513386,
            37.700618,
            100.5
          ],
          [
            -121.513019,
            37.700518,
            102.75
          ],
          [
            -121.512641,
            37.700442,
            104.5
          ],
          [
            -121.512246,
            37.700395,
            104
          ],
          [
            -121.511786,
            37.700367,
            102
          ],
          [
            -121.511299,
            37.700376,
            100.75
          ],
          [
            -121.510791,
            37.700428,
            99.5
          ],
          [
            -121.51033,
            37.700511,
            97
          ],
          [
            -121.509762,
            37.700657,
            94
          ],
          [
            -121.505863,
            37.702048,
            90.5
          ],
          [
            -121.503672,
            37.702801,
            92
          ],
          [
            -121.503239,
            37.702936,
            93.75
          ],
          [
            -121.502938,
            37.703006,
            93.25
          ],
          [
            -121.50258,
            37.703058,
            92.5
          ],
          [
            -121.502187,
            37.703085,
            90.5
          ],
          [
            -121.50182,
            37.703075,
            88.5
          ],
          [
            -121.501579,
            37.703061,
            87.75
          ],
          [
            -121.501296,
            37.70302,
            87.75
          ],
          [
            -121.500898,
            37.70294,
            88.25
          ],
          [
            -121.50054,
            37.702846,
            87.25
          ],
          [
            -121.500313,
            37.70276,
            86.5
          ],
          [
            -121.499827,
            37.702527,
            84.75
          ],
          [
            -121.495011,
            37.699535,
            80.25
          ],
          [
            -121.494194,
            37.699042,
            78
          ],
          [
            -121.493364,
            37.698592,
            77.75
          ],
          [
            -121.492533,
            37.698208,
            75.5
          ],
          [
            -121.492385,
            37.698139,
            75.5
          ],
          [
            -121.491068,
            37.697596,
            75.5
          ],
          [
            -121.490594,
            37.697426,
            74.75
          ],
          [
            -121.490494,
            37.697393,
            74.5
          ],
          [
            -121.490011,
            37.697234,
            74
          ],
          [
            -121.48968,
            37.697133,
            72.75
          ],
          [
            -121.488771,
            37.696878,
            71.5
          ],
          [
            -121.488126,
            37.696727,
            70.75
          ],
          [
            -121.487551,
            37.696604,
            71.25
          ],
          [
            -121.487008,
            37.6965,
            72.75
          ],
          [
            -121.48645,
            37.69641,
            72.5
          ],
          [
            -121.485909,
            37.696333,
            70
          ],
          [
            -121.485056,
            37.696238,
            69
          ],
          [
            -121.484683,
            37.696205,
            69
          ],
          [
            -121.483781,
            37.696149,
            68.75
          ],
          [
            -121.48278,
            37.696126,
            68.75
          ],
          [
            -121.476538,
            37.696139,
            64.5
          ],
          [
            -121.470696,
            37.696152,
            59.5
          ],
          [
            -121.470493,
            37.696151,
            59
          ],
          [
            -121.453048,
            37.696185,
            49.25
          ],
          [
            -121.452834,
            37.696186,
            48.75
          ],
          [
            -121.434611,
            37.696216,
            43.75
          ],
          [
            -121.434019,
            37.696218,
            42.5
          ],
          [
            -121.432727,
            37.696221,
            40.5
          ],
          [
            -121.430028,
            37.696226,
            43.5
          ],
          [
            -121.41641,
            37.696247,
            41.25
          ],
          [
            -121.416328,
            37.696249,
            41.25
          ],
          [
            -121.415347,
            37.69625,
            39.5
          ],
          [
            -121.415201,
            37.69625,
            39
          ],
          [
            -121.414007,
            37.696253,
            36.5
          ],
          [
            -121.413404,
            37.696255,
            37.25
          ],
          [
            -121.413042,
            37.696265,
            38
          ],
          [
            -121.412685,
            37.696283,
            38.75
          ],
          [
            -121.412342,
            37.696311,
            39.5
          ],
          [
            -121.411908,
            37.696358,
            40.5
          ],
          [
            -121.411371,
            37.69644,
            39.75
          ],
          [
            -121.410842,
            37.696543,
            38
          ],
          [
            -121.410382,
            37.696656,
            37.75
          ],
          [
            -121.409933,
            37.696785,
            38
          ],
          [
            -121.409299,
            37.697002,
            37.5
          ],
          [
            -121.40869,
            37.697245,
            37.25
          ],
          [
            -121.40826,
            37.697449,
            36.75
          ],
          [
            -121.407846,
            37.697665,
            36.25
          ],
          [
            -121.407538,
            37.697845,
            36.25
          ],
          [
            -121.407461,
            37.697893,
            36.75
          ],
          [
            -121.407246,
            37.698027,
            36.75
          ],
          [
            -121.406472,
            37.698558,
            36.75
          ],
          [
            -121.403759,
            37.700462,
            33.5
          ],
          [
            -121.398113,
            37.704427,
            30.5
          ],
          [
            -121.389253,
            37.71066,
            25.75
          ],
          [
            -121.385174,
            37.713521,
            22.75
          ],
          [
            -121.384367,
            37.714088,
            22.5
          ],
          [
            -121.381607,
            37.716027,
            20.75
          ],
          [
            -121.38079,
            37.716599,
            19
          ],
          [
            -121.379896,
            37.717224,
            19.75
          ],
          [
            -121.378508,
            37.718217,
            19.25
          ],
          [
            -121.377742,
            37.71873,
            18
          ],
          [
            -121.376683,
            37.719465,
            18
          ],
          [
            -121.373777,
            37.721496,
            18.75
          ],
          [
            -121.371172,
            37.72332,
            17.75
          ],
          [
            -121.369587,
            37.724447,
            16.25
          ],
          [
            -121.365675,
            37.727208,
            14.75
          ],
          [
            -121.361696,
            37.729986,
            14
          ],
          [
            -121.361336,
            37.73024,
            14
          ],
          [
            -121.361027,
            37.730502,
            14.25
          ],
          [
            -121.36081,
            37.73067,
            14.75
          ],
          [
            -121.359398,
            37.731662,
            13.5
          ],
          [
            -121.357959,
            37.732673,
            12.75
          ],
          [
            -121.357758,
            37.732795,
            11.5
          ],
          [
            -121.357388,
            37.733,
            10.25
          ],
          [
            -121.349068,
            37.738833,
            11
          ],
          [
            -121.346409,
            37.740721,
            7.25
          ],
          [
            -121.344025,
            37.742387,
            8.5
          ],
          [
            -121.343453,
            37.742765,
            9
          ],
          [
            -121.341899,
            37.743868,
            6.25
          ],
          [
            -121.340261,
            37.745058,
            4.5
          ],
          [
            -121.339588,
            37.745503,
            6.25
          ],
          [
            -121.33942,
            37.745614,
            6.75
          ],
          [
            -121.338412,
            37.746312,
            7.75
          ],
          [
            -121.337877,
            37.746654,
            5.75
          ],
          [
            -121.336609,
            37.747536,
            4.75
          ],
          [
            -121.333514,
            37.749715,
            3.75
          ],
          [
            -121.332613,
            37.750324,
            0.5
          ],
          [
            -121.331677,
            37.750975,
            3.25
          ],
          [
            -121.329484,
            37.752517,
            3.75
          ],
          [
            -121.328571,
            37.753182,
            3.75
          ],
          [
            -121.327612,
            37.753944,
            2.75
          ],
          [
            -121.326985,
            37.75458,
            3.5
          ],
          [
            -121.326707,
            37.754848,
            4.5
          ],
          [
            -121.32636,
            37.755201,
            5
          ],
          [
            -121.326024,
            37.755569,
            5.75
          ],
          [
            -121.318911,
            37.7635,
            4
          ],
          [
            -121.318692,
            37.763746,
            4.25
          ],
          [
            -121.317735,
            37.764812,
            4
          ],
          [
            -121.317693,
            37.76486,
            4
          ],
          [
            -121.312624,
            37.770517,
            2.75
          ],
          [
            -121.312214,
            37.770973,
            3.75
          ],
          [
            -121.308092,
            37.775572,
            4.25
          ],
          [
            -121.307653,
            37.776057,
            5.25
          ],
          [
            -121.307341,
            37.776375,
            5.25
          ],
          [
            -121.306943,
            37.776743,
            5.25
          ],
          [
            -121.306541,
            37.777072,
            4.25
          ],
          [
            -121.306122,
            37.777373,
            3.25
          ],
          [
            -121.305688,
            37.777654,
            3
          ],
          [
            -121.305523,
            37.777747,
            3.25
          ],
          [
            -121.305219,
            37.777919,
            3.75
          ],
          [
            -121.304882,
            37.778089,
            4.5
          ],
          [
            -121.304474,
            37.778274,
            5.75
          ],
          [
            -121.304055,
            37.77845,
            6.5
          ],
          [
            -121.303462,
            37.778667,
            5.5
          ],
          [
            -121.302723,
            37.77892,
            5
          ],
          [
            -121.301668,
            37.779283,
            8
          ],
          [
            -121.300428,
            37.779704,
            4.25
          ],
          [
            -121.30015,
            37.779798,
            4
          ],
          [
            -121.291422,
            37.782745,
            2
          ],
          [
            -121.288745,
            37.78363,
            0.75
          ],
          [
            -121.282668,
            37.785693,
            3.25
          ],
          [
            -121.281348,
            37.786118,
            4.5
          ],
          [
            -121.279851,
            37.786641,
            9.25
          ],
          [
            -121.279685,
            37.786699,
            9
          ],
          [
            -121.278838,
            37.786984,
            9
          ],
          [
            -121.276048,
            37.787925,
            6.5
          ],
          [
            -121.27559,
            37.78809,
            7
          ],
          [
            -121.274762,
            37.788406,
            6.75
          ],
          [
            -121.27393,
            37.788757,
            6.5
          ],
          [
            -121.273182,
            37.789103,
            6.5
          ],
          [
            -121.272441,
            37.789473,
            6.75
          ],
          [
            -121.271791,
            37.789825,
            6
          ],
          [
            -121.271058,
            37.790246,
            6.5
          ],
          [
            -121.270538,
            37.790571,
            6.75
          ],
          [
            -121.269196,
            37.791508,
            3.5
          ],
          [
            -121.267881,
            37.792572,
            5.75
          ],
          [
            -121.267588,
            37.792832,
            5.5
          ],
          [
            -121.267093,
            37.793299,
            4.5
          ],
          [
            -121.266664,
            37.793724,
            6.25
          ],
          [
            -121.266057,
            37.794381,
            6.5
          ],
          [
            -121.265466,
            37.795079,
            6
          ],
          [
            -121.265216,
            37.795403,
            6.25
          ],
          [
            -121.264748,
            37.796053,
            6.5
          ],
          [
            -121.264161,
            37.796961,
            5.75
          ],
          [
            -121.264082,
            37.797086,
            5.5
          ],
          [
            -121.263933,
            37.79732,
            4.75
          ],
          [
            -121.263517,
            37.798047,
            5
          ],
          [
            -121.26321,
            37.798672,
            4.5
          ],
          [
            -121.263029,
            37.799066,
            4.5
          ],
          [
            -121.262901,
            37.799365,
            5
          ],
          [
            -121.262646,
            37.800022,
            4.5
          ],
          [
            -121.262439,
            37.800634,
            8.25
          ],
          [
            -121.262266,
            37.801226,
            7
          ],
          [
            -121.262109,
            37.801841,
            4.25
          ],
          [
            -121.262005,
            37.802312,
            4
          ],
          [
            -121.261861,
            37.80317,
            5.5
          ],
          [
            -121.261815,
            37.803515,
            5.25
          ],
          [
            -121.261761,
            37.804088,
            3.75
          ],
          [
            -121.261741,
            37.804408,
            4.25
          ],
          [
            -121.261722,
            37.805002,
            5.25
          ],
          [
            -121.261723,
            37.805629,
            6.5
          ],
          [
            -121.261741,
            37.806199,
            6.75
          ],
          [
            -121.261898,
            37.809004,
            7
          ],
          [
            -121.262047,
            37.811881,
            4
          ],
          [
            -121.262179,
            37.814185,
            7.25
          ],
          [
            -121.262253,
            37.815405,
            5.25
          ],
          [
            -121.262452,
            37.819116,
            5
          ],
          [
            -121.262495,
            37.819782,
            4.75
          ],
          [
            -121.262517,
            37.820128,
            4.75
          ],
          [
            -121.262561,
            37.820977,
            5
          ],
          [
            -121.262594,
            37.821565,
            5
          ],
          [
            -121.262626,
            37.822246,
            3.5
          ],
          [
            -121.262657,
            37.822894,
            2.75
          ],
          [
            -121.262692,
            37.82338,
            2.5
          ],
          [
            -121.262766,
            37.824649,
            4.25
          ],
          [
            -121.262789,
            37.825126,
            4.5
          ],
          [
            -121.262767,
            37.826102,
            2.25
          ],
          [
            -121.262796,
            37.826625,
            2.5
          ],
          [
            -121.263098,
            37.831973,
            5.75
          ],
          [
            -121.264378,
            37.855096,
            6.75
          ],
          [
            -121.264407,
            37.855585,
            6.25
          ],
          [
            -121.264601,
            37.858529,
            8
          ],
          [
            -121.264749,
            37.861537,
            5
          ],
          [
            -121.264778,
            37.861926,
            5
          ],
          [
            -121.264857,
            37.862505,
            6
          ],
          [
            -121.264866,
            37.862615,
            6
          ],
          [
            -121.264874,
            37.862764,
            6
          ],
          [
            -121.265426,
            37.872846,
            6.25
          ],
          [
            -121.26559,
            37.87573,
            9.5
          ],
          [
            -121.265688,
            37.877554,
            4
          ],
          [
            -121.26575,
            37.87827,
            5
          ],
          [
            -121.265836,
            37.87893,
            3.5
          ],
          [
            -121.26623,
            37.880942,
            4.75
          ],
          [
            -121.266812,
            37.883415,
            7.25
          ],
          [
            -121.267728,
            37.887226,
            4.75
          ],
          [
            -121.267774,
            37.887429,
            4.5
          ],
          [
            -121.268,
            37.888394,
            2.75
          ],
          [
            -121.268072,
            37.888694,
            4
          ],
          [
            -121.268095,
            37.888776,
            4.25
          ],
          [
            -121.268976,
            37.892571,
            2.5
          ],
          [
            -121.270242,
            37.897922,
            7
          ],
          [
            -121.270458,
            37.898832,
            7.25
          ],
          [
            -121.270534,
            37.899084,
            7.5
          ],
          [
            -121.270599,
            37.899333,
            7
          ],
          [
            -121.270662,
            37.899597,
            6.5
          ],
          [
            -121.270887,
            37.900295,
            5.5
          ],
          [
            -121.271202,
            37.901132,
            4
          ],
          [
            -121.271265,
            37.901288,
            3.5
          ],
          [
            -121.271375,
            37.901613,
            2
          ],
          [
            -121.271493,
            37.901985,
            3.5
          ],
          [
            -121.272745,
            37.905087,
            6.25
          ],
          [
            -121.272819,
            37.90535,
            5.75
          ],
          [
            -121.272906,
            37.905622,
            5
          ],
          [
            -121.273041,
            37.905934,
            4.25
          ],
          [
            -121.273102,
            37.906092,
            4
          ],
          [
            -121.273373,
            37.906651,
            4
          ],
          [
            -121.273407,
            37.906737,
            4
          ],
          [
            -121.273426,
            37.906784,
            4.25
          ],
          [
            -121.273654,
            37.907373,
            5
          ],
          [
            -121.273701,
            37.907519,
            5.25
          ],
          [
            -121.273779,
            37.907817,
            5.5
          ],
          [
            -121.273839,
            37.908119,
            5.5
          ],
          [
            -121.273871,
            37.908365,
            5.25
          ],
          [
            -121.273887,
            37.908613,
            5
          ],
          [
            -121.273833,
            37.914693,
            3.75
          ],
          [
            -121.273827,
            37.915143,
            4.5
          ],
          [
            -121.273827,
            37.915332,
            4.5
          ],
          [
            -121.273844,
            37.915563,
            4.5
          ],
          [
            -121.273868,
            37.915741,
            4.5
          ],
          [
            -121.27388,
            37.9159,
            4.75
          ],
          [
            -121.273884,
            37.915955,
            4.75
          ],
          [
            -121.273884,
            37.916097,
            4.75
          ],
          [
            -121.273912,
            37.916327,
            5.25
          ],
          [
            -121.273942,
            37.916479,
            5.5
          ],
          [
            -121.274007,
            37.916737,
            5.75
          ],
          [
            -121.274029,
            37.916898,
            5.75
          ],
          [
            -121.274036,
            37.917006,
            5.75
          ],
          [
            -121.274027,
            37.917517,
            6
          ],
          [
            -121.274058,
            37.917928,
            6.5
          ],
          [
            -121.274113,
            37.918586,
            6.75
          ],
          [
            -121.273972,
            37.936566,
            5.5
          ],
          [
            -121.273969,
            37.936976,
            5.25
          ],
          [
            -121.273963,
            37.938466,
            4.75
          ],
          [
            -121.273987,
            37.939071,
            3.75
          ],
          [
            -121.274038,
            37.939669,
            3.5
          ],
          [
            -121.274117,
            37.940231,
            3.75
          ],
          [
            -121.274204,
            37.94073,
            4
          ],
          [
            -121.274323,
            37.941274,
            3
          ],
          [
            -121.274589,
            37.942307,
            5
          ],
          [
            -121.274678,
            37.942612,
            6
          ],
          [
            -121.27494,
            37.943376,
            5.75
          ],
          [
            -121.275253,
            37.944505,
            3.5
          ],
          [
            -121.275286,
            37.944633,
            3.25
          ],
          [
            -121.27551,
            37.945497,
            3.5
          ],
          [
            -121.275755,
            37.946393,
            4
          ],
          [
            -121.275855,
            37.94674,
            4
          ],
          [
            -121.275865,
            37.946776,
            4
          ],
          [
            -121.275959,
            37.947129,
            4.25
          ],
          [
            -121.276043,
            37.947436,
            4.5
          ],
          [
            -121.276093,
            37.947648,
            4.5
          ],
          [
            -121.276311,
            37.948456,
            5.75
          ],
          [
            -121.276397,
            37.948746,
            6.5
          ],
          [
            -121.276424,
            37.948836,
            6.75
          ],
          [
            -121.276598,
            37.949514,
            7.25
          ],
          [
            -121.276631,
            37.949632,
            6.75
          ],
          [
            -121.276687,
            37.94982,
            6
          ],
          [
            -121.277154,
            37.951575,
            3.75
          ],
          [
            -121.277207,
            37.951771,
            4.25
          ],
          [
            -121.277384,
            37.952426,
            7.25
          ],
          [
            -121.277706,
            37.953414,
            4.5
          ],
          [
            -121.277787,
            37.953714,
            5
          ],
          [
            -121.277873,
            37.954033,
            5.25
          ],
          [
            -121.278101,
            37.954682,
            7.25
          ],
          [
            -121.278225,
            37.955001,
            8.5
          ],
          [
            -121.278249,
            37.955102,
            8.5
          ],
          [
            -121.278367,
            37.955596,
            8.25
          ],
          [
            -121.278387,
            37.955676,
            8
          ],
          [
            -121.278414,
            37.955786,
            7.75
          ],
          [
            -121.278464,
            37.955945,
            7.75
          ],
          [
            -121.278888,
            37.957499,
            3.5
          ],
          [
            -121.278987,
            37.957863,
            3.75
          ],
          [
            -121.279072,
            37.958186,
            3.75
          ],
          [
            -121.279129,
            37.958402,
            4.25
          ],
          [
            -121.279072,
            37.958186,
            3.75
          ],
          [
            -121.278987,
            37.957863,
            3.75
          ],
          [
            -121.278888,
            37.957499,
            3.5
          ],
          [
            -121.278464,
            37.955945,
            7.75
          ],
          [
            -121.278414,
            37.955786,
            7.75
          ],
          [
            -121.278387,
            37.955676,
            8
          ],
          [
            -121.278367,
            37.955596,
            8.25
          ],
          [
            -121.278249,
            37.955102,
            8.5
          ],
          [
            -121.278225,
            37.955001,
            8.5
          ],
          [
            -121.278101,
            37.954682,
            7.25
          ],
          [
            -121.277873,
            37.954033,
            5.25
          ],
          [
            -121.277787,
            37.953714,
            5
          ],
          [
            -121.277706,
            37.953414,
            4.5
          ],
          [
            -121.277258,
            37.951762,
            4.25
          ],
          [
            -121.277205,
            37.951566,
            3.75
          ],
          [
            -121.27673,
            37.949813,
            6
          ],
          [
            -121.276573,
            37.949228,
            8
          ],
          [
            -121.276526,
            37.949056,
            8
          ],
          [
            -121.276465,
            37.948829,
            7
          ],
          [
            -121.27644,
            37.948739,
            6.75
          ],
          [
            -121.27627,
            37.948109,
            5.25
          ],
          [
            -121.276143,
            37.947641,
            4.5
          ],
          [
            -121.276003,
            37.947121,
            4.25
          ],
          [
            -121.27591,
            37.946768,
            4
          ],
          [
            -121.2759,
            37.946733,
            4
          ],
          [
            -121.275806,
            37.946385,
            4.25
          ],
          [
            -121.275491,
            37.945214,
            3.75
          ],
          [
            -121.275474,
            37.945158,
            3.5
          ],
          [
            -121.275386,
            37.944853,
            3.5
          ],
          [
            -121.275275,
            37.944416,
            3.75
          ],
          [
            -121.275032,
            37.943523,
            5.25
          ],
          [
            -121.274455,
            37.941371,
            3
          ],
          [
            -121.27435,
            37.940929,
            4.5
          ],
          [
            -121.274295,
            37.940666,
            4.5
          ],
          [
            -121.274246,
            37.940398,
            4.25
          ],
          [
            -121.274171,
            37.939896,
            4
          ],
          [
            -121.274101,
            37.939226,
            3.75
          ],
          [
            -121.274093,
            37.939111,
            3.75
          ],
          [
            -121.27407,
            37.938697,
            4.75
          ],
          [
            -121.274064,
            37.9383,
            5.5
          ],
          [
            -121.274077,
            37.936992,
            5.5
          ],
          [
            -121.27409,
            37.933075,
            5.5
          ],
          [
            -121.274132,
            37.927623,
            5.75
          ],
          [
            -121.274138,
            37.926836,
            5.75
          ],
          [
            -121.27415,
            37.926598,
            5.75
          ],
          [
            -121.274254,
            37.915727,
            5
          ],
          [
            -121.274264,
            37.913173,
            3.25
          ],
          [
            -121.274268,
            37.91203,
            5.25
          ],
          [
            -121.274235,
            37.910935,
            5
          ],
          [
            -121.274241,
            37.910206,
            4.75
          ],
          [
            -121.274201,
            37.909048,
            4.75
          ],
          [
            -121.27418,
            37.908797,
            4.5
          ],
          [
            -121.274112,
            37.908476,
            4.25
          ],
          [
            -121.274045,
            37.908243,
            4.5
          ],
          [
            -121.273858,
            37.907702,
            5.5
          ],
          [
            -121.273647,
            37.907194,
            5
          ],
          [
            -121.273601,
            37.90708,
            4.75
          ],
          [
            -121.273477,
            37.906771,
            4.25
          ],
          [
            -121.273457,
            37.906722,
            4
          ],
          [
            -121.273124,
            37.905891,
            4
          ],
          [
            -121.271541,
            37.901973,
            3.5
          ],
          [
            -121.271265,
            37.901288,
            3.5
          ],
          [
            -121.271202,
            37.901132,
            4
          ],
          [
            -121.270887,
            37.900295,
            5.5
          ],
          [
            -121.270662,
            37.899597,
            6.5
          ],
          [
            -121.270599,
            37.899333,
            7
          ],
          [
            -121.270534,
            37.899084,
            7.5
          ],
          [
            -121.270458,
            37.898832,
            7.25
          ],
          [
            -121.270242,
            37.897922,
            7
          ],
          [
            -121.268976,
            37.892571,
            2.5
          ],
          [
            -121.268095,
            37.888776,
            4.25
          ],
          [
            -121.268072,
            37.888694,
            4
          ],
          [
            -121.268,
            37.888394,
            2.75
          ],
          [
            -121.267774,
            37.887429,
            4.5
          ],
          [
            -121.267728,
            37.887226,
            4.75
          ],
          [
            -121.266812,
            37.883415,
            7.25
          ],
          [
            -121.26623,
            37.880942,
            4.75
          ],
          [
            -121.265836,
            37.87893,
            3.5
          ],
          [
            -121.26575,
            37.87827,
            5
          ],
          [
            -121.265688,
            37.877554,
            4
          ],
          [
            -121.26559,
            37.87573,
            9.5
          ],
          [
            -121.265426,
            37.872846,
            6.25
          ],
          [
            -121.264874,
            37.862764,
            6
          ],
          [
            -121.264866,
            37.862615,
            6
          ],
          [
            -121.264857,
            37.862505,
            6
          ],
          [
            -121.264778,
            37.861926,
            5
          ],
          [
            -121.264749,
            37.861537,
            5
          ],
          [
            -121.264601,
            37.858529,
            8
          ],
          [
            -121.264407,
            37.855585,
            6.25
          ],
          [
            -121.264378,
            37.855096,
            6.75
          ],
          [
            -121.263098,
            37.831973,
            5.75
          ],
          [
            -121.262796,
            37.826625,
            2.5
          ],
          [
            -121.262767,
            37.826102,
            2.25
          ],
          [
            -121.262789,
            37.825126,
            4.5
          ],
          [
            -121.262766,
            37.824649,
            4.25
          ],
          [
            -121.262692,
            37.82338,
            2.5
          ],
          [
            -121.262657,
            37.822894,
            2.75
          ],
          [
            -121.262626,
            37.822246,
            3.5
          ],
          [
            -121.262594,
            37.821565,
            5
          ],
          [
            -121.262561,
            37.820977,
            5
          ],
          [
            -121.262517,
            37.820128,
            4.75
          ],
          [
            -121.262495,
            37.819782,
            4.75
          ],
          [
            -121.262452,
            37.819116,
            5
          ],
          [
            -121.262253,
            37.815405,
            5.25
          ],
          [
            -121.262179,
            37.814185,
            7.25
          ],
          [
            -121.262047,
            37.811881,
            4
          ],
          [
            -121.261898,
            37.809004,
            7
          ],
          [
            -121.261741,
            37.806199,
            6.75
          ],
          [
            -121.261723,
            37.805629,
            6.5
          ],
          [
            -121.261722,
            37.805002,
            5.25
          ],
          [
            -121.261741,
            37.804408,
            4.25
          ],
          [
            -121.261761,
            37.804088,
            3.75
          ],
          [
            -121.261815,
            37.803515,
            5.25
          ],
          [
            -121.261861,
            37.80317,
            5.5
          ],
          [
            -121.262005,
            37.802312,
            4
          ],
          [
            -121.262109,
            37.801841,
            4.25
          ],
          [
            -121.262266,
            37.801226,
            7
          ],
          [
            -121.262439,
            37.800634,
            8.25
          ],
          [
            -121.262646,
            37.800022,
            4.5
          ],
          [
            -121.262901,
            37.799365,
            5
          ],
          [
            -121.263029,
            37.799066,
            4.5
          ],
          [
            -121.26321,
            37.798672,
            4.5
          ],
          [
            -121.263517,
            37.798047,
            5
          ],
          [
            -121.263933,
            37.79732,
            4.75
          ],
          [
            -121.264082,
            37.797086,
            5.5
          ],
          [
            -121.264161,
            37.796961,
            5.75
          ],
          [
            -121.264748,
            37.796053,
            6.5
          ],
          [
            -121.265216,
            37.795403,
            6.25
          ],
          [
            -121.265466,
            37.795079,
            6
          ],
          [
            -121.266057,
            37.794381,
            6.5
          ],
          [
            -121.266664,
            37.793724,
            6.25
          ],
          [
            -121.267093,
            37.793299,
            4.5
          ],
          [
            -121.267588,
            37.792832,
            5.5
          ],
          [
            -121.267881,
            37.792572,
            5.75
          ],
          [
            -121.269196,
            37.791508,
            3.5
          ],
          [
            -121.270538,
            37.790571,
            6.75
          ],
          [
            -121.271058,
            37.790246,
            6.5
          ],
          [
            -121.271791,
            37.789825,
            6
          ],
          [
            -121.272441,
            37.789473,
            6.75
          ],
          [
            -121.273182,
            37.789103,
            6.5
          ],
          [
            -121.27393,
            37.788757,
            6.5
          ],
          [
            -121.274762,
            37.788406,
            6.75
          ],
          [
            -121.27559,
            37.78809,
            7
          ],
          [
            -121.276048,
            37.787925,
            6.5
          ],
          [
            -121.278838,
            37.786984,
            9
          ],
          [
            -121.279685,
            37.786699,
            9
          ],
          [
            -121.279851,
            37.786641,
            9.25
          ],
          [
            -121.281348,
            37.786118,
            4.5
          ],
          [
            -121.282668,
            37.785693,
            3.25
          ],
          [
            -121.288745,
            37.78363,
            0.75
          ],
          [
            -121.291422,
            37.782745,
            2
          ],
          [
            -121.30015,
            37.779798,
            4
          ],
          [
            -121.300428,
            37.779704,
            4.25
          ],
          [
            -121.301668,
            37.779283,
            8
          ],
          [
            -121.302723,
            37.77892,
            5
          ],
          [
            -121.303462,
            37.778667,
            5.5
          ],
          [
            -121.304055,
            37.77845,
            6.5
          ],
          [
            -121.304474,
            37.778274,
            5.75
          ],
          [
            -121.304882,
            37.778089,
            4.5
          ],
          [
            -121.305219,
            37.777919,
            3.75
          ],
          [
            -121.305523,
            37.777747,
            3.25
          ],
          [
            -121.305688,
            37.777654,
            3
          ],
          [
            -121.306122,
            37.777373,
            3.25
          ],
          [
            -121.306541,
            37.777072,
            4.25
          ],
          [
            -121.306943,
            37.776743,
            5.25
          ],
          [
            -121.307341,
            37.776375,
            5.25
          ],
          [
            -121.307653,
            37.776057,
            5.25
          ],
          [
            -121.308092,
            37.775572,
            4.25
          ],
          [
            -121.312214,
            37.770973,
            3.75
          ],
          [
            -121.312624,
            37.770517,
            2.75
          ],
          [
            -121.317693,
            37.76486,
            4
          ],
          [
            -121.317735,
            37.764812,
            4
          ],
          [
            -121.318692,
            37.763746,
            4.25
          ],
          [
            -121.318911,
            37.7635,
            4
          ],
          [
            -121.326024,
            37.755569,
            5.75
          ],
          [
            -121.32636,
            37.755201,
            5
          ],
          [
            -121.326707,
            37.754848,
            4.5
          ],
          [
            -121.326985,
            37.75458,
            3.5
          ],
          [
            -121.327612,
            37.753944,
            2.75
          ],
          [
            -121.328571,
            37.753182,
            3.75
          ],
          [
            -121.329484,
            37.752517,
            3.75
          ],
          [
            -121.331677,
            37.750975,
            3.25
          ],
          [
            -121.332613,
            37.750324,
            0.5
          ],
          [
            -121.333514,
            37.749715,
            3.75
          ],
          [
            -121.336609,
            37.747536,
            4.75
          ],
          [
            -121.337877,
            37.746654,
            5.75
          ],
          [
            -121.338412,
            37.746312,
            7.75
          ],
          [
            -121.33942,
            37.745614,
            6.75
          ],
          [
            -121.339588,
            37.745503,
            6.25
          ],
          [
            -121.340261,
            37.745058,
            4.5
          ],
          [
            -121.341899,
            37.743868,
            6.25
          ],
          [
            -121.343453,
            37.742765,
            9
          ],
          [
            -121.344025,
            37.742387,
            8.5
          ],
          [
            -121.346409,
            37.740721,
            7.25
          ],
          [
            -121.349068,
            37.738833,
            11
          ],
          [
            -121.357388,
            37.733,
            10.25
          ],
          [
            -121.361336,
            37.73024,
            14
          ],
          [
            -121.361696,
            37.729986,
            14
          ],
          [
            -121.365675,
            37.727208,
            14.75
          ],
          [
            -121.369587,
            37.724447,
            16.25
          ],
          [
            -121.371172,
            37.72332,
            17.75
          ],
          [
            -121.373777,
            37.721496,
            18.75
          ],
          [
            -121.376683,
            37.719465,
            18
          ],
          [
            -121.377742,
            37.71873,
            18
          ],
          [
            -121.378508,
            37.718217,
            19.25
          ],
          [
            -121.379896,
            37.717224,
            19.75
          ],
          [
            -121.38079,
            37.716599,
            19
          ],
          [
            -121.381607,
            37.716027,
            20.75
          ],
          [
            -121.384367,
            37.714088,
            22.5
          ],
          [
            -121.385174,
            37.713521,
            22.75
          ],
          [
            -121.389253,
            37.71066,
            25.75
          ],
          [
            -121.398113,
            37.704427,
            30.5
          ],
          [
            -121.403759,
            37.700462,
            33.5
          ],
          [
            -121.406472,
            37.698558,
            36.75
          ],
          [
            -121.407246,
            37.698027,
            36.75
          ],
          [
            -121.407538,
            37.697845,
            36.25
          ],
          [
            -121.407846,
            37.697665,
            36.25
          ],
          [
            -121.40826,
            37.697449,
            36.75
          ],
          [
            -121.40869,
            37.697245,
            37.25
          ],
          [
            -121.409299,
            37.697002,
            37.5
          ],
          [
            -121.409933,
            37.696785,
            38
          ],
          [
            -121.410382,
            37.696656,
            37.75
          ],
          [
            -121.410842,
            37.696543,
            38
          ],
          [
            -121.411371,
            37.69644,
            39.75
          ],
          [
            -121.411908,
            37.696358,
            40.5
          ],
          [
            -121.412342,
            37.696311,
            39.5
          ],
          [
            -121.412685,
            37.696283,
            38.75
          ],
          [
            -121.413042,
            37.696265,
            38
          ],
          [
            -121.413404,
            37.696255,
            37.25
          ],
          [
            -121.414007,
            37.696253,
            36.5
          ],
          [
            -121.415201,
            37.69625,
            39
          ],
          [
            -121.415347,
            37.69625,
            39.5
          ],
          [
            -121.416328,
            37.696249,
            41.25
          ],
          [
            -121.41641,
            37.696247,
            41.25
          ],
          [
            -121.430028,
            37.696226,
            43.5
          ],
          [
            -121.432727,
            37.696221,
            40.5
          ],
          [
            -121.434019,
            37.696218,
            42.5
          ],
          [
            -121.434611,
            37.696216,
            43.75
          ],
          [
            -121.452834,
            37.696186,
            48.75
          ],
          [
            -121.453048,
            37.696185,
            49.25
          ],
          [
            -121.470493,
            37.696151,
            59
          ],
          [
            -121.470696,
            37.696152,
            59.5
          ],
          [
            -121.476538,
            37.696139,
            64.5
          ],
          [
            -121.48278,
            37.696126,
            68.75
          ],
          [
            -121.483781,
            37.696149,
            68.75
          ],
          [
            -121.484683,
            37.696205,
            69
          ],
          [
            -121.485056,
            37.696238,
            69
          ],
          [
            -121.485909,
            37.696333,
            70
          ],
          [
            -121.48645,
            37.69641,
            72.5
          ],
          [
            -121.487008,
            37.6965,
            72.75
          ],
          [
            -121.487551,
            37.696604,
            71.25
          ],
          [
            -121.488126,
            37.696727,
            70.75
          ],
          [
            -121.488771,
            37.696878,
            71.5
          ],
          [
            -121.48968,
            37.697133,
            72.75
          ],
          [
            -121.490011,
            37.697234,
            74
          ],
          [
            -121.490494,
            37.697393,
            74.5
          ],
          [
            -121.490594,
            37.697426,
            74.75
          ],
          [
            -121.491068,
            37.697596,
            75.5
          ],
          [
            -121.492385,
            37.698139,
            75.5
          ],
          [
            -121.492533,
            37.698208,
            75.5
          ],
          [
            -121.493364,
            37.698592,
            77.75
          ],
          [
            -121.494194,
            37.699042,
            78
          ],
          [
            -121.495011,
            37.699535,
            80.25
          ],
          [
            -121.499827,
            37.702527,
            84.75
          ],
          [
            -121.500313,
            37.70276,
            86.5
          ],
          [
            -121.50054,
            37.702846,
            87.25
          ],
          [
            -121.500898,
            37.70294,
            88.25
          ],
          [
            -121.501296,
            37.70302,
            87.75
          ],
          [
            -121.501579,
            37.703061,
            87.75
          ],
          [
            -121.50182,
            37.703075,
            88.5
          ],
          [
            -121.502187,
            37.703085,
            90.5
          ],
          [
            -121.50258,
            37.703058,
            92.5
          ],
          [
            -121.502938,
            37.703006,
            93.25
          ],
          [
            -121.503239,
            37.702936,
            93.75
          ],
          [
            -121.503672,
            37.702801,
            92
          ],
          [
            -121.505863,
            37.702048,
            90.5
          ],
          [
            -121.509762,
            37.700657,
            94
          ],
          [
            -121.51033,
            37.700511,
            97
          ],
          [
            -121.510791,
            37.700428,
            99.5
          ],
          [
            -121.511299,
            37.700376,
            100.75
          ],
          [
            -121.511786,
            37.700367,
            102
          ],
          [
            -121.512246,
            37.700395,
            104
          ],
          [
            -121.512641,
            37.700442,
            104.5
          ],
          [
            -121.513019,
            37.700518,
            102.75
          ],
          [
            -121.513386,
            37.700618,
            100.5
          ],
          [
            -121.51382,
            37.700763,
            99
          ],
          [
            -121.514233,
            37.700909,
            98.5
          ],
          [
            -121.522957,
            37.70401,
            106
          ],
          [
            -121.523434,
            37.704181,
            105.75
          ],
          [
            -121.52385,
            37.70429,
            104.75
          ],
          [
            -121.524285,
            37.704381,
            104
          ],
          [
            -121.524723,
            37.704448,
            103.75
          ],
          [
            -121.525219,
            37.704498,
            104.25
          ],
          [
            -121.525737,
            37.704526,
            105.5
          ],
          [
            -121.533742,
            37.704865,
            113.5
          ],
          [
            -121.53419,
            37.704869,
            112.75
          ],
          [
            -121.534636,
            37.704864,
            111.25
          ],
          [
            -121.535077,
            37.704845,
            110
          ],
          [
            -121.535531,
            37.704815,
            110
          ],
          [
            -121.535983,
            37.704769,
            111
          ],
          [
            -121.536427,
            37.704711,
            114
          ],
          [
            -121.536849,
            37.704646,
            116.25
          ],
          [
            -121.537311,
            37.704558,
            118
          ],
          [
            -121.537888,
            37.704433,
            119.25
          ],
          [
            -121.539254,
            37.704067,
            117.75
          ],
          [
            -121.540818,
            37.703612,
            118.25
          ],
          [
            -121.541259,
            37.703512,
            120.75
          ],
          [
            -121.541512,
            37.703463,
            122
          ],
          [
            -121.541818,
            37.703436,
            122.25
          ],
          [
            -121.542093,
            37.703425,
            121.75
          ],
          [
            -121.542377,
            37.703422,
            121
          ],
          [
            -121.542775,
            37.703463,
            119.75
          ],
          [
            -121.543207,
            37.703554,
            119
          ],
          [
            -121.54377,
            37.703689,
            120.5
          ],
          [
            -121.545972,
            37.704258,
            125.25
          ],
          [
            -121.546526,
            37.704372,
            125
          ],
          [
            -121.546871,
            37.70442,
            126
          ],
          [
            -121.547229,
            37.704448,
            127.5
          ],
          [
            -121.547614,
            37.704466,
            128.5
          ],
          [
            -121.548095,
            37.704477,
            128.75
          ],
          [
            -121.552851,
            37.704341,
            129
          ],
          [
            -121.553026,
            37.704337,
            129.25
          ],
          [
            -121.554315,
            37.704284,
            133.5
          ],
          [
            -121.554618,
            37.704256,
            134.75
          ],
          [
            -121.555184,
            37.704151,
            135
          ],
          [
            -121.555668,
            37.704027,
            135.5
          ],
          [
            -121.55696,
            37.70358,
            136
          ],
          [
            -121.558027,
            37.703217,
            141.75
          ],
          [
            -121.558471,
            37.703084,
            141.25
          ],
          [
            -121.559014,
            37.702985,
            137.5
          ],
          [
            -121.559511,
            37.702934,
            136.25
          ],
          [
            -121.560064,
            37.702925,
            135.25
          ],
          [
            -121.560651,
            37.702966,
            133.5
          ],
          [
            -121.561137,
            37.703048,
            134
          ],
          [
            -121.561612,
            37.703168,
            136
          ],
          [
            -121.570228,
            37.705851,
            144.25
          ],
          [
            -121.571451,
            37.706237,
            150.75
          ],
          [
            -121.572636,
            37.706611,
            147
          ],
          [
            -121.572794,
            37.70666,
            146.5
          ],
          [
            -121.574884,
            37.707316,
            144.75
          ],
          [
            -121.575174,
            37.707408,
            147
          ],
          [
            -121.583323,
            37.709948,
            155.75
          ],
          [
            -121.583342,
            37.709954,
            155.75
          ],
          [
            -121.585345,
            37.710596,
            159.5
          ],
          [
            -121.585968,
            37.71083,
            156.75
          ],
          [
            -121.586596,
            37.711149,
            154.5
          ],
          [
            -121.587068,
            37.711463,
            154.5
          ],
          [
            -121.58755,
            37.71184,
            154.75
          ],
          [
            -121.587921,
            37.712171,
            158
          ],
          [
            -121.595184,
            37.719122,
            169
          ],
          [
            -121.595249,
            37.719183,
            169
          ],
          [
            -121.600403,
            37.724103,
            174
          ],
          [
            -121.604089,
            37.727621,
            175.75
          ],
          [
            -121.604443,
            37.727927,
            177.5
          ],
          [
            -121.604829,
            37.728203,
            178
          ],
          [
            -121.605146,
            37.728389,
            178.25
          ],
          [
            -121.605537,
            37.72858,
            180
          ],
          [
            -121.605897,
            37.72872,
            181.25
          ],
          [
            -121.610591,
            37.730443,
            180.25
          ],
          [
            -121.611068,
            37.730591,
            182.5
          ],
          [
            -121.611529,
            37.730697,
            185.75
          ],
          [
            -121.612002,
            37.730765,
            187.75
          ],
          [
            -121.612495,
            37.730799,
            188.75
          ],
          [
            -121.612999,
            37.730778,
            187.5
          ],
          [
            -121.613455,
            37.730727,
            186.75
          ],
          [
            -121.621035,
            37.729654,
            191.25
          ],
          [
            -121.621641,
            37.729577,
            184.25
          ],
          [
            -121.622231,
            37.729535,
            190.5
          ],
          [
            -121.622799,
            37.729557,
            197
          ],
          [
            -121.623308,
            37.729628,
            203
          ],
          [
            -121.623801,
            37.729725,
            207
          ],
          [
            -121.626153,
            37.730393,
            203.5
          ],
          [
            -121.627607,
            37.73082,
            193.5
          ],
          [
            -121.628115,
            37.731008,
            188
          ],
          [
            -121.628578,
            37.73119,
            184.5
          ],
          [
            -121.628967,
            37.731415,
            185.25
          ],
          [
            -121.629302,
            37.731663,
            188.75
          ],
          [
            -121.62961,
            37.731953,
            187.75
          ],
          [
            -121.629901,
            37.732238,
            194
          ],
          [
            -121.630069,
            37.732454,
            198.5
          ],
          [
            -121.630214,
            37.732683,
            203
          ],
          [
            -121.630379,
            37.732984,
            203
          ],
          [
            -121.630513,
            37.733296,
            207.25
          ],
          [
            -121.63062,
            37.73361,
            210.5
          ],
          [
            -121.631807,
            37.737765,
            205.5
          ],
          [
            -121.631995,
            37.738274,
            202.5
          ],
          [
            -121.63222,
            37.738677,
            205
          ],
          [
            -121.632515,
            37.739093,
            207.5
          ],
          [
            -121.63288,
            37.73945,
            214
          ],
          [
            -121.633282,
            37.739738,
            218
          ],
          [
            -121.633717,
            37.739993,
            216.5
          ],
          [
            -121.634205,
            37.740188,
            213.5
          ],
          [
            -121.634682,
            37.740328,
            213.25
          ],
          [
            -121.635163,
            37.74041,
            214.5
          ],
          [
            -121.635632,
            37.740453,
            217
          ],
          [
            -121.636664,
            37.740474,
            214.5
          ],
          [
            -121.63744,
            37.740492,
            209.25
          ],
          [
            -121.637797,
            37.740516,
            208.75
          ],
          [
            -121.638156,
            37.740572,
            208
          ],
          [
            -121.638448,
            37.74065,
            207.25
          ],
          [
            -121.638775,
            37.740774,
            207.25
          ],
          [
            -121.639042,
            37.740904,
            208.25
          ],
          [
            -121.639324,
            37.741079,
            211.25
          ],
          [
            -121.639587,
            37.741299,
            214.75
          ],
          [
            -121.640309,
            37.741985,
            219.25
          ],
          [
            -121.64061,
            37.742259,
            218.5
          ],
          [
            -121.640853,
            37.742442,
            217.75
          ],
          [
            -121.641092,
            37.742594,
            216
          ],
          [
            -121.641355,
            37.742727,
            214.75
          ],
          [
            -121.641658,
            37.742849,
            214
          ],
          [
            -121.641936,
            37.742938,
            214
          ],
          [
            -121.642248,
            37.743012,
            214.5
          ],
          [
            -121.642547,
            37.74306,
            215.5
          ],
          [
            -121.642873,
            37.743088,
            220.5
          ],
          [
            -121.643195,
            37.74309,
            225.5
          ],
          [
            -121.643522,
            37.743068,
            227.75
          ],
          [
            -121.643836,
            37.743022,
            227.75
          ],
          [
            -121.644126,
            37.742958,
            227.5
          ],
          [
            -121.644428,
            37.742871,
            224
          ],
          [
            -121.64536,
            37.74256,
            220.25
          ],
          [
            -121.645743,
            37.742448,
            223.25
          ],
          [
            -121.646088,
            37.742373,
            224.5
          ],
          [
            -121.646403,
            37.742333,
            225
          ],
          [
            -121.646685,
            37.742323,
            225.25
          ],
          [
            -121.646998,
            37.742337,
            225.75
          ],
          [
            -121.64732,
            37.742383,
            225.5
          ],
          [
            -121.647628,
            37.742453,
            223.75
          ],
          [
            -121.647964,
            37.742554,
            220.25
          ],
          [
            -121.648307,
            37.742672,
            216.75
          ],
          [
            -121.651818,
            37.743959,
            224.25
          ],
          [
            -121.652185,
            37.744097,
            226.75
          ],
          [
            -121.652504,
            37.744236,
            228.5
          ],
          [
            -121.652773,
            37.744385,
            230
          ],
          [
            -121.653062,
            37.744583,
            230.5
          ],
          [
            -121.65332,
            37.74478,
            230.25
          ],
          [
            -121.654788,
            37.745982,
            233
          ],
          [
            -121.655115,
            37.746241,
            229.75
          ],
          [
            -121.655332,
            37.746393,
            229
          ],
          [
            -121.655743,
            37.746614,
            227.75
          ],
          [
            -121.655986,
            37.74672,
            227.25
          ],
          [
            -121.656289,
            37.746829,
            227.25
          ],
          [
            -121.65653,
            37.746893,
            230
          ],
          [
            -121.656827,
            37.746949,
            232.5
          ],
          [
            -121.657102,
            37.746977,
            234.25
          ],
          [
            -121.65739,
            37.74699,
            236
          ],
          [
            -121.657691,
            37.746981,
            236.25
          ],
          [
            -121.658044,
            37.746942,
            235.75
          ],
          [
            -121.658317,
            37.746889,
            235
          ],
          [
            -121.658572,
            37.746821,
            233.25
          ],
          [
            -121.658852,
            37.746727,
            231.75
          ],
          [
            -121.659125,
            37.746612,
            230.75
          ],
          [
            -121.659466,
            37.746448,
            232
          ],
          [
            -121.659892,
            37.746229,
            232.25
          ],
          [
            -121.660983,
            37.745668,
            233.25
          ],
          [
            -121.663651,
            37.744296,
            232
          ],
          [
            -121.666068,
            37.743055,
            228.75
          ],
          [
            -121.669697,
            37.74119,
            232.75
          ],
          [
            -121.669933,
            37.741065,
            232.25
          ],
          [
            -121.670202,
            37.740912,
            232.5
          ],
          [
            -121.670495,
            37.740724,
            232.75
          ],
          [
            -121.670735,
            37.740546,
            232.5
          ],
          [
            -121.670946,
            37.740366,
            230.5
          ],
          [
            -121.671127,
            37.740195,
            228.5
          ],
          [
            -121.671295,
            37.740012,
            226.5
          ],
          [
            -121.671448,
            37.739827,
            225.75
          ],
          [
            -121.67162,
            37.739584,
            224.5
          ],
          [
            -121.671776,
            37.739326,
            222.75
          ],
          [
            -121.671898,
            37.739079,
            222.25
          ],
          [
            -121.671972,
            37.738898,
            222.75
          ],
          [
            -121.672056,
            37.738646,
            224
          ],
          [
            -121.672122,
            37.738368,
            225.5
          ],
          [
            -121.672162,
            37.738087,
            226.5
          ],
          [
            -121.672177,
            37.737805,
            227
          ],
          [
            -121.672178,
            37.737542,
            227.75
          ],
          [
            -121.672116,
            37.735608,
            226.5
          ],
          [
            -121.672086,
            37.734582,
            226.5
          ],
          [
            -121.672077,
            37.734199,
            228.25
          ],
          [
            -121.672087,
            37.733953,
            228.75
          ],
          [
            -121.672118,
            37.733711,
            229.5
          ],
          [
            -121.67218,
            37.733466,
            230.5
          ],
          [
            -121.672236,
            37.733324,
            231.25
          ],
          [
            -121.672276,
            37.733223,
            231
          ],
          [
            -121.672412,
            37.732972,
            229.5
          ],
          [
            -121.672578,
            37.732725,
            228
          ],
          [
            -121.672751,
            37.732502,
            227.75
          ],
          [
            -121.674725,
            37.730056,
            225
          ],
          [
            -121.674935,
            37.729782,
            223.25
          ],
          [
            -121.675104,
            37.729519,
            223.75
          ],
          [
            -121.675244,
            37.729273,
            225.75
          ],
          [
            -121.675347,
            37.729047,
            227.5
          ],
          [
            -121.675424,
            37.728841,
            229
          ],
          [
            -121.675486,
            37.72863,
            230.25
          ],
          [
            -121.675549,
            37.728376,
            231
          ],
          [
            -121.675638,
            37.727903,
            229.25
          ],
          [
            -121.675679,
            37.727704,
            228
          ],
          [
            -121.675704,
            37.727522,
            226.5
          ],
          [
            -121.675716,
            37.727342,
            226
          ],
          [
            -121.675707,
            37.72715,
            225.5
          ],
          [
            -121.675672,
            37.726803,
            224.75
          ],
          [
            -121.675674,
            37.726608,
            224.25
          ],
          [
            -121.675709,
            37.726392,
            223.5
          ],
          [
            -121.675765,
            37.726222,
            222.5
          ],
          [
            -121.675948,
            37.72583,
            222
          ],
          [
            -121.676024,
            37.725652,
            223.5
          ],
          [
            -121.676275,
            37.724819,
            225.5
          ],
          [
            -121.676377,
            37.724561,
            224.75
          ],
          [
            -121.676515,
            37.724304,
            223.25
          ],
          [
            -121.676703,
            37.72404,
            222.25
          ],
          [
            -121.676928,
            37.723793,
            226
          ],
          [
            -121.67717,
            37.723579,
            226.75
          ],
          [
            -121.677423,
            37.723402,
            225.5
          ],
          [
            -121.677695,
            37.723247,
            225.25
          ],
          [
            -121.678014,
            37.723098,
            225.5
          ],
          [
            -121.678365,
            37.72298,
            224.5
          ],
          [
            -121.678721,
            37.722893,
            223.75
          ],
          [
            -121.679032,
            37.722843,
            223.5
          ],
          [
            -121.679331,
            37.722821,
            223.5
          ],
          [
            -121.679634,
            37.72282,
            223.5
          ],
          [
            -121.679899,
            37.722836,
            224
          ],
          [
            -121.680209,
            37.722876,
            224.25
          ],
          [
            -121.680509,
            37.722934,
            224.25
          ],
          [
            -121.680835,
            37.723009,
            224.25
          ],
          [
            -121.683288,
            37.723644,
            224
          ],
          [
            -121.68362,
            37.723714,
            224.5
          ],
          [
            -121.683893,
            37.723756,
            223.5
          ],
          [
            -121.684141,
            37.723779,
            222
          ],
          [
            -121.68441,
            37.723785,
            220
          ],
          [
            -121.684687,
            37.723774,
            217.75
          ],
          [
            -121.684936,
            37.723748,
            215.25
          ],
          [
            -121.685517,
            37.723655,
            214
          ],
          [
            -121.68703,
            37.723394,
            211.5
          ],
          [
            -121.687394,
            37.723344,
            211.75
          ],
          [
            -121.68764,
            37.723326,
            211.75
          ],
          [
            -121.687938,
            37.723323,
            211.75
          ],
          [
            -121.688233,
            37.723342,
            212
          ],
          [
            -121.688508,
            37.723378,
            211.25
          ],
          [
            -121.68878,
            37.723433,
            210
          ],
          [
            -121.68903,
            37.723503,
            209.25
          ],
          [
            -121.689237,
            37.723575,
            209
          ],
          [
            -121.689451,
            37.723664,
            209
          ],
          [
            -121.689635,
            37.723754,
            209
          ],
          [
            -121.689858,
            37.72388,
            209.25
          ],
          [
            -121.690058,
            37.724003,
            209.75
          ],
          [
            -121.691612,
            37.72502,
            206.25
          ],
          [
            -121.691857,
            37.725172,
            205.75
          ],
          [
            -121.692067,
            37.725287,
            206.25
          ],
          [
            -121.692275,
            37.725385,
            206.75
          ],
          [
            -121.692472,
            37.725461,
            207.25
          ],
          [
            -121.692671,
            37.725527,
            208.25
          ],
          [
            -121.692882,
            37.725578,
            209.25
          ],
          [
            -121.693164,
            37.725631,
            210
          ],
          [
            -121.693457,
            37.725662,
            209.25
          ],
          [
            -121.693753,
            37.72567,
            206.5
          ],
          [
            -121.69402,
            37.725657,
            203.5
          ],
          [
            -121.694278,
            37.725628,
            201.25
          ],
          [
            -121.694533,
            37.72558,
            200
          ],
          [
            -121.694824,
            37.725505,
            198.5
          ],
          [
            -121.695104,
            37.725405,
            198
          ],
          [
            -121.69539,
            37.725271,
            199.25
          ],
          [
            -121.695651,
            37.725119,
            200.25
          ],
          [
            -121.695858,
            37.724971,
            201
          ],
          [
            -121.696064,
            37.724792,
            203.25
          ],
          [
            -121.696219,
            37.724631,
            205
          ],
          [
            -121.69635,
            37.724471,
            206.75
          ],
          [
            -121.696465,
            37.724303,
            208.75
          ],
          [
            -121.696561,
            37.724129,
            210.25
          ],
          [
            -121.696647,
            37.723932,
            210.75
          ],
          [
            -121.696706,
            37.723751,
            210.75
          ],
          [
            -121.696747,
            37.723557,
            210.5
          ],
          [
            -121.696768,
            37.723396,
            210
          ],
          [
            -121.69677,
            37.723234,
            208.5
          ],
          [
            -121.696761,
            37.723081,
            206.5
          ],
          [
            -121.696733,
            37.722899,
            203.75
          ],
          [
            -121.696689,
            37.722716,
            200.75
          ],
          [
            -121.696643,
            37.722571,
            200.75
          ],
          [
            -121.696588,
            37.722421,
            200.75
          ],
          [
            -121.696212,
            37.721496,
            201
          ],
          [
            -121.696082,
            37.721158,
            201
          ],
          [
            -121.696036,
            37.721011,
            202.25
          ],
          [
            -121.696,
            37.72086,
            203.25
          ],
          [
            -121.695956,
            37.720531,
            203.75
          ],
          [
            -121.695931,
            37.720207,
            203.75
          ],
          [
            -121.695616,
            37.715601,
            196.25
          ],
          [
            -121.695463,
            37.713354,
            194.25
          ],
          [
            -121.695455,
            37.713278,
            194.5
          ],
          [
            -121.695406,
            37.712898,
            197.25
          ],
          [
            -121.695279,
            37.712311,
            200.5
          ],
          [
            -121.695202,
            37.712051,
            200.5
          ],
          [
            -121.695112,
            37.711797,
            201
          ],
          [
            -121.694925,
            37.711344,
            199.75
          ],
          [
            -121.693864,
            37.709044,
            198.5
          ],
          [
            -121.693808,
            37.708878,
            198
          ],
          [
            -121.693765,
            37.708707,
            197.75
          ],
          [
            -121.693716,
            37.708311,
            197
          ],
          [
            -121.693724,
            37.708121,
            196.5
          ],
          [
            -121.693746,
            37.707939,
            196
          ],
          [
            -121.693787,
            37.707756,
            195.5
          ],
          [
            -121.693839,
            37.70758,
            194.75
          ],
          [
            -121.693928,
            37.707359,
            195.5
          ],
          [
            -121.694088,
            37.707085,
            197
          ],
          [
            -121.694357,
            37.706679,
            196.75
          ],
          [
            -121.694758,
            37.706162,
            191.25
          ],
          [
            -121.695091,
            37.705706,
            187.25
          ],
          [
            -121.696817,
            37.703416,
            185.5
          ],
          [
            -121.697138,
            37.702989,
            184.5
          ],
          [
            -121.69819,
            37.701587,
            183.25
          ],
          [
            -121.698517,
            37.701174,
            183.5
          ],
          [
            -121.698688,
            37.700981,
            184
          ],
          [
            -121.698866,
            37.700793,
            184.5
          ],
          [
            -121.699062,
            37.70061,
            184.5
          ],
          [
            -121.699272,
            37.700432,
            184.25
          ],
          [
            -121.699502,
            37.700253,
            184
          ],
          [
            -121.699725,
            37.700098,
            184
          ],
          [
            -121.700009,
            37.699917,
            184
          ],
          [
            -121.700277,
            37.699768,
            183.75
          ],
          [
            -121.700605,
            37.699599,
            183.25
          ],
          [
            -121.700895,
            37.69947,
            182.75
          ],
          [
            -121.701206,
            37.699347,
            182.25
          ],
          [
            -121.701529,
            37.699234,
            182
          ],
          [
            -121.701831,
            37.699142,
            181.25
          ],
          [
            -121.702189,
            37.699054,
            180.25
          ],
          [
            -121.702505,
            37.698993,
            179.75
          ],
          [
            -121.702801,
            37.698946,
            179.75
          ],
          [
            -121.710173,
            37.697988,
            174.25
          ],
          [
            -121.717063,
            37.697094,
            171.5
          ],
          [
            -121.718366,
            37.696927,
            170.25
          ],
          [
            -121.725598,
            37.695984,
            167.5
          ],
          [
            -121.726678,
            37.695844,
            166.75
          ],
          [
            -121.733975,
            37.694899,
            163.5
          ],
          [
            -121.734597,
            37.694806,
            164
          ],
          [
            -121.735261,
            37.694678,
            164
          ],
          [
            -121.735846,
            37.694527,
            163.5
          ],
          [
            -121.736187,
            37.694426,
            163.25
          ],
          [
            -121.7368,
            37.694216,
            162.5
          ],
          [
            -121.737274,
            37.694031,
            161.5
          ],
          [
            -121.739733,
            37.693015,
            162
          ],
          [
            -121.739877,
            37.692956,
            162
          ],
          [
            -121.741041,
            37.692476,
            163.25
          ],
          [
            -121.74705,
            37.690005,
            163
          ],
          [
            -121.749496,
            37.688997,
            160.5
          ],
          [
            -121.750472,
            37.688612,
            161
          ],
          [
            -121.75084,
            37.688477,
            160.25
          ],
          [
            -121.751446,
            37.688255,
            159.25
          ],
          [
            -121.752304,
            37.687966,
            159.25
          ],
          [
            -121.753131,
            37.687702,
            159.75
          ],
          [
            -121.753949,
            37.687461,
            159.25
          ],
          [
            -121.754354,
            37.687351,
            158.75
          ],
          [
            -121.755233,
            37.687139,
            158.25
          ],
          [
            -121.755996,
            37.686989,
            156.75
          ],
          [
            -121.756698,
            37.686867,
            156.25
          ],
          [
            -121.757198,
            37.686794,
            156.25
          ],
          [
            -121.759382,
            37.686522,
            154.75
          ],
          [
            -121.764102,
            37.685936,
            150
          ],
          [
            -121.764624,
            37.685859,
            150.5
          ],
          [
            -121.764782,
            37.685835,
            150.5
          ],
          [
            -121.764893,
            37.685812,
            150.75
          ],
          [
            -121.765449,
            37.685696,
            150.25
          ],
          [
            -121.766071,
            37.685531,
            149.25
          ],
          [
            -121.76699,
            37.685255,
            148.25
          ],
          [
            -121.768267,
            37.684873,
            147.75
          ],
          [
            -121.768341,
            37.684851,
            146
          ],
          [
            -121.769445,
            37.68452,
            146
          ],
          [
            -121.769972,
            37.684366,
            146
          ],
          [
            -121.772318,
            37.68366,
            145.5
          ],
          [
            -121.772418,
            37.683631,
            145.25
          ],
          [
            -121.772534,
            37.683597,
            145.25
          ],
          [
            -121.777107,
            37.682228,
            142.5
          ],
          [
            -121.777571,
            37.682088,
            142
          ],
          [
            -121.781038,
            37.68105,
            141.75
          ],
          [
            -121.782269,
            37.680681,
            141.5
          ],
          [
            -121.782427,
            37.680634,
            141.5
          ],
          [
            -121.787854,
            37.679005,
            137.5
          ],
          [
            -121.788482,
            37.678818,
            138.5
          ],
          [
            -121.789183,
            37.678647,
            138.25
          ],
          [
            -121.789682,
            37.67853,
            139
          ],
          [
            -121.790397,
            37.678364,
            139.75
          ],
          [
            -121.79118,
            37.678228,
            139
          ],
          [
            -121.791948,
            37.678126,
            136.75
          ],
          [
            -121.794916,
            37.677806,
            131.75
          ],
          [
            -121.805002,
            37.676717,
            126.75
          ],
          [
            -121.805641,
            37.676648,
            126
          ],
          [
            -121.808838,
            37.676295,
            122.25
          ],
          [
            -121.814592,
            37.675676,
            121
          ],
          [
            -121.826795,
            37.674339,
            116
          ],
          [
            -121.827043,
            37.674311,
            116
          ],
          [
            -121.827724,
            37.674236,
            115.75
          ],
          [
            -121.838425,
            37.673078,
            110.25
          ],
          [
            -121.854218,
            37.671358,
            112.5
          ],
          [
            -121.855354,
            37.671236,
            111
          ],
          [
            -121.855923,
            37.671175,
            109.75
          ],
          [
            -121.856112,
            37.671155,
            109.75
          ],
          [
            -121.857411,
            37.671013,
            109.25
          ],
          [
            -121.857804,
            37.670965,
            108.25
          ],
          [
            -121.858313,
            37.67089,
            107
          ],
          [
            -121.8584,
            37.670877,
            107
          ],
          [
            -121.858997,
            37.670772,
            108.25
          ],
          [
            -121.859567,
            37.670655,
            108.75
          ],
          [
            -121.859939,
            37.670564,
            109.25
          ],
          [
            -121.860593,
            37.670396,
            107.75
          ],
          [
            -121.873389,
            37.666651,
            105
          ],
          [
            -121.873521,
            37.666614,
            105
          ],
          [
            -121.874543,
            37.666312,
            104.75
          ],
          [
            -121.87477,
            37.666238,
            104.25
          ],
          [
            -121.875008,
            37.666156,
            104
          ],
          [
            -121.875237,
            37.666065,
            104.25
          ],
          [
            -121.875479,
            37.665957,
            104.5
          ],
          [
            -121.87571,
            37.665836,
            104.75
          ],
          [
            -121.875916,
            37.665719,
            105
          ],
          [
            -121.876113,
            37.665593,
            105
          ],
          [
            -121.876463,
            37.665331,
            105.75
          ],
          [
            -121.876658,
            37.665163,
            106.25
          ],
          [
            -121.876848,
            37.664982,
            106.5
          ],
          [
            -121.877256,
            37.664511,
            105.75
          ],
          [
            -121.878092,
            37.663493,
            105.25
          ],
          [
            -121.878164,
            37.663406,
            105
          ],
          [
            -121.87823,
            37.663325,
            104.75
          ],
          [
            -121.879529,
            37.661753,
            104
          ],
          [
            -121.879586,
            37.661684,
            104
          ],
          [
            -121.880294,
            37.660826,
            103.5
          ],
          [
            -121.88034,
            37.66077,
            103.25
          ],
          [
            -121.880378,
            37.660724,
            103.25
          ],
          [
            -121.881965,
            37.658797,
            102.75
          ],
          [
            -121.882709,
            37.657894,
            100
          ],
          [
            -121.882775,
            37.657812,
            99.5
          ],
          [
            -121.882845,
            37.657727,
            99.5
          ],
          [
            -121.88316,
            37.657345,
            99
          ],
          [
            -121.887941,
            37.651546,
            95.75
          ],
          [
            -121.888229,
            37.651196,
            95.75
          ],
          [
            -121.888468,
            37.650907,
            95.75
          ],
          [
            -121.891251,
            37.647523,
            99.75
          ],
          [
            -121.891531,
            37.647158,
            103.25
          ],
          [
            -121.891651,
            37.64698,
            104.25
          ],
          [
            -121.891776,
            37.646775,
            104
          ],
          [
            -121.891873,
            37.646586,
            103.25
          ],
          [
            -121.891967,
            37.646371,
            102.5
          ],
          [
            -121.892036,
            37.646183,
            102
          ],
          [
            -121.892101,
            37.645952,
            101.5
          ],
          [
            -121.89215,
            37.645716,
            100.75
          ],
          [
            -121.892178,
            37.645484,
            100.5
          ],
          [
            -121.892191,
            37.645234,
            100.25
          ],
          [
            -121.892186,
            37.645021,
            100.25
          ],
          [
            -121.892165,
            37.644808,
            100
          ],
          [
            -121.892132,
            37.644588,
            99.75
          ],
          [
            -121.892078,
            37.64437,
            99.5
          ],
          [
            -121.891998,
            37.64412,
            98.75
          ],
          [
            -121.891914,
            37.643911,
            98
          ],
          [
            -121.891802,
            37.643672,
            97
          ],
          [
            -121.891679,
            37.643442,
            95.5
          ],
          [
            -121.891299,
            37.642784,
            95
          ],
          [
            -121.888597,
            37.638141,
            92.25
          ],
          [
            -121.887411,
            37.636098,
            92
          ],
          [
            -121.887374,
            37.636035,
            92
          ],
          [
            -121.886129,
            37.633898,
            93
          ],
          [
            -121.885736,
            37.633283,
            92.25
          ],
          [
            -121.885031,
            37.632254,
            91
          ],
          [
            -121.88167,
            37.627402,
            92.75
          ],
          [
            -121.88132,
            37.626899,
            94.75
          ],
          [
            -121.881111,
            37.626569,
            96
          ],
          [
            -121.880977,
            37.626295,
            95.5
          ],
          [
            -121.880914,
            37.626129,
            95
          ],
          [
            -121.880827,
            37.625814,
            94
          ],
          [
            -121.880798,
            37.62563,
            94.5
          ],
          [
            -121.880781,
            37.625433,
            95
          ],
          [
            -121.880773,
            37.625121,
            95.5
          ],
          [
            -121.880773,
            37.62498,
            95.5
          ],
          [
            -121.880824,
            37.624168,
            95
          ],
          [
            -121.880825,
            37.623948,
            95.25
          ],
          [
            -121.880828,
            37.623034,
            96
          ],
          [
            -121.88081,
            37.622585,
            96.25
          ],
          [
            -121.880751,
            37.622183,
            97.5
          ],
          [
            -121.880642,
            37.621762,
            99.25
          ],
          [
            -121.880511,
            37.621359,
            98.5
          ],
          [
            -121.879125,
            37.618199,
            91.25
          ],
          [
            -121.878596,
            37.617128,
            91.25
          ],
          [
            -121.877381,
            37.614878,
            89.25
          ],
          [
            -121.876428,
            37.613106,
            88.25
          ],
          [
            -121.8763,
            37.612866,
            88
          ],
          [
            -121.876046,
            37.612481,
            86.75
          ],
          [
            -121.87587,
            37.61219,
            86.75
          ],
          [
            -121.875793,
            37.612047,
            87
          ],
          [
            -121.875579,
            37.611636,
            87.5
          ],
          [
            -121.875339,
            37.611071,
            86.75
          ],
          [
            -121.875181,
            37.610611,
            85.75
          ],
          [
            -121.875036,
            37.610021,
            83.75
          ],
          [
            -121.874983,
            37.60971,
            83
          ],
          [
            -121.874938,
            37.609315,
            81.75
          ],
          [
            -121.874921,
            37.60884,
            81.5
          ],
          [
            -121.874933,
            37.608443,
            81.75
          ],
          [
            -121.874974,
            37.608011,
            82.75
          ],
          [
            -121.875236,
            37.606264,
            81.75
          ],
          [
            -121.875361,
            37.605409,
            81
          ],
          [
            -121.875754,
            37.602825,
            80.75
          ],
          [
            -121.875876,
            37.602086,
            81
          ],
          [
            -121.876003,
            37.601645,
            81.5
          ],
          [
            -121.87608,
            37.601472,
            81.25
          ],
          [
            -121.876206,
            37.601231,
            81
          ],
          [
            -121.876349,
            37.601014,
            80.5
          ],
          [
            -121.876491,
            37.600826,
            79.75
          ],
          [
            -121.876673,
            37.600629,
            79.75
          ],
          [
            -121.876816,
            37.600491,
            80.5
          ],
          [
            -121.876979,
            37.600353,
            81
          ],
          [
            -121.877204,
            37.600192,
            81.25
          ],
          [
            -121.877494,
            37.600019,
            81
          ],
          [
            -121.87775,
            37.599893,
            82
          ],
          [
            -121.878039,
            37.599775,
            83
          ],
          [
            -121.87839,
            37.599655,
            83.75
          ],
          [
            -121.878683,
            37.599571,
            83
          ],
          [
            -121.879101,
            37.599475,
            82
          ],
          [
            -121.880409,
            37.599195,
            79.75
          ],
          [
            -121.880809,
            37.599098,
            79.75
          ],
          [
            -121.881097,
            37.599015,
            80.5
          ],
          [
            -121.881378,
            37.598915,
            80.75
          ],
          [
            -121.881583,
            37.59883,
            80.75
          ],
          [
            -121.881806,
            37.598718,
            80.25
          ],
          [
            -121.882057,
            37.598571,
            79.25
          ],
          [
            -121.882275,
            37.598418,
            77.75
          ],
          [
            -121.882482,
            37.598256,
            77
          ],
          [
            -121.882675,
            37.598091,
            77.75
          ],
          [
            -121.885614,
            37.595407,
            77.25
          ],
          [
            -121.886224,
            37.594858,
            76.75
          ],
          [
            -121.886301,
            37.594787,
            76.75
          ],
          [
            -121.886752,
            37.594381,
            77.25
          ],
          [
            -121.887044,
            37.594146,
            77.25
          ],
          [
            -121.887214,
            37.594024,
            77.5
          ],
          [
            -121.88727,
            37.593984,
            77.5
          ],
          [
            -121.887328,
            37.593947,
            77.75
          ],
          [
            -121.887485,
            37.593847,
            77.75
          ],
          [
            -121.887683,
            37.593734,
            78
          ],
          [
            -121.887951,
            37.593598,
            78
          ],
          [
            -121.888171,
            37.593501,
            78
          ],
          [
            -121.888364,
            37.593427,
            78
          ],
          [
            -121.8886,
            37.593347,
            77.25
          ],
          [
            -121.888999,
            37.593232,
            76.25
          ],
          [
            -121.889235,
            37.593179,
            75.75
          ],
          [
            -121.889532,
            37.593128,
            75.75
          ],
          [
            -121.889739,
            37.5931,
            75.75
          ],
          [
            -121.889977,
            37.593078,
            75.5
          ],
          [
            -121.890203,
            37.593063,
            75.5
          ],
          [
            -121.89046,
            37.59306,
            75.5
          ],
          [
            -121.890813,
            37.593071,
            75.5
          ],
          [
            -121.891172,
            37.593101,
            75.5
          ],
          [
            -121.893563,
            37.593415,
            73.75
          ],
          [
            -121.896905,
            37.593854,
            71
          ],
          [
            -121.897291,
            37.593911,
            71
          ],
          [
            -121.897722,
            37.593984,
            71
          ],
          [
            -121.898126,
            37.594068,
            71
          ],
          [
            -121.898523,
            37.594166,
            70.75
          ],
          [
            -121.901273,
            37.594885,
            70.25
          ],
          [
            -121.901611,
            37.594961,
            68.75
          ],
          [
            -121.901846,
            37.595007,
            67.75
          ],
          [
            -121.902089,
            37.595047,
            68
          ],
          [
            -121.902317,
            37.595076,
            68.25
          ],
          [
            -121.902724,
            37.595111,
            69
          ],
          [
            -121.903197,
            37.595128,
            69.75
          ],
          [
            -121.903439,
            37.595124,
            70.25
          ],
          [
            -121.903927,
            37.595098,
            71.25
          ],
          [
            -121.904436,
            37.595039,
            71.25
          ],
          [
            -121.904765,
            37.594981,
            70.75
          ],
          [
            -121.905031,
            37.594926,
            70.5
          ],
          [
            -121.905332,
            37.594849,
            70
          ],
          [
            -121.905625,
            37.594765,
            70.25
          ],
          [
            -121.906111,
            37.5946,
            72.25
          ],
          [
            -121.910298,
            37.592989,
            71.75
          ],
          [
            -121.910694,
            37.592853,
            70
          ],
          [
            -121.911073,
            37.592741,
            69.5
          ],
          [
            -121.911464,
            37.592652,
            70.25
          ],
          [
            -121.91186,
            37.592591,
            71.5
          ],
          [
            -121.912228,
            37.592561,
            73.75
          ],
          [
            -121.912601,
            37.592548,
            74.75
          ],
          [
            -121.912976,
            37.592564,
            73.25
          ],
          [
            -121.91335,
            37.592601,
            71.5
          ],
          [
            -121.913739,
            37.592666,
            72.75
          ],
          [
            -121.914166,
            37.592766,
            72.5
          ],
          [
            -121.91454,
            37.592878,
            74.5
          ],
          [
            -121.914888,
            37.592995,
            74.75
          ],
          [
            -121.916444,
            37.593571,
            72.75
          ],
          [
            -121.916782,
            37.593715,
            73.5
          ],
          [
            -121.917096,
            37.593876,
            76
          ],
          [
            -121.917369,
            37.594044,
            75.75
          ],
          [
            -121.917593,
            37.594218,
            77
          ],
          [
            -121.920179,
            37.596506,
            78
          ],
          [
            -121.920555,
            37.596825,
            79.5
          ],
          [
            -121.920952,
            37.59711,
            78.75
          ],
          [
            -121.921472,
            37.597399,
            74.75
          ],
          [
            -121.921998,
            37.597645,
            73.25
          ],
          [
            -121.922513,
            37.597858,
            72
          ],
          [
            -121.923039,
            37.598011,
            69.75
          ],
          [
            -121.923575,
            37.598087,
            68
          ],
          [
            -121.924069,
            37.598104,
            65.5
          ],
          [
            -121.924616,
            37.59804,
            63
          ],
          [
            -121.925125,
            37.597921,
            61.25
          ],
          [
            -121.925592,
            37.597747,
            61.75
          ],
          [
            -121.926043,
            37.597518,
            61.25
          ],
          [
            -121.927456,
            37.596743,
            60.5
          ],
          [
            -121.929176,
            37.595801,
            72
          ],
          [
            -121.930334,
            37.595137,
            75.25
          ],
          [
            -121.930624,
            37.594904,
            69.25
          ],
          [
            -121.930828,
            37.594678,
            64.5
          ],
          [
            -121.931016,
            37.594428,
            65.25
          ],
          [
            -121.931928,
            37.592868,
            64.75
          ],
          [
            -121.932217,
            37.592489,
            62.5
          ],
          [
            -121.932555,
            37.592171,
            65.5
          ],
          [
            -121.932936,
            37.591873,
            68
          ],
          [
            -121.933371,
            37.591626,
            65
          ],
          [
            -121.933945,
            37.591397,
            71.25
          ],
          [
            -121.934535,
            37.591252,
            71.25
          ],
          [
            -121.935125,
            37.591172,
            69.75
          ],
          [
            -121.936077,
            37.591135,
            80
          ],
          [
            -121.95095,
            37.590555,
            60.75
          ],
          [
            -121.951674,
            37.590534,
            54.25
          ],
          [
            -121.952361,
            37.590458,
            53
          ],
          [
            -121.953063,
            37.590347,
            50.25
          ],
          [
            -121.953771,
            37.59019,
            46.75
          ],
          [
            -121.954442,
            37.590003,
            44.5
          ],
          [
            -121.955129,
            37.589748,
            45.75
          ],
          [
            -121.955767,
            37.589471,
            46
          ],
          [
            -121.956368,
            37.58917,
            44.25
          ],
          [
            -121.956985,
            37.588804,
            52
          ],
          [
            -121.957559,
            37.588404,
            50.25
          ],
          [
            -121.958712,
            37.587533,
            46.75
          ],
          [
            -121.959098,
            37.587278,
            44
          ],
          [
            -121.959667,
            37.587014,
            46.5
          ],
          [
            -121.961126,
            37.586407,
            43.25
          ],
          [
            -121.96162,
            37.586147,
            42
          ],
          [
            -121.962027,
            37.585862,
            39.5
          ],
          [
            -121.962371,
            37.585539,
            37.75
          ],
          [
            -121.962655,
            37.585208,
            38.5
          ],
          [
            -121.962907,
            37.584795,
            37.75
          ],
          [
            -121.963079,
            37.584375,
            36.5
          ],
          [
            -121.963159,
            37.583975,
            36
          ],
          [
            -121.963175,
            37.583524,
            35.5
          ],
          [
            -121.963132,
            37.583069,
            36
          ],
          [
            -121.96288,
            37.581046,
            34
          ],
          [
            -121.962864,
            37.58071,
            33.75
          ],
          [
            -121.96287,
            37.580365,
            33
          ],
          [
            -121.962905,
            37.580044,
            32.5
          ],
          [
            -121.962974,
            37.579693,
            30.75
          ],
          [
            -121.963095,
            37.579324,
            28.75
          ],
          [
            -121.963251,
            37.578977,
            28.25
          ],
          [
            -121.963468,
            37.578622,
            28.25
          ],
          [
            -121.963723,
            37.578275,
            28
          ],
          [
            -121.964104,
            37.577891,
            27.5
          ],
          [
            -121.964802,
            37.577302,
            25.75
          ],
          [
            -121.966671,
            37.575704,
            23.75
          ],
          [
            -121.967835,
            37.574708,
            23.25
          ],
          [
            -121.967933,
            37.574622,
            23.5
          ],
          [
            -121.96805,
            37.574519,
            23.25
          ],
          [
            -121.968553,
            37.574046,
            22.25
          ],
          [
            -121.968803,
            37.573834,
            22
          ],
          [
            -121.969174,
            37.57355,
            22
          ],
          [
            -121.969194,
            37.573534,
            22
          ],
          [
            -121.969613,
            37.573219,
            20
          ],
          [
            -121.969706,
            37.573142,
            20
          ],
          [
            -121.969793,
            37.57306,
            19.75
          ],
          [
            -121.969908,
            37.57292,
            20.25
          ],
          [
            -121.970009,
            37.572749,
            21
          ],
          [
            -121.970081,
            37.572562,
            22.25
          ],
          [
            -121.970113,
            37.5724,
            22.75
          ],
          [
            -121.970116,
            37.572216,
            23
          ],
          [
            -121.970092,
            37.57208,
            23.25
          ],
          [
            -121.970015,
            37.571511,
            23.75
          ],
          [
            -121.970007,
            37.571425,
            23.5
          ],
          [
            -121.970011,
            37.57127,
            23.5
          ],
          [
            -121.97002,
            37.571154,
            23.25
          ],
          [
            -121.970048,
            37.571033,
            23
          ],
          [
            -121.97009,
            37.570918,
            23
          ],
          [
            -121.970177,
            37.570734,
            23
          ],
          [
            -121.970329,
            37.570526,
            22.75
          ],
          [
            -121.970495,
            37.570351,
            22.5
          ],
          [
            -121.970747,
            37.570177,
            22.25
          ],
          [
            -121.970892,
            37.570095,
            22
          ],
          [
            -121.971041,
            37.570022,
            21.75
          ],
          [
            -121.971351,
            37.569906,
            21.5
          ],
          [
            -121.971919,
            37.569742,
            21.5
          ],
          [
            -121.972264,
            37.569646,
            21.75
          ],
          [
            -121.973471,
            37.56931,
            22.25
          ],
          [
            -121.974578,
            37.569002,
            21
          ],
          [
            -121.974708,
            37.568965,
            21
          ],
          [
            -121.983586,
            37.566511,
            22.25
          ],
          [
            -121.995443,
            37.563224,
            13.5
          ],
          [
            -121.995697,
            37.563154,
            13.5
          ],
          [
            -121.996319,
            37.562982,
            14.5
          ],
          [
            -122.004462,
            37.560724,
            18.25
          ],
          [
            -122.004761,
            37.560638,
            18.25
          ],
          [
            -122.005045,
            37.560536,
            18.25
          ],
          [
            -122.005315,
            37.560428,
            17.75
          ],
          [
            -122.005587,
            37.560303,
            17.25
          ],
          [
            -122.005824,
            37.560182,
            17
          ],
          [
            -122.006144,
            37.559995,
            16.5
          ],
          [
            -122.006314,
            37.559888,
            16.5
          ],
          [
            -122.006541,
            37.559726,
            16.5
          ],
          [
            -122.006905,
            37.559416,
            16.75
          ],
          [
            -122.007106,
            37.559211,
            16.25
          ],
          [
            -122.007284,
            37.559006,
            15.75
          ],
          [
            -122.007464,
            37.558781,
            15.5
          ],
          [
            -122.007581,
            37.558634,
            15.5
          ],
          [
            -122.007646,
            37.558554,
            15.75
          ],
          [
            -122.008416,
            37.557566,
            15
          ],
          [
            -122.010903,
            37.554385,
            13
          ],
          [
            -122.010968,
            37.554302,
            13
          ],
          [
            -122.011043,
            37.554205,
            13.25
          ],
          [
            -122.013604,
            37.55091,
            13.25
          ],
          [
            -122.017292,
            37.546213,
            10
          ],
          [
            -122.017333,
            37.546161,
            10
          ],
          [
            -122.01743,
            37.546039,
            9.5
          ],
          [
            -122.017474,
            37.545985,
            9.25
          ],
          [
            -122.017552,
            37.54589,
            9
          ],
          [
            -122.019762,
            37.543181,
            7.5
          ],
          [
            -122.020278,
            37.54255,
            9
          ],
          [
            -122.022236,
            37.54015,
            9.75
          ],
          [
            -122.022308,
            37.540061,
            9.75
          ],
          [
            -122.022378,
            37.539975,
            9.75
          ],
          [
            -122.025224,
            37.536496,
            7.5
          ],
          [
            -122.02672,
            37.534667,
            9.25
          ],
          [
            -122.027965,
            37.533127,
            6.25
          ],
          [
            -122.028256,
            37.532766,
            6.25
          ],
          [
            -122.029716,
            37.530987,
            4.5
          ],
          [
            -122.029756,
            37.530937,
            4.25
          ],
          [
            -122.029844,
            37.530831,
            4
          ],
          [
            -122.029896,
            37.530767,
            4
          ],
          [
            -122.030198,
            37.530395,
            4.5
          ],
          [
            -122.030445,
            37.530091,
            4.5
          ],
          [
            -122.031004,
            37.529403,
            4
          ],
          [
            -122.031401,
            37.528915,
            4.75
          ],
          [
            -122.032022,
            37.528156,
            5.25
          ],
          [
            -122.032642,
            37.527394,
            5.25
          ],
          [
            -122.032748,
            37.527266,
            5.5
          ],
          [
            -122.032819,
            37.527178,
            5.75
          ],
          [
            -122.032892,
            37.527086,
            5.75
          ],
          [
            -122.032901,
            37.527075,
            5.75
          ],
          [
            -122.033029,
            37.52689,
            6
          ],
          [
            -122.03313,
            37.526677,
            6
          ],
          [
            -122.03319,
            37.526469,
            5.5
          ],
          [
            -122.033202,
            37.526248,
            5
          ],
          [
            -122.033185,
            37.526038,
            4.5
          ],
          [
            -122.033129,
            37.525827,
            4
          ],
          [
            -122.03301,
            37.525597,
            4
          ],
          [
            -122.032866,
            37.52539,
            4
          ],
          [
            -122.032686,
            37.525213,
            4
          ],
          [
            -122.032387,
            37.525009,
            4
          ],
          [
            -122.03206,
            37.524834,
            4
          ],
          [
            -122.031595,
            37.524616,
            4.25
          ],
          [
            -122.031128,
            37.524403,
            4.75
          ],
          [
            -122.030867,
            37.524283,
            5.5
          ],
          [
            -122.030728,
            37.524219,
            5.5
          ],
          [
            -122.029802,
            37.523794,
            4.25
          ],
          [
            -122.029676,
            37.523733,
            4.25
          ],
          [
            -122.028975,
            37.523386,
            3.75
          ],
          [
            -122.028082,
            37.522969,
            3.5
          ],
          [
            -122.027466,
            37.522683,
            4.75
          ],
          [
            -122.026893,
            37.522433,
            4.75
          ],
          [
            -122.026187,
            37.522107,
            4
          ],
          [
            -122.023866,
            37.521024,
            1
          ],
          [
            -122.020888,
            37.519637,
            1
          ],
          [
            -122.0173,
            37.517983,
            1.75
          ],
          [
            -122.012118,
            37.515576,
            6.25
          ],
          [
            -122.010088,
            37.514635,
            2.5
          ],
          [
            -122.009713,
            37.51444,
            2
          ],
          [
            -122.00939,
            37.514256,
            2
          ],
          [
            -122.008857,
            37.513914,
            1.5
          ],
          [
            -122.008365,
            37.513565,
            1.75
          ],
          [
            -122.007513,
            37.512812,
            2.5
          ],
          [
            -122.005464,
            37.510869,
            0
          ],
          [
            -122.005334,
            37.510748,
            0
          ],
          [
            -122.004336,
            37.509813,
            1.75
          ],
          [
            -122.003975,
            37.509476,
            1.75
          ],
          [
            -122.003595,
            37.509139,
            1.25
          ],
          [
            -122.002971,
            37.508571,
            2.25
          ],
          [
            -122.00243,
            37.508056,
            3.5
          ],
          [
            -122.000859,
            37.506568,
            2
          ],
          [
            -121.997993,
            37.503852,
            0.25
          ],
          [
            -121.994387,
            37.500446,
            0
          ],
          [
            -121.99245,
            37.498598,
            1.25
          ],
          [
            -121.992314,
            37.498469,
            1.25
          ],
          [
            -121.991151,
            37.497363,
            -0.5
          ],
          [
            -121.990956,
            37.497177,
            -0.5
          ],
          [
            -121.990278,
            37.496534,
            -1.25
          ],
          [
            -121.989175,
            37.495489,
            0
          ],
          [
            -121.981952,
            37.488637,
            0
          ],
          [
            -121.981175,
            37.4879,
            0
          ],
          [
            -121.981094,
            37.487822,
            0
          ],
          [
            -121.978005,
            37.484859,
            0.5
          ],
          [
            -121.975832,
            37.482836,
            0
          ],
          [
            -121.975425,
            37.482435,
            -0.25
          ],
          [
            -121.975245,
            37.482243,
            -0.5
          ],
          [
            -121.975067,
            37.482044,
            -0.25
          ],
          [
            -121.974753,
            37.481649,
            -0.5
          ],
          [
            -121.974601,
            37.481442,
            -0.5
          ],
          [
            -121.974364,
            37.481078,
            -0.25
          ],
          [
            -121.974119,
            37.480643,
            0
          ],
          [
            -121.974014,
            37.480427,
            0
          ],
          [
            -121.973814,
            37.479969,
            0
          ],
          [
            -121.973734,
            37.47974,
            0
          ],
          [
            -121.973658,
            37.479512,
            0
          ],
          [
            -121.973596,
            37.479295,
            0.25
          ],
          [
            -121.97354,
            37.479065,
            0.25
          ],
          [
            -121.973492,
            37.478842,
            0.25
          ],
          [
            -121.973424,
            37.478386,
            0.25
          ],
          [
            -121.97339,
            37.477952,
            0.25
          ],
          [
            -121.973385,
            37.477506,
            0
          ],
          [
            -121.973964,
            37.470024,
            -1.75
          ],
          [
            -121.973968,
            37.469971,
            -1.75
          ],
          [
            -121.974143,
            37.467718,
            0.25
          ],
          [
            -121.974622,
            37.461488,
            -0.25
          ],
          [
            -121.974667,
            37.460798,
            0
          ],
          [
            -121.97476,
            37.459601,
            0
          ],
          [
            -121.974969,
            37.457015,
            0
          ],
          [
            -121.975301,
            37.452709,
            -1.25
          ],
          [
            -121.9756,
            37.448618,
            -1.25
          ],
          [
            -121.976279,
            37.439696,
            -2.5
          ],
          [
            -121.976335,
            37.439236,
            -1.25
          ],
          [
            -121.976437,
            37.438727,
            -2.25
          ],
          [
            -121.976584,
            37.438246,
            -2.75
          ],
          [
            -121.976758,
            37.43778,
            -2.25
          ],
          [
            -121.97707,
            37.436942,
            -2
          ],
          [
            -121.977213,
            37.436529,
            -2.25
          ],
          [
            -121.977348,
            37.436089,
            -2.25
          ],
          [
            -121.977451,
            37.435609,
            -2.25
          ],
          [
            -121.977517,
            37.435157,
            -2.75
          ],
          [
            -121.977552,
            37.434635,
            -2.5
          ],
          [
            -121.977543,
            37.428243,
            -1
          ],
          [
            -121.977543,
            37.428187,
            -1
          ],
          [
            -121.97754,
            37.427271,
            -1
          ],
          [
            -121.977539,
            37.427203,
            -1
          ],
          [
            -121.97754,
            37.42716,
            -1
          ],
          [
            -121.977546,
            37.426331,
            -0.5
          ],
          [
            -121.977522,
            37.425712,
            0
          ],
          [
            -121.977359,
            37.423537,
            1.25
          ],
          [
            -121.977347,
            37.423409,
            0.75
          ],
          [
            -121.977244,
            37.422043,
            2.25
          ],
          [
            -121.977189,
            37.421661,
            3.5
          ],
          [
            -121.977135,
            37.421345,
            3.25
          ],
          [
            -121.977055,
            37.42107,
            2.75
          ],
          [
            -121.976938,
            37.420708,
            2.25
          ],
          [
            -121.976796,
            37.420382,
            2.25
          ],
          [
            -121.97662,
            37.420065,
            2.75
          ],
          [
            -121.976441,
            37.419789,
            3.75
          ],
          [
            -121.976242,
            37.419515,
            4.25
          ],
          [
            -121.976045,
            37.419268,
            4
          ],
          [
            -121.975825,
            37.419024,
            2.75
          ],
          [
            -121.974654,
            37.41784,
            1.75
          ],
          [
            -121.9746,
            37.417784,
            2
          ],
          [
            -121.974297,
            37.417472,
            1.75
          ],
          [
            -121.974031,
            37.417184,
            1.25
          ],
          [
            -121.973752,
            37.416841,
            1.5
          ],
          [
            -121.973565,
            37.416564,
            1
          ],
          [
            -121.973512,
            37.416483,
            0.75
          ],
          [
            -121.973451,
            37.4164,
            0.5
          ],
          [
            -121.973368,
            37.41628,
            0
          ],
          [
            -121.971273,
            37.413172,
            2
          ],
          [
            -121.969192,
            37.410106,
            3.75
          ],
          [
            -121.967596,
            37.407723,
            1.75
          ],
          [
            -121.967515,
            37.407601,
            1.75
          ],
          [
            -121.967472,
            37.407536,
            2
          ],
          [
            -121.966187,
            37.405629,
            3.25
          ],
          [
            -121.966007,
            37.405365,
            3.25
          ],
          [
            -121.963768,
            37.402071,
            3.5
          ],
          [
            -121.958943,
            37.39492,
            4.25
          ],
          [
            -121.958872,
            37.394815,
            4.25
          ],
          [
            -121.958831,
            37.394753,
            4.25
          ],
          [
            -121.955479,
            37.38977,
            4.25
          ],
          [
            -121.953631,
            37.387056,
            4
          ],
          [
            -121.953141,
            37.386296,
            5.25
          ],
          [
            -121.953018,
            37.386119,
            6.25
          ],
          [
            -121.952653,
            37.38559,
            7.75
          ],
          [
            -121.951502,
            37.383854,
            7.5
          ],
          [
            -121.94979,
            37.381321,
            6
          ],
          [
            -121.949443,
            37.380809,
            7
          ],
          [
            -121.948395,
            37.379264,
            8.75
          ],
          [
            -121.947759,
            37.37814,
            10.25
          ],
          [
            -121.947503,
            37.377675,
            10.75
          ],
          [
            -121.946904,
            37.376596,
            9.25
          ],
          [
            -121.946536,
            37.375909,
            8.25
          ],
          [
            -121.94637,
            37.375556,
            8
          ],
          [
            -121.946235,
            37.375211,
            7
          ],
          [
            -121.946046,
            37.374642,
            7
          ],
          [
            -121.945834,
            37.373801,
            9.25
          ],
          [
            -121.945764,
            37.373489,
            9.5
          ],
          [
            -121.945649,
            37.372795,
            10.75
          ],
          [
            -121.945541,
            37.371942,
            11.75
          ],
          [
            -121.945519,
            37.371259,
            12
          ],
          [
            -121.945515,
            37.370334,
            10.75
          ],
          [
            -121.945516,
            37.369422,
            9.25
          ],
          [
            -121.945516,
            37.369287,
            9
          ],
          [
            -121.945516,
            37.368266,
            8.5
          ],
          [
            -121.945517,
            37.367442,
            10
          ],
          [
            -121.945518,
            37.366508,
            10.25
          ],
          [
            -121.945519,
            37.364067,
            11.5
          ],
          [
            -121.945511,
            37.363882,
            11.25
          ],
          [
            -121.945478,
            37.363514,
            11
          ],
          [
            -121.945456,
            37.363336,
            11
          ],
          [
            -121.945423,
            37.363164,
            11.25
          ],
          [
            -121.945333,
            37.36278,
            11.5
          ],
          [
            -121.945273,
            37.362576,
            11.75
          ],
          [
            -121.94513,
            37.362168,
            11.75
          ],
          [
            -121.945051,
            37.361972,
            12.25
          ],
          [
            -121.944874,
            37.361579,
            12.75
          ],
          [
            -121.94478,
            37.361392,
            13
          ],
          [
            -121.94389,
            37.359793,
            14
          ],
          [
            -121.94305,
            37.358256,
            13.25
          ],
          [
            -121.942334,
            37.356971,
            15.5
          ],
          [
            -121.942198,
            37.356742,
            16
          ],
          [
            -121.942063,
            37.356553,
            16.75
          ],
          [
            -121.941884,
            37.356328,
            17.25
          ],
          [
            -121.941667,
            37.356096,
            17.5
          ],
          [
            -121.941472,
            37.355914,
            17.5
          ],
          [
            -121.94126,
            37.355749,
            17.5
          ],
          [
            -121.941103,
            37.355641,
            17.25
          ],
          [
            -121.941079,
            37.355627,
            17.25
          ],
          [
            -121.940791,
            37.355458,
            17.25
          ],
          [
            -121.940626,
            37.355369,
            17
          ],
          [
            -121.939809,
            37.355007,
            14
          ],
          [
            -121.939714,
            37.354966,
            14.25
          ],
          [
            -121.939155,
            37.354731,
            14.75
          ],
          [
            -121.93883,
            37.354578,
            14.25
          ],
          [
            -121.938437,
            37.354374,
            14.25
          ],
          [
            -121.938157,
            37.35424,
            15.5
          ],
          [
            -121.93782,
            37.354093,
            17
          ],
          [
            -121.937584,
            37.353991,
            17.5
          ],
          [
            -121.936388,
            37.353465,
            15.5
          ],
          [
            -121.935782,
            37.353177,
            16
          ],
          [
            -121.935337,
            37.352952,
            14.75
          ],
          [
            -121.935076,
            37.352818,
            14
          ],
          [
            -121.934746,
            37.352639,
            14.5
          ],
          [
            -121.934476,
            37.352495,
            14.5
          ],
          [
            -121.934414,
            37.352461,
            14.5
          ],
          [
            -121.934299,
            37.352398,
            14.75
          ],
          [
            -121.934273,
            37.352384,
            14.75
          ],
          [
            -121.933286,
            37.351781,
            16.5
          ],
          [
            -121.933054,
            37.351654,
            16.5
          ],
          [
            -121.932996,
            37.351624,
            16.75
          ],
          [
            -121.932509,
            37.351379,
            17.5
          ],
          [
            -121.932276,
            37.35127,
            17.5
          ],
          [
            -121.931865,
            37.351093,
            16.5
          ],
          [
            -121.931622,
            37.350979,
            15.75
          ],
          [
            -121.931341,
            37.350837,
            16
          ],
          [
            -121.919643,
            37.344922,
            19.75
          ],
          [
            -121.917476,
            37.343827,
            20.25
          ],
          [
            -121.916099,
            37.343132,
            20.5
          ],
          [
            -121.915896,
            37.343027,
            20.25
          ],
          [
            -121.915274,
            37.342712,
            19
          ],
          [
            -121.914269,
            37.342206,
            18.5
          ],
          [
            -121.913942,
            37.342038,
            18.75
          ],
          [
            -121.913878,
            37.342006,
            18.75
          ],
          [
            -121.913051,
            37.34159,
            18
          ],
          [
            -121.912695,
            37.341436,
            18
          ],
          [
            -121.912637,
            37.341412,
            18
          ],
          [
            -121.912287,
            37.341293,
            17.5
          ],
          [
            -121.911494,
            37.341057,
            17
          ],
          [
            -121.911174,
            37.340952,
            18.25
          ],
          [
            -121.91102,
            37.340894,
            19
          ],
          [
            -121.910716,
            37.340761,
            19.75
          ],
          [
            -121.910566,
            37.340687,
            19.75
          ],
          [
            -121.910293,
            37.340537,
            19.5
          ],
          [
            -121.910019,
            37.340365,
            19.25
          ],
          [
            -121.909764,
            37.340182,
            19.25
          ],
          [
            -121.909567,
            37.340015,
            19.5
          ],
          [
            -121.909522,
            37.339978,
            19.5
          ],
          [
            -121.909013,
            37.339518,
            19.25
          ],
          [
            -121.908804,
            37.339314,
            19.25
          ],
          [
            -121.908653,
            37.339142,
            18.75
          ],
          [
            -121.908563,
            37.339027,
            18.75
          ],
          [
            -121.908475,
            37.33891,
            18.5
          ],
          [
            -121.908314,
            37.338655,
            18.25
          ],
          [
            -121.908161,
            37.338364,
            18
          ],
          [
            -121.907869,
            37.33777,
            18.5
          ],
          [
            -121.907715,
            37.337498,
            18.5
          ],
          [
            -121.907612,
            37.337348,
            19
          ],
          [
            -121.907502,
            37.337202,
            19.25
          ],
          [
            -121.907339,
            37.337013,
            19.75
          ],
          [
            -121.907161,
            37.336833,
            20.5
          ],
          [
            -121.906831,
            37.336525,
            21.5
          ],
          [
            -121.906001,
            37.335765,
            22.5
          ],
          [
            -121.905778,
            37.335559,
            22.5
          ],
          [
            -121.90477,
            37.334634,
            22
          ],
          [
            -121.904679,
            37.334552,
            21.75
          ],
          [
            -121.90423,
            37.334127,
            21
          ],
          [
            -121.904064,
            37.333944,
            21
          ],
          [
            -121.90385,
            37.333685,
            21
          ],
          [
            -121.903754,
            37.333556,
            21.25
          ],
          [
            -121.903538,
            37.333155,
            21.5
          ],
          [
            -121.903479,
            37.332937,
            21.5
          ],
          [
            -121.903436,
            37.332758,
            21.75
          ],
          [
            -121.90342,
            37.332664,
            21.75
          ],
          [
            -121.903336,
            37.332259,
            20.75
          ],
          [
            -121.903317,
            37.332113,
            20.25
          ],
          [
            -121.903309,
            37.331998,
            19.75
          ],
          [
            -121.903295,
            37.33184,
            19.5
          ],
          [
            -121.903289,
            37.331777,
            19.5
          ],
          [
            -121.903251,
            37.331571,
            19.5
          ],
          [
            -121.903212,
            37.331439,
            20.75
          ],
          [
            -121.903055,
            37.331016,
            23.75
          ],
          [
            -121.903019,
            37.330927,
            24
          ],
          [
            -121.902946,
            37.330682,
            24.5
          ],
          [
            -121.902913,
            37.330359,
            25.75
          ],
          [
            -121.90282,
            37.329145,
            23.25
          ],
          [
            -121.902809,
            37.328968,
            23.25
          ],
          [
            -121.902824,
            37.328728,
            23.5
          ]
        ]
      }
    }
  ]
}