{
  "type": "FeatureCollection",
  "features": [
    {
      "type": "Feature",
      "properties": {
        "creator": "BRouter-1.7.0",
        "name": "[TTC] Line 6",
        "track-length": "21159",
        "filtered ascend": "104",
        "plain-ascend": "8",
        "total-time": "1694",
        "total-energy": "931079",
        "cost": "21159",
        "messages": [
          [
            "Longitude",
            "Latitude",
            "Elevation",
            "Distance",
            "CostPerKm",
            "ElevCost",
            "TurnCost",
            "NodeCost",
            "InitialCost",
            "WayTags",
            "NodeTags",
            "Time",
            "Energy"
          ],
          [
            "-79491148",
            "43763493",
            "-8192",
            "90",
            "1000",
            "0",
            "0",
            "0",
            "0",
            "railway=light_rail",
            "railway=unknown",
            "7",
            "3958"
          ],
          [
            "-79493123",
            "43762866",
            "199",
            "176",
            "1000",
            "0",
            "0",
            "0",
            "0",
            "railway=light_rail",
            "railway=switch",
            "21",
            "11398"
          ],
          [
            "-79493459",
            "43762716",
            "198",
            "32",
            "1000",
            "0",
            "0",
            "0",
            "0",
            "railway=light_rail",
            "railway=switch",
            "23",
            "12525"
          ],
          [
            "-79493541",
            "43762678",
            "198",
            "8",
            "1000",
            "0",
            "0",
            "0",
            "0",
            "railway=light_rail",
            "railway=crossing",
            "24",
            "12803"
          ],
          [
            "-79493658",
            "43762624",
            "197",
            "11",
            "1000",
            "0",
            "0",
            "0",
            "0",
            "railway=light_rail",
            "railway=level_crossing",
            "25",
            "13171"
          ],
          [
            "-79493798",
            "43762561",
            "197",
            "13",
            "1000",
            "0",
            "0",
            "0",
            "0",
            "railway=light_rail",
            "railway=crossing",
            "26",
            "13595"
          ],
          [
            "-79497548",
            "43761626",
            "191",
            "268",
            "1000",
            "0",
            "0",
            "0",
            "0",
            "railway=light_rail",
            "",
            "47",
            "22455"
          ],
          [
            "-79499794",
            "43761124",
            "187",
            "241",
            "1000",
            "0",
            "0",
            "0",
            "0",
            "railway=light_rail",
            "railway=crossing",
            "19",
            "9047"
          ],
          [
            "-79499945",
            "43761089",
            "186",
            "13",
            "1000",
            "0",
            "0",
            "0",
            "0",
            "railway=light_rail",
            "railway=level_crossing",
            "20",
            "9539"
          ],
          [
            "-79500071",
            "43761061",
            "186",
            "11",
            "1000",
            "0",
            "0",
            "0",
            "0",
            "railway=light_rail",
            "railway=level_crossing",
            "21",
            "9986"
          ],
          [
            "-79500242",
            "43761022",
            "187",
            "14",
            "1000",
            "0",
            "0",
            "0",
            "0",
            "railway=light_rail",
            "railway=crossing",
            "22",
            "10589"
          ],
          [
            "-79501018",
            "43760848",
            "189",
            "65",
            "1000",
            "0",
            "0",
            "0",
            "0",
            "railway=light_rail",
            "railway=unknown",
            "27",
            "13197"
          ],
          [
            "-79503488",
            "43760293",
            "184",
            "208",
            "1000",
            "0",
            "0",
            "0",
            "0",
            "railway=light_rail",
            "railway=crossing",
            "44",
            "20175"
          ],
          [
            "-79507789",
            "43759332",
            "180",
            "363",
            "1000",
            "0",
            "0",
            "0",
            "0",
            "railway=light_rail",
            "railway=crossing",
            "73",
            "32402"
          ],
          [
            "-79507934",
            "43759299",
            "180",
            "12",
            "1000",
            "0",
            "0",
            "0",
            "0",
            "railway=light_rail",
            "railway=level_crossing",
            "74",
            "32668"
          ],
          [
            "-79508078",
            "43759267",
            "181",
            "12",
            "1000",
            "0",
            "0",
            "0",
            "0",
            "railway=light_rail",
            "railway=crossing",
            "75",
            "33040"
          ],
          [
            "-79508918",
            "43759079",
            "181",
            "71",
            "1000",
            "0",
            "0",
            "0",
            "0",
            "railway=light_rail",
            "railway=unknown",
            "80",
            "35538"
          ],
          [
            "-79510764",
            "43758671",
            "181",
            "98",
            "1000",
            "0",
            "0",
            "0",
            "0",
            "railway=light_rail",
            "",
            "88",
            "39471"
          ],
          [
            "-79510764",
            "43758671",
            "181",
            "58",
            "1000",
            "0",
            "0",
            "0",
            "0",
            "railway=light_rail",
            "railway=switch",
            "4",
            "2551"
          ],
          [
            "-79510991",
            "43758620",
            "181",
            "19",
            "1000",
            "0",
            "0",
            "0",
            "0",
            "railway=light_rail",
            "railway=switch",
            "6",
            "3425"
          ],
          [
            "-79513220",
            "43758118",
            "181",
            "188",
            "1000",
            "0",
            "0",
            "0",
            "0",
            "railway=light_rail",
            "railway=crossing",
            "21",
            "11661"
          ],
          [
            "-79513400",
            "43758078",
            "181",
            "15",
            "1000",
            "0",
            "0",
            "0",
            "0",
            "railway=light_rail",
            "railway=level_crossing",
            "22",
            "12351"
          ],
          [
            "-79513581",
            "43758038",
            "181",
            "15",
            "1000",
            "0",
            "0",
            "0",
            "0",
            "railway=light_rail",
            "railway=crossing",
            "23",
            "13067"
          ],
          [
            "-79514368",
            "43757862",
            "182",
            "66",
            "1000",
            "0",
            "0",
            "0",
            "0",
            "railway=light_rail",
            "railway=unknown",
            "28",
            "16352"
          ],
          [
            "-79515666",
            "43757572",
            "182",
            "38",
            "1000",
            "0",
            "0",
            "0",
            "0",
            "railway=light_rail",
            "",
            "31",
            "18083"
          ],
          [
            "-79517418",
            "43757326",
            "177",
            "216",
            "1000",
            "0",
            "0",
            "0",
            "0",
            "railway=light_rail",
            "railway=crossing",
            "17",
            "8279"
          ],
          [
            "-79517620",
            "43757301",
            "177",
            "17",
            "1000",
            "0",
            "0",
            "0",
            "0",
            "railway=light_rail",
            "railway=level_crossing",
            "18",
            "8941"
          ],
          [
            "-79517784",
            "43757278",
            "177",
            "13",
            "1000",
            "0",
            "0",
            "0",
            "0",
            "railway=light_rail",
            "railway=level_crossing",
            "19",
            "9457"
          ],
          [
            "-79517966",
            "43757256",
            "176",
            "15",
            "1000",
            "0",
            "0",
            "0",
            "0",
            "railway=light_rail",
            "railway=crossing",
            "20",
            "10030"
          ],
          [
            "-79518712",
            "43757157",
            "177",
            "61",
            "1000",
            "0",
            "0",
            "0",
            "0",
            "railway=light_rail",
            "railway=unknown",
            "25",
            "12569"
          ],
          [
            "-79520240",
            "43756895",
            "176",
            "126",
            "1000",
            "0",
            "0",
            "0",
            "0",
            "railway=light_rail",
            "railway=switch",
            "35",
            "16081"
          ],
          [
            "-79520512",
            "43756836",
            "176",
            "23",
            "1000",
            "0",
            "0",
            "0",
            "0",
            "railway=light_rail",
            "railway=unknown",
            "37",
            "16749"
          ],
          [
            "-79520679",
            "43756799",
            "175",
            "14",
            "1000",
            "0",
            "0",
            "0",
            "0",
            "railway=light_rail",
            "railway=level_crossing",
            "38",
            "17162"
          ],
          [
            "-79520890",
            "43756753",
            "175",
            "18",
            "1000",
            "0",
            "0",
            "0",
            "0",
            "railway=light_rail",
            "railway=unknown",
            "40",
            "17623"
          ],
          [
            "-79521166",
            "43756693",
            "174",
            "23",
            "1000",
            "0",
            "0",
            "0",
            "0",
            "railway=light_rail",
            "railway=switch",
            "42",
            "18153"
          ],
          [
            "-79524002",
            "43756014",
            "174",
            "170",
            "1000",
            "0",
            "0",
            "0",
            "0",
            "railway=light_rail",
            "",
            "55",
            "24111"
          ],
          [
            "-79524002",
            "43756014",
            "174",
            "70",
            "1000",
            "0",
            "0",
            "0",
            "0",
            "railway=light_rail",
            "railway=crossing",
            "5",
            "3078"
          ],
          [
            "-79524278",
            "43755949",
            "174",
            "23",
            "1000",
            "0",
            "0",
            "0",
            "0",
            "railway=light_rail",
            "railway=level_crossing",
            "7",
            "4090"
          ],
          [
            "-79524498",
            "43755897",
            "174",
            "19",
            "1000",
            "0",
            "0",
            "0",
            "0",
            "railway=light_rail",
            "railway=crossing",
            "8",
            "4964"
          ],
          [
            "-79525283",
            "43755712",
            "175",
            "66",
            "1000",
            "0",
            "0",
            "0",
            "0",
            "railway=light_rail",
            "railway=unknown",
            "14",
            "8169"
          ],
          [
            "-79528519",
            "43754952",
            "172",
            "274",
            "1000",
            "0",
            "0",
            "0",
            "0",
            "railway=light_rail",
            "railway=level_crossing",
            "36",
            "18045"
          ],
          [
            "-79532703",
            "43754045",
            "161",
            "352",
            "1000",
            "0",
            "0",
            "0",
            "0",
            "railway=light_rail",
            "railway=level_crossing",
            "64",
            "29256"
          ],
          [
            "-79533303",
            "43753930",
            "161",
            "50",
            "1000",
            "0",
            "0",
            "0",
            "0",
            "railway=light_rail",
            "railway=switch",
            "68",
            "30471"
          ],
          [
            "-79533458",
            "43753901",
            "161",
            "13",
            "1000",
            "0",
            "0",
            "0",
            "0",
            "railway=light_rail",
            "railway=switch",
            "69",
            "30885"
          ],
          [
            "-79535961",
            "43753382",
            "161",
            "210",
            "1000",
            "0",
            "0",
            "0",
            "0",
            "railway=light_rail",
            "railway=crossing",
            "86",
            "38582"
          ],
          [
            "-79536238",
            "43753322",
            "161",
            "23",
            "1000",
            "0",
            "0",
            "0",
            "0",
            "railway=light_rail",
            "railway=level_crossing",
            "88",
            "39132"
          ],
          [
            "-79536495",
            "43753265",
            "162",
            "22",
            "1000",
            "0",
            "0",
            "0",
            "0",
            "railway=light_rail",
            "railway=crossing",
            "89",
            "39878"
          ],
          [
            "-79537216",
            "43753111",
            "163",
            "61",
            "1000",
            "0",
            "0",
            "0",
            "0",
            "railway=light_rail",
            "railway=unknown",
            "94",
            "42452"
          ],
          [
            "-79538293",
            "43752870",
            "157",
            "37",
            "1000",
            "0",
            "0",
            "0",
            "0",
            "railway=light_rail",
            "",
            "97",
            "43357"
          ],
          [
            "-79542109",
            "43752108",
            "150",
            "373",
            "1000",
            "0",
            "0",
            "0",
            "0",
            "railway=light_rail",
            "railway=crossing",
            "29",
            "10425"
          ],
          [
            "-79542285",
            "43752076",
            "149",
            "15",
            "1000",
            "0",
            "0",
            "0",
            "0",
            "railway=light_rail",
            "railway=level_crossing",
            "31",
            "10934"
          ],
          [
            "-79542455",
            "43752045",
            "149",
            "14",
            "1000",
            "0",
            "0",
            "0",
            "0",
            "railway=light_rail",
            "railway=level_crossing",
            "32",
            "11399"
          ],
          [
            "-79542660",
            "43752007",
            "149",
            "17",
            "1000",
            "0",
            "0",
            "0",
            "0",
            "railway=light_rail",
            "railway=crossing",
            "33",
            "11956"
          ],
          [
            "-79543411",
            "43751869",
            "148",
            "62",
            "1000",
            "0",
            "0",
            "0",
            "0",
            "railway=light_rail",
            "railway=unknown",
            "38",
            "13697"
          ],
          [
            "-79549076",
            "43750675",
            "148",
            "475",
            "1000",
            "0",
            "0",
            "0",
            "0",
            "railway=light_rail",
            "railway=level_crossing",
            "76",
            "30559"
          ],
          [
            "-79549267",
            "43750633",
            "148",
            "16",
            "1000",
            "0",
            "0",
            "0",
            "0",
            "railway=light_rail",
            "railway=crossing",
            "77",
            "31363"
          ],
          [
            "-79552108",
            "43750030",
            "148",
            "239",
            "1000",
            "0",
            "0",
            "0",
            "0",
            "railway=light_rail",
            "railway=crossing",
            "96",
            "42298"
          ],
          [
            "-79552316",
            "43749985",
            "148",
            "17",
            "1000",
            "0",
            "0",
            "0",
            "0",
            "railway=light_rail",
            "railway=level_crossing",
            "98",
            "43000"
          ],
          [
            "-79552518",
            "43749941",
            "148",
            "17",
            "1000",
            "0",
            "0",
            "0",
            "0",
            "railway=light_rail",
            "railway=crossing",
            "99",
            "43710"
          ],
          [
            "-79553284",
            "43749775",
            "147",
            "64",
            "1000",
            "0",
            "0",
            "0",
            "0",
            "railway=light_rail",
            "railway=unknown",
            "104",
            "46115"
          ],
          [
            "-79554362",
            "43749541",
            "147",
            "91",
            "1000",
            "0",
            "0",
            "0",
            "0",
            "railway=light_rail",
            "railway=switch",
            "112",
            "49976"
          ],
          [
            "-79554556",
            "43749499",
            "147",
            "16",
            "1000",
            "0",
            "0",
            "0",
            "0",
            "railway=light_rail",
            "railway=switch",
            "113",
            "50633"
          ],
          [
            "-79557215",
            "43748925",
            "149",
            "223",
            "1000",
            "0",
            "0",
            "0",
            "0",
            "railway=light_rail",
            "railway=unknown",
            "131",
            "61777"
          ],
          [
            "-79557467",
            "43748870",
            "149",
            "6",
            "1000",
            "0",
            "0",
            "0",
            "0",
            "railway=light_rail",
            "",
            "131",
            "62050"
          ],
          [
            "-79557467",
            "43748870",
            "149",
            "15",
            "1000",
            "0",
            "0",
            "0",
            "0",
            "railway=light_rail",
            "railway=crossing",
            "1",
            "659"
          ],
          [
            "-79557643",
            "43748832",
            "148",
            "15",
            "1000",
            "0",
            "0",
            "0",
            "0",
            "railway=light_rail",
            "railway=level_crossing",
            "2",
            "1258"
          ],
          [
            "-79557790",
            "43748801",
            "148",
            "12",
            "1000",
            "0",
            "0",
            "0",
            "0",
            "railway=light_rail",
            "railway=crossing",
            "3",
            "1693"
          ],
          [
            "-79562204",
            "43747871",
            "142",
            "370",
            "1000",
            "0",
            "0",
            "0",
            "0",
            "railway=light_rail",
            "railway=crossing",
            "32",
            "15235"
          ],
          [
            "-79562357",
            "43747838",
            "142",
            "13",
            "1000",
            "0",
            "0",
            "0",
            "0",
            "railway=light_rail",
            "railway=level_crossing",
            "34",
            "15782"
          ],
          [
            "-79562514",
            "43747804",
            "143",
            "13",
            "1000",
            "0",
            "0",
            "0",
            "0",
            "railway=light_rail",
            "railway=crossing",
            "35",
            "16036"
          ],
          [
            "-79563270",
            "43747639",
            "142",
            "64",
            "1000",
            "0",
            "0",
            "0",
            "0",
            "railway=light_rail",
            "railway=unknown",
            "40",
            "18812"
          ],
          [
            "-79564266",
            "43747407",
            "135",
            "84",
            "1000",
            "0",
            "0",
            "0",
            "0",
            "railway=light_rail",
            "railway=crossing",
            "46",
            "19642"
          ],
          [
            "-79564414",
            "43747365",
            "135",
            "13",
            "1000",
            "0",
            "0",
            "0",
            "0",
            "railway=light_rail",
            "railway=level_crossing",
            "47",
            "19831"
          ],
          [
            "-79564560",
            "43747324",
            "135",
            "13",
            "1000",
            "0",
            "0",
            "0",
            "0",
            "railway=light_rail",
            "railway=crossing",
            "48",
            "20067"
          ],
          [
            "-79568288",
            "43746310",
            "135",
            "321",
            "1000",
            "0",
            "0",
            "0",
            "0",
            "railway=light_rail",
            "railway=crossing",
            "74",
            "30308"
          ],
          [
            "-79568485",
            "43746259",
            "135",
            "17",
            "1000",
            "0",
            "0",
            "0",
            "0",
            "railway=light_rail",
            "railway=level_crossing",
            "76",
            "31008"
          ],
          [
            "-79568685",
            "43746208",
            "135",
            "17",
            "1000",
            "0",
            "0",
            "0",
            "0",
            "railway=light_rail",
            "railway=level_crossing",
            "77",
            "31715"
          ],
          [
            "-79568828",
            "43746173",
            "135",
            "12",
            "1000",
            "0",
            "0",
            "0",
            "0",
            "railway=light_rail",
            "railway=crossing",
            "78",
            "32218"
          ],
          [
            "-79569853",
            "43745915",
            "135",
            "87",
            "1000",
            "0",
            "0",
            "0",
            "0",
            "railway=light_rail",
            "railway=unknown",
            "85",
            "35160"
          ],
          [
            "-79573068",
            "43745192",
            "149",
            "228",
            "1000",
            "0",
            "0",
            "0",
            "0",
            "railway=light_rail",
            "",
            "103",
            "50835"
          ],
          [
            "-79576933",
            "43744279",
            "152",
            "371",
            "1000",
            "0",
            "0",
            "0",
            "0",
            "railway=light_rail",
            "railway=switch",
            "29",
            "17836"
          ],
          [
            "-79577853",
            "43744059",
            "155",
            "78",
            "1000",
            "0",
            "0",
            "0",
            "0",
            "railway=light_rail",
            "railway=switch",
            "35",
            "22477"
          ],
          [
            "-79581682",
            "43743361",
            "157",
            "319",
            "1000",
            "0",
            "0",
            "0",
            "0",
            "railway=light_rail",
            "railway=unknown",
            "61",
            "39782"
          ],
          [
            "-79581875",
            "43743331",
            "157",
            "16",
            "1000",
            "0",
            "0",
            "0",
            "0",
            "railway=light_rail",
            "railway=crossing",
            "62",
            "40871"
          ],
          [
            "-79582033",
            "43743307",
            "157",
            "13",
            "1000",
            "0",
            "0",
            "0",
            "0",
            "railway=light_rail",
            "railway=level_crossing",
            "63",
            "41686"
          ],
          [
            "-79582177",
            "43743284",
            "157",
            "12",
            "1000",
            "0",
            "0",
            "0",
            "0",
            "railway=light_rail",
            "railway=level_crossing",
            "64",
            "42413"
          ],
          [
            "-79582355",
            "43743257",
            "157",
            "15",
            "1000",
            "0",
            "0",
            "0",
            "0",
            "railway=light_rail",
            "railway=crossing",
            "65",
            "43259"
          ],
          [
            "-79585547",
            "43743464",
            "161",
            "260",
            "1000",
            "0",
            "0",
            "0",
            "0",
            "railway=light_rail",
            "railway=crossing",
            "86",
            "56208"
          ],
          [
            "-79585750",
            "43743445",
            "161",
            "16",
            "1000",
            "0",
            "0",
            "0",
            "0",
            "railway=light_rail",
            "railway=level_crossing",
            "88",
            "57022"
          ],
          [
            "-79585967",
            "43743411",
            "161",
            "18",
            "1000",
            "0",
            "0",
            "0",
            "0",
            "railway=light_rail",
            "railway=crossing",
            "89",
            "57954"
          ],
          [
            "-79586894",
            "43743228",
            "162",
            "77",
            "1000",
            "0",
            "0",
            "0",
            "0",
            "railway=light_rail",
            "railway=unknown",
            "95",
            "62079"
          ],
          [
            "-79589165",
            "43741290",
            "157",
            "305",
            "1000",
            "0",
            "0",
            "0",
            "0",
            "railway=light_rail",
            "railway=crossing",
            "120",
            "74366"
          ],
          [
            "-79589213",
            "43741179",
            "157",
            "13",
            "1000",
            "0",
            "0",
            "0",
            "0",
            "railway=light_rail",
            "railway=level_crossing",
            "121",
            "74965"
          ],
          [
            "-79589263",
            "43741063",
            "157",
            "14",
            "1000",
            "0",
            "0",
            "0",
            "0",
            "railway=light_rail",
            "railway=level_crossing",
            "122",
            "75634"
          ],
          [
            "-79589303",
            "43740970",
            "157",
            "11",
            "1000",
            "0",
            "0",
            "0",
            "0",
            "railway=light_rail",
            "railway=crossing",
            "123",
            "76156"
          ],
          [
            "-79589551",
            "43740401",
            "158",
            "18",
            "1000",
            "0",
            "0",
            "0",
            "0",
            "railway=light_rail",
            "",
            "124",
            "77037"
          ],
          [
            "-79589551",
            "43740401",
            "158",
            "49",
            "1000",
            "0",
            "0",
            "0",
            "0",
            "railway=light_rail",
            "railway=unknown",
            "3",
            "2411"
          ],
          [
            "-79589881",
            "43738967",
            "160",
            "162",
            "1000",
            "0",
            "0",
            "0",
            "0",
            "railway=light_rail",
            "railway=switch",
            "16",
            "10725"
          ],
          [
            "-79589925",
            "43738558",
            "160",
            "46",
            "1000",
            "0",
            "0",
            "0",
            "0",
            "railway=light_rail",
            "railway=switch",
            "20",
            "13111"
          ],
          [
            "-79591483",
            "43736873",
            "163",
            "254",
            "1000",
            "0",
            "0",
            "0",
            "0",
            "railway=light_rail",
            "railway=crossing",
            "40",
            "25727"
          ],
          [
            "-79591599",
            "43736846",
            "163",
            "10",
            "1000",
            "0",
            "0",
            "0",
            "0",
            "railway=light_rail",
            "railway=level_crossing",
            "41",
            "26320"
          ],
          [
            "-79591732",
            "43736815",
            "163",
            "11",
            "1000",
            "0",
            "0",
            "0",
            "0",
            "railway=light_rail",
            "railway=level_crossing",
            "42",
            "26978"
          ],
          [
            "-79591854",
            "43736786",
            "163",
            "10",
            "1000",
            "0",
            "0",
            "0",
            "0",
            "railway=light_rail",
            "railway=crossing",
            "43",
            "27560"
          ],
          [
            "-79592661",
            "43736598",
            "164",
            "68",
            "1000",
            "0",
            "0",
            "0",
            "0",
            "railway=light_rail",
            "railway=unknown",
            "48",
            "31329"
          ],
          [
            "-79594754",
            "43736097",
            "165",
            "178",
            "1000",
            "0",
            "0",
            "0",
            "0",
            "railway=light_rail",
            "railway=crossing",
            "63",
            "40924"
          ],
          [
            "-79594911",
            "43736060",
            "165",
            "13",
            "1000",
            "0",
            "0",
            "0",
            "0",
            "railway=light_rail",
            "railway=level_crossing",
            "64",
            "41566"
          ],
          [
            "-79595077",
            "43736020",
            "166",
            "14",
            "1000",
            "0",
            "0",
            "0",
            "0",
            "railway=light_rail",
            "railway=crossing",
            "65",
            "42277"
          ],
          [
            "-79600679",
            "43734761",
            "165",
            "472",
            "1000",
            "0",
            "0",
            "0",
            "0",
            "railway=light_rail",
            "railway=unknown",
            "102",
            "63177"
          ],
          [
            "-79600807",
            "43734731",
            "165",
            "11",
            "1000",
            "0",
            "0",
            "0",
            "0",
            "railway=light_rail",
            "railway=unknown",
            "103",
            "63643"
          ],
          [
            "-79600992",
            "43734687",
            "165",
            "16",
            "1000",
            "0",
            "0",
            "0",
            "0",
            "railway=light_rail",
            "railway=unknown",
            "105",
            "64390"
          ],
          [
            "-79601159",
            "43734647",
            "166",
            "14",
            "1000",
            "0",
            "0",
            "0",
            "0",
            "railway=light_rail",
            "railway=crossing",
            "106",
            "65096"
          ],
          [
            "-79602807",
            "43734268",
            "165",
            "81",
            "1000",
            "0",
            "0",
            "0",
            "0",
            "railway=light_rail",
            "",
            "112",
            "68778"
          ],
          [
            "-79602704",
            "43732478",
            "167",
            "288",
            "1000",
            "0",
            "0",
            "0",
            "0",
            "railway=light_rail",
            "railway=switch",
            "23",
            "13867"
          ],
          [
            "-79602414",
            "43731811",
            "166",
            "40",
            "1000",
            "0",
            "0",
            "0",
            "0",
            "railway=light_rail",
            "",
            "26",
            "15522"
          ],
          [
            "-79602414",
            "43731811",
            "166",
            "37",
            "1000",
            "0",
            "0",
            "0",
            "0",
            "railway=light_rail",
            "railway=switch",
            "2",
            "1490"
          ],
          [
            "-79601533",
            "43729740",
            "-8192",
            "241",
            "1000",
            "0",
            "0",
            "0",
            "0",
            "railway=light_rail",
            "railway=unknown",
            "22",
            "11866"
          ],
          [
            "-79601289",
            "43729266",
            "-8192",
            "56",
            "1000",
            "0",
            "0",
            "0",
            "0",
            "railway=light_rail",
            "",
            "26",
            "14295"
          ],
          [
            "-79601533",
            "43729740",
            "-8192",
            "56",
            "1000",
            "0",
            "0",
            "0",
            "0",
            "reversedirection=yes railway=light_rail",
            "railway=unknown",
            "4",
            "2463"
          ],
          [
            "-79602414",
            "43731811",
            "166",
            "241",
            "1000",
            "0",
            "0",
            "0",
            "0",
            "reversedirection=yes railway=light_rail",
            "railway=switch",
            "23",
            "13152"
          ],
          [
            "-79602477",
            "43732107",
            "167",
            "33",
            "1000",
            "0",
            "0",
            "0",
            "0",
            "reversedirection=yes railway=light_rail",
            "railway=switch",
            "26",
            "14765"
          ],
          [
            "-79602539",
            "43732239",
            "167",
            "15",
            "1000",
            "0",
            "0",
            "0",
            "0",
            "railway=light_rail",
            "railway=switch",
            "27",
            "15513"
          ],
          [
            "-79601144",
            "43734613",
            "166",
            "388",
            "1000",
            "0",
            "0",
            "0",
            "0",
            "railway=light_rail",
            "railway=crossing",
            "58",
            "32243"
          ],
          [
            "-79600978",
            "43734652",
            "165",
            "6",
            "1000",
            "0",
            "0",
            "0",
            "0",
            "railway=light_rail",
            "",
            "59",
            "32481"
          ],
          [
            "-79600978",
            "43734652",
            "165",
            "8",
            "1000",
            "0",
            "0",
            "0",
            "0",
            "railway=light_rail",
            "railway=unknown",
            "0",
            "351"
          ],
          [
            "-79600792",
            "43734697",
            "165",
            "16",
            "1000",
            "0",
            "0",
            "0",
            "0",
            "railway=light_rail",
            "railway=unknown",
            "1",
            "990"
          ],
          [
            "-79600057",
            "43734868",
            "165",
            "62",
            "1000",
            "0",
            "0",
            "0",
            "0",
            "railway=light_rail",
            "railway=unknown",
            "6",
            "3441"
          ],
          [
            "-79595062",
            "43735985",
            "166",
            "422",
            "1000",
            "0",
            "0",
            "0",
            "0",
            "railway=light_rail",
            "railway=crossing",
            "40",
            "22541"
          ],
          [
            "-79594896",
            "43736022",
            "165",
            "14",
            "1000",
            "0",
            "0",
            "0",
            "0",
            "railway=light_rail",
            "railway=level_crossing",
            "41",
            "23131"
          ],
          [
            "-79594737",
            "43736058",
            "165",
            "13",
            "1000",
            "0",
            "0",
            "0",
            "0",
            "railway=light_rail",
            "railway=crossing",
            "42",
            "23628"
          ],
          [
            "-79592629",
            "43736530",
            "163",
            "171",
            "1000",
            "0",
            "0",
            "0",
            "0",
            "railway=light_rail",
            "",
            "56",
            "29624"
          ],
          [
            "-79592018",
            "43736672",
            "163",
            "58",
            "1000",
            "0",
            "0",
            "0",
            "0",
            "railway=light_rail",
            "railway=unknown",
            "4",
            "2551"
          ],
          [
            "-79591820",
            "43736719",
            "163",
            "17",
            "1000",
            "0",
            "0",
            "0",
            "0",
            "railway=light_rail",
            "railway=crossing",
            "6",
            "3298"
          ],
          [
            "-79591701",
            "43736747",
            "163",
            "10",
            "1000",
            "0",
            "0",
            "0",
            "0",
            "railway=light_rail",
            "railway=level_crossing",
            "6",
            "3738"
          ],
          [
            "-79591566",
            "43736779",
            "163",
            "11",
            "1000",
            "0",
            "0",
            "0",
            "0",
            "railway=light_rail",
            "railway=level_crossing",
            "7",
            "4199"
          ],
          [
            "-79591447",
            "43736807",
            "163",
            "10",
            "1000",
            "0",
            "0",
            "0",
            "0",
            "railway=light_rail",
            "railway=crossing",
            "8",
            "4599"
          ],
          [
            "-79589904",
            "43738279",
            "161",
            "227",
            "1000",
            "0",
            "0",
            "0",
            "0",
            "railway=light_rail",
            "railway=switch",
            "26",
            "12320"
          ],
          [
            "-79589798",
            "43739240",
            "160",
            "107",
            "1000",
            "0",
            "0",
            "0",
            "0",
            "railway=light_rail",
            "railway=switch",
            "35",
            "16525"
          ],
          [
            "-79589255",
            "43740962",
            "157",
            "196",
            "1000",
            "0",
            "0",
            "0",
            "0",
            "railway=light_rail",
            "railway=crossing",
            "50",
            "23351"
          ],
          [
            "-79589215",
            "43741056",
            "157",
            "11",
            "1000",
            "0",
            "0",
            "0",
            "0",
            "railway=light_rail",
            "railway=level_crossing",
            "51",
            "23741"
          ],
          [
            "-79589166",
            "43741171",
            "157",
            "13",
            "1000",
            "0",
            "0",
            "0",
            "0",
            "railway=light_rail",
            "railway=level_crossing",
            "52",
            "24216"
          ],
          [
            "-79589118",
            "43741282",
            "157",
            "13",
            "1000",
            "0",
            "0",
            "0",
            "0",
            "railway=light_rail",
            "railway=crossing",
            "53",
            "24675"
          ],
          [
            "-79588874",
            "43741849",
            "156",
            "66",
            "1000",
            "0",
            "0",
            "0",
            "0",
            "railway=light_rail",
            "railway=unknown",
            "59",
            "26972"
          ],
          [
            "-79588717",
            "43742193",
            "156",
            "20",
            "1000",
            "0",
            "0",
            "0",
            "0",
            "railway=light_rail",
            "",
            "60",
            "27694"
          ],
          [
            "-79586247",
            "43743283",
            "162",
            "264",
            "1000",
            "0",
            "0",
            "0",
            "0",
            "railway=light_rail",
            "railway=unknown",
            "21",
            "13367"
          ],
          [
            "-79585941",
            "43743341",
            "161",
            "25",
            "1000",
            "0",
            "0",
            "0",
            "0",
            "railway=light_rail",
            "railway=crossing",
            "23",
            "15006"
          ],
          [
            "-79585728",
            "43743381",
            "161",
            "18",
            "1000",
            "0",
            "0",
            "0",
            "0",
            "railway=light_rail",
            "railway=level_crossing",
            "24",
            "16074"
          ],
          [
            "-79585534",
            "43743403",
            "161",
            "16",
            "1000",
            "0",
            "0",
            "0",
            "0",
            "railway=light_rail",
            "railway=crossing",
            "25",
            "16985"
          ],
          [
            "-79582325",
            "43743196",
            "156",
            "261",
            "1000",
            "0",
            "0",
            "0",
            "0",
            "railway=light_rail",
            "railway=crossing",
            "46",
            "27270"
          ],
          [
            "-79582144",
            "43743219",
            "157",
            "15",
            "1000",
            "0",
            "0",
            "0",
            "0",
            "railway=light_rail",
            "railway=level_crossing",
            "47",
            "27771"
          ],
          [
            "-79582004",
            "43743240",
            "157",
            "12",
            "1000",
            "0",
            "0",
            "0",
            "0",
            "railway=light_rail",
            "railway=level_crossing",
            "48",
            "28212"
          ],
          [
            "-79581842",
            "43743264",
            "157",
            "13",
            "1000",
            "0",
            "0",
            "0",
            "0",
            "railway=light_rail",
            "railway=crossing",
            "49",
            "28729"
          ],
          [
            "-79581037",
            "43743383",
            "156",
            "66",
            "1000",
            "0",
            "0",
            "0",
            "0",
            "railway=light_rail",
            "railway=unknown",
            "55",
            "31012"
          ],
          [
            "-79580133",
            "43743518",
            "154",
            "66",
            "1000",
            "0",
            "0",
            "0",
            "0",
            "railway=light_rail",
            "",
            "60",
            "32742"
          ],
          [
            "-79577479",
            "43744110",
            "153",
            "232",
            "1000",
            "0",
            "0",
            "0",
            "0",
            "railway=light_rail",
            "railway=switch",
            "18",
            "9638"
          ],
          [
            "-79577286",
            "43744156",
            "153",
            "16",
            "1000",
            "0",
            "0",
            "0",
            "0",
            "railway=light_rail",
            "railway=switch",
            "19",
            "10262"
          ],
          [
            "-79569064",
            "43746074",
            "134",
            "669",
            "1000",
            "0",
            "0",
            "0",
            "0",
            "railway=light_rail",
            "",
            "73",
            "28140"
          ],
          [
            "-79568828",
            "43746134",
            "134",
            "47",
            "1000",
            "0",
            "0",
            "0",
            "0",
            "railway=light_rail",
            "railway=crossing",
            "3",
            "1736"
          ],
          [
            "-79568685",
            "43746171",
            "134",
            "12",
            "1000",
            "0",
            "0",
            "0",
            "0",
            "railway=light_rail",
            "railway=level_crossing",
            "4",
            "2201"
          ],
          [
            "-79568484",
            "43746223",
            "134",
            "17",
            "1000",
            "0",
            "0",
            "0",
            "0",
            "railway=light_rail",
            "railway=level_crossing",
            "6",
            "2872"
          ],
          [
            "-79568287",
            "43746274",
            "134",
            "17",
            "1000",
            "0",
            "0",
            "0",
            "0",
            "railway=light_rail",
            "railway=crossing",
            "7",
            "3556"
          ],
          [
            "-79567266",
            "43746537",
            "134",
            "87",
            "1000",
            "0",
            "0",
            "0",
            "0",
            "railway=light_rail",
            "railway=unknown",
            "14",
            "7200"
          ],
          [
            "-79564545",
            "43747290",
            "135",
            "235",
            "1000",
            "0",
            "0",
            "0",
            "0",
            "railway=light_rail",
            "railway=crossing",
            "33",
            "18371"
          ],
          [
            "-79564400",
            "43747330",
            "135",
            "12",
            "1000",
            "0",
            "0",
            "0",
            "0",
            "railway=light_rail",
            "railway=level_crossing",
            "34",
            "18935"
          ],
          [
            "-79564252",
            "43747372",
            "135",
            "13",
            "1000",
            "0",
            "0",
            "0",
            "0",
            "railway=light_rail",
            "railway=crossing",
            "35",
            "19542"
          ],
          [
            "-79562638",
            "43747739",
            "142",
            "137",
            "1000",
            "0",
            "0",
            "0",
            "0",
            "railway=light_rail",
            "railway=unknown",
            "46",
            "27936"
          ],
          [
            "-79562501",
            "43747770",
            "142",
            "12",
            "1000",
            "0",
            "0",
            "0",
            "0",
            "railway=light_rail",
            "railway=crossing",
            "47",
            "28624"
          ],
          [
            "-79562343",
            "43747805",
            "142",
            "13",
            "1000",
            "0",
            "0",
            "0",
            "0",
            "railway=light_rail",
            "railway=level_crossing",
            "48",
            "29322"
          ],
          [
            "-79562190",
            "43747838",
            "142",
            "13",
            "1000",
            "0",
            "0",
            "0",
            "0",
            "railway=light_rail",
            "railway=crossing",
            "49",
            "30004"
          ],
          [
            "-79557777",
            "43748770",
            "148",
            "370",
            "1000",
            "0",
            "0",
            "0",
            "0",
            "railway=light_rail",
            "railway=crossing",
            "78",
            "51768"
          ],
          [
            "-79557630",
            "43748802",
            "148",
            "12",
            "1000",
            "0",
            "0",
            "0",
            "0",
            "railway=light_rail",
            "railway=level_crossing",
            "79",
            "52364"
          ],
          [
            "-79557456",
            "43748840",
            "149",
            "15",
            "1000",
            "0",
            "0",
            "0",
            "0",
            "railway=light_rail",
            "railway=crossing",
            "80",
            "53160"
          ],
          [
            "-79556589",
            "43749026",
            "148",
            "73",
            "1000",
            "0",
            "0",
            "0",
            "0",
            "railway=light_rail",
            "railway=unknown",
            "86",
            "56694"
          ],
          [
            "-79554908",
            "43749386",
            "146",
            "141",
            "1000",
            "0",
            "0",
            "0",
            "0",
            "railway=light_rail",
            "railway=switch",
            "98",
            "63456"
          ],
          [
            "-79554556",
            "43749499",
            "147",
            "31",
            "1000",
            "0",
            "0",
            "0",
            "0",
            "reversedirection=yes railway=light_rail",
            "railway=switch",
            "100",
            "65103"
          ],
          [
            "-79554362",
            "43749541",
            "147",
            "16",
            "1000",
            "0",
            "0",
            "0",
            "0",
            "reversedirection=yes railway=light_rail",
            "railway=switch",
            "101",
            "65955"
          ],
          [
            "-79554009",
            "43749580",
            "147",
            "29",
            "1000",
            "0",
            "0",
            "0",
            "0",
            "railway=light_rail",
            "railway=switch",
            "104",
            "67501"
          ],
          [
            "-79552496",
            "43749907",
            "148",
            "127",
            "1000",
            "0",
            "0",
            "0",
            "0",
            "railway=light_rail",
            "railway=crossing",
            "114",
            "73824"
          ],
          [
            "-79552299",
            "43749950",
            "148",
            "17",
            "1000",
            "0",
            "0",
            "0",
            "0",
            "railway=light_rail",
            "railway=level_crossing",
            "115",
            "74651"
          ],
          [
            "-79552090",
            "43749995",
            "148",
            "18",
            "1000",
            "0",
            "0",
            "0",
            "0",
            "railway=light_rail",
            "railway=crossing",
            "117",
            "75513"
          ],
          [
            "-79551368",
            "43750151",
            "148",
            "61",
            "1000",
            "0",
            "0",
            "0",
            "0",
            "railway=light_rail",
            "railway=unknown",
            "122",
            "78461"
          ],
          [
            "-79549253",
            "43750600",
            "148",
            "151",
            "1000",
            "0",
            "0",
            "0",
            "0",
            "railway=light_rail",
            "",
            "134",
            "85348"
          ],
          [
            "-79549253",
            "43750600",
            "148",
            "26",
            "1000",
            "0",
            "0",
            "0",
            "0",
            "railway=light_rail",
            "railway=crossing",
            "2",
            "1143"
          ],
          [
            "-79549073",
            "43750639",
            "148",
            "15",
            "1000",
            "0",
            "0",
            "0",
            "0",
            "railway=light_rail",
            "railway=level_crossing",
            "3",
            "1834"
          ],
          [
            "-79542651",
            "43751974",
            "149",
            "538",
            "1000",
            "0",
            "0",
            "0",
            "0",
            "railway=light_rail",
            "railway=crossing",
            "46",
            "25552"
          ],
          [
            "-79542448",
            "43752012",
            "149",
            "17",
            "1000",
            "0",
            "0",
            "0",
            "0",
            "railway=light_rail",
            "railway=level_crossing",
            "47",
            "26425"
          ],
          [
            "-79542279",
            "43752042",
            "149",
            "14",
            "1000",
            "0",
            "0",
            "0",
            "0",
            "railway=light_rail",
            "railway=level_crossing",
            "48",
            "27157"
          ],
          [
            "-79542099",
            "43752075",
            "150",
            "15",
            "1000",
            "0",
            "0",
            "0",
            "0",
            "railway=light_rail",
            "railway=crossing",
            "50",
            "27956"
          ],
          [
            "-79541261",
            "43752230",
            "151",
            "70",
            "1000",
            "0",
            "0",
            "0",
            "0",
            "railway=light_rail",
            "railway=unknown",
            "55",
            "32245"
          ],
          [
            "-79536483",
            "43753235",
            "162",
            "400",
            "1000",
            "0",
            "0",
            "0",
            "0",
            "railway=light_rail",
            "railway=crossing",
            "87",
            "57273"
          ],
          [
            "-79536221",
            "43753293",
            "162",
            "22",
            "1000",
            "0",
            "0",
            "0",
            "0",
            "railway=light_rail",
            "railway=level_crossing",
            "89",
            "58272"
          ],
          [
            "-79535944",
            "43753351",
            "161",
            "23",
            "1000",
            "0",
            "0",
            "0",
            "0",
            "railway=light_rail",
            "railway=crossing",
            "91",
            "59719"
          ],
          [
            "-79535178",
            "43753514",
            "160",
            "54",
            "1000",
            "0",
            "0",
            "0",
            "0",
            "railway=light_rail",
            "",
            "95",
            "62611"
          ],
          [
            "-79535178",
            "43753514",
            "160",
            "10",
            "1000",
            "0",
            "0",
            "0",
            "0",
            "railway=light_rail",
            "railway=unknown",
            "0",
            "439"
          ],
          [
            "-79533837",
            "43753788",
            "162",
            "112",
            "1000",
            "0",
            "0",
            "0",
            "0",
            "railway=light_rail",
            "railway=switch",
            "9",
            "6555"
          ],
          [
            "-79532885",
            "43753971",
            "161",
            "79",
            "1000",
            "0",
            "0",
            "0",
            "0",
            "railway=light_rail",
            "railway=switch",
            "16",
            "9863"
          ],
          [
            "-79532685",
            "43754008",
            "162",
            "17",
            "1000",
            "0",
            "0",
            "0",
            "0",
            "railway=light_rail",
            "railway=level_crossing",
            "17",
            "10623"
          ],
          [
            "-79528501",
            "43754917",
            "172",
            "351",
            "1000",
            "0",
            "0",
            "0",
            "0",
            "railway=light_rail",
            "railway=level_crossing",
            "45",
            "31590"
          ],
          [
            "-79524483",
            "43755865",
            "174",
            "340",
            "1000",
            "0",
            "0",
            "0",
            "0",
            "railway=light_rail",
            "railway=crossing",
            "72",
            "49162"
          ],
          [
            "-79524264",
            "43755916",
            "174",
            "19",
            "1000",
            "0",
            "0",
            "0",
            "0",
            "railway=light_rail",
            "railway=level_crossing",
            "74",
            "50434"
          ],
          [
            "-79523987",
            "43755982",
            "174",
            "23",
            "1000",
            "0",
            "0",
            "0",
            "0",
            "railway=light_rail",
            "railway=crossing",
            "76",
            "51919"
          ],
          [
            "-79523253",
            "43756155",
            "175",
            "62",
            "1000",
            "0",
            "0",
            "0",
            "0",
            "railway=light_rail",
            "railway=unknown",
            "81",
            "54879"
          ],
          [
            "-79521079",
            "43756674",
            "174",
            "184",
            "1000",
            "0",
            "0",
            "0",
            "0",
            "railway=light_rail",
            "railway=switch",
            "95",
            "64315"
          ],
          [
            "-79520658",
            "43756766",
            "175",
            "35",
            "1000",
            "0",
            "0",
            "0",
            "0",
            "railway=light_rail",
            "railway=level_crossing",
            "98",
            "66256"
          ],
          [
            "-79520293",
            "43756845",
            "176",
            "31",
            "1000",
            "0",
            "0",
            "0",
            "0",
            "railway=light_rail",
            "railway=switch",
            "101",
            "68110"
          ],
          [
            "-79517957",
            "43757220",
            "176",
            "164",
            "1000",
            "0",
            "0",
            "0",
            "0",
            "railway=light_rail",
            "",
            "114",
            "76729"
          ],
          [
            "-79517957",
            "43757220",
            "176",
            "28",
            "1000",
            "0",
            "0",
            "0",
            "0",
            "railway=light_rail",
            "railway=crossing",
            "2",
            "1231"
          ],
          [
            "-79517774",
            "43757244",
            "177",
            "15",
            "1000",
            "0",
            "0",
            "0",
            "0",
            "railway=light_rail",
            "railway=level_crossing",
            "3",
            "1922"
          ],
          [
            "-79517611",
            "43757266",
            "177",
            "13",
            "1000",
            "0",
            "0",
            "0",
            "0",
            "railway=light_rail",
            "railway=level_crossing",
            "4",
            "2517"
          ],
          [
            "-79517410",
            "43757292",
            "177",
            "16",
            "1000",
            "0",
            "0",
            "0",
            "0",
            "railway=light_rail",
            "railway=crossing",
            "5",
            "3278"
          ],
          [
            "-79516654",
            "43757381",
            "179",
            "62",
            "1000",
            "0",
            "0",
            "0",
            "0",
            "railway=light_rail",
            "railway=unknown",
            "10",
            "7075"
          ],
          [
            "-79513567",
            "43758005",
            "181",
            "259",
            "1000",
            "0",
            "0",
            "0",
            "0",
            "railway=light_rail",
            "railway=crossing",
            "31",
            "21378"
          ],
          [
            "-79513388",
            "43758045",
            "181",
            "15",
            "1000",
            "0",
            "0",
            "0",
            "0",
            "railway=light_rail",
            "railway=level_crossing",
            "32",
            "22021"
          ],
          [
            "-79513207",
            "43758086",
            "181",
            "15",
            "1000",
            "0",
            "0",
            "0",
            "0",
            "railway=light_rail",
            "railway=crossing",
            "33",
            "22667"
          ],
          [
            "-79512449",
            "43758255",
            "181",
            "64",
            "1000",
            "0",
            "0",
            "0",
            "0",
            "railway=light_rail",
            "railway=unknown",
            "38",
            "25336"
          ],
          [
            "-79511356",
            "43758499",
            "181",
            "92",
            "1000",
            "0",
            "0",
            "0",
            "0",
            "railway=light_rail",
            "railway=switch",
            "46",
            "29417"
          ],
          [
            "-79510991",
            "43758620",
            "181",
            "32",
            "1000",
            "0",
            "0",
            "0",
            "0",
            "reversedirection=yes railway=light_rail",
            "railway=switch",
            "48",
            "30891"
          ],
          [
            "-79510764",
            "43758671",
            "181",
            "19",
            "1000",
            "0",
            "0",
            "0",
            "0",
            "reversedirection=yes railway=light_rail",
            "railway=switch",
            "50",
            "31719"
          ],
          [
            "-79510399",
            "43758713",
            "180",
            "29",
            "1000",
            "0",
            "0",
            "0",
            "0",
            "railway=light_rail",
            "railway=switch",
            "52",
            "32850"
          ],
          [
            "-79508063",
            "43759235",
            "181",
            "197",
            "1000",
            "0",
            "0",
            "0",
            "0",
            "railway=light_rail",
            "railway=crossing",
            "68",
            "41419"
          ],
          [
            "-79507920",
            "43759267",
            "180",
            "12",
            "1000",
            "0",
            "0",
            "0",
            "0",
            "railway=light_rail",
            "railway=level_crossing",
            "69",
            "41870"
          ],
          [
            "-79507776",
            "43759299",
            "179",
            "12",
            "1000",
            "0",
            "0",
            "0",
            "0",
            "railway=light_rail",
            "railway=crossing",
            "70",
            "42280"
          ],
          [
            "-79507006",
            "43759470",
            "179",
            "65",
            "1000",
            "0",
            "0",
            "0",
            "0",
            "railway=light_rail",
            "railway=unknown",
            "75",
            "44486"
          ],
          [
            "-79503475",
            "43760260",
            "183",
            "298",
            "1000",
            "0",
            "0",
            "0",
            "0",
            "railway=light_rail",
            "railway=crossing",
            "99",
            "57964"
          ],
          [
            "-79500228",
            "43760990",
            "187",
            "274",
            "1000",
            "0",
            "0",
            "0",
            "0",
            "railway=light_rail",
            "railway=crossing",
            "121",
            "72925"
          ],
          [
            "-79500056",
            "43761029",
            "186",
            "15",
            "1000",
            "0",
            "0",
            "0",
            "0",
            "railway=light_rail",
            "railway=level_crossing",
            "122",
            "73921"
          ],
          [
            "-79499938",
            "43761056",
            "186",
            "10",
            "1000",
            "0",
            "0",
            "0",
            "0",
            "railway=light_rail",
            "railway=level_crossing",
            "123",
            "74558"
          ],
          [
            "-79499781",
            "43761090",
            "187",
            "13",
            "1000",
            "0",
            "0",
            "0",
            "0",
            "railway=light_rail",
            "railway=crossing",
            "124",
            "75412"
          ],
          [
            "-79498951",
            "43761277",
            "189",
            "70",
            "1000",
            "0",
            "0",
            "0",
            "0",
            "railway=light_rail",
            "railway=unknown",
            "129",
            "79071"
          ],
          [
            "-79497357",
            "43761634",
            "191",
            "49",
            "1000",
            "0",
            "0",
            "0",
            "0",
            "railway=light_rail",
            "",
            "133",
            "81618"
          ],
          [
            "-79493767",
            "43762526",
            "197",
            "393",
            "1000",
            "0",
            "0",
            "0",
            "0",
            "railway=light_rail",
            "railway=crossing",
            "31",
            "21013"
          ],
          [
            "-79493626",
            "43762591",
            "197",
            "13",
            "1000",
            "0",
            "0",
            "0",
            "0",
            "railway=light_rail",
            "railway=level_crossing",
            "32",
            "21695"
          ],
          [
            "-79493510",
            "43762644",
            "198",
            "11",
            "1000",
            "0",
            "0",
            "0",
            "0",
            "railway=light_rail",
            "railway=crossing",
            "33",
            "22285"
          ],
          [
            "-79493430",
            "43762680",
            "198",
            "8",
            "1000",
            "0",
            "0",
            "0",
            "0",
            "railway=light_rail",
            "railway=switch",
            "34",
            "22724"
          ],
          [
            "-79493272",
            "43762777",
            "198",
            "17",
            "1000",
            "0",
            "0",
            "0",
            "0",
            "railway=light_rail",
            "railway=unknown",
            "35",
            "23670"
          ],
          [
            "-79493123",
            "43762866",
            "199",
            "16",
            "1000",
            "0",
            "0",
            "0",
            "0",
            "railway=light_rail",
            "railway=switch",
            "36",
            "24597"
          ],
          [
            "-79491148",
            "43763493",
            "-8192",
            "176",
            "1000",
            "0",
            "0",
            "0",
            "0",
            "reversedirection=yes railway=light_rail",
            "railway=unknown",
            "50",
            "33923"
          ],
          [
            "-79490085",
            "43763741",
            "-8192",
            "90",
            "1000",
            "0",
            "0",
            "0",
            "0",
            "reversedirection=yes railway=light_rail",
            "",
            "57",
            "38098"
          ]
        ],
        "times": [
          0,
          7.2,
          10.24,
          13.04,
          14.88,
          15.76,
          16.72,
          21.28,
          23.84,
          24.48,
          25.36,
          26.4,
          27.12,
          29.44,
          31.2,
          33.12,
          47.84,
          52,
          67.12,
          68.16,
          69.04,
          70.16,
          75.36,
          92,
          121.04,
          122,
          122.96,
          128.64,
          136.48,
          141.12,
          142.64,
          157.68,
          158.88,
          160.08,
          165.36,
          168.4,
          174.16,
          176.16,
          180.16,
          185.68,
          187.04,
          188.08,
          189.28,
          194.16,
          197.2,
          199.52,
          204.24,
          206.08,
          207.2,
          208.64,
          210.48,
          224.08,
          229.68,
          231.52,
          233.04,
          238.32,
          260.24,
          272.24,
          276.96,
          282.56,
          286.16,
          288.4,
          292.4,
          293.44,
          304.24,
          310.24,
          312.08,
          313.84,
          318.72,
          321.68,
          326,
          339.76,
          351.52,
          352.72,
          353.84,
          355.2,
          360.16,
          366.48,
          370.96,
          379.2,
          389.84,
          398.16,
          399.44,
          413.76,
          418.56,
          419.92,
          421.28,
          426.4,
          433.68,
          434.96,
          452.8,
          453.28,
          454.48,
          455.68,
          456.64,
          476.24,
          486.24,
          487.28,
          488.32,
          493.44,
          497.76,
          500.16,
          501.2,
          502.24,
          510.24,
          513.52,
          525.68,
          527.92,
          529.28,
          530.64,
          531.6,
          533.6,
          538.56,
          545.12,
          548.48,
          556.8,
          560.32,
          565.6,
          586.48,
          592.72,
          599.76,
          603.36,
          605.44,
          606.96,
          610,
          618.24,
          619.52,
          620.56,
          621.52,
          622.72,
          624.48,
          626.24,
          628.08,
          629.04,
          631.12,
          633.12,
          639.28,
          641.68,
          642.48,
          643.52,
          644.8,
          646.24,
          652.4,
          654.24,
          656.88,
          657.68,
          658.48,
          659.92,
          661.84,
          662.8,
          663.84,
          665.2,
          666.56,
          667.76,
          669.44,
          676.8,
          677.84,
          678.96,
          679.84,
          681.28,
          685.2,
          689.36,
          690.8,
          691.84,
          698.16,
          701.84,
          708.56,
          710.08,
          711.12,
          712.16,
          712.8,
          714.08,
          715.2,
          716.24,
          716.96,
          718.32,
          722.16,
          722.96,
          723.84,
          724.64,
          730.08,
          744.32,
          745.36,
          746.48,
          763.76,
          766.08,
          774.56,
          784.24,
          785.12,
          786.4,
          787.52,
          788.32,
          794,
          798.72,
          799.92,
          800.96,
          801.36,
          801.84,
          802.32,
          803.2,
          803.76,
          804.4,
          805.36,
          811.12,
          817.04,
          820.24,
          823.2,
          829.92,
          834.96,
          842.48,
          844.56,
          846.96,
          849.36,
          851.44,
          858.96,
          864,
          870.72,
          873.36,
          874.56,
          885.52,
          889.2,
          889.68,
          890.32,
          891.44,
          891.84,
          892.24,
          893.28,
          894.48,
          904.88,
          905.6,
          906.08,
          906.72,
          908,
          912.96,
          918.4,
          920.64,
          926.88,
          929.52,
          946.72,
          947.84,
          948.88,
          962.56,
          963.04,
          967.2,
          968.56,
          969.36,
          970.24,
          971.04,
          973.04,
          974.32,
          975.92,
          977.36,
          978.08,
          978.88,
          979.76,
          980.72,
          981.6,
          982.16,
          983.44,
          984.4,
          985.76,
          989.2,
          997.76,
          1001.52,
          1002.64,
          1003.92,
          1005.12,
          1013.44,
          1014.32,
          1015.36,
          1016.4,
          1021.68,
          1023.28,
          1024.88,
          1026.72,
          1027.76,
          1028.72,
          1029.68,
          1030.88,
          1032.16,
          1033.92,
          1035.12,
          1036.32,
          1044.4,
          1046.4,
          1047.84,
          1049.12,
          1050.32,
          1051.28,
          1052.72,
          1054,
          1059.52,
          1061.36,
          1062.56,
          1064.32,
          1066,
          1067.04,
          1068.8,
          1070,
          1071.2,
          1072.16,
          1073.2,
          1078.48,
          1083.76,
          1084.4,
          1086.88,
          1102.32,
          1103.6,
          1127.04,
          1132.56,
          1144.08,
          1147.44,
          1157.12,
          1159.28,
          1160.88,
          1161.84,
          1163.2,
          1164.56,
          1167.2,
          1171.52,
          1179.04,
          1182.32,
          1190.32,
          1191.28,
          1192.32,
          1195.6,
          1203.28,
          1204.24,
          1205.28,
          1206.32,
          1216.24,
          1235.92,
          1236.88,
          1238.08,
          1243.92,
          1255.2,
          1257.68,
          1258.96,
          1261.28,
          1271.44,
          1272.8,
          1274.24,
          1279.12,
          1291.2,
          1293.28,
          1294.48,
          1302.88,
          1313.52,
          1326.24,
          1337.52,
          1338.88,
          1340,
          1341.2,
          1346.8,
          1356.88,
          1363.76,
          1373.84,
          1378.8,
          1380.56,
          1382.4,
          1386.72,
          1387.52,
          1396.48,
          1402.8,
          1404.16,
          1406.32,
          1414.16,
          1415.44,
          1420.16,
          1432.24,
          1459.44,
          1460.96,
          1462.8,
          1467.76,
          1482.48,
          1485.28,
          1487.76,
          1491.52,
          1494,
          1496.8,
          1500.88,
          1503.12,
          1504.32,
          1505.36,
          1506.64,
          1511.6,
          1514.32,
          1516.24,
          1518,
          1532.32,
          1533.52,
          1534.72,
          1539.84,
          1547.2,
          1548.96,
          1549.76,
          1551.28,
          1551.76,
          1553.6,
          1569.36,
          1570.32,
          1571.28,
          1576.48,
          1600.32,
          1622.24,
          1623.44,
          1624.24,
          1625.28,
          1630.88,
          1634.8,
          1641.68,
          1660.4,
          1663.2,
          1666.24,
          1667.28,
          1668.16,
          1668.8,
          1670.16,
          1671.44,
          1676,
          1676.96,
          1677.84,
          1679.68,
          1682.48,
          1685.52,
          1692.72
        ]
      },
      "geometry": {
        "type": "LineString",
        "coordinates": [
          [
            -79.490085,
            43.763741,
            199.75
          ],
          [
            -79.491148,
            43.763493,
            199.75
          ],
          [
            -79.491597,
            43.763397,
            199.75
          ],
          [
            -79.492008,
            43.7633,
            199.75
          ],
          [
            -79.49227,
            43.763226,
            199.75
          ],
          [
            -79.492391,
            43.763181,
            199.75
          ],
          [
            -79.492522,
            43.76313,
            199.5
          ],
          [
            -79.493123,
            43.762866,
            199
          ],
          [
            -79.493459,
            43.762716,
            198.25
          ],
          [
            -79.493541,
            43.762678,
            198
          ],
          [
            -79.493658,
            43.762624,
            197.75
          ],
          [
            -79.493798,
            43.762561,
            197.5
          ],
          [
            -79.493897,
            43.762516,
            197.25
          ],
          [
            -79.494217,
            43.762395,
            196.75
          ],
          [
            -79.494467,
            43.762318,
            196.5
          ],
          [
            -79.494744,
            43.762242,
            196.25
          ],
          [
            -79.496931,
            43.761761,
            191
          ],
          [
            -79.497548,
            43.761626,
            191
          ],
          [
            -79.499794,
            43.761124,
            187
          ],
          [
            -79.499945,
            43.761089,
            186.5
          ],
          [
            -79.500071,
            43.761061,
            186.75
          ],
          [
            -79.500242,
            43.761022,
            187
          ],
          [
            -79.501018,
            43.760848,
            189.5
          ],
          [
            -79.503488,
            43.760293,
            184
          ],
          [
            -79.507789,
            43.759332,
            180
          ],
          [
            -79.507934,
            43.759299,
            180.5
          ],
          [
            -79.508078,
            43.759267,
            181.25
          ],
          [
            -79.508918,
            43.759079,
            181.25
          ],
          [
            -79.510076,
            43.758823,
            181.25
          ],
          [
            -79.510764,
            43.758671,
            181.25
          ],
          [
            -79.510991,
            43.75862,
            181.5
          ],
          [
            -79.51322,
            43.758118,
            181.25
          ],
          [
            -79.5134,
            43.758078,
            181.5
          ],
          [
            -79.513581,
            43.758038,
            181.75
          ],
          [
            -79.514368,
            43.757862,
            182.25
          ],
          [
            -79.514816,
            43.757762,
            182
          ],
          [
            -79.515666,
            43.757572,
            182
          ],
          [
            -79.515965,
            43.757515,
            181
          ],
          [
            -79.516569,
            43.757426,
            179.75
          ],
          [
            -79.517418,
            43.757326,
            177.25
          ],
          [
            -79.51762,
            43.757301,
            177
          ],
          [
            -79.517784,
            43.757278,
            177
          ],
          [
            -79.517966,
            43.757256,
            176.75
          ],
          [
            -79.518712,
            43.757157,
            177
          ],
          [
            -79.519177,
            43.757096,
            177.5
          ],
          [
            -79.519534,
            43.757041,
            177.25
          ],
          [
            -79.52024,
            43.756895,
            176.75
          ],
          [
            -79.520512,
            43.756836,
            176
          ],
          [
            -79.520679,
            43.756799,
            175.75
          ],
          [
            -79.52089,
            43.756753,
            175
          ],
          [
            -79.521166,
            43.756693,
            174.25
          ],
          [
            -79.523175,
            43.756212,
            174.25
          ],
          [
            -79.524002,
            43.756014,
            174.25
          ],
          [
            -79.524278,
            43.755949,
            174.25
          ],
          [
            -79.524498,
            43.755897,
            174.5
          ],
          [
            -79.525283,
            43.755712,
            175
          ],
          [
            -79.528519,
            43.754952,
            172
          ],
          [
            -79.5303,
            43.754544,
            168.75
          ],
          [
            -79.531,
            43.754385,
            170.25
          ],
          [
            -79.53183,
            43.754209,
            165.25
          ],
          [
            -79.532369,
            43.754101,
            162.5
          ],
          [
            -79.532703,
            43.754045,
            161.75
          ],
          [
            -79.533303,
            43.75393,
            161.5
          ],
          [
            -79.533458,
            43.753901,
            161.75
          ],
          [
            -79.535072,
            43.753571,
            160.75
          ],
          [
            -79.535961,
            43.753382,
            161.25
          ],
          [
            -79.536238,
            43.753322,
            161.75
          ],
          [
            -79.536495,
            43.753265,
            162.5
          ],
          [
            -79.537216,
            43.753111,
            163.25
          ],
          [
            -79.53765,
            43.753014,
            157.5
          ],
          [
            -79.538293,
            43.75287,
            157.5
          ],
          [
            -79.540341,
            43.752437,
            153.5
          ],
          [
            -79.542109,
            43.752108,
            150
          ],
          [
            -79.542285,
            43.752076,
            149.75
          ],
          [
            -79.542455,
            43.752045,
            149.5
          ],
          [
            -79.54266,
            43.752007,
            149.25
          ],
          [
            -79.543411,
            43.751869,
            148
          ],
          [
            -79.544363,
            43.751688,
            146.75
          ],
          [
            -79.545026,
            43.751543,
            145.75
          ],
          [
            -79.546246,
            43.751265,
            142.25
          ],
          [
            -79.547833,
            43.750943,
            145.5
          ],
          [
            -79.549076,
            43.750675,
            148.75
          ],
          [
            -79.549267,
            43.750633,
            148.5
          ],
          [
            -79.551398,
            43.750185,
            148.5
          ],
          [
            -79.552108,
            43.75003,
            148.25
          ],
          [
            -79.552316,
            43.749985,
            148
          ],
          [
            -79.552518,
            43.749941,
            148
          ],
          [
            -79.553284,
            43.749775,
            147.25
          ],
          [
            -79.554362,
            43.749541,
            147.5
          ],
          [
            -79.554556,
            43.749499,
            147.25
          ],
          [
            -79.557215,
            43.748925,
            149.25
          ],
          [
            -79.557286,
            43.748909,
            149.25
          ],
          [
            -79.557467,
            43.74887,
            149.25
          ],
          [
            -79.557643,
            43.748832,
            148.75
          ],
          [
            -79.55779,
            43.748801,
            148.25
          ],
          [
            -79.560705,
            43.748173,
            144
          ],
          [
            -79.562204,
            43.747871,
            142.5
          ],
          [
            -79.562357,
            43.747838,
            142.75
          ],
          [
            -79.562514,
            43.747804,
            143
          ],
          [
            -79.56327,
            43.747639,
            142.5
          ],
          [
            -79.56391,
            43.747497,
            137.75
          ],
          [
            -79.564266,
            43.747407,
            135.75
          ],
          [
            -79.564414,
            43.747365,
            135.75
          ],
          [
            -79.56456,
            43.747324,
            135.75
          ],
          [
            -79.565706,
            43.74698,
            135
          ],
          [
            -79.566188,
            43.74685,
            135
          ],
          [
            -79.567965,
            43.746393,
            135.25
          ],
          [
            -79.568288,
            43.74631,
            135.25
          ],
          [
            -79.568485,
            43.746259,
            135.25
          ],
          [
            -79.568685,
            43.746208,
            135.25
          ],
          [
            -79.568828,
            43.746173,
            135.25
          ],
          [
            -79.569125,
            43.746098,
            135.25
          ],
          [
            -79.569853,
            43.745915,
            135.5
          ],
          [
            -79.570811,
            43.745676,
            140.25
          ],
          [
            -79.571309,
            43.745564,
            143.5
          ],
          [
            -79.572545,
            43.745302,
            149.75
          ],
          [
            -79.573068,
            43.745192,
            149.75
          ],
          [
            -79.573852,
            43.745014,
            152.75
          ],
          [
            -79.576933,
            43.744279,
            152.5
          ],
          [
            -79.577853,
            43.744059,
            155
          ],
          [
            -79.578895,
            43.743817,
            156
          ],
          [
            -79.57943,
            43.743698,
            155
          ],
          [
            -79.579737,
            43.743638,
            154.75
          ],
          [
            -79.579971,
            43.743601,
            154.5
          ],
          [
            -79.580433,
            43.743543,
            155.25
          ],
          [
            -79.581682,
            43.743361,
            157.75
          ],
          [
            -79.581875,
            43.743331,
            157.5
          ],
          [
            -79.582033,
            43.743307,
            157.25
          ],
          [
            -79.582177,
            43.743284,
            157.25
          ],
          [
            -79.582355,
            43.743257,
            157
          ],
          [
            -79.582624,
            43.743226,
            156.75
          ],
          [
            -79.582902,
            43.743212,
            156.5
          ],
          [
            -79.583183,
            43.743209,
            156.25
          ],
          [
            -79.583338,
            43.743213,
            156
          ],
          [
            -79.583663,
            43.743238,
            156
          ],
          [
            -79.583974,
            43.74328,
            156
          ],
          [
            -79.584897,
            43.743444,
            160.5
          ],
          [
            -79.585264,
            43.74347,
            161.25
          ],
          [
            -79.585389,
            43.743471,
            161.25
          ],
          [
            -79.585547,
            43.743464,
            161.25
          ],
          [
            -79.58575,
            43.743445,
            161.25
          ],
          [
            -79.585967,
            43.743411,
            161.5
          ],
          [
            -79.586894,
            43.743228,
            162.25
          ],
          [
            -79.587168,
            43.743176,
            160.75
          ],
          [
            -79.587563,
            43.743091,
            159
          ],
          [
            -79.587677,
            43.743059,
            158.75
          ],
          [
            -79.587786,
            43.74302,
            158.25
          ],
          [
            -79.587983,
            43.742939,
            157.75
          ],
          [
            -79.588223,
            43.742808,
            157
          ],
          [
            -79.58833,
            43.742731,
            157
          ],
          [
            -79.588438,
            43.742641,
            156.75
          ],
          [
            -79.588564,
            43.742513,
            156.5
          ],
          [
            -79.588665,
            43.742383,
            156.5
          ],
          [
            -79.588739,
            43.742257,
            156.5
          ],
          [
            -79.588826,
            43.742078,
            156.5
          ],
          [
            -79.589165,
            43.74129,
            157.25
          ],
          [
            -79.589213,
            43.741179,
            157.5
          ],
          [
            -79.589263,
            43.741063,
            157.75
          ],
          [
            -79.589303,
            43.74097,
            157.75
          ],
          [
            -79.589369,
            43.740819,
            158.75
          ],
          [
            -79.589551,
            43.740401,
            158.75
          ],
          [
            -79.589736,
            43.739953,
            159.25
          ],
          [
            -79.589781,
            43.739792,
            159.5
          ],
          [
            -79.589803,
            43.739672,
            159.5
          ],
          [
            -79.589881,
            43.738967,
            160.25
          ],
          [
            -79.589925,
            43.738558,
            160.75
          ],
          [
            -79.590011,
            43.737806,
            160.25
          ],
          [
            -79.590064,
            43.737639,
            160
          ],
          [
            -79.590125,
            43.737526,
            160
          ],
          [
            -79.590201,
            43.73742,
            160.25
          ],
          [
            -79.590254,
            43.737364,
            160.5
          ],
          [
            -79.590379,
            43.737257,
            160.75
          ],
          [
            -79.590505,
            43.737172,
            161
          ],
          [
            -79.590631,
            43.737104,
            161.25
          ],
          [
            -79.590727,
            43.737065,
            161.25
          ],
          [
            -79.59092,
            43.737003,
            161.75
          ],
          [
            -79.591483,
            43.736873,
            163.25
          ],
          [
            -79.591599,
            43.736846,
            163.5
          ],
          [
            -79.591732,
            43.736815,
            163.75
          ],
          [
            -79.591854,
            43.736786,
            163.75
          ],
          [
            -79.592661,
            43.736598,
            164
          ],
          [
            -79.594754,
            43.736097,
            165.5
          ],
          [
            -79.594911,
            43.73606,
            165.75
          ],
          [
            -79.595077,
            43.73602,
            166
          ],
          [
            -79.597631,
            43.735424,
            165.5
          ],
          [
            -79.597978,
            43.735349,
            165.5
          ],
          [
            -79.599244,
            43.735095,
            167
          ],
          [
            -79.600679,
            43.734761,
            165
          ],
          [
            -79.600807,
            43.734731,
            165.25
          ],
          [
            -79.600992,
            43.734687,
            165.75
          ],
          [
            -79.601159,
            43.734647,
            166.25
          ],
          [
            -79.601272,
            43.73462,
            166.5
          ],
          [
            -79.60211,
            43.734428,
            165.5
          ],
          [
            -79.602807,
            43.734268,
            165.5
          ],
          [
            -79.602986,
            43.734226,
            165.25
          ],
          [
            -79.603126,
            43.734171,
            165.25
          ],
          [
            -79.603171,
            43.734146,
            165.25
          ],
          [
            -79.603218,
            43.734105,
            165.25
          ],
          [
            -79.603251,
            43.734057,
            165.25
          ],
          [
            -79.603291,
            43.73396,
            165.25
          ],
          [
            -79.603299,
            43.733895,
            165
          ],
          [
            -79.603294,
            43.733827,
            165.25
          ],
          [
            -79.603258,
            43.733724,
            165.5
          ],
          [
            -79.602979,
            43.733111,
            167.25
          ],
          [
            -79.602704,
            43.732478,
            167.75
          ],
          [
            -79.602554,
            43.732131,
            166.25
          ],
          [
            -79.602414,
            43.731811,
            166.25
          ],
          [
            -79.60209,
            43.73109,
            166.75
          ],
          [
            -79.601875,
            43.730547,
            166.25
          ],
          [
            -79.601533,
            43.72974
          ],
          [
            -79.601434,
            43.729517
          ],
          [
            -79.601289,
            43.729266,
            166.25
          ],
          [
            -79.601434,
            43.729517,
            166.25
          ],
          [
            -79.601533,
            43.72974,
            166.25
          ],
          [
            -79.601875,
            43.730547,
            166.25
          ],
          [
            -79.60209,
            43.73109,
            166.75
          ],
          [
            -79.602414,
            43.731811,
            166.25
          ],
          [
            -79.602477,
            43.732107,
            167
          ],
          [
            -79.602539,
            43.732239,
            167.25
          ],
          [
            -79.603064,
            43.733416,
            166.75
          ],
          [
            -79.603232,
            43.73381,
            165.25
          ],
          [
            -79.603241,
            43.733863,
            165.25
          ],
          [
            -79.603228,
            43.733933,
            165.5
          ],
          [
            -79.603175,
            43.734055,
            165.75
          ],
          [
            -79.603145,
            43.734093,
            165.75
          ],
          [
            -79.603104,
            43.734127,
            165.75
          ],
          [
            -79.602971,
            43.734187,
            166
          ],
          [
            -79.602793,
            43.734231,
            166.5
          ],
          [
            -79.601253,
            43.734588,
            166.5
          ],
          [
            -79.601144,
            43.734613,
            166
          ],
          [
            -79.601076,
            43.734629,
            165.75
          ],
          [
            -79.600978,
            43.734652,
            165.75
          ],
          [
            -79.600792,
            43.734697,
            165.25
          ],
          [
            -79.600057,
            43.734868,
            165
          ],
          [
            -79.599259,
            43.735054,
            167
          ],
          [
            -79.59892,
            43.735126,
            166.75
          ],
          [
            -79.59799,
            43.735309,
            165.5
          ],
          [
            -79.597598,
            43.735393,
            165.5
          ],
          [
            -79.595062,
            43.735985,
            166
          ],
          [
            -79.594896,
            43.736022,
            165.75
          ],
          [
            -79.594737,
            43.736058,
            165.25
          ],
          [
            -79.592704,
            43.736513,
            163.75
          ],
          [
            -79.592629,
            43.73653,
            163.75
          ],
          [
            -79.592018,
            43.736672,
            163.75
          ],
          [
            -79.59182,
            43.736719,
            163.75
          ],
          [
            -79.591701,
            43.736747,
            163.75
          ],
          [
            -79.591566,
            43.736779,
            163.5
          ],
          [
            -79.591447,
            43.736807,
            163.25
          ],
          [
            -79.591149,
            43.736876,
            162.5
          ],
          [
            -79.590964,
            43.736927,
            162
          ],
          [
            -79.59074,
            43.737004,
            161.5
          ],
          [
            -79.590551,
            43.737087,
            161.25
          ],
          [
            -79.590463,
            43.737138,
            161
          ],
          [
            -79.590367,
            43.737201,
            161
          ],
          [
            -79.590274,
            43.737275,
            160.75
          ],
          [
            -79.590189,
            43.737359,
            160.5
          ],
          [
            -79.590119,
            43.737448,
            160.25
          ],
          [
            -79.590081,
            43.737502,
            160
          ],
          [
            -79.590008,
            43.73764,
            160
          ],
          [
            -79.589975,
            43.737748,
            160.25
          ],
          [
            -79.589945,
            43.737897,
            160.5
          ],
          [
            -79.589904,
            43.738279,
            161
          ],
          [
            -79.589798,
            43.73924,
            160.25
          ],
          [
            -79.58975,
            43.739666,
            159.75
          ],
          [
            -79.589727,
            43.739792,
            159.5
          ],
          [
            -79.589689,
            43.739935,
            159.25
          ],
          [
            -79.589642,
            43.740067,
            159.25
          ],
          [
            -79.589255,
            43.740962,
            157.75
          ],
          [
            -79.589215,
            43.741056,
            157.5
          ],
          [
            -79.589166,
            43.741171,
            157.5
          ],
          [
            -79.589118,
            43.741282,
            157.25
          ],
          [
            -79.588874,
            43.741849,
            156.75
          ],
          [
            -79.588797,
            43.742018,
            156.5
          ],
          [
            -79.588717,
            43.742193,
            156.5
          ],
          [
            -79.588598,
            43.742377,
            156.5
          ],
          [
            -79.588514,
            43.742474,
            156.75
          ],
          [
            -79.588424,
            43.742563,
            156.75
          ],
          [
            -79.588324,
            43.742647,
            157
          ],
          [
            -79.588191,
            43.742742,
            157.25
          ],
          [
            -79.58804,
            43.742831,
            157.5
          ],
          [
            -79.587808,
            43.742937,
            158.25
          ],
          [
            -79.587638,
            43.742995,
            158.75
          ],
          [
            -79.587461,
            43.743043,
            159.25
          ],
          [
            -79.586247,
            43.743283,
            162
          ],
          [
            -79.585941,
            43.743341,
            161.25
          ],
          [
            -79.585728,
            43.743381,
            161
          ],
          [
            -79.585534,
            43.743403,
            161
          ],
          [
            -79.585343,
            43.743415,
            161
          ],
          [
            -79.585192,
            43.743416,
            161
          ],
          [
            -79.584975,
            43.743408,
            161
          ],
          [
            -79.584778,
            43.743387,
            159.75
          ],
          [
            -79.583945,
            43.743238,
            156
          ],
          [
            -79.583665,
            43.743193,
            156
          ],
          [
            -79.583478,
            43.743174,
            156
          ],
          [
            -79.583211,
            43.743156,
            156.25
          ],
          [
            -79.582948,
            43.743149,
            156.25
          ],
          [
            -79.582785,
            43.743155,
            156.5
          ],
          [
            -79.582514,
            43.743174,
            156.75
          ],
          [
            -79.582325,
            43.743196,
            156.75
          ],
          [
            -79.582144,
            43.743219,
            157
          ],
          [
            -79.582004,
            43.74324,
            157.25
          ],
          [
            -79.581842,
            43.743264,
            157.5
          ],
          [
            -79.581037,
            43.743383,
            156.5
          ],
          [
            -79.58023,
            43.743503,
            154.5
          ],
          [
            -79.580133,
            43.743518,
            154.5
          ],
          [
            -79.57976,
            43.743587,
            154.5
          ],
          [
            -79.577479,
            43.74411,
            153.75
          ],
          [
            -79.577286,
            43.744156,
            153.25
          ],
          [
            -79.57383,
            43.744981,
            152.75
          ],
          [
            -79.57301,
            43.745166,
            149.5
          ],
          [
            -79.571292,
            43.74553,
            143.5
          ],
          [
            -79.570795,
            43.745645,
            140.5
          ],
          [
            -79.569377,
            43.745996,
            134.25
          ],
          [
            -79.569064,
            43.746074,
            135
          ],
          [
            -79.568828,
            43.746134,
            134.75
          ],
          [
            -79.568685,
            43.746171,
            134.75
          ],
          [
            -79.568484,
            43.746223,
            134.75
          ],
          [
            -79.568287,
            43.746274,
            134.5
          ],
          [
            -79.567899,
            43.746374,
            134.25
          ],
          [
            -79.567266,
            43.746537,
            134.5
          ],
          [
            -79.566171,
            43.746818,
            134.75
          ],
          [
            -79.565689,
            43.746949,
            135
          ],
          [
            -79.564545,
            43.74729,
            135.75
          ],
          [
            -79.5644,
            43.74733,
            135.75
          ],
          [
            -79.564252,
            43.747372,
            135.75
          ],
          [
            -79.563776,
            43.747491,
            138.75
          ],
          [
            -79.562638,
            43.747739,
            142.75
          ],
          [
            -79.562501,
            43.74777,
            142.75
          ],
          [
            -79.562343,
            43.747805,
            142.5
          ],
          [
            -79.56219,
            43.747838,
            142.5
          ],
          [
            -79.560708,
            43.748137,
            143.75
          ],
          [
            -79.557777,
            43.74877,
            148.25
          ],
          [
            -79.55763,
            43.748802,
            148.5
          ],
          [
            -79.557456,
            43.74884,
            149
          ],
          [
            -79.556589,
            43.749026,
            148.75
          ],
          [
            -79.554908,
            43.749386,
            146.25
          ],
          [
            -79.554556,
            43.749499,
            147.25
          ],
          [
            -79.554362,
            43.749541,
            147.5
          ],
          [
            -79.554009,
            43.74958,
            147.75
          ],
          [
            -79.552496,
            43.749907,
            148
          ],
          [
            -79.552299,
            43.74995,
            148.25
          ],
          [
            -79.55209,
            43.749995,
            148.25
          ],
          [
            -79.551368,
            43.750151,
            148.5
          ],
          [
            -79.549563,
            43.750534,
            148.5
          ],
          [
            -79.549253,
            43.7506,
            148.5
          ],
          [
            -79.549073,
            43.750639,
            148.75
          ],
          [
            -79.547823,
            43.750908,
            145.25
          ],
          [
            -79.546228,
            43.751234,
            142
          ],
          [
            -79.544347,
            43.751657,
            146.75
          ],
          [
            -79.542651,
            43.751974,
            149.25
          ],
          [
            -79.542448,
            43.752012,
            149.5
          ],
          [
            -79.542279,
            43.752042,
            149.75
          ],
          [
            -79.542099,
            43.752075,
            150
          ],
          [
            -79.541261,
            43.75223,
            151.75
          ],
          [
            -79.539742,
            43.752514,
            154.5
          ],
          [
            -79.538712,
            43.752732,
            156.25
          ],
          [
            -79.537225,
            43.753075,
            163.25
          ],
          [
            -79.536483,
            43.753235,
            162.75
          ],
          [
            -79.536221,
            43.753293,
            162
          ],
          [
            -79.535944,
            43.753351,
            161.25
          ],
          [
            -79.5353,
            43.753488,
            160.75
          ],
          [
            -79.535178,
            43.753514,
            160.75
          ],
          [
            -79.533837,
            43.753788,
            162.75
          ],
          [
            -79.532885,
            43.753971,
            161.75
          ],
          [
            -79.532685,
            43.754008,
            162
          ],
          [
            -79.532353,
            43.754064,
            162.75
          ],
          [
            -79.531187,
            43.754307,
            169
          ],
          [
            -79.530991,
            43.754348,
            170.25
          ],
          [
            -79.53029,
            43.754506,
            168.75
          ],
          [
            -79.528501,
            43.754917,
            172
          ],
          [
            -79.524483,
            43.755865,
            174.25
          ],
          [
            -79.524264,
            43.755916,
            174
          ],
          [
            -79.523987,
            43.755982,
            174.25
          ],
          [
            -79.523253,
            43.756155,
            175.75
          ],
          [
            -79.521079,
            43.756674,
            174.25
          ],
          [
            -79.520658,
            43.756766,
            175.5
          ],
          [
            -79.520293,
            43.756845,
            176.5
          ],
          [
            -79.519734,
            43.756967,
            177.25
          ],
          [
            -79.519358,
            43.757035,
            177.25
          ],
          [
            -79.518928,
            43.757096,
            177
          ],
          [
            -79.518301,
            43.757176,
            176.75
          ],
          [
            -79.517957,
            43.75722,
            176.75
          ],
          [
            -79.517774,
            43.757244,
            177
          ],
          [
            -79.517611,
            43.757266,
            177
          ],
          [
            -79.51741,
            43.757292,
            177.25
          ],
          [
            -79.516654,
            43.757381,
            179.5
          ],
          [
            -79.516238,
            43.757436,
            180
          ],
          [
            -79.515947,
            43.757481,
            180.75
          ],
          [
            -79.515688,
            43.757531,
            181.5
          ],
          [
            -79.513567,
            43.758005,
            181.75
          ],
          [
            -79.513388,
            43.758045,
            181.25
          ],
          [
            -79.513207,
            43.758086,
            181.25
          ],
          [
            -79.512449,
            43.758255,
            181
          ],
          [
            -79.511356,
            43.758499,
            181.25
          ],
          [
            -79.511109,
            43.758584,
            181.5
          ],
          [
            -79.510991,
            43.75862,
            181.5
          ],
          [
            -79.510764,
            43.758671,
            181.25
          ],
          [
            -79.510686,
            43.758684,
            181.25
          ],
          [
            -79.510399,
            43.758713,
            180.5
          ],
          [
            -79.508063,
            43.759235,
            181
          ],
          [
            -79.50792,
            43.759267,
            180.25
          ],
          [
            -79.507776,
            43.759299,
            179.75
          ],
          [
            -79.507006,
            43.75947,
            179.25
          ],
          [
            -79.503475,
            43.76026,
            183.5
          ],
          [
            -79.500228,
            43.76099,
            187
          ],
          [
            -79.500056,
            43.761029,
            186.5
          ],
          [
            -79.499938,
            43.761056,
            186.5
          ],
          [
            -79.499781,
            43.76109,
            187
          ],
          [
            -79.498951,
            43.761277,
            189
          ],
          [
            -79.498375,
            43.761406,
            191
          ],
          [
            -79.497357,
            43.761634,
            191
          ],
          [
            -79.494579,
            43.762243,
            196.5
          ],
          [
            -79.494175,
            43.762363,
            196.75
          ],
          [
            -79.493767,
            43.762526,
            197.5
          ],
          [
            -79.493626,
            43.762591,
            197.75
          ],
          [
            -79.49351,
            43.762644,
            198
          ],
          [
            -79.49343,
            43.76268,
            198.25
          ],
          [
            -79.493272,
            43.762777,
            198.5
          ],
          [
            -79.493123,
            43.762866,
            199
          ],
          [
            -79.492522,
            43.76313,
            199.5
          ],
          [
            -79.492391,
            43.763181,
            199.75
          ],
          [
            -79.49227,
            43.763226,
            199.75
          ],
          [
            -79.492008,
            43.7633,
            199.75
          ],
          [
            -79.491597,
            43.763397
          ],
          [
            -79.491148,
            43.763493
          ],
          [
            -79.490085,
            43.763741
          ]
        ]
      }
    }
  ]
}