{
  "type": "FeatureCollection",
  "features": [
    {
      "type": "Feature",
      "properties": {
        "creator": "BRouter-1.7.0",
        "name": "[UTA] TRAX Green Line",
        "track-length": "48334",
        "filtered ascend": "155",
        "plain-ascend": "14",
        "total-time": "3864",
        "total-energy": "2138512",
        "cost": "48335",
        "messages": [
          [
            "Longitude",
            "Latitude",
            "Elevation",
            "Distance",
            "CostPerKm",
            "ElevCost",
            "TurnCost",
            "NodeCost",
            "InitialCost",
            "WayTags",
            "NodeTags",
            "Time",
            "Energy"
          ],
          [
            "-111983342",
            "40784314",
            "1289",
            "15",
            "1000",
            "0",
            "0",
            "0",
            "0",
            "reversedirection=yes railway=light_rail",
            "railway=unknown",
            "1",
            "659"
          ],
          [
            "-111980219",
            "40782265",
            "1291",
            "435",
            "1000",
            "0",
            "0",
            "0",
            "0",
            "reversedirection=yes railway=light_rail",
            "railway=unknown",
            "36",
            "21113"
          ],
          [
            "-111980210",
            "40782200",
            "1291",
            "7",
            "1000",
            "0",
            "0",
            "0",
            "0",
            "reversedirection=yes railway=light_rail",
            "crossing=uncontrolled railway=level_crossing",
            "36",
            "21421"
          ],
          [
            "-111980194",
            "40782091",
            "1291",
            "12",
            "1000",
            "0",
            "0",
            "0",
            "0",
            "reversedirection=yes railway=light_rail",
            "railway=switch",
            "37",
            "21974"
          ],
          [
            "-111980187",
            "40781821",
            "1291",
            "30",
            "1000",
            "0",
            "0",
            "0",
            "0",
            "railway=light_rail",
            "railway=unknown",
            "39",
            "23460"
          ],
          [
            "-111980176",
            "40781540",
            "1291",
            "31",
            "1000",
            "0",
            "0",
            "0",
            "0",
            "railway=light_rail",
            "railway=switch",
            "42",
            "24950"
          ],
          [
            "-111980153",
            "40781365",
            "1291",
            "20",
            "1000",
            "0",
            "0",
            "0",
            "0",
            "railway=light_rail",
            "railway=switch",
            "44",
            "25853"
          ],
          [
            "-111979885",
            "40779290",
            "1291",
            "104",
            "1000",
            "0",
            "0",
            "0",
            "0",
            "railway=light_rail",
            "",
            "52",
            "29924"
          ],
          [
            "-111979885",
            "40779290",
            "1291",
            "128",
            "1000",
            "0",
            "0",
            "0",
            "0",
            "railway=light_rail",
            "railway=switch",
            "10",
            "6267"
          ],
          [
            "-111979967",
            "40777306",
            "1289",
            "223",
            "1000",
            "0",
            "0",
            "0",
            "0",
            "railway=light_rail",
            "crossing=uncontrolled railway=level_crossing",
            "28",
            "15327"
          ],
          [
            "-111982103",
            "40775585",
            "1287",
            "270",
            "1000",
            "0",
            "0",
            "0",
            "0",
            "railway=light_rail",
            "railway=switch",
            "49",
            "24817"
          ],
          [
            "-111958924",
            "40767808",
            "1289",
            "3258",
            "1000",
            "0",
            "0",
            "0",
            "0",
            "railway=light_rail",
            "railway=level_crossing",
            "310",
            "170851"
          ],
          [
            "-111958208",
            "40768036",
            "1289",
            "65",
            "1000",
            "0",
            "0",
            "0",
            "0",
            "railway=light_rail",
            "railway=level_crossing",
            "315",
            "172849"
          ],
          [
            "-111958041",
            "40768100",
            "1289",
            "16",
            "1000",
            "0",
            "0",
            "0",
            "0",
            "railway=light_rail",
            "railway=crossing",
            "316",
            "173515"
          ],
          [
            "-111957220",
            "40768482",
            "1289",
            "81",
            "1000",
            "0",
            "0",
            "0",
            "0",
            "railway=light_rail",
            "railway=switch",
            "323",
            "176957"
          ],
          [
            "-111956567",
            "40768785",
            "1289",
            "30",
            "1000",
            "0",
            "0",
            "0",
            "0",
            "railway=light_rail",
            "",
            "325",
            "178195"
          ],
          [
            "-111956567",
            "40768785",
            "1289",
            "35",
            "1000",
            "0",
            "0",
            "0",
            "0",
            "railway=light_rail",
            "railway=switch",
            "2",
            "1474"
          ],
          [
            "-111953304",
            "40770173",
            "1291",
            "316",
            "1000",
            "0",
            "0",
            "0",
            "0",
            "railway=light_rail",
            "crossing=uncontrolled railway=crossing",
            "28",
            "17225"
          ],
          [
            "-111953140",
            "40770241",
            "1291",
            "16",
            "1000",
            "0",
            "0",
            "0",
            "0",
            "railway=light_rail",
            "railway=level_crossing",
            "29",
            "17959"
          ],
          [
            "-111952977",
            "40770308",
            "1292",
            "16",
            "1000",
            "0",
            "0",
            "0",
            "0",
            "railway=light_rail",
            "crossing=uncontrolled railway=crossing",
            "30",
            "18753"
          ],
          [
            "-111947121",
            "40771502",
            "1291",
            "522",
            "1000",
            "0",
            "0",
            "0",
            "0",
            "railway=light_rail",
            "railway=crossing",
            "72",
            "42182"
          ],
          [
            "-111946965",
            "40771504",
            "1291",
            "13",
            "1000",
            "0",
            "0",
            "0",
            "0",
            "railway=light_rail",
            "railway=level_crossing",
            "73",
            "42680"
          ],
          [
            "-111946794",
            "40771503",
            "1291",
            "14",
            "1000",
            "0",
            "0",
            "0",
            "0",
            "railway=light_rail",
            "railway=crossing",
            "74",
            "43225"
          ],
          [
            "-111945577",
            "40771506",
            "1292",
            "103",
            "1000",
            "0",
            "0",
            "0",
            "0",
            "railway=light_rail",
            "railway=unknown",
            "82",
            "48308"
          ],
          [
            "-111945462",
            "40771506",
            "1292",
            "10",
            "1000",
            "0",
            "0",
            "0",
            "0",
            "railway=light_rail",
            "crossing=unmarked railway=crossing",
            "83",
            "48777"
          ],
          [
            "-111939476",
            "40771531",
            "1292",
            "505",
            "1000",
            "0",
            "0",
            "0",
            "0",
            "railway=light_rail",
            "railway=crossing",
            "124",
            "70574"
          ],
          [
            "-111939359",
            "40771521",
            "1292",
            "10",
            "1000",
            "0",
            "0",
            "0",
            "0",
            "railway=light_rail",
            "railway=level_crossing",
            "124",
            "71017"
          ],
          [
            "-111939194",
            "40771507",
            "1291",
            "14",
            "1000",
            "0",
            "0",
            "0",
            "0",
            "railway=light_rail",
            "railway=level_crossing",
            "125",
            "71607"
          ],
          [
            "-111939058",
            "40771496",
            "1291",
            "12",
            "1000",
            "0",
            "0",
            "0",
            "0",
            "railway=light_rail",
            "railway=crossing",
            "126",
            "72091"
          ],
          [
            "-111934605",
            "40771487",
            "1291",
            "376",
            "1000",
            "0",
            "0",
            "0",
            "0",
            "railway=light_rail",
            "railway=crossing",
            "156",
            "88500"
          ],
          [
            "-111933371",
            "40771491",
            "1290",
            "104",
            "1000",
            "0",
            "0",
            "0",
            "0",
            "railway=light_rail",
            "railway=unknown",
            "165",
            "92507"
          ],
          [
            "-111933281",
            "40771491",
            "1290",
            "8",
            "1000",
            "0",
            "0",
            "0",
            "0",
            "railway=light_rail",
            "railway=crossing",
            "165",
            "92835"
          ],
          [
            "-111933067",
            "40771491",
            "1290",
            "18",
            "1000",
            "0",
            "0",
            "0",
            "0",
            "railway=light_rail",
            "railway=level_crossing",
            "167",
            "93580"
          ],
          [
            "-111932926",
            "40771493",
            "1290",
            "12",
            "1000",
            "0",
            "0",
            "0",
            "0",
            "railway=light_rail",
            "railway=crossing",
            "168",
            "94081"
          ],
          [
            "-111928704",
            "40771511",
            "1289",
            "357",
            "1000",
            "0",
            "0",
            "0",
            "0",
            "railway=light_rail",
            "railway=crossing",
            "196",
            "111140"
          ],
          [
            "-111928567",
            "40771511",
            "1289",
            "12",
            "1000",
            "0",
            "0",
            "0",
            "0",
            "railway=light_rail",
            "railway=level_crossing",
            "197",
            "111665"
          ],
          [
            "-111928421",
            "40771510",
            "1289",
            "12",
            "1000",
            "0",
            "0",
            "0",
            "0",
            "railway=light_rail",
            "railway=crossing",
            "198",
            "112166"
          ],
          [
            "-111925306",
            "40771465",
            "1290",
            "262",
            "1000",
            "0",
            "0",
            "0",
            "0",
            "railway=light_rail",
            "railway=crossing",
            "219",
            "121516"
          ],
          [
            "-111925133",
            "40771464",
            "1290",
            "15",
            "1000",
            "0",
            "0",
            "0",
            "0",
            "railway=light_rail",
            "railway=level_crossing",
            "220",
            "122265"
          ],
          [
            "-111924911",
            "40771462",
            "1291",
            "19",
            "1000",
            "0",
            "0",
            "0",
            "0",
            "railway=light_rail",
            "railway=crossing",
            "222",
            "123310"
          ],
          [
            "-111923656",
            "40771462",
            "1293",
            "106",
            "1000",
            "0",
            "0",
            "0",
            "0",
            "railway=light_rail",
            "railway=unknown",
            "230",
            "129635"
          ],
          [
            "-111923590",
            "40771462",
            "1293",
            "6",
            "1000",
            "0",
            "0",
            "0",
            "0",
            "railway=light_rail",
            "railway=crossing",
            "231",
            "129937"
          ],
          [
            "-111919899",
            "40771499",
            "1293",
            "311",
            "1000",
            "0",
            "0",
            "0",
            "0",
            "railway=light_rail",
            "crossing=traffic_signals railway=crossing",
            "256",
            "144300"
          ],
          [
            "-111919694",
            "40771498",
            "1293",
            "17",
            "1000",
            "0",
            "0",
            "0",
            "0",
            "railway=light_rail",
            "railway=level_crossing",
            "257",
            "145038"
          ],
          [
            "-111919509",
            "40771498",
            "1293",
            "16",
            "1000",
            "0",
            "0",
            "0",
            "0",
            "railway=light_rail",
            "crossing=traffic_signals railway=crossing",
            "258",
            "145735"
          ],
          [
            "-111917070",
            "40771531",
            "1292",
            "205",
            "1000",
            "0",
            "0",
            "0",
            "0",
            "railway=light_rail",
            "crossing=traffic_signals railway=crossing",
            "275",
            "154016"
          ],
          [
            "-111916844",
            "40771529",
            "1292",
            "19",
            "1000",
            "0",
            "0",
            "0",
            "0",
            "railway=light_rail",
            "railway=level_crossing",
            "276",
            "154857"
          ],
          [
            "-111916646",
            "40771522",
            "1292",
            "17",
            "1000",
            "0",
            "0",
            "0",
            "0",
            "railway=light_rail",
            "crossing=traffic_signals railway=crossing",
            "278",
            "155643"
          ],
          [
            "-111915530",
            "40771503",
            "1291",
            "95",
            "1000",
            "0",
            "0",
            "0",
            "0",
            "railway=light_rail",
            "railway=crossing",
            "285",
            "159576"
          ],
          [
            "-111914295",
            "40771502",
            "1291",
            "104",
            "1000",
            "0",
            "0",
            "0",
            "0",
            "railway=light_rail",
            "railway=unknown",
            "294",
            "163587"
          ],
          [
            "-111914192",
            "40771500",
            "1291",
            "9",
            "1000",
            "0",
            "0",
            "0",
            "0",
            "railway=light_rail",
            "railway=crossing",
            "294",
            "163956"
          ],
          [
            "-111914084",
            "40771502",
            "1291",
            "9",
            "1000",
            "0",
            "0",
            "0",
            "0",
            "railway=light_rail",
            "railway=level_crossing",
            "295",
            "164328"
          ],
          [
            "-111913859",
            "40771501",
            "1291",
            "19",
            "1000",
            "0",
            "0",
            "0",
            "0",
            "railway=light_rail",
            "railway=level_crossing",
            "297",
            "165195"
          ],
          [
            "-111913785",
            "40771500",
            "1291",
            "6",
            "1000",
            "0",
            "0",
            "0",
            "0",
            "railway=light_rail",
            "railway=crossing",
            "297",
            "165481"
          ],
          [
            "-111912495",
            "40771505",
            "1292",
            "109",
            "1000",
            "0",
            "0",
            "0",
            "0",
            "railway=light_rail",
            "railway=switch",
            "306",
            "170749"
          ],
          [
            "-111910354",
            "40771509",
            "1294",
            "84",
            "1000",
            "0",
            "0",
            "0",
            "0",
            "railway=light_rail",
            "",
            "313",
            "174876"
          ],
          [
            "-111910354",
            "40771509",
            "1294",
            "97",
            "1000",
            "0",
            "0",
            "0",
            "0",
            "railway=light_rail",
            "railway=switch",
            "7",
            "4951"
          ],
          [
            "-111908476",
            "40771578",
            "1294",
            "159",
            "1000",
            "0",
            "0",
            "0",
            "0",
            "railway=light_rail",
            "railway=level_crossing",
            "20",
            "12446"
          ],
          [
            "-111908426",
            "40771584",
            "1294",
            "4",
            "1000",
            "0",
            "0",
            "0",
            "0",
            "railway=light_rail",
            "railway=crossing",
            "20",
            "12618"
          ],
          [
            "-111908248",
            "40771604",
            "1294",
            "15",
            "1000",
            "0",
            "0",
            "0",
            "0",
            "railway=light_rail",
            "railway=level_crossing",
            "22",
            "13267"
          ],
          [
            "-111904392",
            "40771576",
            "1300",
            "327",
            "1000",
            "0",
            "0",
            "0",
            "0",
            "railway=light_rail",
            "railway=unknown",
            "48",
            "29909"
          ],
          [
            "-111902719",
            "40771512",
            "1307",
            "143",
            "1000",
            "0",
            "0",
            "0",
            "0",
            "railway=light_rail",
            "railway=crossing",
            "59",
            "41594"
          ],
          [
            "-111902631",
            "40771447",
            "1306",
            "10",
            "1000",
            "0",
            "0",
            "0",
            "0",
            "railway=light_rail",
            "railway=level_crossing",
            "60",
            "42126"
          ],
          [
            "-111902620",
            "40771434",
            "1306",
            "2",
            "1000",
            "0",
            "0",
            "0",
            "0",
            "railway=light_rail",
            "railway=level_crossing",
            "60",
            "42230"
          ],
          [
            "-111902564",
            "40771328",
            "1306",
            "13",
            "1000",
            "0",
            "0",
            "0",
            "0",
            "railway=light_rail",
            "crossing=traffic_signals railway=crossing",
            "61",
            "42859"
          ],
          [
            "-111902553",
            "40770478",
            "1303",
            "94",
            "1000",
            "0",
            "0",
            "0",
            "0",
            "railway=light_rail",
            "railway=crossing",
            "69",
            "47414"
          ],
          [
            "-111902554",
            "40770380",
            "1303",
            "11",
            "1000",
            "0",
            "0",
            "0",
            "0",
            "railway=light_rail",
            "railway=level_crossing",
            "69",
            "47929"
          ],
          [
            "-111902554",
            "40770284",
            "1303",
            "11",
            "1000",
            "0",
            "0",
            "0",
            "0",
            "railway=light_rail",
            "railway=crossing",
            "70",
            "48441"
          ],
          [
            "-111902562",
            "40769701",
            "1305",
            "65",
            "1000",
            "0",
            "0",
            "0",
            "0",
            "railway=light_rail",
            "railway=switch",
            "76",
            "51943"
          ],
          [
            "-111902534",
            "40769510",
            "1306",
            "21",
            "1000",
            "0",
            "0",
            "0",
            "0",
            "railway=light_rail",
            "railway=crossing",
            "77",
            "53125"
          ],
          [
            "-111902512",
            "40769474",
            "1306",
            "4",
            "1000",
            "0",
            "0",
            "0",
            "0",
            "railway=light_rail",
            "railway=unknown",
            "78",
            "53362"
          ],
          [
            "-111902480",
            "40769435",
            "1306",
            "5",
            "1000",
            "0",
            "0",
            "0",
            "0",
            "railway=light_rail",
            "railway=level_crossing",
            "78",
            "53676"
          ],
          [
            "-111902417",
            "40769386",
            "1307",
            "8",
            "1000",
            "0",
            "0",
            "0",
            "0",
            "railway=light_rail",
            "railway=level_crossing",
            "79",
            "54186"
          ],
          [
            "-111902346",
            "40769350",
            "1307",
            "7",
            "1000",
            "0",
            "0",
            "0",
            "0",
            "railway=light_rail",
            "railway=unknown",
            "79",
            "54637"
          ],
          [
            "-111902283",
            "40769332",
            "1307",
            "6",
            "1000",
            "0",
            "0",
            "0",
            "0",
            "railway=light_rail",
            "railway=crossing",
            "80",
            "55028"
          ],
          [
            "-111902032",
            "40769319",
            "1308",
            "21",
            "1000",
            "0",
            "0",
            "0",
            "0",
            "railway=light_rail",
            "railway=switch",
            "81",
            "56452"
          ],
          [
            "-111901307",
            "40769295",
            "1311",
            "61",
            "1000",
            "0",
            "0",
            "0",
            "0",
            "railway=light_rail",
            "railway=crossing",
            "86",
            "60254"
          ],
          [
            "-111900105",
            "40769294",
            "1311",
            "102",
            "1000",
            "0",
            "0",
            "0",
            "0",
            "railway=light_rail",
            "railway=unknown",
            "94",
            "65733"
          ],
          [
            "-111899897",
            "40769294",
            "1311",
            "18",
            "1000",
            "0",
            "0",
            "0",
            "0",
            "railway=light_rail",
            "railway=crossing",
            "96",
            "66544"
          ],
          [
            "-111899777",
            "40769294",
            "1311",
            "10",
            "1000",
            "0",
            "0",
            "0",
            "0",
            "railway=light_rail",
            "railway=level_crossing",
            "97",
            "66993"
          ],
          [
            "-111899598",
            "40769301",
            "1311",
            "13",
            "1000",
            "0",
            "0",
            "0",
            "0",
            "railway=light_rail",
            "",
            "98",
            "67872"
          ],
          [
            "-111899598",
            "40769301",
            "1311",
            "2",
            "1000",
            "0",
            "0",
            "0",
            "0",
            "railway=light_rail",
            "railway=level_crossing",
            "0",
            "87"
          ],
          [
            "-111899472",
            "40769309",
            "1311",
            "11",
            "1000",
            "0",
            "0",
            "0",
            "0",
            "railway=light_rail",
            "railway=crossing",
            "1",
            "571"
          ],
          [
            "-111898117",
            "40769328",
            "1314",
            "114",
            "1000",
            "0",
            "0",
            "0",
            "0",
            "railway=light_rail",
            "railway=switch",
            "10",
            "5767"
          ],
          [
            "-111898033",
            "40769329",
            "1314",
            "7",
            "1000",
            "0",
            "0",
            "0",
            "0",
            "railway=light_rail",
            "railway=switch",
            "10",
            "6242"
          ],
          [
            "-111897023",
            "40769330",
            "1313",
            "85",
            "1000",
            "0",
            "0",
            "0",
            "0",
            "railway=light_rail",
            "crossing=traffic_signals railway=crossing",
            "17",
            "11045"
          ],
          [
            "-111896814",
            "40769330",
            "1313",
            "18",
            "1000",
            "0",
            "0",
            "0",
            "0",
            "railway=light_rail",
            "railway=level_crossing",
            "18",
            "12004"
          ],
          [
            "-111896599",
            "40769331",
            "1314",
            "18",
            "1000",
            "0",
            "0",
            "0",
            "0",
            "railway=light_rail",
            "crossing=traffic_signals railway=crossing",
            "20",
            "13008"
          ],
          [
            "-111895497",
            "40769311",
            "1317",
            "93",
            "1000",
            "0",
            "0",
            "0",
            "0",
            "railway=light_rail",
            "railway=crossing",
            "27",
            "17917"
          ],
          [
            "-111894345",
            "40769312",
            "1319",
            "97",
            "1000",
            "0",
            "0",
            "0",
            "0",
            "railway=light_rail",
            "railway=unknown",
            "35",
            "23715"
          ],
          [
            "-111894157",
            "40769312",
            "1320",
            "16",
            "1000",
            "0",
            "0",
            "0",
            "0",
            "railway=light_rail",
            "railway=crossing",
            "36",
            "24622"
          ],
          [
            "-111893976",
            "40769316",
            "1322",
            "15",
            "1000",
            "0",
            "0",
            "0",
            "0",
            "railway=light_rail",
            "railway=level_crossing",
            "38",
            "25691"
          ],
          [
            "-111893762",
            "40769321",
            "1325",
            "18",
            "1000",
            "0",
            "0",
            "0",
            "0",
            "railway=light_rail",
            "railway=crossing",
            "39",
            "27299"
          ],
          [
            "-111892532",
            "40769330",
            "1336",
            "104",
            "1000",
            "0",
            "0",
            "0",
            "0",
            "railway=light_rail",
            "railway=crossing",
            "47",
            "40407"
          ],
          [
            "-111891320",
            "40769297",
            "1338",
            "103",
            "1000",
            "0",
            "0",
            "0",
            "0",
            "railway=light_rail",
            "crossing=traffic_signals railway=crossing",
            "56",
            "49019"
          ],
          [
            "-111891284",
            "40769282",
            "1339",
            "3",
            "1000",
            "0",
            "0",
            "0",
            "0",
            "railway=light_rail",
            "railway=level_crossing",
            "56",
            "49266"
          ],
          [
            "-111891188",
            "40769208",
            "1340",
            "11",
            "1000",
            "0",
            "0",
            "0",
            "0",
            "railway=light_rail",
            "railway=level_crossing",
            "57",
            "50220"
          ],
          [
            "-111891163",
            "40769177",
            "1340",
            "4",
            "1000",
            "0",
            "0",
            "0",
            "0",
            "railway=light_rail",
            "crossing=traffic_signals railway=crossing",
            "57",
            "50578"
          ],
          [
            "-111891166",
            "40768360",
            "1346",
            "91",
            "1000",
            "0",
            "0",
            "0",
            "0",
            "railway=light_rail",
            "crossing=traffic_signals railway=crossing",
            "64",
            "59500"
          ],
          [
            "-111891163",
            "40767453",
            "1330",
            "101",
            "1000",
            "0",
            "0",
            "0",
            "0",
            "railway=light_rail",
            "railway=unknown",
            "72",
            "61114"
          ],
          [
            "-111891162",
            "40767340",
            "1330",
            "13",
            "1000",
            "0",
            "0",
            "0",
            "0",
            "railway=light_rail",
            "crossing=traffic_signals railway=crossing",
            "73",
            "61515"
          ],
          [
            "-111891160",
            "40767223",
            "1330",
            "13",
            "1000",
            "0",
            "0",
            "0",
            "0",
            "railway=light_rail",
            "railway=level_crossing",
            "74",
            "61937"
          ],
          [
            "-111891155",
            "40767118",
            "1330",
            "12",
            "1000",
            "0",
            "0",
            "0",
            "0",
            "railway=light_rail",
            "railway=level_crossing",
            "75",
            "62343"
          ],
          [
            "-111891149",
            "40767010",
            "1330",
            "12",
            "1000",
            "0",
            "0",
            "0",
            "0",
            "railway=light_rail",
            "crossing=traffic_signals railway=crossing",
            "76",
            "62763"
          ],
          [
            "-111891143",
            "40766441",
            "1331",
            "64",
            "1000",
            "0",
            "0",
            "0",
            "0",
            "railway=light_rail",
            "railway=switch",
            "82",
            "64613"
          ],
          [
            "-111891140",
            "40766020",
            "1332",
            "47",
            "1000",
            "0",
            "0",
            "0",
            "0",
            "railway=light_rail",
            "crossing=traffic_signals railway=crossing",
            "85",
            "66475"
          ],
          [
            "-111891138",
            "40765574",
            "1332",
            "50",
            "1000",
            "0",
            "0",
            "0",
            "0",
            "railway=light_rail",
            "railway=switch",
            "89",
            "68540"
          ],
          [
            "-111891136",
            "40765145",
            "1331",
            "48",
            "1000",
            "0",
            "0",
            "0",
            "0",
            "railway=light_rail",
            "crossing=traffic_signals railway=crossing",
            "93",
            "70236"
          ],
          [
            "-111891136",
            "40765011",
            "1331",
            "15",
            "1000",
            "0",
            "0",
            "0",
            "0",
            "railway=light_rail",
            "railway=level_crossing",
            "94",
            "70771"
          ],
          [
            "-111891137",
            "40764850",
            "1330",
            "18",
            "1000",
            "0",
            "0",
            "0",
            "0",
            "railway=light_rail",
            "crossing=traffic_signals railway=crossing",
            "96",
            "71363"
          ],
          [
            "-111891157",
            "40763995",
            "1328",
            "95",
            "1000",
            "0",
            "0",
            "0",
            "0",
            "railway=light_rail",
            "crossing=traffic_signals railway=crossing",
            "103",
            "74835"
          ],
          [
            "-111891158",
            "40763101",
            "1328",
            "99",
            "1000",
            "0",
            "0",
            "0",
            "0",
            "railway=light_rail",
            "railway=unknown",
            "111",
            "77610"
          ],
          [
            "-111891156",
            "40762969",
            "1327",
            "15",
            "1000",
            "0",
            "0",
            "0",
            "0",
            "railway=light_rail",
            "crossing=traffic_signals railway=crossing",
            "112",
            "78048"
          ],
          [
            "-111891155",
            "40762880",
            "1327",
            "10",
            "1000",
            "0",
            "0",
            "0",
            "0",
            "railway=light_rail",
            "railway=level_crossing",
            "113",
            "78315"
          ],
          [
            "-111891154",
            "40762809",
            "1326",
            "8",
            "1000",
            "0",
            "0",
            "0",
            "0",
            "railway=light_rail",
            "railway=level_crossing",
            "114",
            "78524"
          ],
          [
            "-111891150",
            "40762759",
            "1326",
            "6",
            "1000",
            "0",
            "0",
            "0",
            "0",
            "railway=light_rail",
            "railway=level_crossing",
            "114",
            "78675"
          ],
          [
            "-111891145",
            "40762689",
            "1326",
            "8",
            "1000",
            "0",
            "0",
            "0",
            "0",
            "railway=light_rail",
            "crossing=traffic_signals railway=crossing",
            "115",
            "78869"
          ],
          [
            "-111891135",
            "40761826",
            "1321",
            "96",
            "1000",
            "0",
            "0",
            "0",
            "0",
            "railway=light_rail",
            "crossing=traffic_signals railway=crossing",
            "123",
            "81384"
          ],
          [
            "-111891135",
            "40761069",
            "1312",
            "84",
            "1000",
            "0",
            "0",
            "0",
            "0",
            "railway=light_rail",
            "railway=switch",
            "129",
            "81384"
          ],
          [
            "-111891134",
            "40760826",
            "1308",
            "27",
            "1000",
            "0",
            "0",
            "0",
            "0",
            "railway=light_rail",
            "crossing=traffic_signals railway=crossing",
            "132",
            "81384"
          ],
          [
            "-111891134",
            "40760730",
            "1309",
            "11",
            "1000",
            "0",
            "0",
            "0",
            "0",
            "railway=light_rail",
            "railway=level_crossing",
            "132",
            "81384"
          ],
          [
            "-111891132",
            "40760560",
            "1309",
            "19",
            "1000",
            "0",
            "0",
            "0",
            "0",
            "railway=light_rail",
            "railway=level_crossing",
            "134",
            "81421"
          ],
          [
            "-111891131",
            "40760463",
            "1309",
            "11",
            "1000",
            "0",
            "0",
            "0",
            "0",
            "railway=light_rail",
            "crossing=traffic_signals railway=crossing",
            "135",
            "81530"
          ],
          [
            "-111891134",
            "40760248",
            "1309",
            "24",
            "1000",
            "0",
            "0",
            "0",
            "0",
            "railway=light_rail",
            "railway=switch",
            "137",
            "81946"
          ],
          [
            "-111891155",
            "40759662",
            "1305",
            "65",
            "1000",
            "0",
            "0",
            "0",
            "0",
            "railway=light_rail",
            "crossing=traffic_signals railway=crossing",
            "142",
            "81946"
          ],
          [
            "-111891149",
            "40758779",
            "1299",
            "98",
            "1000",
            "0",
            "0",
            "0",
            "0",
            "railway=light_rail",
            "railway=unknown",
            "150",
            "81946"
          ],
          [
            "-111891145",
            "40758631",
            "1299",
            "16",
            "1000",
            "0",
            "0",
            "0",
            "0",
            "railway=light_rail",
            "crossing=traffic_signals railway=crossing",
            "151",
            "82199"
          ],
          [
            "-111891141",
            "40758483",
            "1299",
            "16",
            "1000",
            "0",
            "0",
            "0",
            "0",
            "railway=light_rail",
            "railway=level_crossing",
            "152",
            "82518"
          ],
          [
            "-111891133",
            "40758326",
            "1299",
            "17",
            "1000",
            "0",
            "0",
            "0",
            "0",
            "railway=light_rail",
            "crossing=traffic_signals railway=crossing",
            "154",
            "82955"
          ],
          [
            "-111891107",
            "40757504",
            "1310",
            "92",
            "1000",
            "0",
            "0",
            "0",
            "0",
            "railway=light_rail",
            "railway=crossing",
            "161",
            "87903"
          ],
          [
            "-111891106",
            "40757350",
            "1309",
            "17",
            "1000",
            "0",
            "0",
            "0",
            "0",
            "railway=light_rail",
            "railway=level_crossing",
            "162",
            "88730"
          ],
          [
            "-111891106",
            "40757256",
            "1308",
            "10",
            "1000",
            "0",
            "0",
            "0",
            "0",
            "railway=light_rail",
            "railway=level_crossing",
            "163",
            "89399"
          ],
          [
            "-111891117",
            "40756465",
            "1303",
            "88",
            "1000",
            "0",
            "0",
            "0",
            "0",
            "railway=light_rail",
            "crossing=traffic_signals railway=crossing",
            "170",
            "92210"
          ],
          [
            "-111891125",
            "40756299",
            "1301",
            "18",
            "1000",
            "0",
            "0",
            "0",
            "0",
            "railway=light_rail",
            "railway=level_crossing",
            "172",
            "92991"
          ],
          [
            "-111891128",
            "40756150",
            "1300",
            "17",
            "1000",
            "0",
            "0",
            "0",
            "0",
            "railway=light_rail",
            "crossing=traffic_signals railway=crossing",
            "173",
            "93558"
          ],
          [
            "-111891127",
            "40755207",
            "1297",
            "105",
            "1000",
            "0",
            "0",
            "0",
            "0",
            "railway=light_rail",
            "railway=unknown",
            "182",
            "95819"
          ],
          [
            "-111891128",
            "40754992",
            "1297",
            "24",
            "1000",
            "0",
            "0",
            "0",
            "0",
            "railway=light_rail",
            "crossing=traffic_signals railway=crossing",
            "183",
            "96557"
          ],
          [
            "-111891131",
            "40754290",
            "1296",
            "78",
            "1000",
            "0",
            "0",
            "0",
            "0",
            "railway=light_rail",
            "crossing=traffic_signals railway=crossing",
            "190",
            "99216"
          ],
          [
            "-111891169",
            "40754250",
            "1296",
            "5",
            "1000",
            "0",
            "0",
            "0",
            "0",
            "railway=light_rail",
            "railway=level_crossing",
            "190",
            "99395"
          ],
          [
            "-111891230",
            "40754203",
            "1296",
            "7",
            "1000",
            "0",
            "0",
            "0",
            "0",
            "railway=light_rail",
            "railway=level_crossing",
            "191",
            "99634"
          ],
          [
            "-111891287",
            "40754178",
            "1296",
            "6",
            "1000",
            "0",
            "0",
            "0",
            "0",
            "railway=light_rail",
            "crossing=traffic_signals railway=crossing",
            "191",
            "99830"
          ],
          [
            "-111892456",
            "40754154",
            "1295",
            "99",
            "1000",
            "0",
            "0",
            "0",
            "0",
            "railway=light_rail",
            "railway=switch",
            "199",
            "102842"
          ],
          [
            "-111893408",
            "40754150",
            "1295",
            "80",
            "1000",
            "0",
            "0",
            "0",
            "0",
            "railway=light_rail",
            "railway=switch",
            "205",
            "106248"
          ],
          [
            "-111893756",
            "40754152",
            "1295",
            "29",
            "1000",
            "0",
            "0",
            "0",
            "0",
            "railway=light_rail",
            "railway=crossing",
            "208",
            "107390"
          ],
          [
            "-111893958",
            "40754151",
            "1295",
            "17",
            "1000",
            "0",
            "0",
            "0",
            "0",
            "railway=light_rail",
            "railway=level_crossing",
            "209",
            "108040"
          ],
          [
            "-111894145",
            "40754152",
            "1295",
            "16",
            "1000",
            "0",
            "0",
            "0",
            "0",
            "railway=light_rail",
            "railway=crossing",
            "210",
            "108667"
          ],
          [
            "-111896618",
            "40754115",
            "1294",
            "210",
            "1000",
            "0",
            "0",
            "0",
            "0",
            "railway=light_rail",
            "crossing=traffic_signals railway=crossing",
            "227",
            "116607"
          ],
          [
            "-111896708",
            "40754067",
            "1294",
            "9",
            "1000",
            "0",
            "0",
            "0",
            "0",
            "railway=light_rail",
            "railway=level_crossing",
            "228",
            "116829"
          ],
          [
            "-111896726",
            "40754055",
            "1294",
            "2",
            "1000",
            "0",
            "0",
            "0",
            "0",
            "railway=light_rail",
            "railway=level_crossing",
            "228",
            "116881"
          ],
          [
            "-111896793",
            "40753986",
            "1294",
            "10",
            "1000",
            "0",
            "0",
            "0",
            "0",
            "railway=light_rail",
            "crossing=traffic_signals railway=crossing",
            "229",
            "117149"
          ],
          [
            "-111896828",
            "40752104",
            "1293",
            "210",
            "1000",
            "0",
            "0",
            "0",
            "0",
            "railway=light_rail",
            "crossing=traffic_signals railway=crossing",
            "246",
            "123820"
          ],
          [
            "-111896829",
            "40751944",
            "1293",
            "18",
            "1000",
            "0",
            "0",
            "0",
            "0",
            "railway=light_rail",
            "railway=level_crossing",
            "247",
            "124547"
          ],
          [
            "-111896829",
            "40751806",
            "1293",
            "15",
            "1000",
            "0",
            "0",
            "0",
            "0",
            "railway=light_rail",
            "crossing=traffic_signals railway=crossing",
            "248",
            "125161"
          ],
          [
            "-111896851",
            "40750940",
            "1293",
            "96",
            "1000",
            "0",
            "0",
            "0",
            "0",
            "railway=light_rail",
            "crossing=traffic_signals railway=crossing",
            "256",
            "129072"
          ],
          [
            "-111896853",
            "40750073",
            "1292",
            "96",
            "1000",
            "0",
            "0",
            "0",
            "0",
            "railway=light_rail",
            "railway=unknown",
            "264",
            "132630"
          ],
          [
            "-111896853",
            "40749919",
            "1292",
            "17",
            "1000",
            "0",
            "0",
            "0",
            "0",
            "railway=light_rail",
            "crossing=traffic_signals railway=crossing",
            "265",
            "133313"
          ],
          [
            "-111896853",
            "40749846",
            "1292",
            "8",
            "1000",
            "0",
            "0",
            "0",
            "0",
            "railway=light_rail",
            "railway=level_crossing",
            "266",
            "133639"
          ],
          [
            "-111896854",
            "40749691",
            "1292",
            "17",
            "1000",
            "0",
            "0",
            "0",
            "0",
            "railway=light_rail",
            "railway=level_crossing",
            "267",
            "134371"
          ],
          [
            "-111896853",
            "40749622",
            "1292",
            "8",
            "1000",
            "0",
            "0",
            "0",
            "0",
            "railway=light_rail",
            "railway=crossing",
            "268",
            "134733"
          ],
          [
            "-111896852",
            "40749596",
            "1292",
            "3",
            "1000",
            "0",
            "0",
            "0",
            "0",
            "railway=light_rail",
            "railway=crossing",
            "268",
            "134869"
          ],
          [
            "-111896843",
            "40747879",
            "1294",
            "191",
            "1000",
            "0",
            "0",
            "0",
            "0",
            "railway=light_rail",
            "railway=level_crossing",
            "283",
            "144612"
          ],
          [
            "-111896842",
            "40747228",
            "1294",
            "72",
            "1000",
            "0",
            "0",
            "0",
            "0",
            "railway=light_rail",
            "railway=level_crossing",
            "289",
            "148172"
          ],
          [
            "-111896860",
            "40746851",
            "1295",
            "42",
            "1000",
            "0",
            "0",
            "0",
            "0",
            "railway=light_rail",
            "railway=level_crossing",
            "292",
            "150223"
          ],
          [
            "-111896861",
            "40745609",
            "1295",
            "138",
            "1000",
            "0",
            "0",
            "0",
            "0",
            "railway=light_rail",
            "railway=level_crossing",
            "303",
            "156751"
          ],
          [
            "-111896860",
            "40744672",
            "1294",
            "104",
            "1000",
            "0",
            "0",
            "0",
            "0",
            "railway=light_rail",
            "railway=level_crossing",
            "312",
            "160854"
          ],
          [
            "-111896860",
            "40744609",
            "1294",
            "7",
            "1000",
            "0",
            "0",
            "0",
            "0",
            "railway=light_rail",
            "railway=crossing",
            "312",
            "161144"
          ],
          [
            "-111896847",
            "40743518",
            "1294",
            "121",
            "1000",
            "0",
            "0",
            "0",
            "0",
            "railway=light_rail",
            "railway=crossing",
            "322",
            "166452"
          ],
          [
            "-111896846",
            "40743372",
            "1294",
            "16",
            "1000",
            "0",
            "0",
            "0",
            "0",
            "railway=light_rail",
            "railway=signal",
            "323",
            "167155"
          ],
          [
            "-111896841",
            "40742819",
            "1293",
            "61",
            "1000",
            "0",
            "0",
            "0",
            "0",
            "railway=light_rail",
            "railway=switch",
            "328",
            "169534"
          ],
          [
            "-111896841",
            "40742740",
            "1293",
            "9",
            "1000",
            "0",
            "0",
            "0",
            "0",
            "railway=light_rail",
            "railway=signal",
            "329",
            "169898"
          ],
          [
            "-111896857",
            "40741901",
            "1294",
            "93",
            "1000",
            "0",
            "0",
            "0",
            "0",
            "railway=light_rail",
            "railway=unknown",
            "336",
            "174323"
          ],
          [
            "-111896856",
            "40741687",
            "1295",
            "24",
            "1000",
            "0",
            "0",
            "0",
            "0",
            "railway=light_rail",
            "crossing=traffic_signals railway=crossing",
            "338",
            "175519"
          ],
          [
            "-111896854",
            "40741640",
            "1295",
            "5",
            "1000",
            "0",
            "0",
            "0",
            "0",
            "railway=light_rail",
            "crossing=traffic_signals railway=level_crossing",
            "339",
            "175775"
          ],
          [
            "-111896852",
            "40741546",
            "1295",
            "10",
            "1000",
            "0",
            "0",
            "0",
            "0",
            "railway=light_rail",
            "crossing=traffic_signals railway=level_crossing",
            "339",
            "176261"
          ],
          [
            "-111896851",
            "40741500",
            "1295",
            "5",
            "1000",
            "0",
            "0",
            "0",
            "0",
            "railway=light_rail",
            "crossing=traffic_signals railway=crossing",
            "340",
            "176502"
          ],
          [
            "-111896848",
            "40740315",
            "1293",
            "132",
            "1000",
            "0",
            "0",
            "0",
            "0",
            "railway=light_rail",
            "railway=signal",
            "350",
            "181642"
          ],
          [
            "-111896851",
            "40740270",
            "1293",
            "5",
            "1000",
            "0",
            "0",
            "0",
            "0",
            "railway=light_rail",
            "railway=switch",
            "351",
            "181839"
          ],
          [
            "-111896844",
            "40738554",
            "1296",
            "46",
            "1000",
            "0",
            "0",
            "0",
            "0",
            "railway=light_rail",
            "",
            "354",
            "183863"
          ],
          [
            "-111896844",
            "40738554",
            "1296",
            "144",
            "1000",
            "0",
            "0",
            "0",
            "0",
            "railway=light_rail",
            "railway=switch",
            "11",
            "7681"
          ],
          [
            "-111896922",
            "40733602",
            "1295",
            "550",
            "1000",
            "0",
            "0",
            "0",
            "0",
            "railway=light_rail",
            "railway=crossing",
            "55",
            "31410"
          ],
          [
            "-111896924",
            "40733501",
            "1294",
            "11",
            "1000",
            "0",
            "0",
            "0",
            "0",
            "railway=light_rail",
            "railway=level_crossing",
            "56",
            "31871"
          ],
          [
            "-111896923",
            "40733428",
            "1294",
            "8",
            "1000",
            "0",
            "0",
            "0",
            "0",
            "railway=light_rail",
            "railway=crossing",
            "57",
            "32207"
          ],
          [
            "-111896925",
            "40725544",
            "1295",
            "876",
            "1000",
            "0",
            "0",
            "0",
            "0",
            "railway=light_rail",
            "railway=crossing",
            "127",
            "70995"
          ],
          [
            "-111896925",
            "40725484",
            "1295",
            "7",
            "1000",
            "0",
            "0",
            "0",
            "0",
            "railway=light_rail",
            "railway=level_crossing",
            "127",
            "71318"
          ],
          [
            "-111896924",
            "40725390",
            "1295",
            "10",
            "1000",
            "0",
            "0",
            "0",
            "0",
            "railway=light_rail",
            "railway=level_crossing",
            "128",
            "71778"
          ],
          [
            "-111896925",
            "40725338",
            "1295",
            "6",
            "1000",
            "0",
            "0",
            "0",
            "0",
            "railway=light_rail",
            "railway=crossing",
            "128",
            "72052"
          ],
          [
            "-111896926",
            "40725075",
            "1295",
            "29",
            "1000",
            "0",
            "0",
            "0",
            "0",
            "railway=light_rail",
            "railway=signal",
            "131",
            "73372"
          ],
          [
            "-111896926",
            "40724990",
            "1295",
            "9",
            "1000",
            "0",
            "0",
            "0",
            "0",
            "railway=light_rail",
            "railway=crossing",
            "132",
            "73779"
          ],
          [
            "-111896931",
            "40724099",
            "1295",
            "99",
            "1000",
            "0",
            "0",
            "0",
            "0",
            "railway=light_rail",
            "railway=unknown",
            "139",
            "78348"
          ],
          [
            "-111896930",
            "40723906",
            "1295",
            "21",
            "1000",
            "0",
            "0",
            "0",
            "0",
            "railway=light_rail",
            "railway=crossing",
            "141",
            "79296"
          ],
          [
            "-111896908",
            "40722769",
            "1295",
            "127",
            "1000",
            "0",
            "0",
            "0",
            "0",
            "railway=light_rail",
            "railway=switch",
            "151",
            "84659"
          ],
          [
            "-111898276",
            "40722375",
            "1295",
            "146",
            "1000",
            "0",
            "0",
            "0",
            "0",
            "railway=light_rail",
            "railway=switch",
            "163",
            "90878"
          ],
          [
            "-111898504",
            "40722375",
            "1295",
            "19",
            "1000",
            "0",
            "0",
            "0",
            "0",
            "railway=light_rail",
            "railway=switch",
            "164",
            "91690"
          ],
          [
            "-111899552",
            "40722368",
            "1295",
            "89",
            "1000",
            "0",
            "0",
            "0",
            "0",
            "railway=light_rail",
            "railway=crossing",
            "172",
            "95540"
          ],
          [
            "-111899646",
            "40722367",
            "1295",
            "8",
            "1000",
            "0",
            "0",
            "0",
            "0",
            "railway=light_rail",
            "railway=level_crossing",
            "172",
            "95888"
          ],
          [
            "-111899792",
            "40722365",
            "1295",
            "12",
            "1000",
            "0",
            "0",
            "0",
            "0",
            "railway=light_rail",
            "railway=level_crossing",
            "173",
            "96411"
          ],
          [
            "-111900020",
            "40722367",
            "1295",
            "19",
            "1000",
            "0",
            "0",
            "0",
            "0",
            "railway=light_rail",
            "railway=signal",
            "175",
            "97241"
          ],
          [
            "-111918532",
            "40723602",
            "1296",
            "1620",
            "1000",
            "0",
            "0",
            "0",
            "0",
            "railway=light_rail",
            "railway=switch",
            "304",
            "169368"
          ],
          [
            "-111919604",
            "40723721",
            "1296",
            "91",
            "1000",
            "0",
            "0",
            "0",
            "0",
            "railway=light_rail",
            "railway=crossing",
            "312",
            "173623"
          ],
          [
            "-111921167",
            "40723826",
            "1295",
            "132",
            "1000",
            "0",
            "0",
            "0",
            "0",
            "railway=light_rail",
            "railway=level_crossing",
            "322",
            "178902"
          ],
          [
            "-111923794",
            "40722112",
            "1293",
            "314",
            "1000",
            "0",
            "0",
            "0",
            "0",
            "railway=light_rail",
            "railway=level_crossing",
            "347",
            "190672"
          ],
          [
            "-111923884",
            "40721144",
            "1293",
            "108",
            "1000",
            "0",
            "0",
            "0",
            "0",
            "railway=light_rail",
            "railway=signal",
            "356",
            "195585"
          ],
          [
            "-111923887",
            "40720962",
            "1293",
            "20",
            "1000",
            "0",
            "0",
            "0",
            "0",
            "railway=light_rail",
            "railway=crossing",
            "358",
            "196491"
          ],
          [
            "-111923886",
            "40720827",
            "1294",
            "15",
            "1000",
            "0",
            "0",
            "0",
            "0",
            "railway=light_rail",
            "railway=level_crossing",
            "359",
            "197199"
          ],
          [
            "-111923885",
            "40720740",
            "1294",
            "10",
            "1000",
            "0",
            "0",
            "0",
            "0",
            "railway=light_rail",
            "railway=crossing",
            "360",
            "197667"
          ],
          [
            "-111923888",
            "40719800",
            "1295",
            "104",
            "1000",
            "0",
            "0",
            "0",
            "0",
            "railway=light_rail",
            "railway=unknown",
            "368",
            "203270"
          ],
          [
            "-111923886",
            "40719715",
            "1295",
            "9",
            "1000",
            "0",
            "0",
            "0",
            "0",
            "railway=light_rail",
            "railway=crossing",
            "369",
            "203733"
          ],
          [
            "-111923868",
            "40717721",
            "1294",
            "221",
            "1000",
            "0",
            "0",
            "0",
            "0",
            "railway=light_rail",
            "railway=crossing",
            "386",
            "213147"
          ],
          [
            "-111923868",
            "40717633",
            "1293",
            "10",
            "1000",
            "0",
            "0",
            "0",
            "0",
            "railway=light_rail",
            "railway=level_crossing",
            "387",
            "213516"
          ],
          [
            "-111923867",
            "40717329",
            "1293",
            "34",
            "1000",
            "0",
            "0",
            "0",
            "0",
            "railway=light_rail",
            "railway=signal",
            "390",
            "214754"
          ],
          [
            "-111926087",
            "40712810",
            "1293",
            "562",
            "1000",
            "0",
            "0",
            "0",
            "0",
            "railway=light_rail",
            "railway=crossing",
            "435",
            "238699"
          ],
          [
            "-111926133",
            "40712794",
            "1293",
            "4",
            "1000",
            "0",
            "0",
            "0",
            "0",
            "railway=light_rail",
            "railway=level_crossing",
            "435",
            "238871"
          ],
          [
            "-111930262",
            "40712151",
            "1293",
            "293",
            "1000",
            "0",
            "0",
            "0",
            "0",
            "railway=light_rail",
            "",
            "458",
            "251476"
          ],
          [
            "-111930262",
            "40712151",
            "1293",
            "63",
            "1000",
            "0",
            "0",
            "0",
            "0",
            "railway=light_rail",
            "railway=switch",
            "5",
            "2874"
          ],
          [
            "-111936162",
            "40711273",
            "1296",
            "510",
            "1000",
            "0",
            "0",
            "0",
            "0",
            "railway=light_rail",
            "railway=crossing",
            "45",
            "27565"
          ],
          [
            "-111936261",
            "40711273",
            "1296",
            "8",
            "1000",
            "0",
            "0",
            "0",
            "0",
            "railway=light_rail",
            "crossing=traffic_signals railway=level_crossing",
            "46",
            "27939"
          ],
          [
            "-111936357",
            "40711273",
            "1296",
            "8",
            "1000",
            "0",
            "0",
            "0",
            "0",
            "railway=light_rail",
            "railway=crossing",
            "47",
            "28328"
          ],
          [
            "-111938518",
            "40711160",
            "1296",
            "183",
            "1000",
            "0",
            "0",
            "0",
            "0",
            "railway=light_rail",
            "railway=signal",
            "61",
            "37264"
          ],
          [
            "-111938751",
            "40711154",
            "1296",
            "20",
            "1000",
            "0",
            "0",
            "0",
            "0",
            "railway=light_rail",
            "crossing=traffic_signals railway=crossing",
            "63",
            "38064"
          ],
          [
            "-111938959",
            "40711154",
            "1296",
            "18",
            "1000",
            "0",
            "0",
            "0",
            "0",
            "railway=light_rail",
            "crossing=traffic_signals railway=level_crossing",
            "64",
            "38761"
          ],
          [
            "-111939136",
            "40711154",
            "1296",
            "15",
            "1000",
            "0",
            "0",
            "0",
            "0",
            "railway=light_rail",
            "railway=crossing",
            "66",
            "39353"
          ],
          [
            "-111940362",
            "40711153",
            "1296",
            "104",
            "1000",
            "0",
            "0",
            "0",
            "0",
            "railway=light_rail",
            "railway=unknown",
            "74",
            "44086"
          ],
          [
            "-111940505",
            "40711153",
            "1297",
            "12",
            "1000",
            "0",
            "0",
            "0",
            "0",
            "railway=light_rail",
            "railway=crossing",
            "75",
            "44674"
          ],
          [
            "-111941935",
            "40711153",
            "1297",
            "121",
            "1000",
            "0",
            "0",
            "0",
            "0",
            "railway=light_rail",
            "railway=switch",
            "84",
            "50170"
          ],
          [
            "-111943279",
            "40711109",
            "1297",
            "114",
            "1000",
            "0",
            "0",
            "0",
            "0",
            "railway=light_rail",
            "railway=crossing",
            "94",
            "55354"
          ],
          [
            "-111943320",
            "40711090",
            "1296",
            "4",
            "1000",
            "0",
            "0",
            "0",
            "0",
            "railway=light_rail",
            "railway=level_crossing",
            "94",
            "55517"
          ],
          [
            "-111943392",
            "40711041",
            "1296",
            "8",
            "1000",
            "0",
            "0",
            "0",
            "0",
            "railway=light_rail",
            "railway=level_crossing",
            "95",
            "55846"
          ],
          [
            "-111943448",
            "40710975",
            "1296",
            "9",
            "1000",
            "0",
            "0",
            "0",
            "0",
            "railway=light_rail",
            "railway=crossing",
            "95",
            "56198"
          ],
          [
            "-111944135",
            "40709184",
            "1297",
            "209",
            "1000",
            "0",
            "0",
            "0",
            "0",
            "railway=light_rail",
            "railway=crossing",
            "112",
            "64803"
          ],
          [
            "-111945096",
            "40708272",
            "1296",
            "130",
            "1000",
            "0",
            "0",
            "0",
            "0",
            "railway=light_rail",
            "railway=crossing",
            "122",
            "71088"
          ],
          [
            "-111945178",
            "40708210",
            "1296",
            "10",
            "1000",
            "0",
            "0",
            "0",
            "0",
            "railway=light_rail",
            "railway=level_crossing",
            "123",
            "71465"
          ],
          [
            "-111945276",
            "40708139",
            "1295",
            "11",
            "1000",
            "0",
            "0",
            "0",
            "0",
            "railway=light_rail",
            "railway=crossing",
            "124",
            "71841"
          ],
          [
            "-111948727",
            "40705407",
            "1294",
            "424",
            "1000",
            "0",
            "0",
            "0",
            "0",
            "railway=light_rail",
            "railway=crossing",
            "158",
            "88144"
          ],
          [
            "-111948738",
            "40705309",
            "1294",
            "11",
            "1000",
            "0",
            "0",
            "0",
            "0",
            "railway=light_rail",
            "railway=level_crossing",
            "159",
            "88684"
          ],
          [
            "-111948737",
            "40705182",
            "1295",
            "14",
            "1000",
            "0",
            "0",
            "0",
            "0",
            "railway=light_rail",
            "railway=crossing",
            "160",
            "89391"
          ],
          [
            "-111948734",
            "40704202",
            "1295",
            "109",
            "1000",
            "0",
            "0",
            "0",
            "0",
            "railway=light_rail",
            "railway=unknown",
            "169",
            "94882"
          ],
          [
            "-111948733",
            "40704084",
            "1295",
            "13",
            "1000",
            "0",
            "0",
            "0",
            "0",
            "railway=light_rail",
            "railway=crossing",
            "170",
            "95497"
          ],
          [
            "-111948753",
            "40703937",
            "1295",
            "17",
            "1000",
            "0",
            "0",
            "0",
            "0",
            "railway=light_rail",
            "railway=level_crossing",
            "171",
            "96328"
          ],
          [
            "-111948829",
            "40703840",
            "1296",
            "12",
            "1000",
            "0",
            "0",
            "0",
            "0",
            "railway=light_rail",
            "railway=level_crossing",
            "172",
            "96921"
          ],
          [
            "-111948958",
            "40703792",
            "1296",
            "13",
            "1000",
            "0",
            "0",
            "0",
            "0",
            "railway=light_rail",
            "railway=crossing",
            "173",
            "97577"
          ],
          [
            "-111949770",
            "40703778",
            "1299",
            "69",
            "1000",
            "0",
            "0",
            "0",
            "0",
            "railway=light_rail",
            "railway=level_crossing",
            "179",
            "100885"
          ],
          [
            "-111956469",
            "40703792",
            "1299",
            "566",
            "1000",
            "0",
            "0",
            "0",
            "0",
            "railway=light_rail",
            "railway=crossing",
            "224",
            "128699"
          ],
          [
            "-111956584",
            "40703791",
            "1299",
            "10",
            "1000",
            "0",
            "0",
            "0",
            "0",
            "railway=light_rail",
            "railway=level_crossing",
            "225",
            "129136"
          ],
          [
            "-111957860",
            "40703725",
            "1299",
            "109",
            "1000",
            "0",
            "0",
            "0",
            "0",
            "railway=light_rail",
            "railway=level_crossing",
            "233",
            "134025"
          ],
          [
            "-111958044",
            "40699269",
            "1299",
            "499",
            "1000",
            "0",
            "0",
            "0",
            "0",
            "railway=light_rail",
            "railway=level_crossing",
            "273",
            "155797"
          ],
          [
            "-111958048",
            "40699199",
            "1299",
            "8",
            "1000",
            "0",
            "0",
            "0",
            "0",
            "railway=light_rail",
            "railway=crossing",
            "274",
            "156188"
          ],
          [
            "-111958026",
            "40696868",
            "1300",
            "259",
            "1000",
            "0",
            "0",
            "0",
            "0",
            "railway=light_rail",
            "railway=crossing",
            "295",
            "168552"
          ],
          [
            "-111958031",
            "40696764",
            "1300",
            "12",
            "1000",
            "0",
            "0",
            "0",
            "0",
            "railway=light_rail",
            "railway=level_crossing",
            "296",
            "169122"
          ],
          [
            "-111958047",
            "40696592",
            "1300",
            "19",
            "1000",
            "0",
            "0",
            "0",
            "0",
            "railway=light_rail",
            "railway=level_crossing",
            "297",
            "170016"
          ],
          [
            "-111958056",
            "40696485",
            "1300",
            "12",
            "1000",
            "0",
            "0",
            "0",
            "0",
            "railway=light_rail",
            "crossing=traffic_signals railway=crossing",
            "298",
            "170599"
          ],
          [
            "-111958065",
            "40695282",
            "1302",
            "128",
            "1000",
            "0",
            "0",
            "0",
            "0",
            "railway=light_rail",
            "",
            "308",
            "177572"
          ],
          [
            "-111958065",
            "40695282",
            "1302",
            "6",
            "1000",
            "0",
            "0",
            "0",
            "0",
            "railway=light_rail",
            "railway=switch",
            "0",
            "276"
          ],
          [
            "-111958039",
            "40695072",
            "1303",
            "23",
            "1000",
            "0",
            "0",
            "0",
            "0",
            "railway=light_rail",
            "railway=unknown",
            "2",
            "1376"
          ],
          [
            "-111958013",
            "40694859",
            "1303",
            "24",
            "1000",
            "0",
            "0",
            "0",
            "0",
            "railway=light_rail",
            "railway=switch",
            "4",
            "2551"
          ],
          [
            "-111958101",
            "40694473",
            "1304",
            "44",
            "1000",
            "0",
            "0",
            "0",
            "0",
            "reversedirection=yes railway=light_rail",
            "railway=level_crossing",
            "7",
            "4815"
          ],
          [
            "-111958131",
            "40694448",
            "1304",
            "4",
            "1000",
            "0",
            "0",
            "0",
            "0",
            "reversedirection=yes railway=light_rail",
            "railway=level_crossing",
            "8",
            "5038"
          ],
          [
            "-111958384",
            "40694353",
            "1305",
            "24",
            "1000",
            "0",
            "0",
            "0",
            "0",
            "reversedirection=yes railway=light_rail",
            "railway=crossing",
            "9",
            "6448"
          ],
          [
            "-111959979",
            "40694349",
            "1303",
            "135",
            "1000",
            "0",
            "0",
            "0",
            "0",
            "reversedirection=yes railway=light_rail",
            "railway=unknown",
            "20",
            "12046"
          ],
          [
            "-111960110",
            "40694348",
            "1302",
            "6",
            "1000",
            "0",
            "0",
            "0",
            "0",
            "reversedirection=yes railway=light_rail",
            "",
            "21",
            "12288"
          ],
          [
            "-111959979",
            "40694349",
            "1303",
            "6",
            "1000",
            "0",
            "0",
            "0",
            "0",
            "railway=light_rail",
            "railway=unknown",
            "0",
            "276"
          ],
          [
            "-111958384",
            "40694353",
            "1305",
            "135",
            "1000",
            "0",
            "0",
            "0",
            "0",
            "railway=light_rail",
            "railway=crossing",
            "11",
            "7840"
          ],
          [
            "-111958131",
            "40694448",
            "1304",
            "24",
            "1000",
            "0",
            "0",
            "0",
            "0",
            "railway=light_rail",
            "railway=level_crossing",
            "13",
            "8939"
          ],
          [
            "-111958101",
            "40694473",
            "1304",
            "4",
            "1000",
            "0",
            "0",
            "0",
            "0",
            "railway=light_rail",
            "railway=level_crossing",
            "13",
            "9100"
          ],
          [
            "-111958013",
            "40694859",
            "1303",
            "44",
            "1000",
            "0",
            "0",
            "0",
            "0",
            "railway=light_rail",
            "railway=switch",
            "17",
            "10672"
          ],
          [
            "-111958014",
            "40695280",
            "1302",
            "47",
            "1000",
            "0",
            "0",
            "0",
            "0",
            "railway=light_rail",
            "railway=switch",
            "20",
            "12168"
          ],
          [
            "-111958013",
            "40696285",
            "1301",
            "21",
            "1000",
            "0",
            "0",
            "0",
            "0",
            "railway=light_rail",
            "",
            "22",
            "12827"
          ],
          [
            "-111958005",
            "40696484",
            "1300",
            "113",
            "1000",
            "0",
            "0",
            "0",
            "0",
            "railway=light_rail",
            "crossing=traffic_signals railway=crossing",
            "9",
            "4329"
          ],
          [
            "-111957996",
            "40696592",
            "1300",
            "12",
            "1000",
            "0",
            "0",
            "0",
            "0",
            "railway=light_rail",
            "railway=level_crossing",
            "10",
            "4779"
          ],
          [
            "-111957981",
            "40696763",
            "1300",
            "19",
            "1000",
            "0",
            "0",
            "0",
            "0",
            "railway=light_rail",
            "railway=level_crossing",
            "11",
            "5510"
          ],
          [
            "-111957975",
            "40696868",
            "1300",
            "12",
            "1000",
            "0",
            "0",
            "0",
            "0",
            "railway=light_rail",
            "railway=crossing",
            "12",
            "5981"
          ],
          [
            "-111957996",
            "40699197",
            "1299",
            "259",
            "1000",
            "0",
            "0",
            "0",
            "0",
            "railway=light_rail",
            "railway=crossing",
            "33",
            "16213"
          ],
          [
            "-111957992",
            "40699269",
            "1299",
            "8",
            "1000",
            "0",
            "0",
            "0",
            "0",
            "railway=light_rail",
            "railway=level_crossing",
            "33",
            "16535"
          ],
          [
            "-111957856",
            "40703676",
            "1299",
            "491",
            "1000",
            "0",
            "0",
            "0",
            "0",
            "railway=light_rail",
            "railway=level_crossing",
            "73",
            "37369"
          ],
          [
            "-111956583",
            "40703753",
            "1299",
            "109",
            "1000",
            "0",
            "0",
            "0",
            "0",
            "railway=light_rail",
            "railway=level_crossing",
            "81",
            "42292"
          ],
          [
            "-111956467",
            "40703754",
            "1299",
            "10",
            "1000",
            "0",
            "0",
            "0",
            "0",
            "railway=light_rail",
            "railway=crossing",
            "82",
            "42737"
          ],
          [
            "-111949771",
            "40703738",
            "1299",
            "564",
            "1000",
            "0",
            "0",
            "0",
            "0",
            "railway=light_rail",
            "railway=level_crossing",
            "127",
            "67583"
          ],
          [
            "-111948932",
            "40703746",
            "1296",
            "71",
            "1000",
            "0",
            "0",
            "0",
            "0",
            "railway=light_rail",
            "railway=crossing",
            "133",
            "69478"
          ],
          [
            "-111948823",
            "40703771",
            "1296",
            "10",
            "1000",
            "0",
            "0",
            "0",
            "0",
            "railway=light_rail",
            "railway=level_crossing",
            "134",
            "69784"
          ],
          [
            "-111948648",
            "40703938",
            "1295",
            "24",
            "1000",
            "0",
            "0",
            "0",
            "0",
            "railway=light_rail",
            "railway=level_crossing",
            "136",
            "70547"
          ],
          [
            "-111948638",
            "40704085",
            "1295",
            "17",
            "1000",
            "0",
            "0",
            "0",
            "0",
            "railway=light_rail",
            "railway=crossing",
            "137",
            "71085"
          ],
          [
            "-111948640",
            "40705094",
            "1294",
            "112",
            "1000",
            "0",
            "0",
            "0",
            "0",
            "railway=light_rail",
            "railway=unknown",
            "146",
            "74748"
          ],
          [
            "-111948639",
            "40705179",
            "1294",
            "9",
            "1000",
            "0",
            "0",
            "0",
            "0",
            "railway=light_rail",
            "railway=crossing",
            "147",
            "75091"
          ],
          [
            "-111948641",
            "40705307",
            "1294",
            "14",
            "1000",
            "0",
            "0",
            "0",
            "0",
            "railway=light_rail",
            "railway=level_crossing",
            "148",
            "75605"
          ],
          [
            "-111948631",
            "40705401",
            "1294",
            "10",
            "1000",
            "0",
            "0",
            "0",
            "0",
            "railway=light_rail",
            "railway=crossing",
            "149",
            "75980"
          ],
          [
            "-111945240",
            "40708112",
            "1295",
            "418",
            "1000",
            "0",
            "0",
            "0",
            "0",
            "railway=light_rail",
            "railway=crossing",
            "182",
            "94831"
          ],
          [
            "-111945143",
            "40708183",
            "1296",
            "11",
            "1000",
            "0",
            "0",
            "0",
            "0",
            "railway=light_rail",
            "railway=level_crossing",
            "183",
            "95363"
          ],
          [
            "-111945061",
            "40708244",
            "1296",
            "10",
            "1000",
            "0",
            "0",
            "0",
            "0",
            "railway=light_rail",
            "railway=crossing",
            "184",
            "95864"
          ],
          [
            "-111944089",
            "40709163",
            "1297",
            "131",
            "1000",
            "0",
            "0",
            "0",
            "0",
            "railway=light_rail",
            "railway=crossing",
            "194",
            "102731"
          ],
          [
            "-111943391",
            "40710963",
            "1296",
            "210",
            "1000",
            "0",
            "0",
            "0",
            "0",
            "railway=light_rail",
            "railway=crossing",
            "211",
            "111175"
          ],
          [
            "-111943361",
            "40711002",
            "1296",
            "5",
            "1000",
            "0",
            "0",
            "0",
            "0",
            "railway=light_rail",
            "railway=level_crossing",
            "211",
            "111408"
          ],
          [
            "-111943270",
            "40711063",
            "1296",
            "11",
            "1000",
            "0",
            "0",
            "0",
            "0",
            "railway=light_rail",
            "railway=crossing",
            "212",
            "111941"
          ],
          [
            "-111943259",
            "40711069",
            "1296",
            "1",
            "1000",
            "0",
            "0",
            "0",
            "0",
            "railway=light_rail",
            "railway=level_crossing",
            "212",
            "111990"
          ],
          [
            "-111942677",
            "40711110",
            "1297",
            "50",
            "1000",
            "0",
            "0",
            "0",
            "0",
            "railway=light_rail",
            "railway=switch",
            "216",
            "114574"
          ],
          [
            "-111940503",
            "40711078",
            "1297",
            "183",
            "1000",
            "0",
            "0",
            "0",
            "0",
            "railway=light_rail",
            "railway=crossing",
            "231",
            "123113"
          ],
          [
            "-111939297",
            "40711081",
            "1296",
            "102",
            "1000",
            "0",
            "0",
            "0",
            "0",
            "railway=light_rail",
            "railway=unknown",
            "239",
            "126885"
          ],
          [
            "-111939136",
            "40711081",
            "1296",
            "14",
            "1000",
            "0",
            "0",
            "0",
            "0",
            "railway=light_rail",
            "railway=crossing",
            "240",
            "127448"
          ],
          [
            "-111938958",
            "40711081",
            "1296",
            "15",
            "1000",
            "0",
            "0",
            "0",
            "0",
            "railway=light_rail",
            "railway=level_crossing",
            "242",
            "128090"
          ],
          [
            "-111938754",
            "40711083",
            "1296",
            "17",
            "1000",
            "0",
            "0",
            "0",
            "0",
            "railway=light_rail",
            "railway=crossing",
            "243",
            "128820"
          ],
          [
            "-111938515",
            "40711092",
            "1296",
            "20",
            "1000",
            "0",
            "0",
            "0",
            "0",
            "railway=light_rail",
            "railway=signal",
            "244",
            "129763"
          ],
          [
            "-111936355",
            "40711232",
            "1296",
            "184",
            "1000",
            "0",
            "0",
            "0",
            "0",
            "railway=light_rail",
            "railway=crossing",
            "259",
            "138036"
          ],
          [
            "-111936262",
            "40711232",
            "1296",
            "8",
            "1000",
            "0",
            "0",
            "0",
            "0",
            "railway=light_rail",
            "railway=level_crossing",
            "260",
            "138362"
          ],
          [
            "-111936160",
            "40711232",
            "1296",
            "9",
            "1000",
            "0",
            "0",
            "0",
            "0",
            "railway=light_rail",
            "railway=crossing",
            "261",
            "138712"
          ],
          [
            "-111929526",
            "40712219",
            "1293",
            "572",
            "1000",
            "0",
            "0",
            "0",
            "0",
            "railway=light_rail",
            "railway=switch",
            "306",
            "161368"
          ],
          [
            "-111926130",
            "40712752",
            "1293",
            "293",
            "1000",
            "0",
            "0",
            "0",
            "0",
            "railway=light_rail",
            "railway=level_crossing",
            "330",
            "173695"
          ],
          [
            "-111926087",
            "40712765",
            "1293",
            "4",
            "1000",
            "0",
            "0",
            "0",
            "0",
            "railway=light_rail",
            "railway=crossing",
            "330",
            "173876"
          ],
          [
            "-111923810",
            "40717335",
            "1293",
            "570",
            "1000",
            "0",
            "0",
            "0",
            "0",
            "railway=light_rail",
            "railway=signal",
            "376",
            "199463"
          ],
          [
            "-111923813",
            "40717633",
            "1293",
            "33",
            "1000",
            "0",
            "0",
            "0",
            "0",
            "railway=light_rail",
            "railway=level_crossing",
            "378",
            "200935"
          ],
          [
            "-111923813",
            "40717718",
            "1294",
            "9",
            "1000",
            "0",
            "0",
            "0",
            "0",
            "railway=light_rail",
            "railway=crossing",
            "379",
            "201354"
          ],
          [
            "-111923787",
            "40719716",
            "1295",
            "222",
            "1000",
            "0",
            "0",
            "0",
            "0",
            "railway=light_rail",
            "railway=crossing",
            "397",
            "212875"
          ],
          [
            "-111923788",
            "40720635",
            "1294",
            "102",
            "1000",
            "0",
            "0",
            "0",
            "0",
            "railway=light_rail",
            "railway=unknown",
            "405",
            "216680"
          ],
          [
            "-111923787",
            "40720740",
            "1294",
            "12",
            "1000",
            "0",
            "0",
            "0",
            "0",
            "railway=light_rail",
            "railway=crossing",
            "406",
            "217139"
          ],
          [
            "-111923788",
            "40720827",
            "1294",
            "10",
            "1000",
            "0",
            "0",
            "0",
            "0",
            "railway=light_rail",
            "railway=level_crossing",
            "407",
            "217528"
          ],
          [
            "-111923789",
            "40720962",
            "1294",
            "15",
            "1000",
            "0",
            "0",
            "0",
            "0",
            "railway=light_rail",
            "railway=crossing",
            "408",
            "218089"
          ],
          [
            "-111923783",
            "40721145",
            "1294",
            "20",
            "1000",
            "0",
            "0",
            "0",
            "0",
            "railway=light_rail",
            "railway=signal",
            "410",
            "218859"
          ],
          [
            "-111923750",
            "40721937",
            "1293",
            "88",
            "1000",
            "0",
            "0",
            "0",
            "0",
            "railway=light_rail",
            "railway=level_crossing",
            "417",
            "222129"
          ],
          [
            "-111921161",
            "40723785",
            "1295",
            "322",
            "1000",
            "0",
            "0",
            "0",
            "0",
            "railway=light_rail",
            "railway=level_crossing",
            "442",
            "236350"
          ],
          [
            "-111920304",
            "40723756",
            "1295",
            "73",
            "1000",
            "0",
            "0",
            "0",
            "0",
            "railway=light_rail",
            "railway=signal",
            "448",
            "240349"
          ],
          [
            "-111920179",
            "40723741",
            "1295",
            "11",
            "1000",
            "0",
            "0",
            "0",
            "0",
            "railway=light_rail",
            "railway=switch",
            "449",
            "240916"
          ],
          [
            "-111919957",
            "40723697",
            "1295",
            "19",
            "1000",
            "0",
            "0",
            "0",
            "0",
            "railway=light_rail",
            "railway=unknown",
            "451",
            "241876"
          ],
          [
            "-111919736",
            "40723691",
            "1296",
            "19",
            "1000",
            "0",
            "0",
            "0",
            "0",
            "reversedirection=yes railway=light_rail",
            "railway=switch",
            "452",
            "242891"
          ],
          [
            "-111919612",
            "40723678",
            "1296",
            "11",
            "1000",
            "0",
            "0",
            "0",
            "0",
            "railway=light_rail",
            "railway=crossing",
            "453",
            "243487"
          ],
          [
            "-111919119",
            "40723623",
            "1297",
            "42",
            "1000",
            "0",
            "0",
            "0",
            "0",
            "railway=light_rail",
            "railway=switch",
            "456",
            "245968"
          ],
          [
            "-111900019",
            "40722328",
            "1295",
            "1669",
            "1000",
            "0",
            "0",
            "0",
            "0",
            "railway=light_rail",
            "railway=signal",
            "590",
            "318396"
          ],
          [
            "-111899793",
            "40722326",
            "1295",
            "19",
            "1000",
            "0",
            "0",
            "0",
            "0",
            "railway=light_rail",
            "crossing=traffic_signals railway=level_crossing",
            "591",
            "319230"
          ],
          [
            "-111899646",
            "40722330",
            "1295",
            "12",
            "1000",
            "0",
            "0",
            "0",
            "0",
            "railway=light_rail",
            "railway=level_crossing",
            "592",
            "319757"
          ],
          [
            "-111899551",
            "40722331",
            "1295",
            "8",
            "1000",
            "0",
            "0",
            "0",
            "0",
            "railway=light_rail",
            "railway=crossing",
            "593",
            "320109"
          ],
          [
            "-111899229",
            "40722333",
            "1295",
            "27",
            "1000",
            "0",
            "0",
            "0",
            "0",
            "railway=light_rail",
            "railway=switch",
            "595",
            "321295"
          ],
          [
            "-111897553",
            "40722332",
            "1295",
            "60",
            "1000",
            "0",
            "0",
            "0",
            "0",
            "railway=light_rail",
            "",
            "600",
            "323931"
          ],
          [
            "-111897553",
            "40722332",
            "1295",
            "82",
            "1000",
            "0",
            "0",
            "0",
            "0",
            "railway=light_rail",
            "railway=switch",
            "6",
            "3853"
          ],
          [
            "-111896907",
            "40722495",
            "1295",
            "61",
            "1000",
            "0",
            "0",
            "0",
            "0",
            "railway=light_rail",
            "railway=unknown",
            "11",
            "6560"
          ],
          [
            "-111896840",
            "40722763",
            "1295",
            "31",
            "1000",
            "0",
            "0",
            "0",
            "0",
            "railway=light_rail",
            "railway=switch",
            "13",
            "7910"
          ],
          [
            "-111896839",
            "40722827",
            "1295",
            "7",
            "1000",
            "0",
            "0",
            "0",
            "0",
            "railway=light_rail",
            "railway=switch",
            "14",
            "8216"
          ],
          [
            "-111896838",
            "40723906",
            "1295",
            "120",
            "1000",
            "0",
            "0",
            "0",
            "0",
            "railway=light_rail",
            "railway=crossing",
            "24",
            "13779"
          ],
          [
            "-111896839",
            "40724794",
            "1295",
            "50",
            "1000",
            "0",
            "0",
            "0",
            "0",
            "railway=light_rail",
            "",
            "28",
            "16026"
          ],
          [
            "-111896839",
            "40724794",
            "1295",
            "49",
            "1000",
            "0",
            "0",
            "0",
            "0",
            "railway=light_rail",
            "railway=unknown",
            "3",
            "2155"
          ],
          [
            "-111896834",
            "40725071",
            "1295",
            "31",
            "1000",
            "0",
            "0",
            "0",
            "0",
            "railway=light_rail",
            "railway=signal",
            "6",
            "3518"
          ],
          [
            "-111896836",
            "40725332",
            "1295",
            "29",
            "1000",
            "0",
            "0",
            "0",
            "0",
            "railway=light_rail",
            "railway=crossing",
            "8",
            "4738"
          ],
          [
            "-111896838",
            "40725390",
            "1295",
            "6",
            "1000",
            "0",
            "0",
            "0",
            "0",
            "railway=light_rail",
            "railway=level_crossing",
            "9",
            "4993"
          ],
          [
            "-111896838",
            "40725485",
            "1295",
            "11",
            "1000",
            "0",
            "0",
            "0",
            "0",
            "railway=light_rail",
            "railway=level_crossing",
            "10",
            "5460"
          ],
          [
            "-111896839",
            "40725544",
            "1295",
            "7",
            "1000",
            "0",
            "0",
            "0",
            "0",
            "railway=light_rail",
            "railway=crossing",
            "10",
            "5759"
          ],
          [
            "-111896868",
            "40728260",
            "1295",
            "302",
            "1000",
            "0",
            "0",
            "0",
            "0",
            "railway=light_rail",
            "railway=switch",
            "34",
            "18919"
          ],
          [
            "-111896864",
            "40733429",
            "1294",
            "574",
            "1000",
            "0",
            "0",
            "0",
            "0",
            "railway=light_rail",
            "railway=crossing",
            "80",
            "43500"
          ],
          [
            "-111896865",
            "40733501",
            "1294",
            "8",
            "1000",
            "0",
            "0",
            "0",
            "0",
            "railway=light_rail",
            "crossing=traffic_signals railway=level_crossing",
            "81",
            "43852"
          ],
          [
            "-111896863",
            "40733603",
            "1295",
            "11",
            "1000",
            "0",
            "0",
            "0",
            "0",
            "railway=light_rail",
            "railway=crossing",
            "82",
            "44358"
          ],
          [
            "-111896777",
            "40739220",
            "1296",
            "624",
            "1000",
            "0",
            "0",
            "0",
            "0",
            "railway=light_rail",
            "railway=switch",
            "132",
            "73065"
          ],
          [
            "-111896781",
            "40739609",
            "1294",
            "43",
            "1000",
            "0",
            "0",
            "0",
            "0",
            "railway=light_rail",
            "railway=switch",
            "135",
            "74507"
          ],
          [
            "-111896765",
            "40741500",
            "1295",
            "210",
            "1000",
            "0",
            "0",
            "0",
            "0",
            "railway=light_rail",
            "crossing=traffic_signals railway=crossing",
            "152",
            "83592"
          ],
          [
            "-111896764",
            "40741546",
            "1295",
            "5",
            "1000",
            "0",
            "0",
            "0",
            "0",
            "railway=light_rail",
            "crossing=traffic_signals railway=level_crossing",
            "152",
            "83811"
          ],
          [
            "-111896761",
            "40741639",
            "1295",
            "10",
            "1000",
            "0",
            "0",
            "0",
            "0",
            "railway=light_rail",
            "crossing=traffic_signals railway=level_crossing",
            "153",
            "84249"
          ],
          [
            "-111896759",
            "40741685",
            "1295",
            "5",
            "1000",
            "0",
            "0",
            "0",
            "0",
            "railway=light_rail",
            "crossing=traffic_signals railway=crossing",
            "154",
            "84468"
          ],
          [
            "-111896760",
            "40742582",
            "1293",
            "100",
            "1000",
            "0",
            "0",
            "0",
            "0",
            "railway=light_rail",
            "railway=unknown",
            "162",
            "87879"
          ],
          [
            "-111896763",
            "40742775",
            "1294",
            "21",
            "1000",
            "0",
            "0",
            "0",
            "0",
            "railway=light_rail",
            "railway=crossing",
            "163",
            "88735"
          ],
          [
            "-111896771",
            "40742956",
            "1294",
            "20",
            "1000",
            "0",
            "0",
            "0",
            "0",
            "railway=light_rail",
            "railway=signal",
            "165",
            "89603"
          ],
          [
            "-111896810",
            "40743526",
            "1294",
            "64",
            "1000",
            "0",
            "0",
            "0",
            "0",
            "railway=light_rail",
            "railway=crossing",
            "170",
            "92497"
          ],
          [
            "-111896810",
            "40744607",
            "1294",
            "120",
            "1000",
            "0",
            "0",
            "0",
            "0",
            "railway=light_rail",
            "railway=crossing",
            "180",
            "97682"
          ],
          [
            "-111896810",
            "40744672",
            "1294",
            "7",
            "1000",
            "0",
            "0",
            "0",
            "0",
            "railway=light_rail",
            "railway=level_crossing",
            "180",
            "97987"
          ],
          [
            "-111896810",
            "40745609",
            "1295",
            "104",
            "1000",
            "0",
            "0",
            "0",
            "0",
            "railway=light_rail",
            "railway=level_crossing",
            "188",
            "103108"
          ],
          [
            "-111896810",
            "40746851",
            "1295",
            "138",
            "1000",
            "0",
            "0",
            "0",
            "0",
            "railway=light_rail",
            "railway=level_crossing",
            "199",
            "109237"
          ],
          [
            "-111896791",
            "40747228",
            "1294",
            "42",
            "1000",
            "0",
            "0",
            "0",
            "0",
            "railway=light_rail",
            "railway=level_crossing",
            "203",
            "110940"
          ],
          [
            "-111896791",
            "40747880",
            "1294",
            "72",
            "1000",
            "0",
            "0",
            "0",
            "0",
            "railway=light_rail",
            "railway=level_crossing",
            "209",
            "113738"
          ],
          [
            "-111896769",
            "40749595",
            "1292",
            "191",
            "1000",
            "0",
            "0",
            "0",
            "0",
            "railway=light_rail",
            "railway=crossing",
            "224",
            "120946"
          ],
          [
            "-111896766",
            "40749622",
            "1292",
            "3",
            "1000",
            "0",
            "0",
            "0",
            "0",
            "railway=light_rail",
            "railway=crossing",
            "224",
            "121064"
          ],
          [
            "-111896763",
            "40749690",
            "1292",
            "8",
            "1000",
            "0",
            "0",
            "0",
            "0",
            "railway=light_rail",
            "railway=level_crossing",
            "225",
            "121363"
          ],
          [
            "-111896757",
            "40749846",
            "1292",
            "17",
            "1000",
            "0",
            "0",
            "0",
            "0",
            "railway=light_rail",
            "crossing=traffic_signals railway=level_crossing",
            "226",
            "121977"
          ],
          [
            "-111896757",
            "40749920",
            "1292",
            "8",
            "1000",
            "0",
            "0",
            "0",
            "0",
            "railway=light_rail",
            "crossing=traffic_signals railway=crossing",
            "227",
            "122273"
          ],
          [
            "-111896756",
            "40750815",
            "1293",
            "99",
            "1000",
            "0",
            "0",
            "0",
            "0",
            "railway=light_rail",
            "railway=unknown",
            "235",
            "126764"
          ],
          [
            "-111896754",
            "40750939",
            "1293",
            "14",
            "1000",
            "0",
            "0",
            "0",
            "0",
            "railway=light_rail",
            "crossing=traffic_signals railway=crossing",
            "236",
            "127390"
          ],
          [
            "-111896777",
            "40751806",
            "1293",
            "96",
            "1000",
            "0",
            "0",
            "0",
            "0",
            "railway=light_rail",
            "crossing=traffic_signals railway=crossing",
            "243",
            "131656"
          ],
          [
            "-111896778",
            "40751943",
            "1293",
            "15",
            "1000",
            "0",
            "0",
            "0",
            "0",
            "railway=light_rail",
            "railway=level_crossing",
            "245",
            "132350"
          ],
          [
            "-111896779",
            "40752104",
            "1293",
            "18",
            "1000",
            "0",
            "0",
            "0",
            "0",
            "railway=light_rail",
            "crossing=traffic_signals railway=crossing",
            "246",
            "133177"
          ],
          [
            "-111896728",
            "40753984",
            "1294",
            "210",
            "1000",
            "0",
            "0",
            "0",
            "0",
            "railway=light_rail",
            "crossing=traffic_signals railway=crossing",
            "263",
            "143578"
          ],
          [
            "-111896706",
            "40754007",
            "1294",
            "3",
            "1000",
            "0",
            "0",
            "0",
            "0",
            "railway=light_rail",
            "railway=level_crossing",
            "263",
            "143720"
          ],
          [
            "-111896645",
            "40754053",
            "1294",
            "7",
            "1000",
            "0",
            "0",
            "0",
            "0",
            "railway=light_rail",
            "railway=level_crossing",
            "264",
            "144050"
          ],
          [
            "-111896619",
            "40754065",
            "1294",
            "3",
            "1000",
            "0",
            "0",
            "0",
            "0",
            "railway=light_rail",
            "crossing=traffic_signals railway=crossing",
            "264",
            "144191"
          ],
          [
            "-111894145",
            "40754112",
            "1295",
            "209",
            "1000",
            "0",
            "0",
            "0",
            "0",
            "railway=light_rail",
            "railway=crossing",
            "281",
            "153825"
          ],
          [
            "-111893958",
            "40754112",
            "1295",
            "16",
            "1000",
            "0",
            "0",
            "0",
            "0",
            "railway=light_rail",
            "railway=level_crossing",
            "282",
            "154540"
          ],
          [
            "-111893756",
            "40754112",
            "1295",
            "17",
            "1000",
            "0",
            "0",
            "0",
            "0",
            "railway=light_rail",
            "railway=crossing",
            "283",
            "155333"
          ],
          [
            "-111892984",
            "40754112",
            "1295",
            "65",
            "1000",
            "0",
            "0",
            "0",
            "0",
            "railway=light_rail",
            "railway=switch",
            "288",
            "158412"
          ],
          [
            "-111892901",
            "40754112",
            "1295",
            "7",
            "1000",
            "0",
            "0",
            "0",
            "0",
            "railway=light_rail",
            "railway=switch",
            "289",
            "158722"
          ],
          [
            "-111891493",
            "40754107",
            "1295",
            "74",
            "1000",
            "0",
            "0",
            "0",
            "0",
            "railway=light_rail",
            "",
            "295",
            "161987"
          ],
          [
            "-111891286",
            "40754134",
            "1296",
            "63",
            "1000",
            "0",
            "0",
            "0",
            "0",
            "railway=light_rail",
            "crossing=traffic_signals railway=crossing",
            "5",
            "2944"
          ],
          [
            "-111891162",
            "40754194",
            "1296",
            "13",
            "1000",
            "0",
            "0",
            "0",
            "0",
            "railway=light_rail",
            "railway=level_crossing",
            "6",
            "3646"
          ],
          [
            "-111891071",
            "40754289",
            "1297",
            "13",
            "1000",
            "0",
            "0",
            "0",
            "0",
            "railway=light_rail",
            "crossing=traffic_signals railway=crossing",
            "7",
            "4369"
          ],
          [
            "-111891032",
            "40755005",
            "1297",
            "81",
            "1000",
            "0",
            "0",
            "0",
            "0",
            "railway=light_rail",
            "crossing=traffic_signals railway=crossing",
            "13",
            "8765"
          ],
          [
            "-111891034",
            "40756073",
            "1300",
            "119",
            "1000",
            "0",
            "0",
            "0",
            "0",
            "railway=light_rail",
            "railway=unknown",
            "23",
            "14332"
          ],
          [
            "-111891033",
            "40756150",
            "1301",
            "9",
            "1000",
            "0",
            "0",
            "0",
            "0",
            "railway=light_rail",
            "crossing=traffic_signals railway=crossing",
            "23",
            "14797"
          ],
          [
            "-111891035",
            "40756299",
            "1302",
            "17",
            "1000",
            "0",
            "0",
            "0",
            "0",
            "railway=light_rail",
            "railway=level_crossing",
            "25",
            "15833"
          ],
          [
            "-111891045",
            "40756465",
            "1303",
            "18",
            "1000",
            "0",
            "0",
            "0",
            "0",
            "railway=light_rail",
            "crossing=traffic_signals railway=crossing",
            "26",
            "17062"
          ],
          [
            "-111891056",
            "40757256",
            "1308",
            "88",
            "1000",
            "0",
            "0",
            "0",
            "0",
            "railway=light_rail",
            "railway=level_crossing",
            "33",
            "24589"
          ],
          [
            "-111891056",
            "40757350",
            "1309",
            "10",
            "1000",
            "0",
            "0",
            "0",
            "0",
            "railway=light_rail",
            "railway=level_crossing",
            "34",
            "25376"
          ],
          [
            "-111891057",
            "40757503",
            "1310",
            "17",
            "1000",
            "0",
            "0",
            "0",
            "0",
            "railway=light_rail",
            "railway=crossing",
            "35",
            "26742"
          ],
          [
            "-111891060",
            "40758326",
            "1299",
            "91",
            "1000",
            "0",
            "0",
            "0",
            "0",
            "railway=light_rail",
            "crossing=traffic_signals railway=crossing",
            "43",
            "30365"
          ],
          [
            "-111891052",
            "40758483",
            "1299",
            "17",
            "1000",
            "0",
            "0",
            "0",
            "0",
            "railway=light_rail",
            "railway=level_crossing",
            "44",
            "31072"
          ],
          [
            "-111891046",
            "40758632",
            "1299",
            "17",
            "1000",
            "0",
            "0",
            "0",
            "0",
            "railway=light_rail",
            "crossing=traffic_signals railway=crossing",
            "45",
            "31786"
          ],
          [
            "-111891057",
            "40759520",
            "1304",
            "99",
            "1000",
            "0",
            "0",
            "0",
            "0",
            "railway=light_rail",
            "railway=unknown",
            "53",
            "36997"
          ],
          [
            "-111891052",
            "40759661",
            "1306",
            "16",
            "1000",
            "0",
            "0",
            "0",
            "0",
            "railway=light_rail",
            "crossing=traffic_signals railway=crossing",
            "55",
            "38070"
          ],
          [
            "-111891082",
            "40760238",
            "1310",
            "64",
            "1000",
            "0",
            "0",
            "0",
            "0",
            "railway=light_rail",
            "railway=switch",
            "60",
            "42202"
          ],
          [
            "-111891082",
            "40760462",
            "1310",
            "25",
            "1000",
            "0",
            "0",
            "0",
            "0",
            "railway=light_rail",
            "crossing=traffic_signals railway=crossing",
            "62",
            "43578"
          ],
          [
            "-111891083",
            "40760481",
            "1309",
            "2",
            "1000",
            "0",
            "0",
            "0",
            "0",
            "railway=light_rail",
            "railway=unknown",
            "62",
            "43681"
          ],
          [
            "-111891082",
            "40760561",
            "1309",
            "9",
            "1000",
            "0",
            "0",
            "0",
            "0",
            "railway=light_rail",
            "railway=level_crossing",
            "63",
            "44140"
          ],
          [
            "-111891082",
            "40760731",
            "1309",
            "19",
            "1000",
            "0",
            "0",
            "0",
            "0",
            "railway=light_rail",
            "railway=level_crossing",
            "64",
            "45016"
          ],
          [
            "-111891082",
            "40760821",
            "1309",
            "10",
            "1000",
            "0",
            "0",
            "0",
            "0",
            "railway=light_rail",
            "railway=unknown",
            "65",
            "45705"
          ],
          [
            "-111891082",
            "40760826",
            "1309",
            "1",
            "1000",
            "0",
            "0",
            "0",
            "0",
            "railway=light_rail",
            "crossing=traffic_signals railway=crossing",
            "65",
            "45772"
          ],
          [
            "-111891084",
            "40761079",
            "1312",
            "28",
            "1000",
            "0",
            "0",
            "0",
            "0",
            "railway=light_rail",
            "railway=switch",
            "67",
            "47739"
          ],
          [
            "-111891085",
            "40761826",
            "1322",
            "83",
            "1000",
            "0",
            "0",
            "0",
            "0",
            "railway=light_rail",
            "crossing=traffic_signals railway=crossing",
            "74",
            "57402"
          ],
          [
            "-111891071",
            "40762689",
            "1326",
            "96",
            "1000",
            "0",
            "0",
            "0",
            "0",
            "railway=light_rail",
            "crossing=traffic_signals railway=crossing",
            "82",
            "66254"
          ],
          [
            "-111891067",
            "40762758",
            "1326",
            "8",
            "1000",
            "0",
            "0",
            "0",
            "0",
            "railway=light_rail",
            "railway=level_crossing",
            "82",
            "66879"
          ],
          [
            "-111891064",
            "40762809",
            "1326",
            "6",
            "1000",
            "0",
            "0",
            "0",
            "0",
            "railway=light_rail",
            "railway=level_crossing",
            "83",
            "67334"
          ],
          [
            "-111891062",
            "40762880",
            "1326",
            "8",
            "1000",
            "0",
            "0",
            "0",
            "0",
            "railway=light_rail",
            "crossing=traffic_signals railway=level_crossing",
            "83",
            "67940"
          ],
          [
            "-111891059",
            "40762968",
            "1327",
            "10",
            "1000",
            "0",
            "0",
            "0",
            "0",
            "railway=light_rail",
            "crossing=traffic_signals railway=crossing",
            "84",
            "68712"
          ],
          [
            "-111891061",
            "40763856",
            "1328",
            "99",
            "1000",
            "0",
            "0",
            "0",
            "0",
            "railway=light_rail",
            "railway=unknown",
            "92",
            "75887"
          ],
          [
            "-111891060",
            "40763994",
            "1328",
            "15",
            "1000",
            "0",
            "0",
            "0",
            "0",
            "railway=light_rail",
            "crossing=traffic_signals railway=crossing",
            "93",
            "76779"
          ],
          [
            "-111891084",
            "40764850",
            "1330",
            "95",
            "1000",
            "0",
            "0",
            "0",
            "0",
            "railway=light_rail",
            "crossing=traffic_signals railway=crossing",
            "101",
            "82640"
          ],
          [
            "-111891087",
            "40765012",
            "1331",
            "18",
            "1000",
            "0",
            "0",
            "0",
            "0",
            "railway=light_rail",
            "railway=level_crossing",
            "102",
            "83754"
          ],
          [
            "-111891086",
            "40765144",
            "1331",
            "15",
            "1000",
            "0",
            "0",
            "0",
            "0",
            "railway=light_rail",
            "crossing=traffic_signals railway=crossing",
            "103",
            "84704"
          ],
          [
            "-111891089",
            "40765911",
            "1332",
            "85",
            "1000",
            "0",
            "0",
            "0",
            "0",
            "railway=light_rail",
            "railway=switch",
            "110",
            "90099"
          ],
          [
            "-111891088",
            "40766019",
            "1332",
            "12",
            "1000",
            "0",
            "0",
            "0",
            "0",
            "railway=light_rail",
            "crossing=traffic_signals railway=crossing",
            "111",
            "90741"
          ],
          [
            "-111891090",
            "40766096",
            "1332",
            "9",
            "1000",
            "0",
            "0",
            "0",
            "0",
            "railway=light_rail",
            "railway=switch",
            "112",
            "91196"
          ],
          [
            "-111891078",
            "40767011",
            "1330",
            "102",
            "1000",
            "0",
            "0",
            "0",
            "0",
            "railway=light_rail",
            "crossing=traffic_signals railway=crossing",
            "120",
            "97022"
          ],
          [
            "-111891073",
            "40767118",
            "1330",
            "12",
            "1000",
            "0",
            "0",
            "0",
            "0",
            "railway=light_rail",
            "railway=level_crossing",
            "121",
            "97619"
          ],
          [
            "-111891066",
            "40767228",
            "1330",
            "12",
            "1000",
            "0",
            "0",
            "0",
            "0",
            "railway=light_rail",
            "railway=level_crossing",
            "122",
            "98207"
          ],
          [
            "-111891064",
            "40767339",
            "1330",
            "12",
            "1000",
            "0",
            "0",
            "0",
            "0",
            "railway=light_rail",
            "crossing=traffic_signals railway=crossing",
            "0",
            "527"
          ],
          [
            "-111891066",
            "40768209",
            "1344",
            "97",
            "1000",
            "0",
            "0",
            "0",
            "0",
            "railway=light_rail",
            "railway=unknown",
            "8",
            "10687"
          ],
          [
            "-111891066",
            "40768360",
            "1346",
            "17",
            "1000",
            "0",
            "0",
            "0",
            "0",
            "railway=light_rail",
            "crossing=traffic_signals railway=crossing",
            "10",
            "12308"
          ],
          [
            "-111891100",
            "40769177",
            "1341",
            "90",
            "1000",
            "0",
            "0",
            "0",
            "0",
            "railway=light_rail",
            "crossing=traffic_signals railway=crossing",
            "17",
            "16963"
          ],
          [
            "-111891190",
            "40769277",
            "1339",
            "13",
            "1000",
            "0",
            "0",
            "0",
            "0",
            "railway=light_rail",
            "crossing=uncontrolled railway=level_crossing",
            "18",
            "17653"
          ],
          [
            "-111891202",
            "40769286",
            "1339",
            "1",
            "1000",
            "0",
            "0",
            "0",
            "0",
            "railway=light_rail",
            "railway=level_crossing",
            "18",
            "17701"
          ],
          [
            "-111891319",
            "40769342",
            "1338",
            "12",
            "1000",
            "0",
            "0",
            "0",
            "0",
            "railway=light_rail",
            "crossing=traffic_signals railway=crossing",
            "19",
            "18194"
          ],
          [
            "-111892533",
            "40769367",
            "1336",
            "103",
            "1000",
            "0",
            "0",
            "0",
            "0",
            "railway=light_rail",
            "railway=crossing",
            "27",
            "21183"
          ],
          [
            "-111893764",
            "40769376",
            "1324",
            "104",
            "1000",
            "0",
            "0",
            "0",
            "0",
            "railway=light_rail",
            "railway=crossing",
            "35",
            "21738"
          ],
          [
            "-111893976",
            "40769384",
            "1322",
            "18",
            "1000",
            "0",
            "0",
            "0",
            "0",
            "railway=light_rail",
            "crossing=traffic_signals railway=level_crossing",
            "37",
            "21738"
          ],
          [
            "-111894157",
            "40769385",
            "1320",
            "15",
            "1000",
            "0",
            "0",
            "0",
            "0",
            "railway=light_rail",
            "railway=crossing",
            "38",
            "21738"
          ],
          [
            "-111895312",
            "40769386",
            "1317",
            "98",
            "1000",
            "0",
            "0",
            "0",
            "0",
            "railway=light_rail",
            "railway=unknown",
            "46",
            "21738"
          ],
          [
            "-111895501",
            "40769385",
            "1317",
            "16",
            "1000",
            "0",
            "0",
            "0",
            "0",
            "railway=light_rail",
            "railway=crossing",
            "47",
            "21910"
          ],
          [
            "-111896599",
            "40769370",
            "1314",
            "93",
            "1000",
            "0",
            "0",
            "0",
            "0",
            "railway=light_rail",
            "crossing=traffic_signals railway=crossing",
            "55",
            "22798"
          ],
          [
            "-111896814",
            "40769369",
            "1314",
            "18",
            "1000",
            "0",
            "0",
            "0",
            "0",
            "railway=light_rail",
            "railway=level_crossing",
            "56",
            "23140"
          ],
          [
            "-111897024",
            "40769368",
            "1313",
            "18",
            "1000",
            "0",
            "0",
            "0",
            "0",
            "railway=light_rail",
            "crossing=traffic_signals railway=crossing",
            "57",
            "23483"
          ],
          [
            "-111897307",
            "40769368",
            "1313",
            "24",
            "1000",
            "0",
            "0",
            "0",
            "0",
            "railway=light_rail",
            "railway=switch",
            "59",
            "24007"
          ],
          [
            "-111898831",
            "40769367",
            "1312",
            "65",
            "1000",
            "0",
            "0",
            "0",
            "0",
            "railway=light_rail",
            "",
            "65",
            "25611"
          ],
          [
            "-111898831",
            "40769367",
            "1312",
            "64",
            "1000",
            "0",
            "0",
            "0",
            "0",
            "railway=light_rail",
            "railway=switch",
            "5",
            "2710"
          ],
          [
            "-111899473",
            "40769388",
            "1311",
            "55",
            "1000",
            "0",
            "0",
            "0",
            "0",
            "railway=light_rail",
            "railway=crossing",
            "9",
            "4690"
          ],
          [
            "-111899597",
            "40769393",
            "1311",
            "10",
            "1000",
            "0",
            "0",
            "0",
            "0",
            "railway=light_rail",
            "railway=level_crossing",
            "10",
            "5097"
          ],
          [
            "-111899777",
            "40769403",
            "1312",
            "15",
            "1000",
            "0",
            "0",
            "0",
            "0",
            "railway=light_rail",
            "railway=level_crossing",
            "11",
            "5776"
          ],
          [
            "-111899895",
            "40769403",
            "1312",
            "10",
            "1000",
            "0",
            "0",
            "0",
            "0",
            "railway=light_rail",
            "railway=crossing",
            "12",
            "6248"
          ],
          [
            "-111901119",
            "40769403",
            "1312",
            "103",
            "1000",
            "0",
            "0",
            "0",
            "0",
            "railway=light_rail",
            "railway=unknown",
            "20",
            "10974"
          ],
          [
            "-111901308",
            "40769404",
            "1311",
            "16",
            "1000",
            "0",
            "0",
            "0",
            "0",
            "railway=light_rail",
            "railway=crossing",
            "21",
            "11531"
          ],
          [
            "-111902035",
            "40769380",
            "1308",
            "61",
            "1000",
            "0",
            "0",
            "0",
            "0",
            "railway=light_rail",
            "railway=switch",
            "26",
            "13827"
          ],
          [
            "-111902282",
            "40769404",
            "1307",
            "21",
            "1000",
            "0",
            "0",
            "0",
            "0",
            "railway=light_rail",
            "railway=crossing",
            "28",
            "14569"
          ],
          [
            "-111902351",
            "40769433",
            "1307",
            "7",
            "1000",
            "0",
            "0",
            "0",
            "0",
            "railway=light_rail",
            "railway=level_crossing",
            "28",
            "14798"
          ],
          [
            "-111902415",
            "40769477",
            "1306",
            "7",
            "1000",
            "0",
            "0",
            "0",
            "0",
            "railway=light_rail",
            "railway=level_crossing",
            "29",
            "15003"
          ],
          [
            "-111902450",
            "40769510",
            "1306",
            "5",
            "1000",
            "0",
            "0",
            "0",
            "0",
            "railway=light_rail",
            "railway=crossing",
            "29",
            "15143"
          ],
          [
            "-111902511",
            "40769786",
            "1304",
            "31",
            "1000",
            "0",
            "0",
            "0",
            "0",
            "railway=light_rail",
            "railway=switch",
            "32",
            "15805"
          ],
          [
            "-111902499",
            "40770283",
            "1304",
            "55",
            "1000",
            "0",
            "0",
            "0",
            "0",
            "railway=light_rail",
            "railway=crossing",
            "36",
            "17020"
          ],
          [
            "-111902498",
            "40770379",
            "1304",
            "11",
            "1000",
            "0",
            "0",
            "0",
            "0",
            "railway=light_rail",
            "railway=level_crossing",
            "37",
            "17332"
          ],
          [
            "-111902499",
            "40770478",
            "1304",
            "11",
            "1000",
            "0",
            "0",
            "0",
            "0",
            "railway=light_rail",
            "railway=crossing",
            "38",
            "17663"
          ],
          [
            "-111902503",
            "40771329",
            "1306",
            "95",
            "1000",
            "0",
            "0",
            "0",
            "0",
            "railway=light_rail",
            "crossing=traffic_signals railway=crossing",
            "46",
            "20627"
          ],
          [
            "-111902543",
            "40771449",
            "1306",
            "14",
            "1000",
            "0",
            "0",
            "0",
            "0",
            "railway=light_rail",
            "railway=level_crossing",
            "47",
            "21190"
          ],
          [
            "-111902623",
            "40771546",
            "1307",
            "12",
            "1000",
            "0",
            "0",
            "0",
            "0",
            "railway=light_rail",
            "railway=level_crossing",
            "48",
            "21731"
          ],
          [
            "-111902720",
            "40771597",
            "1307",
            "10",
            "1000",
            "0",
            "0",
            "0",
            "0",
            "railway=light_rail",
            "railway=crossing",
            "49",
            "22228"
          ],
          [
            "-111904071",
            "40771643",
            "1301",
            "114",
            "1000",
            "0",
            "0",
            "0",
            "0",
            "railway=light_rail",
            "railway=crossing",
            "58",
            "26009"
          ],
          [
            "-111905279",
            "40771641",
            "1298",
            "102",
            "1000",
            "0",
            "0",
            "0",
            "0",
            "railway=light_rail",
            "railway=unknown",
            "66",
            "28948"
          ],
          [
            "-111905348",
            "40771642",
            "1298",
            "6",
            "1000",
            "0",
            "0",
            "0",
            "0",
            "railway=light_rail",
            "railway=crossing",
            "66",
            "29162"
          ],
          [
            "-111908248",
            "40771644",
            "1294",
            "245",
            "1000",
            "0",
            "0",
            "0",
            "0",
            "railway=light_rail",
            "railway=level_crossing",
            "86",
            "35133"
          ],
          [
            "-111908422",
            "40771628",
            "1294",
            "15",
            "1000",
            "0",
            "0",
            "0",
            "0",
            "railway=light_rail",
            "railway=crossing",
            "87",
            "35610"
          ],
          [
            "-111908816",
            "40771586",
            "1294",
            "34",
            "1000",
            "0",
            "0",
            "0",
            "0",
            "railway=light_rail",
            "railway=level_crossing",
            "90",
            "36843"
          ],
          [
            "-111911077",
            "40771546",
            "1294",
            "191",
            "1000",
            "0",
            "0",
            "0",
            "0",
            "railway=light_rail",
            "railway=switch",
            "105",
            "44538"
          ],
          [
            "-111911777",
            "40771545",
            "1293",
            "59",
            "1000",
            "0",
            "0",
            "0",
            "0",
            "railway=light_rail",
            "railway=switch",
            "110",
            "46667"
          ],
          [
            "-111913785",
            "40771565",
            "1291",
            "170",
            "1000",
            "0",
            "0",
            "0",
            "0",
            "railway=light_rail",
            "railway=crossing",
            "123",
            "52884"
          ],
          [
            "-111913859",
            "40771566",
            "1291",
            "6",
            "1000",
            "0",
            "0",
            "0",
            "0",
            "railway=light_rail",
            "railway=level_crossing",
            "124",
            "53111"
          ],
          [
            "-111914084",
            "40771568",
            "1291",
            "19",
            "1000",
            "0",
            "0",
            "0",
            "0",
            "railway=light_rail",
            "railway=level_crossing",
            "125",
            "53765"
          ],
          [
            "-111914192",
            "40771568",
            "1291",
            "9",
            "1000",
            "0",
            "0",
            "0",
            "0",
            "railway=light_rail",
            "railway=crossing",
            "126",
            "54087"
          ],
          [
            "-111915416",
            "40771571",
            "1291",
            "15",
            "1000",
            "0",
            "0",
            "0",
            "0",
            "railway=light_rail",
            "",
            "127",
            "54636"
          ],
          [
            "-111915416",
            "40771571",
            "1291",
            "89",
            "1000",
            "0",
            "0",
            "0",
            "0",
            "railway=light_rail",
            "railway=unknown",
            "7",
            "4044"
          ],
          [
            "-111915530",
            "40771570",
            "1291",
            "10",
            "1000",
            "0",
            "0",
            "0",
            "0",
            "railway=light_rail",
            "railway=crossing",
            "7",
            "4514"
          ],
          [
            "-111916647",
            "40771572",
            "1292",
            "94",
            "1000",
            "0",
            "0",
            "0",
            "0",
            "railway=light_rail",
            "crossing=traffic_signals railway=crossing",
            "15",
            "9493"
          ],
          [
            "-111916844",
            "40771573",
            "1292",
            "17",
            "1000",
            "0",
            "0",
            "0",
            "0",
            "railway=light_rail",
            "railway=level_crossing",
            "16",
            "10290"
          ],
          [
            "-111917070",
            "40771575",
            "1292",
            "19",
            "1000",
            "0",
            "0",
            "0",
            "0",
            "railway=light_rail",
            "crossing=traffic_signals railway=crossing",
            "18",
            "11135"
          ],
          [
            "-111919510",
            "40771537",
            "1293",
            "207",
            "1000",
            "0",
            "0",
            "0",
            "0",
            "railway=light_rail",
            "crossing=traffic_signals railway=crossing",
            "34",
            "20517"
          ],
          [
            "-111919694",
            "40771542",
            "1293",
            "16",
            "1000",
            "0",
            "0",
            "0",
            "0",
            "railway=light_rail",
            "railway=level_crossing",
            "36",
            "21284"
          ],
          [
            "-111919900",
            "40771542",
            "1293",
            "17",
            "1000",
            "0",
            "0",
            "0",
            "0",
            "railway=light_rail",
            "crossing=traffic_signals railway=crossing",
            "37",
            "22088"
          ],
          [
            "-111923591",
            "40771531",
            "1293",
            "312",
            "1000",
            "0",
            "0",
            "0",
            "0",
            "railway=light_rail",
            "railway=crossing",
            "62",
            "36342"
          ],
          [
            "-111924847",
            "40771532",
            "1291",
            "106",
            "1000",
            "0",
            "0",
            "0",
            "0",
            "railway=light_rail",
            "wheelchair=yes railway=unknown",
            "70",
            "39992"
          ],
          [
            "-111924910",
            "40771532",
            "1291",
            "5",
            "1000",
            "0",
            "0",
            "0",
            "0",
            "railway=light_rail",
            "railway=crossing",
            "71",
            "40175"
          ],
          [
            "-111925129",
            "40771532",
            "1290",
            "18",
            "1000",
            "0",
            "0",
            "0",
            "0",
            "railway=light_rail",
            "railway=level_crossing",
            "72",
            "40776"
          ],
          [
            "-111925306",
            "40771532",
            "1290",
            "15",
            "1000",
            "0",
            "0",
            "0",
            "0",
            "railway=light_rail",
            "railway=crossing",
            "74",
            "41239"
          ],
          [
            "-111928422",
            "40771550",
            "1289",
            "263",
            "1000",
            "0",
            "0",
            "0",
            "0",
            "railway=light_rail",
            "railway=crossing",
            "95",
            "50860"
          ],
          [
            "-111928568",
            "40771550",
            "1289",
            "12",
            "1000",
            "0",
            "0",
            "0",
            "0",
            "railway=light_rail",
            "railway=level_crossing",
            "95",
            "51396"
          ],
          [
            "-111928704",
            "40771550",
            "1289",
            "11",
            "1000",
            "0",
            "0",
            "0",
            "0",
            "railway=light_rail",
            "railway=crossing",
            "96",
            "51886"
          ],
          [
            "-111932927",
            "40771559",
            "1290",
            "357",
            "1000",
            "0",
            "0",
            "0",
            "0",
            "railway=light_rail",
            "railway=crossing",
            "125",
            "68715"
          ],
          [
            "-111933065",
            "40771559",
            "1290",
            "12",
            "1000",
            "0",
            "0",
            "0",
            "0",
            "railway=light_rail",
            "railway=level_crossing",
            "126",
            "69247"
          ],
          [
            "-111933280",
            "40771559",
            "1290",
            "18",
            "1000",
            "0",
            "0",
            "0",
            "0",
            "railway=light_rail",
            "railway=crossing",
            "127",
            "70043"
          ],
          [
            "-111934545",
            "40771555",
            "1291",
            "107",
            "1000",
            "0",
            "0",
            "0",
            "0",
            "railway=light_rail",
            "railway=unknown",
            "136",
            "75200"
          ],
          [
            "-111934607",
            "40771555",
            "1291",
            "5",
            "1000",
            "0",
            "0",
            "0",
            "0",
            "railway=light_rail",
            "railway=crossing",
            "136",
            "75432"
          ],
          [
            "-111939054",
            "40771538",
            "1291",
            "376",
            "1000",
            "0",
            "0",
            "0",
            "0",
            "railway=light_rail",
            "railway=crossing",
            "166",
            "92441"
          ],
          [
            "-111939195",
            "40771552",
            "1291",
            "12",
            "1000",
            "0",
            "0",
            "0",
            "0",
            "railway=light_rail",
            "railway=level_crossing",
            "167",
            "92966"
          ],
          [
            "-111939358",
            "40771563",
            "1292",
            "14",
            "1000",
            "0",
            "0",
            "0",
            "0",
            "railway=light_rail",
            "railway=level_crossing",
            "168",
            "93607"
          ],
          [
            "-111939475",
            "40771571",
            "1292",
            "10",
            "1000",
            "0",
            "0",
            "0",
            "0",
            "railway=light_rail",
            "railway=crossing",
            "169",
            "94063"
          ],
          [
            "-111945464",
            "40771574",
            "1292",
            "505",
            "1000",
            "0",
            "0",
            "0",
            "0",
            "railway=light_rail",
            "crossing=unmarked railway=crossing",
            "210",
            "117203"
          ],
          [
            "-111946701",
            "40771572",
            "1291",
            "104",
            "1000",
            "0",
            "0",
            "0",
            "0",
            "railway=light_rail",
            "railway=unknown",
            "218",
            "120708"
          ],
          [
            "-111946796",
            "40771573",
            "1291",
            "8",
            "1000",
            "0",
            "0",
            "0",
            "0",
            "railway=light_rail",
            "railway=crossing",
            "219",
            "121015"
          ],
          [
            "-111946965",
            "40771573",
            "1291",
            "14",
            "1000",
            "0",
            "0",
            "0",
            "0",
            "railway=light_rail",
            "crossing=uncontrolled railway=level_crossing",
            "220",
            "121560"
          ],
          [
            "-111947121",
            "40771573",
            "1291",
            "13",
            "1000",
            "0",
            "0",
            "0",
            "0",
            "railway=light_rail",
            "railway=crossing",
            "221",
            "122075"
          ],
          [
            "-111953018",
            "40770365",
            "1292",
            "529",
            "1000",
            "0",
            "0",
            "0",
            "0",
            "railway=light_rail",
            "crossing=uncontrolled railway=crossing",
            "263",
            "145899"
          ],
          [
            "-111953183",
            "40770297",
            "1291",
            "16",
            "1000",
            "0",
            "0",
            "0",
            "0",
            "railway=light_rail",
            "railway=level_crossing",
            "264",
            "146525"
          ],
          [
            "-111953345",
            "40770230",
            "1291",
            "16",
            "1000",
            "0",
            "0",
            "0",
            "0",
            "railway=light_rail",
            "crossing=uncontrolled railway=crossing",
            "266",
            "147130"
          ],
          [
            "-111956597",
            "40768820",
            "1289",
            "316",
            "1000",
            "0",
            "0",
            "0",
            "0",
            "railway=light_rail",
            "railway=switch",
            "291",
            "159191"
          ],
          [
            "-111957246",
            "40768517",
            "1289",
            "34",
            "1000",
            "0",
            "0",
            "0",
            "0",
            "railway=light_rail",
            "",
            "294",
            "160543"
          ],
          [
            "-111957246",
            "40768517",
            "1289",
            "31",
            "1000",
            "0",
            "0",
            "0",
            "0",
            "railway=light_rail",
            "railway=switch",
            "2",
            "1422"
          ],
          [
            "-111958052",
            "40768143",
            "1289",
            "80",
            "1000",
            "0",
            "0",
            "0",
            "0",
            "railway=light_rail",
            "railway=crossing",
            "8",
            "5030"
          ],
          [
            "-111958209",
            "40768082",
            "1289",
            "15",
            "1000",
            "0",
            "0",
            "0",
            "0",
            "railway=light_rail",
            "crossing=uncontrolled railway=level_crossing",
            "10",
            "5669"
          ],
          [
            "-111958745",
            "40767900",
            "1288",
            "50",
            "1000",
            "0",
            "0",
            "0",
            "0",
            "railway=light_rail",
            "crossing=uncontrolled railway=level_crossing",
            "14",
            "7644"
          ],
          [
            "-111982718",
            "40775247",
            "1287",
            "3199",
            "1000",
            "0",
            "0",
            "0",
            "0",
            "railway=light_rail",
            "railway=switch",
            "270",
            "146511"
          ],
          [
            "-111981601",
            "40775778",
            "1287",
            "77",
            "1000",
            "0",
            "0",
            "0",
            "0",
            "railway=light_rail",
            "",
            "276",
            "149872"
          ],
          [
            "-111979902",
            "40777321",
            "1289",
            "263",
            "1000",
            "0",
            "0",
            "0",
            "0",
            "railway=light_rail",
            "crossing=uncontrolled railway=level_crossing",
            "21",
            "12678"
          ],
          [
            "-111980126",
            "40781544",
            "1291",
            "473",
            "1000",
            "0",
            "0",
            "0",
            "0",
            "railway=light_rail",
            "railway=switch",
            "58",
            "36527"
          ],
          [
            "-111980194",
            "40782091",
            "1291",
            "31",
            "1000",
            "0",
            "0",
            "0",
            "0",
            "railway=light_rail",
            "",
            "61",
            "37783"
          ],
          [
            "-111980194",
            "40782091",
            "1291",
            "30",
            "1000",
            "0",
            "0",
            "0",
            "0",
            "railway=light_rail",
            "railway=switch",
            "2",
            "1319"
          ],
          [
            "-111980210",
            "40782200",
            "1291",
            "12",
            "1000",
            "0",
            "0",
            "0",
            "0",
            "railway=light_rail",
            "crossing=uncontrolled railway=level_crossing",
            "3",
            "1822"
          ],
          [
            "-111980219",
            "40782265",
            "1291",
            "7",
            "1000",
            "0",
            "0",
            "0",
            "0",
            "railway=light_rail",
            "railway=unknown",
            "3",
            "2117"
          ],
          [
            "-111983342",
            "40784314",
            "1289",
            "435",
            "1000",
            "0",
            "0",
            "0",
            "0",
            "railway=light_rail",
            "railway=unknown",
            "38",
            "20420"
          ],
          [
            "-111983553",
            "40784303",
            "1289",
            "16",
            "1000",
            "0",
            "0",
            "0",
            "0",
            "railway=light_rail",
            "",
            "39",
            "21023"
          ]
        ],
        "times": [
          0,
          1.2,
          11.92,
          12.72,
          13.52,
          18.4,
          19.12,
          19.84,
          20.56,
          21.2,
          21.84,
          22.48,
          23.84,
          24.96,
          36,
          36.56,
          37.52,
          39.92,
          42.4,
          44,
          51.68,
          52.32,
          62.56,
          65.28,
          71.84,
          73.12,
          74.08,
          75.44,
          76.96,
          78.48,
          80.4,
          83.04,
          84.48,
          86.4,
          88.16,
          92.32,
          93.92,
          95.52,
          97.12,
          98.32,
          102,
          111.84,
          114.88,
          116.56,
          118.48,
          119.68,
          121.36,
          124.4,
          126.88,
          128.8,
          130.48,
          132.8,
          135.28,
          137.76,
          139.44,
          142.64,
          145.68,
          146.64,
          149.92,
          153.52,
          155.84,
          157.68,
          160.16,
          161.6,
          164.32,
          167.2,
          170.48,
          172.64,
          174.64,
          177.36,
          179.12,
          183.44,
          185.52,
          187.92,
          191.04,
          192.48,
          193.84,
          196.08,
          198.56,
          200.96,
          204.32,
          208.16,
          209.68,
          211.84,
          214,
          215.84,
          218.72,
          224.8,
          262,
          266.16,
          269.36,
          274.32,
          277.2,
          281.44,
          285.84,
          290.16,
          293.36,
          299.36,
          304.32,
          308.64,
          311.76,
          317.76,
          326.48,
          332.88,
          339.12,
          344.56,
          346.4,
          354.08,
          356.8,
          358.72,
          362.64,
          365.92,
          367.84,
          369.12,
          375.6,
          378,
          380.8,
          386.08,
          391.28,
          397.44,
          406.08,
          407.36,
          408.64,
          412.8,
          419.52,
          422.96,
          426.32,
          429.84,
          433.04,
          438.16,
          440,
          442.64,
          445.28,
          450.4,
          451.44,
          452.56,
          460.8,
          461.6,
          470.16,
          479.36,
          484.72,
          494.8,
          499.36,
          502,
          502.8,
          503.92,
          504.88,
          509.12,
          518.4,
          534.96,
          543.28,
          543.92,
          545.36,
          546.32,
          556.24,
          574.88,
          575.84,
          576.8,
          581.28,
          591.04,
          593.92,
          597.76,
          598.96,
          600.48,
          608.96,
          609.44,
          612.72,
          621.2,
          634.32,
          635.68,
          636.96,
          641.76,
          645.92,
          648.72,
          653.36,
          654.88,
          656.24,
          661.76,
          663.84,
          672.16,
          672.88,
          673.6,
          675.12,
          675.6,
          679.52,
          684.32,
          691.04,
          698.8,
          705.2,
          707.52,
          709.84,
          711.52,
          711.84,
          713.04,
          715.68,
          717.68,
          726,
          728.8,
          738.88,
          739.2,
          749.12,
          750,
          750.32,
          750.64,
          750.96,
          751.44,
          751.6,
          752.24,
          752.64,
          753.2,
          760.16,
          761.04,
          761.92,
          767.12,
          768,
          768.8,
          769.12,
          769.52,
          770.16,
          770.72,
          771.2,
          771.92,
          772.88,
          777.76,
          785.92,
          787.36,
          788.16,
          789.2,
          789.36,
          790.24,
          793.2,
          799.36,
          799.92,
          806.72,
          808.16,
          809.6,
          812.72,
          817.04,
          824.8,
          826.08,
          827.28,
          828.72,
          830.72,
          837.04,
          843.76,
          844.72,
          845.28,
          845.52,
          846.08,
          846.4,
          846.72,
          847.2,
          847.92,
          851.28,
          854,
          862.08,
          863.12,
          864.16,
          865.12,
          866.08,
          867.92,
          871.2,
          874.96,
          878.96,
          882.8,
          884,
          885.44,
          888.32,
          893.04,
          900.96,
          902.16,
          902.96,
          903.6,
          904.08,
          904.72,
          906.4,
          912.4,
          919.12,
          921.28,
          922.16,
          923.68,
          924.56,
          926.48,
          931.68,
          939.52,
          940.8,
          942.08,
          943.44,
          945.36,
          950.8,
          952.16,
          952.96,
          958.16,
          960,
          961.44,
          962.8,
          971.2,
          973.12,
          974.56,
          978.32,
          978.72,
          979.36,
          979.76,
          980.32,
          980.8,
          981.44,
          982.24,
          988.72,
          995.12,
          997.44,
          998.8,
          1000.08,
          1014.96,
          1016,
          1016.88,
          1017.6,
          1017.76,
          1018.56,
          1019.36,
          1020.16,
          1035.36,
          1036.8,
          1038,
          1041.2,
          1045.68,
          1053.36,
          1054.72,
          1055.36,
          1056.72,
          1057.36,
          1057.6,
          1060.72,
          1072.88,
          1078.64,
          1082,
          1093.04,
          1101.36,
          1101.92,
          1111.6,
          1112.88,
          1117.76,
          1118.48,
          1125.92,
          1127.84,
          1128.24,
          1129.04,
          1129.44,
          1140,
          1140.4,
          1144.08,
          1155.6,
          1199.6,
          1200.48,
          1201.12,
          1204.16,
          1217.92,
          1271.2,
          1271.76,
          1272.56,
          1273.04,
          1275.36,
          1276.08,
          1284,
          1285.68,
          1288,
          1295.84,
          1296.72,
          1297.92,
          1298.4,
          1298.88,
          1299.44,
          1300,
          1300.64,
          1307.52,
          1309.04,
          1316.16,
          1316.8,
          1317.76,
          1319.28,
          1354.24,
          1355.76,
          1357.28,
          1358.64,
          1360,
          1361.2,
          1362.48,
          1364.24,
          1365.2,
          1367.04,
          1370.64,
          1372.24,
          1373.6,
          1374.96,
          1376.32,
          1377.68,
          1379.04,
          1380.4,
          1381.76,
          1383.12,
          1384.48,
          1385.84,
          1387.2,
          1388.56,
          1389.92,
          1391.28,
          1392.64,
          1394.96,
          1400.16,
          1402.24,
          1404.4,
          1407.2,
          1409.2,
          1410.96,
          1413.12,
          1431.68,
          1433.6,
          1439.6,
          1443.36,
          1448.88,
          1456.16,
          1462.56,
          1464.4,
          1466.72,
          1468.24,
          1469.52,
          1470.96,
          1472.24,
          1473.6,
          1475.2,
          1476.64,
          1478.16,
          1479.68,
          1481.2,
          1482.72,
          1486,
          1488.32,
          1490.24,
          1491.84,
          1495.44,
          1500.48,
          1502.08,
          1503.28,
          1504.08,
          1512.4,
          1513.12,
          1516.08,
          1522.96,
          1530.8,
          1531.6,
          1534.32,
          1536,
          1538.56,
          1540.64,
          1542.4,
          1544.56,
          1549.76,
          1552.32,
          1554.32,
          1563.84,
          1565.84,
          1567.84,
          1569.6,
          1571.52,
          1573.2,
          1575.04,
          1577.28,
          1579.28,
          1579.6,
          1582.48,
          1603.04,
          1608.08,
          1626.24,
          1628.56,
          1631.36,
          1636.88,
          1638.56,
          1640.48,
          1643.68,
          1648.88,
          1649.52,
          1650.16,
          1653.28,
          1655.68,
          1657.76,
          1661.12,
          1663.52,
          1664.8,
          1666.4,
          1667.84,
          1669.04,
          1677.36,
          1678.32,
          1688,
          1695.92,
          1696.56,
          1697.12,
          1697.44,
          1698.08,
          1698.8,
          1699.36,
          1700.08,
          1702.08,
          1704.16,
          1706.72,
          1708.88,
          1710.96,
          1713.36,
          1715.52,
          1717.76,
          1720.24,
          1722.4,
          1725.92,
          1726.72,
          1727.6,
          1756.48,
          1758,
          1758.96,
          1759.68,
          1760.32,
          1761.52,
          1762.4,
          1763.52,
          1772.24,
          1773.28,
          1774,
          1774.64,
          1775.04,
          1775.6,
          1776.24,
          1776.64,
          1777.12,
          1777.6,
          1782.16,
          1789.68,
          1800.24,
          1807.68,
          1827.44,
          1828.24,
          1834.96,
          1835.44,
          1836,
          1836.56,
          1836.96,
          1837.68,
          1838.16,
          1838.64,
          1839.2,
          1839.76,
          1873.36,
          1876.88,
          1877.52,
          1880.4,
          1883.44,
          1886.32,
          1891.36,
          1895.76,
          1898.24,
          1899.2,
          1900.72,
          1901.68,
          1903.44,
          1911.92,
          1912.4,
          1914.24,
          1916.16,
          1917.6,
          1918.48,
          1919.28,
          1919.68,
          1920,
          1920.64,
          1920.96,
          1921.44,
          1921.92,
          1922.48,
          1932.72,
          1933.2,
          1933.68,
          1943.92,
          1944.48,
          1944.96,
          1945.44,
          1945.76,
          1946.4,
          1946.72,
          1947.12,
          1947.92,
          1948.8,
          1950.24,
          1954,
          1955.68,
          1962.96,
          1964.72,
          1965.68,
          1967.2,
          1968.16,
          1970.64,
          1975.04,
          1981.52,
          1986,
          1988.88,
          1989.52,
          1993.04,
          2026.48,
          2027.04,
          2027.6,
          2028.4,
          2028.8,
          2029.28,
          2029.84,
          2030.4,
          2037.52,
          2038.32,
          2058,
          2065.44,
          2077.44,
          2083.44,
          2088,
          2089.12,
          2089.92,
          2090.56,
          2091.04,
          2091.84,
          2092.4,
          2093.2,
          2102.16,
          2102.88,
          2104,
          2104.8,
          2105.84,
          2107.04,
          2107.92,
          2108.64,
          2109.36,
          2138.24,
          2139.12,
          2139.92,
          2141.28,
          2143.44,
          2145.68,
          2148.16,
          2150.4,
          2152.64,
          2155.12,
          2157.2,
          2159.36,
          2162,
          2164.08,
          2166,
          2166.64,
          2167.2,
          2167.6,
          2168.08,
          2168.48,
          2168.56,
          2169.12,
          2169.68,
          2172.56,
          2178.32,
          2180.48,
          2183.44,
          2187.2,
          2195.36,
          2196.48,
          2197.68,
          2199.04,
          2200.64,
          2202.08,
          2209.2,
          2210.96,
          2215.36,
          2216,
          2216.72,
          2221.52,
          2223.28,
          2224.72,
          2226.24,
          2227.76,
          2234.32,
          2236.96,
          2238.16,
          2241.92,
          2262.48,
          2284.48,
          2285.92,
          2286.24,
          2287.04,
          2288.24,
          2289.68,
          2291.04,
          2292.64,
          2293.76,
          2295.28,
          2296.8,
          2299.04,
          2301.36,
          2303.28,
          2309.84,
          2311.92,
          2313.6,
          2316.16,
          2321.36,
          2323.52,
          2325.36,
          2327.36,
          2328.64,
          2331.84,
          2334.48,
          2335.2,
          2343.04,
          2347.84,
          2352.96,
          2361.12,
          2362.08,
          2362.88,
          2364.08,
          2365.68,
          2370.64,
          2372.72,
          2374.4,
          2375.6,
          2377.68,
          2378.88,
          2380.08,
          2382.88,
          2384.32,
          2385.76,
          2387.2,
          2388.64,
          2390.08,
          2391.68,
          2393.04,
          2394.32,
          2395.76,
          2397.04,
          2398.48,
          2400.8,
          2402.64,
          2404.32,
          2405.2,
          2406.72,
          2408.24,
          2409.12,
          2412.48,
          2419.28,
          2421.84,
          2425.6,
          2431.6,
          2433.52,
          2452,
          2454.24,
          2456,
          2458,
          2460.8,
          2462.96,
          2465.12,
          2470.32,
          2472.64,
          2474,
          2475.36,
          2476.72,
          2478.08,
          2479.44,
          2480.8,
          2482.16,
          2483.52,
          2484.88,
          2486.24,
          2487.6,
          2488.96,
          2490.32,
          2491.68,
          2493.04,
          2494.64,
          2498.16,
          2500,
          2501.04,
          2502.8,
          2504.08,
          2505.28,
          2506.64,
          2508,
          2509.52,
          2511.04,
          2546,
          2547.52,
          2548.48,
          2549.12,
          2551.28,
          2556.08,
          2562.64,
          2564.72,
          2565.36,
          2565.92,
          2566.56,
          2567.12,
          2567.52,
          2568.08,
          2569.28,
          2570,
          2570.56,
          2580.16,
          2584.16,
          2588.08,
          2590.56,
          2592.88,
          2593.36,
          2594.24,
          2594.8,
          2618.96,
          2664.88,
          2665.52,
          2666.4,
          2677.52,
          2685.52,
          2709.68,
          2716.32,
          2719.76,
          2736.56,
          2736.96,
          2737.76,
          2738.16,
          2746.16,
          2747.84,
          2749.44,
          2753.12,
          2754.56,
          2764.16,
          2764.72,
          2773.04,
          2784.08,
          2787.44,
          2793.2,
          2805.36,
          2808.48,
          2808.72,
          2809.36,
          2810.72,
          2811.36,
          2819.28,
          2820.4,
          2824.72,
          2828.08,
          2829.28,
          2830.72,
          2845.92,
          2846.8,
          2847.52,
          2847.76,
          2848.32,
          2848.56,
          2849.04,
          2849.44,
          2850.4,
          2865.28,
          2866.56,
          2867.92,
          2873.12,
          2873.68,
          2879.6,
          2883.2,
          2884,
          2884.64,
          2885.04,
          2885.68,
          2886.24,
          2886.72,
          2887.52,
          2888,
          2893.2,
          2902.72,
          2903.44,
          2904.8,
          2906.24,
          2908.08,
          2913.28,
          2914.08,
          2915.44,
          2922.72,
          2924.08,
          2925.44,
          2933.36,
          2934.64,
          2939.76,
          2941.76,
          2941.92,
          2942.64,
          2944.16,
          2944.96,
          2945.04,
          2947.28,
          2953.92,
          2959.92,
          2961.6,
          2962.24,
          2962.72,
          2963.36,
          2964.16,
          2972.08,
          2973.28,
          2978.08,
          2980.88,
          2982.32,
          2983.52,
          2990.32,
          2991.28,
          2992,
          2998.32,
          3000.16,
          3001.12,
          3002.08,
          3003.04,
          3010.8,
          3012.16,
          3018.24,
          3018.8,
          3019.36,
          3020,
          3020.4,
          3020.48,
          3020.96,
          3021.44,
          3021.92,
          3022.8,
          3029.68,
          3036,
          3038,
          3039.44,
          3040.64,
          3048.48,
          3049.76,
          3054.16,
          3057.2,
          3058.64,
          3060.08,
          3062,
          3067.2,
          3072.32,
          3075.2,
          3076.72,
          3077.52,
          3078.72,
          3079.52,
          3087.76,
          3089.04,
          3093.92,
          3095.2,
          3095.6,
          3096.16,
          3096.72,
          3097.12,
          3097.92,
          3099.6,
          3104,
          3104.88,
          3105.76,
          3113.36,
          3113.76,
          3114.16,
          3114.48,
          3114.72,
          3115.44,
          3116.24,
          3116.88,
          3117.76,
          3125.36,
          3127.76,
          3133.52,
          3134,
          3140.64,
          3150.16,
          3151.68,
          3153.6,
          3154.8,
          3157.52,
          3159.28,
          3160.88,
          3172.8,
          3177.52,
          3184.64,
          3191.12,
          3191.6,
          3193.12,
          3193.84,
          3195.04,
          3202.16,
          3202.96,
          3210.48,
          3211.84,
          3213.36,
          3221.52,
          3225.2,
          3229.92,
          3231.2,
          3232.56,
          3243.2,
          3257.52,
          3266,
          3266.4,
          3267.84,
          3269.04,
          3272.88,
          3275.84,
          3290.08,
          3291.04,
          3291.92,
          3320.48,
          3321.44,
          3322.88,
          3331.44,
          3331.84,
          3338.8,
          3344.72,
          3357.92,
          3361.92,
          3362.88,
          3364,
          3364.8,
          3368.88,
          3377.84,
          3387.44,
          3394.56,
          3397.52,
          3400,
          3405.2,
          3413.52,
          3414.16,
          3415.28,
          3416.32,
          3426.4,
          3428.8,
          3433.84,
          3436.16,
          3438.48,
          3441.36,
          3444.24,
          3458.64,
          3459.92,
          3461.2,
          3473.68,
          3478.64,
          3486.48,
          3489.2,
          3491.68,
          3498.08,
          3499.28,
          3501.44,
          3503.28,
          3507.92,
          3509.76,
          3512.48,
          3519.28,
          3525.28,
          3531.6,
          3535.12,
          3539.6,
          3549.04,
          3554.48,
          3558.72,
          3563.2,
          3566.16,
          3569.76,
          3573.2,
          3575.68,
          3579.04,
          3582.88,
          3586.4,
          3590.24,
          3594.24,
          3597.68,
          3602.48,
          3606.56,
          3643.12,
          3649.28,
          3651.12,
          3653.2,
          3655.12,
          3658.08,
          3659.92,
          3661.84,
          3662.96,
          3665.6,
          3667.68,
          3669.6,
          3671.52,
          3674.48,
          3678.32,
          3680.8,
          3683.12,
          3685.28,
          3687.28,
          3688.72,
          3691.52,
          3693.6,
          3696.08,
          3699.44,
          3702,
          3704.08,
          3705.68,
          3708.08,
          3709.6,
          3712.32,
          3713.44,
          3716,
          3717.6,
          3719.6,
          3723.68,
          3727.2,
          3728.96,
          3731.2,
          3733.2,
          3734.88,
          3737.04,
          3738.96,
          3740.56,
          3742,
          3743.2,
          3744.48,
          3746.64,
          3747.68,
          3749.36,
          3752.16,
          3757.76,
          3759.2,
          3765.36,
          3768.08,
          3769.92,
          3771.68,
          3772.88,
          3778.4,
          3779.76,
          3780.96,
          3782.32,
          3783.68,
          3785.28,
          3786.4,
          3788.96,
          3790.64,
          3792.08,
          3794.08,
          3803.68,
          3824.24,
          3826.72,
          3829.12,
          3830.08,
          3830.64,
          3841.68,
          3842.8,
          3844.16,
          3844.8,
          3845.44,
          3846.08,
          3846.8,
          3847.52,
          3848.24,
          3853.12,
          3853.92,
          3854.72,
          3865.44,
          3866.72
        ]
      },
      "geometry": {
        "type": "LineString",
        "coordinates": [
          [
            -111.983525,
            40.784304,
            1289.5
          ],
          [
            -111.983342,
            40.784314,
            1289.5
          ],
          [
            -111.981758,
            40.784415,
            1293.5
          ],
          [
            -111.981643,
            40.784408,
            1293.75
          ],
          [
            -111.981535,
            40.784382,
            1293.5
          ],
          [
            -111.980897,
            40.784118,
            1291.75
          ],
          [
            -111.980804,
            40.784071,
            1291.5
          ],
          [
            -111.980718,
            40.784018,
            1291.5
          ],
          [
            -111.98064,
            40.783957,
            1291.5
          ],
          [
            -111.980577,
            40.783898,
            1291.25
          ],
          [
            -111.980522,
            40.783835,
            1291.25
          ],
          [
            -111.980475,
            40.783769,
            1291
          ],
          [
            -111.980407,
            40.783626,
            1290.75
          ],
          [
            -111.980378,
            40.7835,
            1290.5
          ],
          [
            -111.980219,
            40.782265,
            1291
          ],
          [
            -111.98021,
            40.7822,
            1291
          ],
          [
            -111.980194,
            40.782091,
            1291.25
          ],
          [
            -111.980187,
            40.781821,
            1291.75
          ],
          [
            -111.980176,
            40.78154,
            1291.75
          ],
          [
            -111.980153,
            40.781365,
            1291.5
          ],
          [
            -111.980041,
            40.780505,
            1290.5
          ],
          [
            -111.980033,
            40.780436,
            1291.5
          ],
          [
            -111.979885,
            40.77929,
            1291.5
          ],
          [
            -111.979841,
            40.778984,
            1291.5
          ],
          [
            -111.979756,
            40.778247,
            1290.5
          ],
          [
            -111.979745,
            40.7781,
            1290.5
          ],
          [
            -111.979748,
            40.777991,
            1290.5
          ],
          [
            -111.979768,
            40.777835,
            1290.5
          ],
          [
            -111.979811,
            40.777671,
            1290.5
          ],
          [
            -111.979873,
            40.777511,
            1290.25
          ],
          [
            -111.979967,
            40.777306,
            1289.5
          ],
          [
            -111.980104,
            40.777031,
            1288.75
          ],
          [
            -111.980195,
            40.776888,
            1288.25
          ],
          [
            -111.980349,
            40.776706,
            1287.5
          ],
          [
            -111.980516,
            40.776557,
            1287.5
          ],
          [
            -111.980952,
            40.776231,
            1287.5
          ],
          [
            -111.98113,
            40.776106,
            1287.5
          ],
          [
            -111.981312,
            40.775988,
            1287.5
          ],
          [
            -111.981499,
            40.775879,
            1287.25
          ],
          [
            -111.981643,
            40.775805,
            1287
          ],
          [
            -111.982103,
            40.775585,
            1287.5
          ],
          [
            -111.983339,
            40.774999,
            1286
          ],
          [
            -111.98372,
            40.774811,
            1286.5
          ],
          [
            -111.98392,
            40.7747,
            1287
          ],
          [
            -111.984139,
            40.774564,
            1287.25
          ],
          [
            -111.984271,
            40.774473,
            1287.5
          ],
          [
            -111.984448,
            40.774338,
            1287.25
          ],
          [
            -111.984737,
            40.774079,
            1287.25
          ],
          [
            -111.984948,
            40.773848,
            1287.75
          ],
          [
            -111.985097,
            40.773662,
            1288
          ],
          [
            -111.98521,
            40.773493,
            1288.5
          ],
          [
            -111.985344,
            40.773257,
            1289
          ],
          [
            -111.985463,
            40.77299,
            1289
          ],
          [
            -111.985563,
            40.772725,
            1289
          ],
          [
            -111.985619,
            40.772543,
            1289
          ],
          [
            -111.985705,
            40.772187,
            1289.75
          ],
          [
            -111.985758,
            40.771843,
            1290.5
          ],
          [
            -111.985768,
            40.771732,
            1290.75
          ],
          [
            -111.985785,
            40.771365,
            1290.5
          ],
          [
            -111.98576,
            40.770961,
            1290
          ],
          [
            -111.985716,
            40.7707,
            1290
          ],
          [
            -111.985669,
            40.770493,
            1290
          ],
          [
            -111.985583,
            40.770221,
            1289.75
          ],
          [
            -111.985526,
            40.770063,
            1289.5
          ],
          [
            -111.985396,
            40.769774,
            1289
          ],
          [
            -111.985231,
            40.769475,
            1289.25
          ],
          [
            -111.985007,
            40.769145,
            1290
          ],
          [
            -111.984847,
            40.768935,
            1290.5
          ],
          [
            -111.984692,
            40.768748,
            1291
          ],
          [
            -111.984467,
            40.768496,
            1291.5
          ],
          [
            -111.984315,
            40.76834,
            1291.75
          ],
          [
            -111.983909,
            40.767965,
            1291.5
          ],
          [
            -111.983703,
            40.767794,
            1291.25
          ],
          [
            -111.983455,
            40.767603,
            1290.5
          ],
          [
            -111.983116,
            40.767364,
            1290.5
          ],
          [
            -111.982955,
            40.76726,
            1290.75
          ],
          [
            -111.982797,
            40.767161,
            1291
          ],
          [
            -111.982529,
            40.767006,
            1290.75
          ],
          [
            -111.982223,
            40.766844,
            1290.5
          ],
          [
            -111.981924,
            40.766703,
            1290.5
          ],
          [
            -111.981487,
            40.766524,
            1291.5
          ],
          [
            -111.980971,
            40.766348,
            1292.25
          ],
          [
            -111.980758,
            40.766284,
            1292
          ],
          [
            -111.980455,
            40.766205,
            1291.25
          ],
          [
            -111.980143,
            40.766135,
            1290.25
          ],
          [
            -111.979878,
            40.766085,
            1290
          ],
          [
            -111.979464,
            40.766022,
            1290.75
          ],
          [
            -111.97858,
            40.765908,
            1291.75
          ],
          [
            -111.97314,
            40.765243,
            1290.5
          ],
          [
            -111.972525,
            40.765178,
            1290
          ],
          [
            -111.972058,
            40.765138,
            1290.5
          ],
          [
            -111.971324,
            40.765098,
            1291
          ],
          [
            -111.970896,
            40.765085,
            1291
          ],
          [
            -111.970264,
            40.765082,
            1292
          ],
          [
            -111.96961,
            40.765096,
            1293.5
          ],
          [
            -111.968967,
            40.76513,
            1294.25
          ],
          [
            -111.9685,
            40.765165,
            1294
          ],
          [
            -111.967615,
            40.765259,
            1292
          ],
          [
            -111.966895,
            40.765363,
            1291.25
          ],
          [
            -111.966269,
            40.765474,
            1290.5
          ],
          [
            -111.965819,
            40.765567,
            1290.25
          ],
          [
            -111.964977,
            40.765771,
            1292.75
          ],
          [
            -111.963771,
            40.766114,
            1291.75
          ],
          [
            -111.962895,
            40.766378,
            1292
          ],
          [
            -111.962044,
            40.766661,
            1292
          ],
          [
            -111.961324,
            40.766925,
            1292.25
          ],
          [
            -111.961079,
            40.767017,
            1292.25
          ],
          [
            -111.960076,
            40.767429,
            1292.5
          ],
          [
            -111.95972,
            40.767566,
            1291.75
          ],
          [
            -111.959462,
            40.767652,
            1290.75
          ],
          [
            -111.958924,
            40.767808,
            1289
          ],
          [
            -111.958469,
            40.767942,
            1288.5
          ],
          [
            -111.958208,
            40.768036,
            1289
          ],
          [
            -111.958041,
            40.7681,
            1289.5
          ],
          [
            -111.95722,
            40.768482,
            1289.5
          ],
          [
            -111.956917,
            40.768623,
            1289
          ],
          [
            -111.956567,
            40.768785,
            1289
          ],
          [
            -111.955902,
            40.769091,
            1289
          ],
          [
            -111.955229,
            40.769377,
            1291.5
          ],
          [
            -111.954422,
            40.769706,
            1292.25
          ],
          [
            -111.953304,
            40.770173,
            1291.25
          ],
          [
            -111.95314,
            40.770241,
            1291.5
          ],
          [
            -111.952977,
            40.770308,
            1292
          ],
          [
            -111.952433,
            40.770535,
            1293.75
          ],
          [
            -111.951557,
            40.770884,
            1293.5
          ],
          [
            -111.951102,
            40.771059,
            1292
          ],
          [
            -111.950639,
            40.771193,
            1292
          ],
          [
            -111.95014,
            40.771309,
            1293.5
          ],
          [
            -111.949685,
            40.771394,
            1294
          ],
          [
            -111.948933,
            40.771473,
            1293.5
          ],
          [
            -111.948657,
            40.77149,
            1292.75
          ],
          [
            -111.948271,
            40.771503,
            1292
          ],
          [
            -111.94788,
            40.771498,
            1291.75
          ],
          [
            -111.947121,
            40.771502,
            1291.25
          ],
          [
            -111.946965,
            40.771504,
            1291.25
          ],
          [
            -111.946794,
            40.771503,
            1291.25
          ],
          [
            -111.945577,
            40.771506,
            1292.75
          ],
          [
            -111.945462,
            40.771506,
            1292.75
          ],
          [
            -111.944199,
            40.771504,
            1293.5
          ],
          [
            -111.942832,
            40.771512,
            1292.5
          ],
          [
            -111.942038,
            40.771543,
            1291.75
          ],
          [
            -111.940543,
            40.771555,
            1291.25
          ],
          [
            -111.939864,
            40.771555,
            1292.5
          ],
          [
            -111.939476,
            40.771531,
            1292
          ],
          [
            -111.939359,
            40.771521,
            1292
          ],
          [
            -111.939194,
            40.771507,
            1291.75
          ],
          [
            -111.939058,
            40.771496,
            1291.5
          ],
          [
            -111.938425,
            40.771482,
            1291.25
          ],
          [
            -111.937056,
            40.771479,
            1294.25
          ],
          [
            -111.934605,
            40.771487,
            1291.5
          ],
          [
            -111.933371,
            40.771491,
            1290.75
          ],
          [
            -111.933281,
            40.771491,
            1290.75
          ],
          [
            -111.933067,
            40.771491,
            1290.75
          ],
          [
            -111.932926,
            40.771493,
            1290.75
          ],
          [
            -111.931459,
            40.771507,
            1293.5
          ],
          [
            -111.928704,
            40.771511,
            1289.5
          ],
          [
            -111.928567,
            40.771511,
            1289.5
          ],
          [
            -111.928421,
            40.77151,
            1289.25
          ],
          [
            -111.927755,
            40.771508,
            1290.5
          ],
          [
            -111.926306,
            40.771483,
            1289.25
          ],
          [
            -111.92588,
            40.771474,
            1289.25
          ],
          [
            -111.925306,
            40.771465,
            1290.5
          ],
          [
            -111.925133,
            40.771464,
            1290.75
          ],
          [
            -111.924911,
            40.771462,
            1291.5
          ],
          [
            -111.923656,
            40.771462,
            1293.25
          ],
          [
            -111.92359,
            40.771462,
            1293
          ],
          [
            -111.923104,
            40.771467,
            1293.25
          ],
          [
            -111.921845,
            40.771504,
            1293.75
          ],
          [
            -111.919899,
            40.771499,
            1293
          ],
          [
            -111.919694,
            40.771498,
            1293
          ],
          [
            -111.919509,
            40.771498,
            1293
          ],
          [
            -111.918799,
            40.771504,
            1292.5
          ],
          [
            -111.91818,
            40.771535,
            1291.75
          ],
          [
            -111.91776,
            40.771538,
            1291.75
          ],
          [
            -111.91707,
            40.771531,
            1292.25
          ],
          [
            -111.916844,
            40.771529,
            1292.25
          ],
          [
            -111.916646,
            40.771522,
            1292.5
          ],
          [
            -111.915834,
            40.771503,
            1292
          ],
          [
            -111.91553,
            40.771503,
            1291.5
          ],
          [
            -111.914295,
            40.771502,
            1291
          ],
          [
            -111.914192,
            40.7715,
            1291
          ],
          [
            -111.914084,
            40.771502,
            1291
          ],
          [
            -111.913859,
            40.771501,
            1291.5
          ],
          [
            -111.913785,
            40.7715,
            1291.75
          ],
          [
            -111.9132,
            40.771495,
            1292.5
          ],
          [
            -111.912495,
            40.771505,
            1292
          ],
          [
            -111.911499,
            40.771506,
            1294
          ],
          [
            -111.910354,
            40.771509,
            1294
          ],
          [
            -111.909411,
            40.771515,
            1294.25
          ],
          [
            -111.909071,
            40.771523,
            1294.5
          ],
          [
            -111.908725,
            40.771548,
            1294.25
          ],
          [
            -111.908476,
            40.771578,
            1294
          ],
          [
            -111.908426,
            40.771584,
            1294
          ],
          [
            -111.908248,
            40.771604,
            1294
          ],
          [
            -111.907864,
            40.771631,
            1295
          ],
          [
            -111.907573,
            40.771635,
            1295.75
          ],
          [
            -111.906339,
            40.771589,
            1297.25
          ],
          [
            -111.90593,
            40.77158,
            1297.75
          ],
          [
            -111.904437,
            40.771577,
            1300
          ],
          [
            -111.904392,
            40.771576,
            1300
          ],
          [
            -111.902924,
            40.771574,
            1307.75
          ],
          [
            -111.902796,
            40.771554,
            1307.5
          ],
          [
            -111.902751,
            40.771534,
            1307.25
          ],
          [
            -111.902719,
            40.771512,
            1307.25
          ],
          [
            -111.902681,
            40.771491,
            1307
          ],
          [
            -111.902631,
            40.771447,
            1306.75
          ],
          [
            -111.90262,
            40.771434,
            1306.75
          ],
          [
            -111.902579,
            40.771371,
            1306.5
          ],
          [
            -111.902564,
            40.771328,
            1306.25
          ],
          [
            -111.902551,
            40.771265,
            1306
          ],
          [
            -111.902553,
            40.770478,
            1303.75
          ],
          [
            -111.902554,
            40.77038,
            1303.75
          ],
          [
            -111.902554,
            40.770284,
            1303.75
          ],
          [
            -111.902562,
            40.769701,
            1305
          ],
          [
            -111.902554,
            40.769602,
            1305.5
          ],
          [
            -111.902534,
            40.76951,
            1306
          ],
          [
            -111.902512,
            40.769474,
            1306.25
          ],
          [
            -111.90248,
            40.769435,
            1306.75
          ],
          [
            -111.902417,
            40.769386,
            1307
          ],
          [
            -111.902346,
            40.76935,
            1307.25
          ],
          [
            -111.902283,
            40.769332,
            1307.5
          ],
          [
            -111.902175,
            40.769321,
            1308
          ],
          [
            -111.902032,
            40.769319,
            1308.25
          ],
          [
            -111.901307,
            40.769295,
            1311.5
          ],
          [
            -111.900105,
            40.769294,
            1311.75
          ],
          [
            -111.899897,
            40.769294,
            1311.25
          ],
          [
            -111.899777,
            40.769294,
            1311.25
          ],
          [
            -111.899619,
            40.7693,
            1311
          ],
          [
            -111.899598,
            40.769301,
            1311
          ],
          [
            -111.899472,
            40.769309,
            1311
          ],
          [
            -111.89903,
            40.769328,
            1311.5
          ],
          [
            -111.898117,
            40.769328,
            1314.25
          ],
          [
            -111.898033,
            40.769329,
            1314
          ],
          [
            -111.897023,
            40.76933,
            1313.5
          ],
          [
            -111.896814,
            40.76933,
            1313.75
          ],
          [
            -111.896599,
            40.769331,
            1314.25
          ],
          [
            -111.896141,
            40.76933,
            1315.25
          ],
          [
            -111.895497,
            40.769311,
            1317.25
          ],
          [
            -111.894345,
            40.769312,
            1319.75
          ],
          [
            -111.894157,
            40.769312,
            1320.25
          ],
          [
            -111.893976,
            40.769316,
            1322.25
          ],
          [
            -111.893762,
            40.769321,
            1325
          ],
          [
            -111.893468,
            40.769329,
            1328.5
          ],
          [
            -111.892532,
            40.76933,
            1336.5
          ],
          [
            -111.891537,
            40.769332,
            1336.75
          ],
          [
            -111.891396,
            40.769318,
            1338
          ],
          [
            -111.89132,
            40.769297,
            1338.75
          ],
          [
            -111.891284,
            40.769282,
            1339
          ],
          [
            -111.89122,
            40.769239,
            1339.75
          ],
          [
            -111.891188,
            40.769208,
            1340
          ],
          [
            -111.891163,
            40.769177,
            1340.5
          ],
          [
            -111.891138,
            40.769131,
            1341
          ],
          [
            -111.891122,
            40.769047,
            1341.5
          ],
          [
            -111.891156,
            40.768666,
            1344
          ],
          [
            -111.891166,
            40.76836,
            1346.25
          ],
          [
            -111.891163,
            40.767453,
            1330
          ],
          [
            -111.891162,
            40.76734,
            1330.25
          ],
          [
            -111.89116,
            40.767223,
            1330.25
          ],
          [
            -111.891155,
            40.767118,
            1330.25
          ],
          [
            -111.891149,
            40.76701,
            1330.25
          ],
          [
            -111.891139,
            40.766807,
            1330.5
          ],
          [
            -111.891143,
            40.766441,
            1331.25
          ],
          [
            -111.89114,
            40.76602,
            1332.5
          ],
          [
            -111.891138,
            40.765574,
            1332.5
          ],
          [
            -111.891136,
            40.765145,
            1331.5
          ],
          [
            -111.891136,
            40.765011,
            1331.25
          ],
          [
            -111.891137,
            40.76485,
            1330.75
          ],
          [
            -111.891135,
            40.764526,
            1329.5
          ],
          [
            -111.891157,
            40.763995,
            1328
          ],
          [
            -111.891158,
            40.763101,
            1328.25
          ],
          [
            -111.891156,
            40.762969,
            1327.5
          ],
          [
            -111.891155,
            40.76288,
            1327
          ],
          [
            -111.891154,
            40.762809,
            1326.75
          ],
          [
            -111.89115,
            40.762759,
            1326.5
          ],
          [
            -111.891145,
            40.762689,
            1326.25
          ],
          [
            -111.891136,
            40.7625,
            1325.25
          ],
          [
            -111.891135,
            40.761826,
            1321.75
          ],
          [
            -111.891135,
            40.761069,
            1312.25
          ],
          [
            -111.891134,
            40.760826,
            1308.75
          ],
          [
            -111.891134,
            40.76073,
            1309
          ],
          [
            -111.891132,
            40.76056,
            1309.25
          ],
          [
            -111.891131,
            40.760463,
            1309.5
          ],
          [
            -111.891134,
            40.760248,
            1309.75
          ],
          [
            -111.891155,
            40.759662,
            1305.5
          ],
          [
            -111.891149,
            40.758779,
            1299.25
          ],
          [
            -111.891145,
            40.758631,
            1299.5
          ],
          [
            -111.891141,
            40.758483,
            1299.5
          ],
          [
            -111.891133,
            40.758326,
            1299.75
          ],
          [
            -111.891109,
            40.758115,
            1302.25
          ],
          [
            -111.891107,
            40.757504,
            1310.25
          ],
          [
            -111.891106,
            40.75735,
            1309.25
          ],
          [
            -111.891106,
            40.757256,
            1308.5
          ],
          [
            -111.891107,
            40.75667,
            1304.5
          ],
          [
            -111.891117,
            40.756465,
            1303
          ],
          [
            -111.891125,
            40.756299,
            1301.75
          ],
          [
            -111.891128,
            40.75615,
            1300.5
          ],
          [
            -111.891127,
            40.755207,
            1297.5
          ],
          [
            -111.891128,
            40.754992,
            1297.25
          ],
          [
            -111.891121,
            40.754829,
            1297
          ],
          [
            -111.891085,
            40.754409,
            1297
          ],
          [
            -111.891095,
            40.754361,
            1297
          ],
          [
            -111.891131,
            40.75429,
            1296.75
          ],
          [
            -111.891169,
            40.75425,
            1296.75
          ],
          [
            -111.89123,
            40.754203,
            1296.5
          ],
          [
            -111.891287,
            40.754178,
            1296.25
          ],
          [
            -111.891373,
            40.754156,
            1296
          ],
          [
            -111.891495,
            40.754146,
            1295.5
          ],
          [
            -111.892456,
            40.754154,
            1295
          ],
          [
            -111.893408,
            40.75415,
            1295.75
          ],
          [
            -111.893756,
            40.754152,
            1295.25
          ],
          [
            -111.893958,
            40.754151,
            1295
          ],
          [
            -111.894145,
            40.754152,
            1295
          ],
          [
            -111.896348,
            40.75415,
            1294.5
          ],
          [
            -111.896497,
            40.754144,
            1294.75
          ],
          [
            -111.896618,
            40.754115,
            1294.75
          ],
          [
            -111.896708,
            40.754067,
            1294.75
          ],
          [
            -111.896726,
            40.754055,
            1294.75
          ],
          [
            -111.896793,
            40.753986,
            1294.75
          ],
          [
            -111.896835,
            40.753904,
            1294.75
          ],
          [
            -111.896845,
            40.753814,
            1294.5
          ],
          [
            -111.896828,
            40.752104,
            1293.25
          ],
          [
            -111.896829,
            40.751944,
            1293.25
          ],
          [
            -111.896829,
            40.751806,
            1293.25
          ],
          [
            -111.896829,
            40.751443,
            1293
          ],
          [
            -111.896851,
            40.75094,
            1293
          ],
          [
            -111.896853,
            40.750073,
            1292
          ],
          [
            -111.896853,
            40.749919,
            1292
          ],
          [
            -111.896853,
            40.749846,
            1292
          ],
          [
            -111.896854,
            40.749691,
            1292.25
          ],
          [
            -111.896853,
            40.749622,
            1292.5
          ],
          [
            -111.896852,
            40.749596,
            1292.5
          ],
          [
            -111.896844,
            40.749245,
            1293
          ],
          [
            -111.896843,
            40.747879,
            1294.25
          ],
          [
            -111.896842,
            40.747228,
            1294.75
          ],
          [
            -111.89686,
            40.746851,
            1295
          ],
          [
            -111.896861,
            40.745609,
            1295.25
          ],
          [
            -111.89686,
            40.744672,
            1294.25
          ],
          [
            -111.89686,
            40.744609,
            1294.25
          ],
          [
            -111.896847,
            40.743518,
            1294.5
          ],
          [
            -111.896846,
            40.743372,
            1294.5
          ],
          [
            -111.896841,
            40.742819,
            1293.75
          ],
          [
            -111.896841,
            40.74274,
            1293.75
          ],
          [
            -111.896857,
            40.741901,
            1294.75
          ],
          [
            -111.896856,
            40.741687,
            1295.25
          ],
          [
            -111.896854,
            40.74164,
            1295.5
          ],
          [
            -111.896852,
            40.741546,
            1295.25
          ],
          [
            -111.896851,
            40.7415,
            1295.25
          ],
          [
            -111.896848,
            40.740315,
            1293.75
          ],
          [
            -111.896851,
            40.74027,
            1293.5
          ],
          [
            -111.89685,
            40.739852,
            1296
          ],
          [
            -111.896844,
            40.738554,
            1296
          ],
          [
            -111.896922,
            40.733602,
            1295
          ],
          [
            -111.896924,
            40.733501,
            1294.75
          ],
          [
            -111.896923,
            40.733428,
            1294.75
          ],
          [
            -111.896924,
            40.733082,
            1295.25
          ],
          [
            -111.896924,
            40.731537,
            1295
          ],
          [
            -111.896925,
            40.725544,
            1295.25
          ],
          [
            -111.896925,
            40.725484,
            1295.5
          ],
          [
            -111.896924,
            40.72539,
            1295.5
          ],
          [
            -111.896925,
            40.725338,
            1295.5
          ],
          [
            -111.896926,
            40.725075,
            1295.5
          ],
          [
            -111.896926,
            40.72499,
            1295.5
          ],
          [
            -111.896931,
            40.724099,
            1295.75
          ],
          [
            -111.89693,
            40.723906,
            1295.75
          ],
          [
            -111.896932,
            40.723647,
            1295.5
          ],
          [
            -111.896908,
            40.722769,
            1295.25
          ],
          [
            -111.89692,
            40.722671,
            1295.25
          ],
          [
            -111.896954,
            40.722537,
            1295.25
          ],
          [
            -111.896988,
            40.722485,
            1295.25
          ],
          [
            -111.897034,
            40.722442,
            1295.25
          ],
          [
            -111.897096,
            40.722406,
            1295.25
          ],
          [
            -111.897174,
            40.72238,
            1295.5
          ],
          [
            -111.897262,
            40.722368,
            1295.5
          ],
          [
            -111.898276,
            40.722375,
            1295
          ],
          [
            -111.898504,
            40.722375,
            1295
          ],
          [
            -111.899552,
            40.722368,
            1295
          ],
          [
            -111.899646,
            40.722367,
            1295
          ],
          [
            -111.899792,
            40.722365,
            1295
          ],
          [
            -111.90002,
            40.722367,
            1295
          ],
          [
            -111.905197,
            40.722375,
            1301
          ],
          [
            -111.905418,
            40.72238,
            1299.5
          ],
          [
            -111.905639,
            40.722394,
            1298.25
          ],
          [
            -111.905835,
            40.722423,
            1297
          ],
          [
            -111.906022,
            40.722467,
            1296.25
          ],
          [
            -111.906182,
            40.722516,
            1295.75
          ],
          [
            -111.906349,
            40.72258,
            1295.25
          ],
          [
            -111.906569,
            40.722683,
            1295
          ],
          [
            -111.906679,
            40.722749,
            1294.75
          ],
          [
            -111.906883,
            40.722889,
            1294.5
          ],
          [
            -111.907289,
            40.723156,
            1294.5
          ],
          [
            -111.907473,
            40.723267,
            1294.25
          ],
          [
            -111.907634,
            40.723358,
            1294.25
          ],
          [
            -111.907803,
            40.723442,
            1294.25
          ],
          [
            -111.907978,
            40.723517,
            1294
          ],
          [
            -111.908159,
            40.723585,
            1294
          ],
          [
            -111.908345,
            40.723644,
            1294
          ],
          [
            -111.908536,
            40.723694,
            1294
          ],
          [
            -111.90873,
            40.723735,
            1293.75
          ],
          [
            -111.908927,
            40.723767,
            1293.75
          ],
          [
            -111.909126,
            40.72379,
            1293.75
          ],
          [
            -111.909327,
            40.723804,
            1293.75
          ],
          [
            -111.909529,
            40.723808,
            1293.5
          ],
          [
            -111.90973,
            40.723803,
            1293.5
          ],
          [
            -111.909931,
            40.723789,
            1293.5
          ],
          [
            -111.91013,
            40.723765,
            1293.5
          ],
          [
            -111.910327,
            40.723732,
            1293.5
          ],
          [
            -111.910661,
            40.723655,
            1293.5
          ],
          [
            -111.911393,
            40.723463,
            1293.25
          ],
          [
            -111.911689,
            40.723392,
            1293
          ],
          [
            -111.911995,
            40.723339,
            1293.25
          ],
          [
            -111.912399,
            40.723287,
            1293.75
          ],
          [
            -111.912694,
            40.723264,
            1294
          ],
          [
            -111.912956,
            40.723259,
            1294.25
          ],
          [
            -111.913273,
            40.723265,
            1294.75
          ],
          [
            -111.916007,
            40.723454,
            1294.5
          ],
          [
            -111.916286,
            40.723468,
            1294.5
          ],
          [
            -111.917173,
            40.72349,
            1295.25
          ],
          [
            -111.917726,
            40.723519,
            1296
          ],
          [
            -111.918532,
            40.723602,
            1296.75
          ],
          [
            -111.919604,
            40.723721,
            1296.5
          ],
          [
            -111.920548,
            40.72382,
            1295.75
          ],
          [
            -111.920821,
            40.723833,
            1295.75
          ],
          [
            -111.921167,
            40.723826,
            1295
          ],
          [
            -111.92139,
            40.723807,
            1294.5
          ],
          [
            -111.921575,
            40.72378,
            1294.25
          ],
          [
            -111.921776,
            40.723739,
            1294
          ],
          [
            -111.921959,
            40.723692,
            1293.75
          ],
          [
            -111.922146,
            40.723632,
            1293.75
          ],
          [
            -111.922359,
            40.723552,
            1293.5
          ],
          [
            -111.922544,
            40.723465,
            1293.25
          ],
          [
            -111.922725,
            40.723369,
            1293.25
          ],
          [
            -111.922895,
            40.723262,
            1293.25
          ],
          [
            -111.923054,
            40.723145,
            1293.25
          ],
          [
            -111.9232,
            40.723019,
            1293.25
          ],
          [
            -111.923463,
            40.722713,
            1293.25
          ],
          [
            -111.923624,
            40.722483,
            1293
          ],
          [
            -111.923729,
            40.722287,
            1293
          ],
          [
            -111.923794,
            40.722112,
            1293.25
          ],
          [
            -111.923881,
            40.721709,
            1293.5
          ],
          [
            -111.923884,
            40.721144,
            1293.75
          ],
          [
            -111.923887,
            40.720962,
            1293.75
          ],
          [
            -111.923886,
            40.720827,
            1294
          ],
          [
            -111.923885,
            40.72074,
            1294
          ],
          [
            -111.923888,
            40.7198,
            1295.5
          ],
          [
            -111.923886,
            40.719715,
            1295.75
          ],
          [
            -111.923887,
            40.719378,
            1296.25
          ],
          [
            -111.92387,
            40.718605,
            1295.75
          ],
          [
            -111.923868,
            40.717721,
            1294
          ],
          [
            -111.923868,
            40.717633,
            1293.75
          ],
          [
            -111.923867,
            40.717329,
            1293.5
          ],
          [
            -111.923861,
            40.717138,
            1293.5
          ],
          [
            -111.923885,
            40.716851,
            1293.5
          ],
          [
            -111.923925,
            40.716617,
            1293.75
          ],
          [
            -111.92399,
            40.716422,
            1294
          ],
          [
            -111.924097,
            40.716194,
            1294.25
          ],
          [
            -111.924404,
            40.715656,
            1294.5
          ],
          [
            -111.92454,
            40.715384,
            1294
          ],
          [
            -111.92462,
            40.71517,
            1293.5
          ],
          [
            -111.924746,
            40.714107,
            1292.5
          ],
          [
            -111.924803,
            40.713889,
            1293
          ],
          [
            -111.924896,
            40.71368,
            1293.25
          ],
          [
            -111.925017,
            40.713505,
            1293.75
          ],
          [
            -111.925173,
            40.713322,
            1293.75
          ],
          [
            -111.925339,
            40.713178,
            1293.75
          ],
          [
            -111.925535,
            40.71304,
            1293.5
          ],
          [
            -111.925822,
            40.712905,
            1293.25
          ],
          [
            -111.926087,
            40.71281,
            1293.25
          ],
          [
            -111.926133,
            40.712794,
            1293.25
          ],
          [
            -111.926541,
            40.712706,
            1293
          ],
          [
            -111.929531,
            40.71226,
            1293.25
          ],
          [
            -111.930262,
            40.712151,
            1293.25
          ],
          [
            -111.9329,
            40.711759,
            1296.25
          ],
          [
            -111.933233,
            40.711698,
            1296.75
          ],
          [
            -111.933632,
            40.7116,
            1296.75
          ],
          [
            -111.9344,
            40.711394,
            1296
          ],
          [
            -111.934641,
            40.711338,
            1296
          ],
          [
            -111.934917,
            40.711301,
            1296
          ],
          [
            -111.935395,
            40.711273,
            1295.75
          ],
          [
            -111.936162,
            40.711273,
            1296
          ],
          [
            -111.936261,
            40.711273,
            1296
          ],
          [
            -111.936357,
            40.711273,
            1296.25
          ],
          [
            -111.936824,
            40.711273,
            1296.5
          ],
          [
            -111.937173,
            40.711258,
            1297
          ],
          [
            -111.937481,
            40.711238,
            1297.25
          ],
          [
            -111.937978,
            40.711195,
            1297
          ],
          [
            -111.938332,
            40.711165,
            1297
          ],
          [
            -111.938518,
            40.71116,
            1296.75
          ],
          [
            -111.938751,
            40.711154,
            1296.25
          ],
          [
            -111.938959,
            40.711154,
            1296
          ],
          [
            -111.939136,
            40.711154,
            1296
          ],
          [
            -111.940362,
            40.711153,
            1296.75
          ],
          [
            -111.940505,
            40.711153,
            1297.25
          ],
          [
            -111.941935,
            40.711153,
            1297
          ],
          [
            -111.94311,
            40.711147,
            1297.25
          ],
          [
            -111.943204,
            40.711134,
            1297
          ],
          [
            -111.943279,
            40.711109,
            1297
          ],
          [
            -111.94332,
            40.71109,
            1296.75
          ],
          [
            -111.943392,
            40.711041,
            1296.75
          ],
          [
            -111.943448,
            40.710975,
            1296.5
          ],
          [
            -111.943477,
            40.710915,
            1296.25
          ],
          [
            -111.943495,
            40.710839,
            1296
          ],
          [
            -111.943525,
            40.710619,
            1296
          ],
          [
            -111.94357,
            40.710386,
            1295.75
          ],
          [
            -111.943647,
            40.710102,
            1295.5
          ],
          [
            -111.943737,
            40.709868,
            1295.5
          ],
          [
            -111.943843,
            40.709648,
            1296
          ],
          [
            -111.943985,
            40.709403,
            1296.5
          ],
          [
            -111.944135,
            40.709184,
            1297
          ],
          [
            -111.944309,
            40.708972,
            1297.75
          ],
          [
            -111.944522,
            40.708744,
            1298
          ],
          [
            -111.94473,
            40.708555,
            1298
          ],
          [
            -111.945096,
            40.708272,
            1296.5
          ],
          [
            -111.945178,
            40.70821,
            1296.25
          ],
          [
            -111.945276,
            40.708139,
            1295.75
          ],
          [
            -111.948362,
            40.705888,
            1294
          ],
          [
            -111.948522,
            40.705765,
            1294
          ],
          [
            -111.948603,
            40.705676,
            1294
          ],
          [
            -111.94865,
            40.705608,
            1294.25
          ],
          [
            -111.948686,
            40.70554,
            1294.25
          ],
          [
            -111.948727,
            40.705407,
            1294.5
          ],
          [
            -111.948738,
            40.705309,
            1294.75
          ],
          [
            -111.948737,
            40.705182,
            1295
          ],
          [
            -111.948734,
            40.704202,
            1295.5
          ],
          [
            -111.948733,
            40.704084,
            1295.5
          ],
          [
            -111.948734,
            40.704005,
            1295.75
          ],
          [
            -111.948753,
            40.703937,
            1295.75
          ],
          [
            -111.948778,
            40.703892,
            1295.75
          ],
          [
            -111.948829,
            40.70384,
            1296
          ],
          [
            -111.948907,
            40.703806,
            1296
          ],
          [
            -111.948958,
            40.703792,
            1296.25
          ],
          [
            -111.949027,
            40.703782,
            1296.25
          ],
          [
            -111.949097,
            40.70378,
            1296.25
          ],
          [
            -111.94977,
            40.703778,
            1299
          ],
          [
            -111.950884,
            40.7038,
            1298.5
          ],
          [
            -111.952444,
            40.703799,
            1296
          ],
          [
            -111.95355,
            40.703797,
            1296.75
          ],
          [
            -111.956469,
            40.703792,
            1299.25
          ],
          [
            -111.956584,
            40.703791,
            1299
          ],
          [
            -111.957584,
            40.703791,
            1299.25
          ],
          [
            -111.95766,
            40.703787,
            1299.25
          ],
          [
            -111.957737,
            40.703775,
            1299
          ],
          [
            -111.957815,
            40.703749,
            1299
          ],
          [
            -111.95786,
            40.703725,
            1299
          ],
          [
            -111.957941,
            40.703667,
            1298.75
          ],
          [
            -111.95798,
            40.703621,
            1298.75
          ],
          [
            -111.958009,
            40.703571,
            1298.75
          ],
          [
            -111.958025,
            40.703509,
            1298.75
          ],
          [
            -111.95803,
            40.703443,
            1298.75
          ],
          [
            -111.958027,
            40.699665,
            1298.75
          ],
          [
            -111.958044,
            40.699269,
            1299.25
          ],
          [
            -111.958048,
            40.699199,
            1299.5
          ],
          [
            -111.958062,
            40.698879,
            1299.5
          ],
          [
            -111.958061,
            40.698537,
            1299.5
          ],
          [
            -111.958052,
            40.698214,
            1299.75
          ],
          [
            -111.958017,
            40.697644,
            1300
          ],
          [
            -111.958015,
            40.697145,
            1300.25
          ],
          [
            -111.958026,
            40.696868,
            1300.5
          ],
          [
            -111.958031,
            40.696764,
            1300.5
          ],
          [
            -111.958047,
            40.696592,
            1300.5
          ],
          [
            -111.958056,
            40.696485,
            1300.75
          ],
          [
            -111.958066,
            40.696285,
            1301
          ],
          [
            -111.958066,
            40.695333,
            1302.75
          ],
          [
            -111.958065,
            40.695282,
            1302.75
          ],
          [
            -111.958039,
            40.695072,
            1303
          ],
          [
            -111.958013,
            40.694859,
            1303.25
          ],
          [
            -111.958011,
            40.694697,
            1303.5
          ],
          [
            -111.958021,
            40.694602,
            1303.75
          ],
          [
            -111.958065,
            40.694514,
            1304
          ],
          [
            -111.958101,
            40.694473,
            1304.25
          ],
          [
            -111.958131,
            40.694448,
            1304.5
          ],
          [
            -111.958206,
            40.694401,
            1304.75
          ],
          [
            -111.95825,
            40.694383,
            1305
          ],
          [
            -111.958317,
            40.694363,
            1305.25
          ],
          [
            -111.958384,
            40.694353,
            1305.25
          ],
          [
            -111.958463,
            40.694349,
            1305.25
          ],
          [
            -111.959979,
            40.694349,
            1303
          ],
          [
            -111.960052,
            40.694348,
            1302.75
          ],
          [
            -111.959979,
            40.694349,
            1303
          ],
          [
            -111.958463,
            40.694349,
            1305.25
          ],
          [
            -111.958384,
            40.694353,
            1305.25
          ],
          [
            -111.958317,
            40.694363,
            1305.25
          ],
          [
            -111.95825,
            40.694383,
            1305
          ],
          [
            -111.958206,
            40.694401,
            1304.75
          ],
          [
            -111.958131,
            40.694448,
            1304.5
          ],
          [
            -111.958101,
            40.694473,
            1304.25
          ],
          [
            -111.958065,
            40.694514,
            1304
          ],
          [
            -111.958021,
            40.694602,
            1303.75
          ],
          [
            -111.958011,
            40.694697,
            1303.5
          ],
          [
            -111.958013,
            40.694859,
            1303.25
          ],
          [
            -111.958014,
            40.69528,
            1302.5
          ],
          [
            -111.958014,
            40.695467,
            1301
          ],
          [
            -111.958013,
            40.696285,
            1301
          ],
          [
            -111.958005,
            40.696484,
            1300.75
          ],
          [
            -111.957996,
            40.696592,
            1300.5
          ],
          [
            -111.957981,
            40.696763,
            1300.5
          ],
          [
            -111.957975,
            40.696868,
            1300.5
          ],
          [
            -111.957965,
            40.697145,
            1300.25
          ],
          [
            -111.957966,
            40.697644,
            1300.25
          ],
          [
            -111.958007,
            40.698373,
            1299.5
          ],
          [
            -111.958009,
            40.698877,
            1299.5
          ],
          [
            -111.957996,
            40.699197,
            1299.5
          ],
          [
            -111.957992,
            40.699269,
            1299.25
          ],
          [
            -111.957975,
            40.699665,
            1298.75
          ],
          [
            -111.957981,
            40.703431,
            1298.75
          ],
          [
            -111.957975,
            40.703497,
            1298.75
          ],
          [
            -111.957955,
            40.70356,
            1298.75
          ],
          [
            -111.957898,
            40.703642,
            1299
          ],
          [
            -111.957856,
            40.703676,
            1299
          ],
          [
            -111.957794,
            40.703708,
            1299
          ],
          [
            -111.95772,
            40.703734,
            1299
          ],
          [
            -111.957639,
            40.703747,
            1299.25
          ],
          [
            -111.956583,
            40.703753,
            1299
          ],
          [
            -111.956467,
            40.703754,
            1299
          ],
          [
            -111.953549,
            40.703756,
            1296.75
          ],
          [
            -111.952445,
            40.703757,
            1296
          ],
          [
            -111.950663,
            40.703758,
            1299
          ],
          [
            -111.949771,
            40.703738,
            1299.5
          ],
          [
            -111.949093,
            40.703738,
            1296.25
          ],
          [
            -111.948932,
            40.703746,
            1296.25
          ],
          [
            -111.948823,
            40.703771,
            1296
          ],
          [
            -111.94875,
            40.703813,
            1296
          ],
          [
            -111.948699,
            40.703856,
            1296
          ],
          [
            -111.948648,
            40.703938,
            1295.75
          ],
          [
            -111.948637,
            40.703998,
            1295.75
          ],
          [
            -111.948638,
            40.704085,
            1295.5
          ],
          [
            -111.94864,
            40.705094,
            1294.75
          ],
          [
            -111.948639,
            40.705179,
            1294.75
          ],
          [
            -111.948641,
            40.705307,
            1294.5
          ],
          [
            -111.948631,
            40.705401,
            1294.5
          ],
          [
            -111.948601,
            40.705517,
            1294.25
          ],
          [
            -111.948534,
            40.705646,
            1294
          ],
          [
            -111.948466,
            40.705734,
            1294
          ],
          [
            -111.9484,
            40.7058,
            1294
          ],
          [
            -111.948328,
            40.705859,
            1294
          ],
          [
            -111.94524,
            40.708112,
            1295.75
          ],
          [
            -111.945143,
            40.708183,
            1296.25
          ],
          [
            -111.945061,
            40.708244,
            1296.5
          ],
          [
            -111.944916,
            40.70835,
            1297.25
          ],
          [
            -111.944692,
            40.708529,
            1298
          ],
          [
            -111.944478,
            40.708722,
            1298
          ],
          [
            -111.944262,
            40.70895,
            1297.5
          ],
          [
            -111.944089,
            40.709163,
            1297.25
          ],
          [
            -111.943938,
            40.709384,
            1297
          ],
          [
            -111.943792,
            40.709636,
            1296.5
          ],
          [
            -111.943687,
            40.709856,
            1295.75
          ],
          [
            -111.943598,
            40.71009,
            1295.75
          ],
          [
            -111.943518,
            40.710379,
            1296
          ],
          [
            -111.943474,
            40.710612,
            1296
          ],
          [
            -111.943443,
            40.710829,
            1296
          ],
          [
            -111.943424,
            40.710902,
            1296.25
          ],
          [
            -111.943391,
            40.710963,
            1296.25
          ],
          [
            -111.943361,
            40.711002,
            1296.5
          ],
          [
            -111.943314,
            40.711039,
            1296.75
          ],
          [
            -111.94327,
            40.711063,
            1296.75
          ],
          [
            -111.943259,
            40.711069,
            1296.75
          ],
          [
            -111.943185,
            40.711094,
            1297
          ],
          [
            -111.943102,
            40.711107,
            1297
          ],
          [
            -111.942677,
            40.71111,
            1297.5
          ],
          [
            -111.941819,
            40.711109,
            1297
          ],
          [
            -111.941504,
            40.711102,
            1297.25
          ],
          [
            -111.941065,
            40.711083,
            1298
          ],
          [
            -111.940503,
            40.711078,
            1297.25
          ],
          [
            -111.939297,
            40.711081,
            1296
          ],
          [
            -111.939136,
            40.711081,
            1296
          ],
          [
            -111.938958,
            40.711081,
            1296.25
          ],
          [
            -111.938754,
            40.711083,
            1296.25
          ],
          [
            -111.938515,
            40.711092,
            1296.75
          ],
          [
            -111.938304,
            40.711106,
            1297
          ],
          [
            -111.937265,
            40.711214,
            1297.25
          ],
          [
            -111.937005,
            40.711233,
            1296.75
          ],
          [
            -111.936355,
            40.711232,
            1296.25
          ],
          [
            -111.936262,
            40.711232,
            1296.25
          ],
          [
            -111.93616,
            40.711232,
            1296
          ],
          [
            -111.935452,
            40.711233,
            1296
          ],
          [
            -111.935188,
            40.711242,
            1296
          ],
          [
            -111.934973,
            40.711256,
            1296
          ],
          [
            -111.934756,
            40.71128,
            1296
          ],
          [
            -111.934533,
            40.711322,
            1296
          ],
          [
            -111.933611,
            40.711563,
            1297
          ],
          [
            -111.933239,
            40.711656,
            1296.75
          ],
          [
            -111.933062,
            40.71169,
            1296.5
          ],
          [
            -111.932519,
            40.711777,
            1295.75
          ],
          [
            -111.929526,
            40.712219,
            1293.5
          ],
          [
            -111.926329,
            40.712706,
            1293
          ],
          [
            -111.92613,
            40.712752,
            1293.25
          ],
          [
            -111.926087,
            40.712765,
            1293.25
          ],
          [
            -111.925975,
            40.712798,
            1293.25
          ],
          [
            -111.925819,
            40.712854,
            1293.25
          ],
          [
            -111.925637,
            40.712938,
            1293.5
          ],
          [
            -111.92547,
            40.713029,
            1293.5
          ],
          [
            -111.925293,
            40.713153,
            1293.75
          ],
          [
            -111.925186,
            40.713245,
            1293.75
          ],
          [
            -111.925052,
            40.713381,
            1293.75
          ],
          [
            -111.924939,
            40.713531,
            1293.5
          ],
          [
            -111.924805,
            40.713759,
            1293
          ],
          [
            -111.924714,
            40.714009,
            1292.75
          ],
          [
            -111.924677,
            40.714219,
            1292.5
          ],
          [
            -111.924601,
            40.714955,
            1293.25
          ],
          [
            -111.924545,
            40.715188,
            1293.75
          ],
          [
            -111.924483,
            40.715371,
            1294
          ],
          [
            -111.924355,
            40.715642,
            1294.5
          ],
          [
            -111.924046,
            40.71618,
            1294.25
          ],
          [
            -111.92394,
            40.716407,
            1294
          ],
          [
            -111.923872,
            40.716607,
            1293.5
          ],
          [
            -111.923829,
            40.716829,
            1293.5
          ],
          [
            -111.923816,
            40.716975,
            1293.5
          ],
          [
            -111.92381,
            40.717335,
            1293.5
          ],
          [
            -111.923813,
            40.717633,
            1293.75
          ],
          [
            -111.923813,
            40.717718,
            1294
          ],
          [
            -111.92381,
            40.7186,
            1295.75
          ],
          [
            -111.923799,
            40.71914,
            1296.5
          ],
          [
            -111.923787,
            40.719716,
            1295.75
          ],
          [
            -111.923788,
            40.720635,
            1294.5
          ],
          [
            -111.923787,
            40.72074,
            1294.25
          ],
          [
            -111.923788,
            40.720827,
            1294.25
          ],
          [
            -111.923789,
            40.720962,
            1294
          ],
          [
            -111.923783,
            40.721145,
            1294
          ],
          [
            -111.923775,
            40.721703,
            1293.5
          ],
          [
            -111.92375,
            40.721937,
            1293.25
          ],
          [
            -111.923698,
            40.722126,
            1293
          ],
          [
            -111.923649,
            40.72226,
            1293
          ],
          [
            -111.923537,
            40.722481,
            1293
          ],
          [
            -111.92346,
            40.722603,
            1293
          ],
          [
            -111.923371,
            40.722718,
            1293.25
          ],
          [
            -111.923145,
            40.722983,
            1293.25
          ],
          [
            -111.923006,
            40.723107,
            1293.25
          ],
          [
            -111.922855,
            40.723222,
            1293.25
          ],
          [
            -111.922692,
            40.723328,
            1293.25
          ],
          [
            -111.922517,
            40.723423,
            1293.25
          ],
          [
            -111.922332,
            40.723509,
            1293.25
          ],
          [
            -111.922122,
            40.72359,
            1293.5
          ],
          [
            -111.921942,
            40.723648,
            1293.5
          ],
          [
            -111.921763,
            40.723696,
            1293.75
          ],
          [
            -111.921557,
            40.723737,
            1294
          ],
          [
            -111.921375,
            40.723764,
            1294.5
          ],
          [
            -111.921161,
            40.723785,
            1295
          ],
          [
            -111.920818,
            40.723792,
            1295.5
          ],
          [
            -111.920552,
            40.723779,
            1295.75
          ],
          [
            -111.920304,
            40.723756,
            1295.75
          ],
          [
            -111.920179,
            40.723741,
            1295.75
          ],
          [
            -111.919957,
            40.723697,
            1295.75
          ],
          [
            -111.919736,
            40.723691,
            1296.25
          ],
          [
            -111.919612,
            40.723678,
            1296.5
          ],
          [
            -111.919119,
            40.723623,
            1297.5
          ],
          [
            -111.918119,
            40.723512,
            1296.5
          ],
          [
            -111.917737,
            40.723477,
            1296
          ],
          [
            -111.917182,
            40.723448,
            1295.25
          ],
          [
            -111.916291,
            40.723427,
            1294.25
          ],
          [
            -111.91601,
            40.723413,
            1294.25
          ],
          [
            -111.913282,
            40.723226,
            1294.5
          ],
          [
            -111.912954,
            40.723219,
            1294.25
          ],
          [
            -111.91269,
            40.723226,
            1293.75
          ],
          [
            -111.912393,
            40.723246,
            1293.5
          ],
          [
            -111.911985,
            40.723298,
            1293.25
          ],
          [
            -111.911669,
            40.723355,
            1293
          ],
          [
            -111.911366,
            40.723428,
            1293.25
          ],
          [
            -111.910642,
            40.723617,
            1293.25
          ],
          [
            -111.910316,
            40.72369,
            1293.25
          ],
          [
            -111.910122,
            40.723722,
            1293.25
          ],
          [
            -111.909926,
            40.723745,
            1293.25
          ],
          [
            -111.909729,
            40.72376,
            1293.5
          ],
          [
            -111.909531,
            40.723765,
            1293.5
          ],
          [
            -111.909333,
            40.72376,
            1293.5
          ],
          [
            -111.909135,
            40.723747,
            1293.5
          ],
          [
            -111.908939,
            40.723725,
            1293.75
          ],
          [
            -111.908745,
            40.723693,
            1293.75
          ],
          [
            -111.908554,
            40.723653,
            1293.75
          ],
          [
            -111.908367,
            40.723604,
            1293.75
          ],
          [
            -111.908184,
            40.723546,
            1294
          ],
          [
            -111.908006,
            40.72348,
            1294
          ],
          [
            -111.907833,
            40.723406,
            1294
          ],
          [
            -111.907667,
            40.723324,
            1294
          ],
          [
            -111.907508,
            40.723235,
            1294.25
          ],
          [
            -111.907319,
            40.723121,
            1294.25
          ],
          [
            -111.906922,
            40.722859,
            1294.75
          ],
          [
            -111.906715,
            40.722718,
            1295
          ],
          [
            -111.906595,
            40.722645,
            1295
          ],
          [
            -111.906378,
            40.722542,
            1295.5
          ],
          [
            -111.906205,
            40.722477,
            1295.5
          ],
          [
            -111.906041,
            40.722425,
            1296.25
          ],
          [
            -111.905845,
            40.722381,
            1297
          ],
          [
            -111.905649,
            40.722351,
            1298.25
          ],
          [
            -111.905421,
            40.722336,
            1299.75
          ],
          [
            -111.905193,
            40.722332,
            1301
          ],
          [
            -111.900019,
            40.722328,
            1295
          ],
          [
            -111.899793,
            40.722326,
            1295
          ],
          [
            -111.899646,
            40.72233,
            1295
          ],
          [
            -111.899551,
            40.722331,
            1295
          ],
          [
            -111.899229,
            40.722333,
            1295
          ],
          [
            -111.89852,
            40.722332,
            1295.5
          ],
          [
            -111.897553,
            40.722332,
            1295.5
          ],
          [
            -111.897248,
            40.72233,
            1295.5
          ],
          [
            -111.897152,
            40.722342,
            1295.25
          ],
          [
            -111.897071,
            40.722366,
            1295.25
          ],
          [
            -111.896996,
            40.722406,
            1295.25
          ],
          [
            -111.89694,
            40.722453,
            1295.25
          ],
          [
            -111.896907,
            40.722495,
            1295.25
          ],
          [
            -111.89688,
            40.722551,
            1295.25
          ],
          [
            -111.896849,
            40.722681,
            1295.25
          ],
          [
            -111.89684,
            40.722763,
            1295.25
          ],
          [
            -111.896839,
            40.722827,
            1295.25
          ],
          [
            -111.896838,
            40.723906,
            1295.75
          ],
          [
            -111.896839,
            40.724355,
            1295.75
          ],
          [
            -111.896839,
            40.724794,
            1295.75
          ],
          [
            -111.896834,
            40.725071,
            1295.75
          ],
          [
            -111.896836,
            40.725332,
            1295.5
          ],
          [
            -111.896838,
            40.72539,
            1295.5
          ],
          [
            -111.896838,
            40.725485,
            1295.5
          ],
          [
            -111.896839,
            40.725544,
            1295.5
          ],
          [
            -111.896868,
            40.72826,
            1295.5
          ],
          [
            -111.896864,
            40.733429,
            1294.75
          ],
          [
            -111.896865,
            40.733501,
            1294.75
          ],
          [
            -111.896863,
            40.733603,
            1295
          ],
          [
            -111.896839,
            40.734856,
            1294.25
          ],
          [
            -111.896831,
            40.735753,
            1294
          ],
          [
            -111.896776,
            40.738473,
            1296.25
          ],
          [
            -111.896777,
            40.73922,
            1296.25
          ],
          [
            -111.896781,
            40.739609,
            1294.75
          ],
          [
            -111.896765,
            40.7415,
            1295.5
          ],
          [
            -111.896764,
            40.741546,
            1295.5
          ],
          [
            -111.896761,
            40.741639,
            1295.5
          ],
          [
            -111.896759,
            40.741685,
            1295.5
          ],
          [
            -111.89676,
            40.742582,
            1293.75
          ],
          [
            -111.896763,
            40.742775,
            1294
          ],
          [
            -111.896771,
            40.742956,
            1294.25
          ],
          [
            -111.896805,
            40.743365,
            1294.5
          ],
          [
            -111.89681,
            40.743526,
            1294.5
          ],
          [
            -111.89681,
            40.744607,
            1294.25
          ],
          [
            -111.89681,
            40.744672,
            1294.25
          ],
          [
            -111.89681,
            40.745609,
            1295.25
          ],
          [
            -111.89681,
            40.746851,
            1295
          ],
          [
            -111.896791,
            40.747228,
            1294.5
          ],
          [
            -111.896791,
            40.74788,
            1294
          ],
          [
            -111.89679,
            40.749248,
            1293
          ],
          [
            -111.896769,
            40.749595,
            1292.5
          ],
          [
            -111.896766,
            40.749622,
            1292.5
          ],
          [
            -111.896763,
            40.74969,
            1292.25
          ],
          [
            -111.896757,
            40.749846,
            1292
          ],
          [
            -111.896757,
            40.74992,
            1292
          ],
          [
            -111.896756,
            40.750815,
            1293
          ],
          [
            -111.896754,
            40.750939,
            1293
          ],
          [
            -111.896774,
            40.751426,
            1293
          ],
          [
            -111.896777,
            40.751806,
            1293
          ],
          [
            -111.896778,
            40.751943,
            1293.25
          ],
          [
            -111.896779,
            40.752104,
            1293.25
          ],
          [
            -111.896792,
            40.753814,
            1294.5
          ],
          [
            -111.896773,
            40.753909,
            1294.75
          ],
          [
            -111.896728,
            40.753984,
            1294.75
          ],
          [
            -111.896706,
            40.754007,
            1294.75
          ],
          [
            -111.896645,
            40.754053,
            1294.75
          ],
          [
            -111.896619,
            40.754065,
            1294.75
          ],
          [
            -111.89655,
            40.75409,
            1294.75
          ],
          [
            -111.896489,
            40.754102,
            1294.5
          ],
          [
            -111.896343,
            40.75411,
            1294.5
          ],
          [
            -111.894145,
            40.754112,
            1295
          ],
          [
            -111.893958,
            40.754112,
            1295
          ],
          [
            -111.893756,
            40.754112,
            1295.25
          ],
          [
            -111.892984,
            40.754112,
            1295.5
          ],
          [
            -111.892901,
            40.754112,
            1295.25
          ],
          [
            -111.892024,
            40.754108,
            1295.5
          ],
          [
            -111.891493,
            40.754107,
            1295.5
          ],
          [
            -111.891373,
            40.754114,
            1295.75
          ],
          [
            -111.891286,
            40.754134,
            1296.25
          ],
          [
            -111.891236,
            40.754152,
            1296.5
          ],
          [
            -111.891162,
            40.754194,
            1296.75
          ],
          [
            -111.891104,
            40.754244,
            1297
          ],
          [
            -111.891071,
            40.754289,
            1297
          ],
          [
            -111.891037,
            40.754372,
            1297.25
          ],
          [
            -111.891032,
            40.754424,
            1297.25
          ],
          [
            -111.891032,
            40.755005,
            1297.5
          ],
          [
            -111.891034,
            40.756073,
            1300.25
          ],
          [
            -111.891033,
            40.75615,
            1301
          ],
          [
            -111.891035,
            40.756299,
            1302.25
          ],
          [
            -111.891045,
            40.756465,
            1303.5
          ],
          [
            -111.891053,
            40.756672,
            1305
          ],
          [
            -111.891056,
            40.757256,
            1308.75
          ],
          [
            -111.891056,
            40.75735,
            1309.25
          ],
          [
            -111.891057,
            40.757503,
            1310
          ],
          [
            -111.89106,
            40.758326,
            1299.5
          ],
          [
            -111.891052,
            40.758483,
            1299.5
          ],
          [
            -111.891046,
            40.758632,
            1299.5
          ],
          [
            -111.891057,
            40.75952,
            1304.25
          ],
          [
            -111.891052,
            40.759661,
            1306.5
          ],
          [
            -111.891082,
            40.760238,
            1310.25
          ],
          [
            -111.891082,
            40.760462,
            1310
          ],
          [
            -111.891083,
            40.760481,
            1309.75
          ],
          [
            -111.891082,
            40.760561,
            1309.75
          ],
          [
            -111.891082,
            40.760731,
            1309.25
          ],
          [
            -111.891082,
            40.760821,
            1309
          ],
          [
            -111.891082,
            40.760826,
            1309
          ],
          [
            -111.891084,
            40.761079,
            1312.75
          ],
          [
            -111.891085,
            40.761826,
            1322.25
          ],
          [
            -111.891082,
            40.762499,
            1325.25
          ],
          [
            -111.891071,
            40.762689,
            1326
          ],
          [
            -111.891067,
            40.762758,
            1326.25
          ],
          [
            -111.891064,
            40.762809,
            1326.25
          ],
          [
            -111.891062,
            40.76288,
            1326.5
          ],
          [
            -111.891059,
            40.762968,
            1327
          ],
          [
            -111.891061,
            40.763856,
            1328.5
          ],
          [
            -111.89106,
            40.763994,
            1328.5
          ],
          [
            -111.891084,
            40.764531,
            1329.5
          ],
          [
            -111.891084,
            40.76485,
            1330.5
          ],
          [
            -111.891087,
            40.765012,
            1331
          ],
          [
            -111.891086,
            40.765144,
            1331.5
          ],
          [
            -111.891089,
            40.765911,
            1332.75
          ],
          [
            -111.891088,
            40.766019,
            1332.5
          ],
          [
            -111.89109,
            40.766096,
            1332.25
          ],
          [
            -111.891088,
            40.766804,
            1331
          ],
          [
            -111.891078,
            40.767011,
            1330.75
          ],
          [
            -111.891073,
            40.767118,
            1330.75
          ],
          [
            -111.891066,
            40.767228,
            1330.75
          ],
          [
            -111.891064,
            40.767339,
            1330.5
          ],
          [
            -111.891066,
            40.768209,
            1344.25
          ],
          [
            -111.891066,
            40.76836,
            1346.5
          ],
          [
            -111.891066,
            40.769047,
            1342
          ],
          [
            -111.891076,
            40.769113,
            1341.5
          ],
          [
            -111.8911,
            40.769177,
            1341
          ],
          [
            -111.891149,
            40.769241,
            1340.25
          ],
          [
            -111.89119,
            40.769277,
            1339.75
          ],
          [
            -111.891202,
            40.769286,
            1339.5
          ],
          [
            -111.891258,
            40.769318,
            1339
          ],
          [
            -111.891319,
            40.769342,
            1338.5
          ],
          [
            -111.89139,
            40.769361,
            1337.75
          ],
          [
            -111.89152,
            40.769369,
            1336.75
          ],
          [
            -111.892533,
            40.769367,
            1336.25
          ],
          [
            -111.893471,
            40.769368,
            1328.25
          ],
          [
            -111.893764,
            40.769376,
            1324.75
          ],
          [
            -111.893976,
            40.769384,
            1322.25
          ],
          [
            -111.894157,
            40.769385,
            1320.25
          ],
          [
            -111.895312,
            40.769386,
            1317.75
          ],
          [
            -111.895501,
            40.769385,
            1317.25
          ],
          [
            -111.896146,
            40.769368,
            1315.25
          ],
          [
            -111.896599,
            40.76937,
            1314.25
          ],
          [
            -111.896814,
            40.769369,
            1314
          ],
          [
            -111.897024,
            40.769368,
            1313.5
          ],
          [
            -111.897307,
            40.769368,
            1313.25
          ],
          [
            -111.898076,
            40.769367,
            1312.25
          ],
          [
            -111.898831,
            40.769367,
            1312.25
          ],
          [
            -111.899254,
            40.769374,
            1311
          ],
          [
            -111.899473,
            40.769388,
            1311.5
          ],
          [
            -111.899597,
            40.769393,
            1311.5
          ],
          [
            -111.899777,
            40.769403,
            1312
          ],
          [
            -111.899895,
            40.769403,
            1312.25
          ],
          [
            -111.901119,
            40.769403,
            1312.25
          ],
          [
            -111.901308,
            40.769404,
            1311
          ],
          [
            -111.902035,
            40.76938,
            1308
          ],
          [
            -111.902221,
            40.76939,
            1307.5
          ],
          [
            -111.902282,
            40.769404,
            1307.25
          ],
          [
            -111.902351,
            40.769433,
            1307
          ],
          [
            -111.902415,
            40.769477,
            1306.5
          ],
          [
            -111.90245,
            40.76951,
            1306.25
          ],
          [
            -111.902493,
            40.769593,
            1305.75
          ],
          [
            -111.902511,
            40.769786,
            1304.75
          ],
          [
            -111.902499,
            40.770283,
            1304
          ],
          [
            -111.902498,
            40.770379,
            1304
          ],
          [
            -111.902499,
            40.770478,
            1304
          ],
          [
            -111.902503,
            40.771329,
            1306.25
          ],
          [
            -111.902509,
            40.771375,
            1306.5
          ],
          [
            -111.902524,
            40.771419,
            1306.75
          ],
          [
            -111.902543,
            40.771449,
            1306.75
          ],
          [
            -111.902559,
            40.771477,
            1307
          ],
          [
            -111.902623,
            40.771546,
            1307.25
          ],
          [
            -111.90272,
            40.771597,
            1307.75
          ],
          [
            -111.902812,
            40.771624,
            1308
          ],
          [
            -111.902943,
            40.771636,
            1308.25
          ],
          [
            -111.904071,
            40.771643,
            1301.75
          ],
          [
            -111.904429,
            40.771642,
            1300.5
          ],
          [
            -111.905279,
            40.771641,
            1298.25
          ],
          [
            -111.905348,
            40.771642,
            1298
          ],
          [
            -111.906333,
            40.77164,
            1295.25
          ],
          [
            -111.907737,
            40.771674,
            1295.25
          ],
          [
            -111.907967,
            40.771667,
            1294.75
          ],
          [
            -111.908248,
            40.771644,
            1294
          ],
          [
            -111.908422,
            40.771628,
            1294
          ],
          [
            -111.908816,
            40.771586,
            1294.25
          ],
          [
            -111.909078,
            40.771561,
            1294.5
          ],
          [
            -111.909318,
            40.771555,
            1294.5
          ],
          [
            -111.911077,
            40.771546,
            1294
          ],
          [
            -111.911777,
            40.771545,
            1293
          ],
          [
            -111.912826,
            40.771542,
            1292.25
          ],
          [
            -111.913785,
            40.771565,
            1291.75
          ],
          [
            -111.913859,
            40.771566,
            1291.5
          ],
          [
            -111.914084,
            40.771568,
            1291
          ],
          [
            -111.914192,
            40.771568,
            1291
          ],
          [
            -111.914367,
            40.771568,
            1291.25
          ],
          [
            -111.915416,
            40.771571,
            1291.25
          ],
          [
            -111.91553,
            40.77157,
            1291.5
          ],
          [
            -111.916647,
            40.771572,
            1292.75
          ],
          [
            -111.916844,
            40.771573,
            1292.5
          ],
          [
            -111.91707,
            40.771575,
            1292.25
          ],
          [
            -111.918276,
            40.771572,
            1291.75
          ],
          [
            -111.918815,
            40.771544,
            1292.5
          ],
          [
            -111.91951,
            40.771537,
            1293
          ],
          [
            -111.919694,
            40.771542,
            1293
          ],
          [
            -111.9199,
            40.771542,
            1293
          ],
          [
            -111.921475,
            40.771541,
            1293.5
          ],
          [
            -111.923591,
            40.771531,
            1293.25
          ],
          [
            -111.924847,
            40.771532,
            1291.5
          ],
          [
            -111.92491,
            40.771532,
            1291.25
          ],
          [
            -111.925129,
            40.771532,
            1290.75
          ],
          [
            -111.925306,
            40.771532,
            1290.25
          ],
          [
            -111.925876,
            40.771533,
            1289.25
          ],
          [
            -111.926312,
            40.771531,
            1289.25
          ],
          [
            -111.928422,
            40.77155,
            1289.25
          ],
          [
            -111.928568,
            40.77155,
            1289.5
          ],
          [
            -111.928704,
            40.77155,
            1289.5
          ],
          [
            -111.932927,
            40.771559,
            1290.75
          ],
          [
            -111.933065,
            40.771559,
            1290.75
          ],
          [
            -111.93328,
            40.771559,
            1290.75
          ],
          [
            -111.934545,
            40.771555,
            1291.5
          ],
          [
            -111.934607,
            40.771555,
            1291.5
          ],
          [
            -111.935632,
            40.77155,
            1294
          ],
          [
            -111.936507,
            40.771527,
            1295.25
          ],
          [
            -111.938458,
            40.771519,
            1291.25
          ],
          [
            -111.939054,
            40.771538,
            1291.75
          ],
          [
            -111.939195,
            40.771552,
            1291.75
          ],
          [
            -111.939358,
            40.771563,
            1292
          ],
          [
            -111.939475,
            40.771571,
            1292
          ],
          [
            -111.940081,
            40.771595,
            1292.5
          ],
          [
            -111.941413,
            40.771594,
            1291.25
          ],
          [
            -111.942834,
            40.771552,
            1292.25
          ],
          [
            -111.943892,
            40.77155,
            1293.25
          ],
          [
            -111.944329,
            40.771558,
            1293.5
          ],
          [
            -111.944697,
            40.771573,
            1293
          ],
          [
            -111.945464,
            40.771574,
            1292.75
          ],
          [
            -111.946701,
            40.771572,
            1291
          ],
          [
            -111.946796,
            40.771573,
            1291
          ],
          [
            -111.946965,
            40.771573,
            1291
          ],
          [
            -111.947121,
            40.771573,
            1291
          ],
          [
            -111.948608,
            40.771572,
            1292.75
          ],
          [
            -111.948957,
            40.771559,
            1293.5
          ],
          [
            -111.949692,
            40.771486,
            1294
          ],
          [
            -111.950023,
            40.771429,
            1293.75
          ],
          [
            -111.95035,
            40.771358,
            1293
          ],
          [
            -111.95075,
            40.771252,
            1291.75
          ],
          [
            -111.951142,
            40.771128,
            1292
          ],
          [
            -111.953018,
            40.770365,
            1292
          ],
          [
            -111.953183,
            40.770297,
            1291.5
          ],
          [
            -111.953345,
            40.77023,
            1291.25
          ],
          [
            -111.954969,
            40.769557,
            1292.25
          ],
          [
            -111.955607,
            40.769277,
            1290
          ],
          [
            -111.956597,
            40.76882,
            1289
          ],
          [
            -111.956936,
            40.768662,
            1289.5
          ],
          [
            -111.957246,
            40.768517,
            1289.5
          ],
          [
            -111.958052,
            40.768143,
            1289.5
          ],
          [
            -111.958209,
            40.768082,
            1289.25
          ],
          [
            -111.958496,
            40.767978,
            1288.75
          ],
          [
            -111.958745,
            40.7679,
            1288.75
          ],
          [
            -111.95939,
            40.767719,
            1290.25
          ],
          [
            -111.959639,
            40.76764,
            1291.25
          ],
          [
            -111.960003,
            40.767504,
            1292.75
          ],
          [
            -111.960884,
            40.767141,
            1292.25
          ],
          [
            -111.961679,
            40.766838,
            1291.75
          ],
          [
            -111.962526,
            40.766541,
            1292.25
          ],
          [
            -111.963007,
            40.766387,
            1291.75
          ],
          [
            -111.963625,
            40.766199,
            1291.5
          ],
          [
            -111.964936,
            40.765828,
            1292.75
          ],
          [
            -111.965697,
            40.765638,
            1290.75
          ],
          [
            -111.966301,
            40.765513,
            1290.5
          ],
          [
            -111.966943,
            40.765399,
            1291.25
          ],
          [
            -111.967369,
            40.765335,
            1291.75
          ],
          [
            -111.967892,
            40.765268,
            1292.75
          ],
          [
            -111.968391,
            40.765217,
            1293.75
          ],
          [
            -111.968758,
            40.765187,
            1294
          ],
          [
            -111.969256,
            40.765153,
            1294
          ],
          [
            -111.969826,
            40.765131,
            1292.75
          ],
          [
            -111.970349,
            40.765122,
            1291.75
          ],
          [
            -111.970912,
            40.765127,
            1291
          ],
          [
            -111.971507,
            40.765147,
            1291
          ],
          [
            -111.972012,
            40.765177,
            1290.75
          ],
          [
            -111.972718,
            40.765239,
            1290.25
          ],
          [
            -111.973321,
            40.765306,
            1290.5
          ],
          [
            -111.978667,
            40.765962,
            1291.75
          ],
          [
            -111.97957,
            40.766078,
            1290.5
          ],
          [
            -111.979835,
            40.766121,
            1290.25
          ],
          [
            -111.980129,
            40.766176,
            1290.25
          ],
          [
            -111.980407,
            40.766236,
            1291
          ],
          [
            -111.980815,
            40.766345,
            1292.25
          ],
          [
            -111.98107,
            40.766424,
            1292
          ],
          [
            -111.98133,
            40.766513,
            1291.5
          ],
          [
            -111.981481,
            40.766568,
            1291.25
          ],
          [
            -111.981827,
            40.766708,
            1290.75
          ],
          [
            -111.982089,
            40.766829,
            1290.5
          ],
          [
            -111.982328,
            40.766948,
            1290.5
          ],
          [
            -111.982564,
            40.767076,
            1290.75
          ],
          [
            -111.98291,
            40.767284,
            1291
          ],
          [
            -111.983333,
            40.767571,
            1290
          ],
          [
            -111.983592,
            40.767766,
            1291
          ],
          [
            -111.983829,
            40.767959,
            1291.5
          ],
          [
            -111.98404,
            40.768143,
            1291.75
          ],
          [
            -111.984224,
            40.768318,
            1292
          ],
          [
            -111.98435,
            40.768444,
            1291.5
          ],
          [
            -111.984591,
            40.768703,
            1291
          ],
          [
            -111.984755,
            40.7689,
            1290.5
          ],
          [
            -111.984942,
            40.76914,
            1290
          ],
          [
            -111.98517,
            40.769474,
            1289
          ],
          [
            -111.985317,
            40.769735,
            1288.75
          ],
          [
            -111.985423,
            40.769954,
            1289
          ],
          [
            -111.985494,
            40.770125,
            1289.25
          ],
          [
            -111.985583,
            40.770389,
            1289.75
          ],
          [
            -111.985629,
            40.770557,
            1290
          ],
          [
            -111.98569,
            40.770856,
            1290
          ],
          [
            -111.985708,
            40.770984,
            1290
          ],
          [
            -111.985728,
            40.771272,
            1290.5
          ],
          [
            -111.985728,
            40.771456,
            1290.75
          ],
          [
            -111.985716,
            40.771683,
            1291
          ],
          [
            -111.985657,
            40.772144,
            1290
          ],
          [
            -111.985567,
            40.772537,
            1289.25
          ],
          [
            -111.985506,
            40.772725,
            1289.25
          ],
          [
            -111.985417,
            40.77297,
            1289
          ],
          [
            -111.985318,
            40.773184,
            1289
          ],
          [
            -111.985224,
            40.773361,
            1288.75
          ],
          [
            -111.985091,
            40.773578,
            1288.25
          ],
          [
            -111.984951,
            40.77377,
            1287.75
          ],
          [
            -111.984823,
            40.773919,
            1287.5
          ],
          [
            -111.984699,
            40.774049,
            1287.5
          ],
          [
            -111.984584,
            40.774156,
            1287.5
          ],
          [
            -111.984456,
            40.774266,
            1287.5
          ],
          [
            -111.984236,
            40.774438,
            1287.5
          ],
          [
            -111.984127,
            40.774517,
            1287.5
          ],
          [
            -111.983931,
            40.774639,
            1287
          ],
          [
            -111.983601,
            40.774823,
            1286.5
          ],
          [
            -111.982902,
            40.775163,
            1286.75
          ],
          [
            -111.982718,
            40.775247,
            1287
          ],
          [
            -111.981946,
            40.775614,
            1287
          ],
          [
            -111.981601,
            40.775778,
            1287
          ],
          [
            -111.98138,
            40.775896,
            1287.25
          ],
          [
            -111.981177,
            40.776019,
            1287.5
          ],
          [
            -111.981048,
            40.776108,
            1287.5
          ],
          [
            -111.980462,
            40.776541,
            1287.5
          ],
          [
            -111.980331,
            40.776657,
            1287.5
          ],
          [
            -111.980227,
            40.776769,
            1288
          ],
          [
            -111.980125,
            40.7769,
            1288.25
          ],
          [
            -111.980042,
            40.777036,
            1288.75
          ],
          [
            -111.979956,
            40.777205,
            1289.25
          ],
          [
            -111.979902,
            40.777321,
            1289.75
          ],
          [
            -111.979782,
            40.777594,
            1290.75
          ],
          [
            -111.979727,
            40.777776,
            1290.75
          ],
          [
            -111.9797,
            40.777935,
            1290.75
          ],
          [
            -111.979696,
            40.778162,
            1290.75
          ],
          [
            -111.979824,
            40.77924,
            1291.75
          ],
          [
            -111.980126,
            40.781544,
            1291.75
          ],
          [
            -111.980162,
            40.781826,
            1291.25
          ],
          [
            -111.980194,
            40.782091,
            1291.25
          ],
          [
            -111.98021,
            40.7822,
            1291
          ],
          [
            -111.980219,
            40.782265,
            1291
          ],
          [
            -111.980378,
            40.7835,
            1290.5
          ],
          [
            -111.980407,
            40.783626,
            1290.75
          ],
          [
            -111.980475,
            40.783769,
            1291
          ],
          [
            -111.980522,
            40.783835,
            1291.25
          ],
          [
            -111.980577,
            40.783898,
            1291.25
          ],
          [
            -111.98064,
            40.783957,
            1291.5
          ],
          [
            -111.980718,
            40.784018,
            1291.5
          ],
          [
            -111.980804,
            40.784071,
            1291.5
          ],
          [
            -111.980897,
            40.784118,
            1291.75
          ],
          [
            -111.981535,
            40.784382,
            1293.5
          ],
          [
            -111.981643,
            40.784408,
            1293.75
          ],
          [
            -111.981758,
            40.784415,
            1293.5
          ],
          [
            -111.983342,
            40.784314,
            1289.5
          ],
          [
            -111.983526,
            40.784304,
            1289.5
          ]
        ]
      }
    }
  ]
}