{
  "type": "FeatureCollection",
  "features": [
    {
      "type": "Feature",
      "properties": {
        "name": "Route"
      },
      "geometry": {
        "type": "LineString",
        "coordinates": [
          [
            -115.174757,
            36.093064
          ],
          [
            -115.174745,
            36.093077
          ],
          [
            -115.174738,
            36.093084
          ],
          [
            -115.174731,
            36.093091
          ],
          [
            -115.174725,
            36.093097
          ],
          [
            -115.174718,
            36.093104
          ],
          [
            -115.174712,
            36.093111
          ],
          [
            -115.174705,
            36.093118
          ],
          [
            -115.174699,
            36.093124
          ],
          [
            -115.174691,
            36.093132
          ],
          [
            -115.174684,
            36.093139
          ],
          [
            -115.174677,
            36.093147
          ],
          [
            -115.17467,
            36.093154
          ],
          [
            -115.174662,
            36.093161
          ],
          [
            -115.174655,
            36.093169
          ],
          [
            -115.174648,
            36.093176
          ],
          [
            -115.174641,
            36.093184
          ],
          [
            -115.174633,
            36.093191
          ],
          [
            -115.174626,
            36.093199
          ],
          [
            -115.174619,
            36.093206
          ],
          [
            -115.174611,
            36.093214
          ],
          [
            -115.174604,
            36.093221
          ],
          [
            -115.174597,
            36.093229
          ],
          [
            -115.174589,
            36.093236
          ],
          [
            -115.174582,
            36.093244
          ],
          [
            -115.174575,
            36.093251
          ],
          [
            -115.174568,
            36.093259
          ],
          [
            -115.17456,
            36.093266
          ],
          [
            -115.174553,
            36.093274
          ],
          [
            -115.174546,
            36.093282
          ],
          [
            -115.174538,
            36.093289
          ],
          [
            -115.174531,
            36.093297
          ],
          [
            -115.174523,
            36.093305
          ],
          [
            -115.174516,
            36.093312
          ],
          [
            -115.174508,
            36.09332
          ],
          [
            -115.1745,
            36.093327
          ],
          [
            -115.174492,
            36.093335
          ],
          [
            -115.174485,
            36.093342
          ],
          [
            -115.174477,
            36.09335
          ],
          [
            -115.174469,
            36.093357
          ],
          [
            -115.17446,
            36.093365
          ],
          [
            -115.17445,
            36.093375
          ],
          [
            -115.17444,
            36.093385
          ],
          [
            -115.174429,
            36.093394
          ],
          [
            -115.174419,
            36.093404
          ],
          [
            -115.174409,
            36.093413
          ],
          [
            -115.174399,
            36.093423
          ],
          [
            -115.174389,
            36.093432
          ],
          [
            -115.174379,
            36.093442
          ],
          [
            -115.174369,
            36.093451
          ],
          [
            -115.174359,
            36.093461
          ],
          [
            -115.17435,
            36.09347
          ],
          [
            -115.174341,
            36.093479
          ],
          [
            -115.174332,
            36.093487
          ],
          [
            -115.174323,
            36.093496
          ],
          [
            -115.174314,
            36.093505
          ],
          [
            -115.174305,
            36.093514
          ],
          [
            -115.174296,
            36.093523
          ],
          [
            -115.174287,
            36.093532
          ],
          [
            -115.174279,
            36.093541
          ],
          [
            -115.17427,
            36.09355
          ],
          [
            -115.174261,
            36.093559
          ],
          [
            -115.174253,
            36.093568
          ],
          [
            -115.174244,
            36.093577
          ],
          [
            -115.174237,
            36.09358
          ],
          [
            -115.17423,
            36.093585
          ],
          [
            -115.174223,
            36.09359
          ],
          [
            -115.174216,
            36.093595
          ],
          [
            -115.174209,
            36.0936
          ],
          [
            -115.174202,
            36.093604
          ],
          [
            -115.174194,
            36.093609
          ],
          [
            -115.174187,
            36.093613
          ],
          [
            -115.174183,
            36.09362
          ],
          [
            -115.174172,
            36.093623
          ],
          [
            -115.174165,
            36.093627
          ],
          [
            -115.174158,
            36.093632
          ],
          [
            -115.174151,
            36.093637
          ],
          [
            -115.174144,
            36.093642
          ],
          [
            -115.174137,
            36.093647
          ],
          [
            -115.17413,
            36.093653
          ],
          [
            -115.174123,
            36.093658
          ],
          [
            -115.174115,
            36.093667
          ],
          [
            -115.174107,
            36.093676
          ],
          [
            -115.174099,
            36.093685
          ],
          [
            -115.174091,
            36.093693
          ],
          [
            -115.174083,
            36.093702
          ],
          [
            -115.174075,
            36.093711
          ],
          [
            -115.174067,
            36.09372
          ],
          [
            -115.174059,
            36.093728
          ],
          [
            -115.174051,
            36.093737
          ],
          [
            -115.174043,
            36.093746
          ],
          [
            -115.174036,
            36.093755
          ],
          [
            -115.174028,
            36.093764
          ],
          [
            -115.17402,
            36.093773
          ],
          [
            -115.174012,
            36.093781
          ],
          [
            -115.174004,
            36.09379
          ],
          [
            -115.173997,
            36.093799
          ],
          [
            -115.173989,
            36.093808
          ],
          [
            -115.173981,
            36.093817
          ],
          [
            -115.173976,
            36.093824
          ],
          [
            -115.17397,
            36.09383
          ],
          [
            -115.173965,
            36.093837
          ],
          [
            -115.17396,
            36.093843
          ],
          [
            -115.173954,
            36.09385
          ],
          [
            -115.173949,
            36.093857
          ],
          [
            -115.173944,
            36.093863
          ],
          [
            -115.173939,
            36.09387
          ],
          [
            -115.173934,
            36.093877
          ],
          [
            -115.173929,
            36.093884
          ],
          [
            -115.173924,
            36.09389
          ],
          [
            -115.173919,
            36.093897
          ],
          [
            -115.173914,
            36.093904
          ],
          [
            -115.173909,
            36.093911
          ],
          [
            -115.173905,
            36.093918
          ],
          [
            -115.1739,
            36.093925
          ],
          [
            -115.173895,
            36.093932
          ],
          [
            -115.17389,
            36.093939
          ],
          [
            -115.173885,
            36.093945
          ],
          [
            -115.173881,
            36.093952
          ],
          [
            -115.173876,
            36.093959
          ],
          [
            -115.17387,
            36.093968
          ],
          [
            -115.173865,
            36.093976
          ],
          [
            -115.173859,
            36.093985
          ],
          [
            -115.173854,
            36.093993
          ],
          [
            -115.173848,
            36.094002
          ],
          [
            -115.173843,
            36.094011
          ],
          [
            -115.173838,
            36.094019
          ],
          [
            -115.173833,
            36.094028
          ],
          [
            -115.173827,
            36.094037
          ],
          [
            -115.173822,
            36.094045
          ],
          [
            -115.173817,
            36.094054
          ],
          [
            -115.173812,
            36.094063
          ],
          [
            -115.173808,
            36.094072
          ],
          [
            -115.173803,
            36.094081
          ],
          [
            -115.173798,
            36.09409
          ],
          [
            -115.173794,
            36.094099
          ],
          [
            -115.173789,
            36.094107
          ],
          [
            -115.173785,
            36.094116
          ],
          [
            -115.173781,
            36.094125
          ],
          [
            -115.173776,
            36.094134
          ],
          [
            -115.173772,
            36.094144
          ],
          [
            -115.173768,
            36.094153
          ],
          [
            -115.173764,
            36.094162
          ],
          [
            -115.173761,
            36.094171
          ],
          [
            -115.173757,
            36.09418
          ],
          [
            -115.173753,
            36.094189
          ],
          [
            -115.173749,
            36.094198
          ],
          [
            -115.173746,
            36.094208
          ],
          [
            -115.173743,
            36.094217
          ],
          [
            -115.173739,
            36.094226
          ],
          [
            -115.173736,
            36.094235
          ],
          [
            -115.173733,
            36.094245
          ],
          [
            -115.17373,
            36.094254
          ],
          [
            -115.173727,
            36.094263
          ],
          [
            -115.173724,
            36.094273
          ],
          [
            -115.173721,
            36.094282
          ],
          [
            -115.173718,
            36.094291
          ],
          [
            -115.173716,
            36.094301
          ],
          [
            -115.173713,
            36.09431
          ],
          [
            -115.173711,
            36.09432
          ],
          [
            -115.173708,
            36.094329
          ],
          [
            -115.173706,
            36.094339
          ],
          [
            -115.173704,
            36.094347
          ],
          [
            -115.173702,
            36.094356
          ],
          [
            -115.1737,
            36.094365
          ],
          [
            -115.173698,
            36.094373
          ],
          [
            -115.173696,
            36.094382
          ],
          [
            -115.173694,
            36.094391
          ],
          [
            -115.173692,
            36.094399
          ],
          [
            -115.17369,
            36.094408
          ],
          [
            -115.173689,
            36.094417
          ],
          [
            -115.173687,
            36.094425
          ],
          [
            -115.173685,
            36.094434
          ],
          [
            -115.173683,
            36.094443
          ],
          [
            -115.173682,
            36.094452
          ],
          [
            -115.17368,
            36.09446
          ],
          [
            -115.173679,
            36.094469
          ],
          [
            -115.173677,
            36.094478
          ],
          [
            -115.173676,
            36.094487
          ],
          [
            -115.173675,
            36.094495
          ],
          [
            -115.173674,
            36.094504
          ],
          [
            -115.173672,
            36.094513
          ],
          [
            -115.173671,
            36.094522
          ],
          [
            -115.17367,
            36.094529
          ],
          [
            -115.17367,
            36.094536
          ],
          [
            -115.173669,
            36.094544
          ],
          [
            -115.173668,
            36.094551
          ],
          [
            -115.173667,
            36.094559
          ],
          [
            -115.173667,
            36.094566
          ],
          [
            -115.173666,
            36.094574
          ],
          [
            -115.173665,
            36.094581
          ],
          [
            -115.173665,
            36.094588
          ],
          [
            -115.173664,
            36.094596
          ],
          [
            -115.173664,
            36.094603
          ],
          [
            -115.173664,
            36.094611
          ],
          [
            -115.173663,
            36.094618
          ],
          [
            -115.173663,
            36.094625
          ],
          [
            -115.173663,
            36.094633
          ],
          [
            -115.173663,
            36.09464
          ],
          [
            -115.173662,
            36.094648
          ],
          [
            -115.173662,
            36.094655
          ],
          [
            -115.173662,
            36.094663
          ],
          [
            -115.173662,
            36.09467
          ],
          [
            -115.173662,
            36.094678
          ],
          [
            -115.173663,
            36.094688
          ],
          [
            -115.173663,
            36.094698
          ],
          [
            -115.173663,
            36.094707
          ],
          [
            -115.173663,
            36.094718
          ],
          [
            -115.173663,
            36.094727
          ],
          [
            -115.173663,
            36.094738
          ],
          [
            -115.173664,
            36.094747
          ],
          [
            -115.173664,
            36.094758
          ],
          [
            -115.173664,
            36.094768
          ],
          [
            -115.173664,
            36.094777
          ],
          [
            -115.173664,
            36.094787
          ],
          [
            -115.173665,
            36.094797
          ],
          [
            -115.173665,
            36.094807
          ],
          [
            -115.173665,
            36.094817
          ],
          [
            -115.173665,
            36.094827
          ],
          [
            -115.173665,
            36.094837
          ],
          [
            -115.173666,
            36.094847
          ],
          [
            -115.173666,
            36.094857
          ],
          [
            -115.173666,
            36.094867
          ],
          [
            -115.173666,
            36.094877
          ],
          [
            -115.173667,
            36.094887
          ],
          [
            -115.173667,
            36.094902
          ],
          [
            -115.173667,
            36.094917
          ],
          [
            -115.173668,
            36.094931
          ],
          [
            -115.173668,
            36.094946
          ],
          [
            -115.173669,
            36.09496
          ],
          [
            -115.173669,
            36.094975
          ],
          [
            -115.17367,
            36.09499
          ],
          [
            -115.17367,
            36.095004
          ],
          [
            -115.17367,
            36.095019
          ],
          [
            -115.173671,
            36.095033
          ],
          [
            -115.173671,
            36.095048
          ],
          [
            -115.173672,
            36.095063
          ],
          [
            -115.173672,
            36.095077
          ],
          [
            -115.173672,
            36.095092
          ],
          [
            -115.173673,
            36.095107
          ],
          [
            -115.173673,
            36.095121
          ],
          [
            -115.173674,
            36.095136
          ],
          [
            -115.173674,
            36.095151
          ],
          [
            -115.173675,
            36.095165
          ],
          [
            -115.173675,
            36.09518
          ],
          [
            -115.173676,
            36.095194
          ],
          [
            -115.173676,
            36.095206
          ],
          [
            -115.173676,
            36.095217
          ],
          [
            -115.173677,
            36.095228
          ],
          [
            -115.173677,
            36.095239
          ],
          [
            -115.173678,
            36.095251
          ],
          [
            -115.173678,
            36.095262
          ],
          [
            -115.173678,
            36.095273
          ],
          [
            -115.173679,
            36.095285
          ],
          [
            -115.173679,
            36.095296
          ],
          [
            -115.173679,
            36.095307
          ],
          [
            -115.17368,
            36.095319
          ],
          [
            -115.17368,
            36.09533
          ],
          [
            -115.17368,
            36.095341
          ],
          [
            -115.17368,
            36.095352
          ],
          [
            -115.17368,
            36.095364
          ],
          [
            -115.17368,
            36.095375
          ],
          [
            -115.17368,
            36.095386
          ],
          [
            -115.17368,
            36.095398
          ],
          [
            -115.17368,
            36.095409
          ],
          [
            -115.17368,
            36.09542
          ],
          [
            -115.17368,
            36.095432
          ],
          [
            -115.17368,
            36.09544
          ],
          [
            -115.173679,
            36.095449
          ],
          [
            -115.173679,
            36.095458
          ],
          [
            -115.173679,
            36.095466
          ],
          [
            -115.173679,
            36.095475
          ],
          [
            -115.173679,
            36.095483
          ],
          [
            -115.173678,
            36.095492
          ],
          [
            -115.173678,
            36.095501
          ],
          [
            -115.173678,
            36.095509
          ],
          [
            -115.173678,
            36.095518
          ],
          [
            -115.173677,
            36.095527
          ],
          [
            -115.173677,
            36.095535
          ],
          [
            -115.173677,
            36.095544
          ],
          [
            -115.173677,
            36.095553
          ],
          [
            -115.173677,
            36.095561
          ],
          [
            -115.173676,
            36.09557
          ],
          [
            -115.173676,
            36.095579
          ],
          [
            -115.173676,
            36.095587
          ],
          [
            -115.173676,
            36.095596
          ],
          [
            -115.173676,
            36.095605
          ],
          [
            -115.173676,
            36.095613
          ],
          [
            -115.173675,
            36.095623
          ],
          [
            -115.173675,
            36.095633
          ],
          [
            -115.173675,
            36.095644
          ],
          [
            -115.173675,
            36.095654
          ],
          [
            -115.173674,
            36.095664
          ],
          [
            -115.173674,
            36.095674
          ],
          [
            -115.173674,
            36.095685
          ],
          [
            -115.173674,
            36.095695
          ],
          [
            -115.173673,
            36.095705
          ],
          [
            -115.173673,
            36.095715
          ],
          [
            -115.173673,
            36.095725
          ],
          [
            -115.173672,
            36.095736
          ],
          [
            -115.173672,
            36.095746
          ],
          [
            -115.173672,
            36.095756
          ],
          [
            -115.173672,
            36.095766
          ],
          [
            -115.173671,
            36.095776
          ],
          [
            -115.173671,
            36.095787
          ],
          [
            -115.173671,
            36.095797
          ],
          [
            -115.17367,
            36.095807
          ],
          [
            -115.17367,
            36.095817
          ],
          [
            -115.17367,
            36.095827
          ],
          [
            -115.17367,
            36.095835
          ],
          [
            -115.173669,
            36.095842
          ],
          [
            -115.173669,
            36.09585
          ],
          [
            -115.173669,
            36.095857
          ],
          [
            -115.173669,
            36.095865
          ],
          [
            -115.173669,
            36.095872
          ],
          [
            -115.173668,
            36.09588
          ],
          [
            -115.173668,
            36.095887
          ],
          [
            -115.173668,
            36.095894
          ],
          [
            -115.173668,
            36.095902
          ],
          [
            -115.173668,
            36.095909
          ],
          [
            -115.173667,
            36.095917
          ],
          [
            -115.173667,
            36.095924
          ],
          [
            -115.173667,
            36.095932
          ],
          [
            -115.173667,
            36.095939
          ],
          [
            -115.173667,
            36.095947
          ],
          [
            -115.173667,
            36.095954
          ],
          [
            -115.173667,
            36.095962
          ],
          [
            -115.173666,
            36.095969
          ],
          [
            -115.173666,
            36.095977
          ],
          [
            -115.173666,
            36.095991
          ],
          [
            -115.173666,
            36.096004
          ],
          [
            -115.173667,
            36.096018
          ],
          [
            -115.173668,
            36.096031
          ],
          [
            -115.173669,
            36.096045
          ],
          [
            -115.173671,
            36.096058
          ],
          [
            -115.173673,
            36.096072
          ],
          [
            -115.173675,
            36.096085
          ],
          [
            -115.173677,
            36.096098
          ],
          [
            -115.17368,
            36.096112
          ],
          [
            -115.173682,
            36.096125
          ],
          [
            -115.173684,
            36.096133
          ],
          [
            -115.173685,
            36.09614
          ],
          [
            -115.173687,
            36.096148
          ],
          [
            -115.173688,
            36.096155
          ],
          [
            -115.17369,
            36.096163
          ],
          [
            -115.173692,
            36.09617
          ],
          [
            -115.173693,
            36.096178
          ],
          [
            -115.173695,
            36.096185
          ],
          [
            -115.173697,
            36.096193
          ],
          [
            -115.173699,
            36.0962
          ],
          [
            -115.1737,
            36.096208
          ],
          [
            -115.173702,
            36.096215
          ],
          [
            -115.173704,
            36.096223
          ],
          [
            -115.173706,
            36.09623
          ],
          [
            -115.173708,
            36.096238
          ],
          [
            -115.17371,
            36.096245
          ],
          [
            -115.173712,
            36.096252
          ],
          [
            -115.173714,
            36.09626
          ],
          [
            -115.173716,
            36.096267
          ],
          [
            -115.173718,
            36.096275
          ],
          [
            -115.173721,
            36.096282
          ],
          [
            -115.173723,
            36.096292
          ],
          [
            -115.173727,
            36.096303
          ],
          [
            -115.173729,
            36.096313
          ],
          [
            -115.173732,
            36.096323
          ],
          [
            -115.173735,
            36.096333
          ],
          [
            -115.173738,
            36.096343
          ],
          [
            -115.173741,
            36.096353
          ],
          [
            -115.173744,
            36.096364
          ],
          [
            -115.173747,
            36.096374
          ],
          [
            -115.17375,
            36.096384
          ],
          [
            -115.173753,
            36.096394
          ],
          [
            -115.173756,
            36.096404
          ],
          [
            -115.173759,
            36.096415
          ],
          [
            -115.173762,
            36.096425
          ],
          [
            -115.173765,
            36.096435
          ],
          [
            -115.173768,
            36.096445
          ],
          [
            -115.173771,
            36.096455
          ],
          [
            -115.173774,
            36.096465
          ],
          [
            -115.173777,
            36.096476
          ],
          [
            -115.17378,
            36.096486
          ],
          [
            -115.173783,
            36.096496
          ],
          [
            -115.173785,
            36.096505
          ],
          [
            -115.173788,
            36.096513
          ],
          [
            -115.17379,
            36.096522
          ],
          [
            -115.173793,
            36.096531
          ],
          [
            -115.173795,
            36.096539
          ],
          [
            -115.173798,
            36.096548
          ],
          [
            -115.1738,
            36.096557
          ],
          [
            -115.173803,
            36.096565
          ],
          [
            -115.173805,
            36.096574
          ],
          [
            -115.173808,
            36.096583
          ],
          [
            -115.17381,
            36.096592
          ],
          [
            -115.173813,
            36.0966
          ],
          [
            -115.173815,
            36.096609
          ],
          [
            -115.173818,
            36.096618
          ],
          [
            -115.17382,
            36.096626
          ],
          [
            -115.173823,
            36.096635
          ],
          [
            -115.173825,
            36.096644
          ],
          [
            -115.173828,
            36.096653
          ],
          [
            -115.17383,
            36.096661
          ],
          [
            -115.173832,
            36.09667
          ],
          [
            -115.173835,
            36.096679
          ],
          [
            -115.173837,
            36.096686
          ],
          [
            -115.173839,
            36.096694
          ],
          [
            -115.173841,
            36.096701
          ],
          [
            -115.173843,
            36.096708
          ],
          [
            -115.173845,
            36.096716
          ],
          [
            -115.173847,
            36.096723
          ],
          [
            -115.173849,
            36.09673
          ],
          [
            -115.173851,
            36.096738
          ],
          [
            -115.173854,
            36.096745
          ],
          [
            -115.173856,
            36.096752
          ],
          [
            -115.173858,
            36.096759
          ],
          [
            -115.173861,
            36.096767
          ],
          [
            -115.173863,
            36.096774
          ],
          [
            -115.173865,
            36.096781
          ],
          [
            -115.173868,
            36.096789
          ],
          [
            -115.17387,
            36.096796
          ],
          [
            -115.173872,
            36.096803
          ],
          [
            -115.173875,
            36.096811
          ],
          [
            -115.173877,
            36.096818
          ],
          [
            -115.173879,
            36.096825
          ],
          [
            -115.173882,
            36.096832
          ],
          [
            -115.173885,
            36.096843
          ],
          [
            -115.173888,
            36.096852
          ],
          [
            -115.173891,
            36.096863
          ],
          [
            -115.173895,
            36.096873
          ],
          [
            -115.173898,
            36.096882
          ],
          [
            -115.173901,
            36.096893
          ],
          [
            -115.173904,
            36.096902
          ],
          [
            -115.173908,
            36.096913
          ],
          [
            -115.173911,
            36.096922
          ],
          [
            -115.173914,
            36.096933
          ],
          [
            -115.173918,
            36.096942
          ],
          [
            -115.173921,
            36.096953
          ],
          [
            -115.173924,
            36.096962
          ],
          [
            -115.173927,
            36.096972
          ],
          [
            -115.173931,
            36.096983
          ],
          [
            -115.173934,
            36.096992
          ],
          [
            -115.173937,
            36.097002
          ],
          [
            -115.173941,
            36.097012
          ],
          [
            -115.173944,
            36.097022
          ],
          [
            -115.173947,
            36.097032
          ],
          [
            -115.17395,
            36.097042
          ],
          [
            -115.173954,
            36.097054
          ],
          [
            -115.173958,
            36.097066
          ],
          [
            -115.173962,
            36.097078
          ],
          [
            -115.173966,
            36.09709
          ],
          [
            -115.17397,
            36.097102
          ],
          [
            -115.173974,
            36.097114
          ],
          [
            -115.173978,
            36.097126
          ],
          [
            -115.173982,
            36.097138
          ],
          [
            -115.173986,
            36.09715
          ],
          [
            -115.173989,
            36.097161
          ],
          [
            -115.173993,
            36.097173
          ],
          [
            -115.173997,
            36.097185
          ],
          [
            -115.174001,
            36.097197
          ],
          [
            -115.174005,
            36.097209
          ],
          [
            -115.174009,
            36.097221
          ],
          [
            -115.174013,
            36.097233
          ],
          [
            -115.174016,
            36.097245
          ],
          [
            -115.17402,
            36.097257
          ],
          [
            -115.174024,
            36.097269
          ],
          [
            -115.174028,
            36.097281
          ],
          [
            -115.174032,
            36.097293
          ],
          [
            -115.174035,
            36.097305
          ],
          [
            -115.174039,
            36.097316
          ],
          [
            -115.174043,
            36.097328
          ],
          [
            -115.174047,
            36.09734
          ],
          [
            -115.174051,
            36.097352
          ],
          [
            -115.174054,
            36.097364
          ],
          [
            -115.174058,
            36.097376
          ],
          [
            -115.174062,
            36.097388
          ],
          [
            -115.174065,
            36.0974
          ],
          [
            -115.174069,
            36.097412
          ],
          [
            -115.174072,
            36.097424
          ],
          [
            -115.174076,
            36.097436
          ],
          [
            -115.17408,
            36.097448
          ],
          [
            -115.174083,
            36.097459
          ],
          [
            -115.174087,
            36.097471
          ],
          [
            -115.17409,
            36.097483
          ],
          [
            -115.174093,
            36.097495
          ],
          [
            -115.174097,
            36.097507
          ],
          [
            -115.1741,
            36.097519
          ],
          [
            -115.174104,
            36.097531
          ],
          [
            -115.174107,
            36.097543
          ],
          [
            -115.174109,
            36.09755
          ],
          [
            -115.174111,
            36.097558
          ],
          [
            -115.174113,
            36.097565
          ],
          [
            -115.174115,
            36.097572
          ],
          [
            -115.174117,
            36.09758
          ],
          [
            -115.174119,
            36.097587
          ],
          [
            -115.174121,
            36.097594
          ],
          [
            -115.174123,
            36.097601
          ],
          [
            -115.174125,
            36.097609
          ],
          [
            -115.174127,
            36.097616
          ],
          [
            -115.174129,
            36.097623
          ],
          [
            -115.174131,
            36.09763
          ],
          [
            -115.174133,
            36.097638
          ],
          [
            -115.174135,
            36.097645
          ],
          [
            -115.174137,
            36.097652
          ],
          [
            -115.174139,
            36.097659
          ],
          [
            -115.174141,
            36.097667
          ],
          [
            -115.174143,
            36.097674
          ],
          [
            -115.174145,
            36.097681
          ],
          [
            -115.174147,
            36.097688
          ],
          [
            -115.17415,
            36.097702
          ],
          [
            -115.174154,
            36.097716
          ],
          [
            -115.174156,
            36.097729
          ],
          [
            -115.174159,
            36.097743
          ],
          [
            -115.174161,
            36.097756
          ],
          [
            -115.174163,
            36.09777
          ],
          [
            -115.174165,
            36.097783
          ],
          [
            -115.174167,
            36.097797
          ],
          [
            -115.174168,
            36.09781
          ],
          [
            -115.17417,
            36.097824
          ],
          [
            -115.174171,
            36.097837
          ],
          [
            -115.174172,
            36.097845
          ],
          [
            -115.174172,
            36.097854
          ],
          [
            -115.174173,
            36.097862
          ],
          [
            -115.174174,
            36.09787
          ],
          [
            -115.174174,
            36.097878
          ],
          [
            -115.174175,
            36.097887
          ],
          [
            -115.174175,
            36.097895
          ],
          [
            -115.174176,
            36.097903
          ],
          [
            -115.174176,
            36.097911
          ],
          [
            -115.174177,
            36.09792
          ],
          [
            -115.174177,
            36.097928
          ],
          [
            -115.174178,
            36.097936
          ],
          [
            -115.174178,
            36.097944
          ],
          [
            -115.174178,
            36.097952
          ],
          [
            -115.174179,
            36.097961
          ],
          [
            -115.174179,
            36.097969
          ],
          [
            -115.174179,
            36.097977
          ],
          [
            -115.174179,
            36.097985
          ],
          [
            -115.174179,
            36.097994
          ],
          [
            -115.174179,
            36.098002
          ],
          [
            -115.174179,
            36.09801
          ],
          [
            -115.17418,
            36.09802
          ],
          [
            -115.17418,
            36.09803
          ],
          [
            -115.17418,
            36.09804
          ],
          [
            -115.17418,
            36.09805
          ],
          [
            -115.17418,
            36.098059
          ],
          [
            -115.17418,
            36.098069
          ],
          [
            -115.17418,
            36.098079
          ],
          [
            -115.17418,
            36.098089
          ],
          [
            -115.17418,
            36.098099
          ],
          [
            -115.17418,
            36.098109
          ],
          [
            -115.174181,
            36.098119
          ],
          [
            -115.174181,
            36.098129
          ],
          [
            -115.174181,
            36.098138
          ],
          [
            -115.174181,
            36.098148
          ],
          [
            -115.174181,
            36.098158
          ],
          [
            -115.174181,
            36.098168
          ],
          [
            -115.174181,
            36.098178
          ],
          [
            -115.174181,
            36.098188
          ],
          [
            -115.174181,
            36.098198
          ],
          [
            -115.174182,
            36.098207
          ],
          [
            -115.174182,
            36.098217
          ],
          [
            -115.174182,
            36.098226
          ],
          [
            -115.174182,
            36.098234
          ],
          [
            -115.174182,
            36.098242
          ],
          [
            -115.174182,
            36.098251
          ],
          [
            -115.174182,
            36.098259
          ],
          [
            -115.174182,
            36.098267
          ],
          [
            -115.174183,
            36.098276
          ],
          [
            -115.174183,
            36.098284
          ],
          [
            -115.174183,
            36.098293
          ],
          [
            -115.174183,
            36.098301
          ],
          [
            -115.174183,
            36.098309
          ],
          [
            -115.174183,
            36.098318
          ],
          [
            -115.174183,
            36.098326
          ],
          [
            -115.174183,
            36.098334
          ],
          [
            -115.174183,
            36.098343
          ],
          [
            -115.174183,
            36.098351
          ],
          [
            -115.174183,
            36.09836
          ],
          [
            -115.174183,
            36.098368
          ],
          [
            -115.174183,
            36.098376
          ],
          [
            -115.174183,
            36.098385
          ],
          [
            -115.174183,
            36.098398
          ],
          [
            -115.174183,
            36.098407
          ],
          [
            -115.174183,
            36.098417
          ],
          [
            -115.174183,
            36.098426
          ],
          [
            -115.174183,
            36.098436
          ],
          [
            -115.174182,
            36.098445
          ],
          [
            -115.174182,
            36.098455
          ],
          [
            -115.174182,
            36.098464
          ],
          [
            -115.174182,
            36.098474
          ],
          [
            -115.174181,
            36.098483
          ],
          [
            -115.174181,
            36.098493
          ],
          [
            -115.17418,
            36.098505
          ],
          [
            -115.174179,
            36.098516
          ],
          [
            -115.174179,
            36.098528
          ],
          [
            -115.174178,
            36.09854
          ],
          [
            -115.174178,
            36.098552
          ],
          [
            -115.174177,
            36.098564
          ],
          [
            -115.174177,
            36.098576
          ],
          [
            -115.174176,
            36.098587
          ],
          [
            -115.174176,
            36.098599
          ],
          [
            -115.174175,
            36.098611
          ],
          [
            -115.174175,
            36.098623
          ],
          [
            -115.174174,
            36.098636
          ],
          [
            -115.174173,
            36.098648
          ],
          [
            -115.174172,
            36.098661
          ],
          [
            -115.174171,
            36.098673
          ],
          [
            -115.17417,
            36.098685
          ],
          [
            -115.174169,
            36.098698
          ],
          [
            -115.174167,
            36.09871
          ],
          [
            -115.174166,
            36.098722
          ],
          [
            -115.174164,
            36.098735
          ],
          [
            -115.174161,
            36.098747
          ],
          [
            -115.174159,
            36.098758
          ],
          [
            -115.174157,
            36.098769
          ],
          [
            -115.174154,
            36.09878
          ],
          [
            -115.174152,
            36.098791
          ],
          [
            -115.174149,
            36.098802
          ],
          [
            -115.174147,
            36.098813
          ],
          [
            -115.174144,
            36.098824
          ],
          [
            -115.174141,
            36.098835
          ],
          [
            -115.174138,
            36.098846
          ],
          [
            -115.174135,
            36.098857
          ],
          [
            -115.174132,
            36.098869
          ],
          [
            -115.174128,
            36.098882
          ],
          [
            -115.174124,
            36.098896
          ],
          [
            -115.174119,
            36.098909
          ],
          [
            -115.174115,
            36.098922
          ],
          [
            -115.17411,
            36.098935
          ],
          [
            -115.174105,
            36.098948
          ],
          [
            -115.174099,
            36.098962
          ],
          [
            -115.174094,
            36.098975
          ],
          [
            -115.174089,
            36.098988
          ],
          [
            -115.174083,
            36.099001
          ],
          [
            -115.17408,
            36.099008
          ],
          [
            -115.174076,
            36.099015
          ],
          [
            -115.174073,
            36.099022
          ],
          [
            -115.17407,
            36.09903
          ],
          [
            -115.174066,
            36.099037
          ],
          [
            -115.174063,
            36.099044
          ],
          [
            -115.174059,
            36.099051
          ],
          [
            -115.174056,
            36.099058
          ],
          [
            -115.174052,
            36.099066
          ],
          [
            -115.174048,
            36.099073
          ],
          [
            -115.174044,
            36.09908
          ],
          [
            -115.174041,
            36.099087
          ],
          [
            -115.174037,
            36.099094
          ],
          [
            -115.174033,
            36.099101
          ],
          [
            -115.174029,
            36.099108
          ],
          [
            -115.174025,
            36.099115
          ],
          [
            -115.17402,
            36.099122
          ],
          [
            -115.174016,
            36.099129
          ],
          [
            -115.174012,
            36.099136
          ],
          [
            -115.174008,
            36.099142
          ],
          [
            -115.174003,
            36.099149
          ],
          [
            -115.173999,
            36.099156
          ],
          [
            -115.173994,
            36.099164
          ],
          [
            -115.173989,
            36.099171
          ],
          [
            -115.173985,
            36.099178
          ],
          [
            -115.17398,
            36.099185
          ],
          [
            -115.173975,
            36.099193
          ],
          [
            -115.173971,
            36.0992
          ],
          [
            -115.173966,
            36.099207
          ],
          [
            -115.173961,
            36.099214
          ],
          [
            -115.173957,
            36.099221
          ],
          [
            -115.173952,
            36.099229
          ],
          [
            -115.173947,
            36.099236
          ],
          [
            -115.173942,
            36.099243
          ],
          [
            -115.173938,
            36.09925
          ],
          [
            -115.173933,
            36.099257
          ],
          [
            -115.173928,
            36.099264
          ],
          [
            -115.173924,
            36.099272
          ],
          [
            -115.173919,
            36.099279
          ],
          [
            -115.173914,
            36.099286
          ],
          [
            -115.173909,
            36.099293
          ],
          [
            -115.173905,
            36.0993
          ],
          [
            -115.173899,
            36.099309
          ],
          [
            -115.173893,
            36.099317
          ],
          [
            -115.173888,
            36.099326
          ],
          [
            -115.173882,
            36.099334
          ],
          [
            -115.173877,
            36.099342
          ],
          [
            -115.173871,
            36.099351
          ],
          [
            -115.173865,
            36.099359
          ],
          [
            -115.17386,
            36.099368
          ],
          [
            -115.173854,
            36.099376
          ],
          [
            -115.173848,
            36.099384
          ],
          [
            -115.173842,
            36.099393
          ],
          [
            -115.173837,
            36.099401
          ],
          [
            -115.173831,
            36.09941
          ],
          [
            -115.173825,
            36.099418
          ],
          [
            -115.173819,
            36.099426
          ],
          [
            -115.173814,
            36.099435
          ],
          [
            -115.173808,
            36.099443
          ],
          [
            -115.173802,
            36.099451
          ],
          [
            -115.173796,
            36.09946
          ],
          [
            -115.17379,
            36.099468
          ],
          [
            -115.173785,
            36.099476
          ],
          [
            -115.173782,
            36.099489
          ],
          [
            -115.173779,
            36.099498
          ],
          [
            -115.173775,
            36.099508
          ],
          [
            -115.173772,
            36.099518
          ],
          [
            -115.17377,
            36.099528
          ],
          [
            -115.173768,
            36.099539
          ],
          [
            -115.173765,
            36.099549
          ],
          [
            -115.173763,
            36.099559
          ],
          [
            -115.173761,
            36.099569
          ],
          [
            -115.173759,
            36.099579
          ],
          [
            -115.173757,
            36.09959
          ],
          [
            -115.173755,
            36.0996
          ],
          [
            -115.173752,
            36.09961
          ],
          [
            -115.173749,
            36.09962
          ],
          [
            -115.173746,
            36.09963
          ],
          [
            -115.173743,
            36.09964
          ],
          [
            -115.173739,
            36.099651
          ],
          [
            -115.173735,
            36.099659
          ],
          [
            -115.173729,
            36.099669
          ],
          [
            -115.173724,
            36.099679
          ],
          [
            -115.173718,
            36.099688
          ],
          [
            -115.173712,
            36.099698
          ],
          [
            -115.173706,
            36.099708
          ],
          [
            -115.173701,
            36.099718
          ],
          [
            -115.173695,
            36.099728
          ],
          [
            -115.173689,
            36.099738
          ],
          [
            -115.173683,
            36.099748
          ],
          [
            -115.173677,
            36.099758
          ],
          [
            -115.173672,
            36.099767
          ],
          [
            -115.173667,
            36.099775
          ],
          [
            -115.173662,
            36.099784
          ],
          [
            -115.173656,
            36.099793
          ],
          [
            -115.173651,
            36.099801
          ],
          [
            -115.173646,
            36.09981
          ],
          [
            -115.173641,
            36.099819
          ],
          [
            -115.173635,
            36.099827
          ],
          [
            -115.17363,
            36.099836
          ],
          [
            -115.173625,
            36.099844
          ],
          [
            -115.17362,
            36.099853
          ],
          [
            -115.173615,
            36.099861
          ],
          [
            -115.17361,
            36.099868
          ],
          [
            -115.173606,
            36.099876
          ],
          [
            -115.173601,
            36.099883
          ],
          [
            -115.173596,
            36.099891
          ],
          [
            -115.173592,
            36.099898
          ],
          [
            -115.173587,
            36.099906
          ],
          [
            -115.173582,
            36.099913
          ],
          [
            -115.173578,
            36.099921
          ],
          [
            -115.173573,
            36.099928
          ],
          [
            -115.173568,
            36.099936
          ],
          [
            -115.173564,
            36.099943
          ],
          [
            -115.17356,
            36.099949
          ],
          [
            -115.173556,
            36.099956
          ],
          [
            -115.17356,
            36.099949
          ],
          [
            -115.173564,
            36.099943
          ],
          [
            -115.173568,
            36.099936
          ],
          [
            -115.173573,
            36.099928
          ],
          [
            -115.173578,
            36.099921
          ],
          [
            -115.173582,
            36.099913
          ],
          [
            -115.173587,
            36.099906
          ],
          [
            -115.173592,
            36.099898
          ],
          [
            -115.173596,
            36.099891
          ],
          [
            -115.173601,
            36.099883
          ],
          [
            -115.173606,
            36.099876
          ],
          [
            -115.17361,
            36.099868
          ],
          [
            -115.173615,
            36.099861
          ],
          [
            -115.17362,
            36.099853
          ],
          [
            -115.173625,
            36.099844
          ],
          [
            -115.17363,
            36.099836
          ],
          [
            -115.173635,
            36.099827
          ],
          [
            -115.173641,
            36.099819
          ],
          [
            -115.173646,
            36.09981
          ],
          [
            -115.173651,
            36.099801
          ],
          [
            -115.173656,
            36.099793
          ],
          [
            -115.173662,
            36.099784
          ],
          [
            -115.173667,
            36.099775
          ],
          [
            -115.173672,
            36.099767
          ],
          [
            -115.173677,
            36.099758
          ],
          [
            -115.173683,
            36.099748
          ],
          [
            -115.173689,
            36.099738
          ],
          [
            -115.173695,
            36.099728
          ],
          [
            -115.173701,
            36.099718
          ],
          [
            -115.173706,
            36.099708
          ],
          [
            -115.173712,
            36.099698
          ],
          [
            -115.173718,
            36.099688
          ],
          [
            -115.173724,
            36.099679
          ],
          [
            -115.173729,
            36.099669
          ],
          [
            -115.173735,
            36.099659
          ],
          [
            -115.173739,
            36.099651
          ],
          [
            -115.173744,
            36.099643
          ],
          [
            -115.173749,
            36.099635
          ],
          [
            -115.173753,
            36.099627
          ],
          [
            -115.173758,
            36.09962
          ],
          [
            -115.173762,
            36.099612
          ],
          [
            -115.173767,
            36.099604
          ],
          [
            -115.173772,
            36.099596
          ],
          [
            -115.173777,
            36.099589
          ],
          [
            -115.173781,
            36.099581
          ],
          [
            -115.173786,
            36.099573
          ],
          [
            -115.173791,
            36.099566
          ],
          [
            -115.173796,
            36.099558
          ],
          [
            -115.1738,
            36.09955
          ],
          [
            -115.173805,
            36.099542
          ],
          [
            -115.17381,
            36.099535
          ],
          [
            -115.173815,
            36.099527
          ],
          [
            -115.17382,
            36.099519
          ],
          [
            -115.173825,
            36.099512
          ],
          [
            -115.173829,
            36.099504
          ],
          [
            -115.173834,
            36.099496
          ],
          [
            -115.17384,
            36.099488
          ],
          [
            -115.173845,
            36.099479
          ],
          [
            -115.173851,
            36.099471
          ],
          [
            -115.173856,
            36.099462
          ],
          [
            -115.173861,
            36.099454
          ],
          [
            -115.173867,
            36.099445
          ],
          [
            -115.173872,
            36.099437
          ],
          [
            -115.173877,
            36.099428
          ],
          [
            -115.173883,
            36.09942
          ],
          [
            -115.173888,
            36.099411
          ],
          [
            -115.173894,
            36.099403
          ],
          [
            -115.173899,
            36.099394
          ],
          [
            -115.173904,
            36.099386
          ],
          [
            -115.17391,
            36.099377
          ],
          [
            -115.173915,
            36.099369
          ],
          [
            -115.17392,
            36.09936
          ],
          [
            -115.173926,
            36.099352
          ],
          [
            -115.173931,
            36.099343
          ],
          [
            -115.173936,
            36.099335
          ],
          [
            -115.173941,
            36.099326
          ],
          [
            -115.173947,
            36.099317
          ],
          [
            -115.173951,
            36.09931
          ],
          [
            -115.173956,
            36.099303
          ],
          [
            -115.173961,
            36.099296
          ],
          [
            -115.173965,
            36.099288
          ],
          [
            -115.173969,
            36.099281
          ],
          [
            -115.173974,
            36.099274
          ],
          [
            -115.173979,
            36.099266
          ],
          [
            -115.173983,
            36.099259
          ],
          [
            -115.173988,
            36.099252
          ],
          [
            -115.173992,
            36.099244
          ],
          [
            -115.173997,
            36.099237
          ],
          [
            -115.174001,
            36.099229
          ],
          [
            -115.174006,
            36.099222
          ],
          [
            -115.17401,
            36.099215
          ],
          [
            -115.174014,
            36.099207
          ],
          [
            -115.174019,
            36.0992
          ],
          [
            -115.174023,
            36.099193
          ],
          [
            -115.174028,
            36.099185
          ],
          [
            -115.174032,
            36.099178
          ],
          [
            -115.174037,
            36.099171
          ],
          [
            -115.174041,
            36.099163
          ],
          [
            -115.174045,
            36.099156
          ],
          [
            -115.174049,
            36.099149
          ],
          [
            -115.174054,
            36.099142
          ],
          [
            -115.174058,
            36.099135
          ],
          [
            -115.174062,
            36.099128
          ],
          [
            -115.174066,
            36.09912
          ],
          [
            -115.17407,
            36.099113
          ],
          [
            -115.174074,
            36.099106
          ],
          [
            -115.174077,
            36.099099
          ],
          [
            -115.174081,
            36.099092
          ],
          [
            -115.174085,
            36.099084
          ],
          [
            -115.174089,
            36.099077
          ],
          [
            -115.174092,
            36.09907
          ],
          [
            -115.174096,
            36.099063
          ],
          [
            -115.174099,
            36.099055
          ],
          [
            -115.174103,
            36.099048
          ],
          [
            -115.174106,
            36.099041
          ],
          [
            -115.17411,
            36.099033
          ],
          [
            -115.174113,
            36.099026
          ],
          [
            -115.174116,
            36.099018
          ],
          [
            -115.174123,
            36.099004
          ],
          [
            -115.174128,
            36.098991
          ],
          [
            -115.174134,
            36.098978
          ],
          [
            -115.174139,
            36.098965
          ],
          [
            -115.174144,
            36.098951
          ],
          [
            -115.17415,
            36.098937
          ],
          [
            -115.174155,
            36.098924
          ],
          [
            -115.174159,
            36.098911
          ],
          [
            -115.174164,
            36.098897
          ],
          [
            -115.174168,
            36.098883
          ],
          [
            -115.174172,
            36.098869
          ],
          [
            -115.174175,
            36.098858
          ],
          [
            -115.174178,
            36.098847
          ],
          [
            -115.174181,
            36.098836
          ],
          [
            -115.174183,
            36.098825
          ],
          [
            -115.174186,
            36.098813
          ],
          [
            -115.174189,
            36.098802
          ],
          [
            -115.174192,
            36.098791
          ],
          [
            -115.174194,
            36.09878
          ],
          [
            -115.174196,
            36.098768
          ],
          [
            -115.174199,
            36.098757
          ],
          [
            -115.174201,
            36.098745
          ],
          [
            -115.174203,
            36.098733
          ],
          [
            -115.174205,
            36.09872
          ],
          [
            -115.174207,
            36.098707
          ],
          [
            -115.174208,
            36.098695
          ],
          [
            -115.174209,
            36.098682
          ],
          [
            -115.174211,
            36.098669
          ],
          [
            -115.174211,
            36.098657
          ],
          [
            -115.174212,
            36.098644
          ],
          [
            -115.174213,
            36.098631
          ],
          [
            -115.174214,
            36.098619
          ],
          [
            -115.174214,
            36.098607
          ],
          [
            -115.174215,
            36.098595
          ],
          [
            -115.174215,
            36.098583
          ],
          [
            -115.174216,
            36.098571
          ],
          [
            -115.174216,
            36.098559
          ],
          [
            -115.174216,
            36.098547
          ],
          [
            -115.174216,
            36.098535
          ],
          [
            -115.174217,
            36.098523
          ],
          [
            -115.174217,
            36.098511
          ],
          [
            -115.174217,
            36.098499
          ],
          [
            -115.174217,
            36.098488
          ],
          [
            -115.174217,
            36.098479
          ],
          [
            -115.174217,
            36.098469
          ],
          [
            -115.174216,
            36.09846
          ],
          [
            -115.174216,
            36.09845
          ],
          [
            -115.174216,
            36.098441
          ],
          [
            -115.174216,
            36.098431
          ],
          [
            -115.174216,
            36.098422
          ],
          [
            -115.174216,
            36.098412
          ],
          [
            -115.174216,
            36.098403
          ],
          [
            -115.174217,
            36.098393
          ],
          [
            -115.174217,
            36.098385
          ],
          [
            -115.174217,
            36.098376
          ],
          [
            -115.174217,
            36.098368
          ],
          [
            -115.174217,
            36.09836
          ],
          [
            -115.174217,
            36.098351
          ],
          [
            -115.174217,
            36.098343
          ],
          [
            -115.174217,
            36.098334
          ],
          [
            -115.174217,
            36.098326
          ],
          [
            -115.174217,
            36.098318
          ],
          [
            -115.174217,
            36.098309
          ],
          [
            -115.174217,
            36.098301
          ],
          [
            -115.174217,
            36.098293
          ],
          [
            -115.174217,
            36.098284
          ],
          [
            -115.174217,
            36.098276
          ],
          [
            -115.174217,
            36.098268
          ],
          [
            -115.174217,
            36.098259
          ],
          [
            -115.174217,
            36.098251
          ],
          [
            -115.174218,
            36.098242
          ],
          [
            -115.174218,
            36.098234
          ],
          [
            -115.174218,
            36.098226
          ],
          [
            -115.174218,
            36.098217
          ],
          [
            -115.174218,
            36.098208
          ],
          [
            -115.174218,
            36.098198
          ],
          [
            -115.174218,
            36.098188
          ],
          [
            -115.174218,
            36.098178
          ],
          [
            -115.174218,
            36.098168
          ],
          [
            -115.174218,
            36.098158
          ],
          [
            -115.174218,
            36.098148
          ],
          [
            -115.174218,
            36.098138
          ],
          [
            -115.174218,
            36.098128
          ],
          [
            -115.174218,
            36.098118
          ],
          [
            -115.174218,
            36.098109
          ],
          [
            -115.174219,
            36.098099
          ],
          [
            -115.174219,
            36.098089
          ],
          [
            -115.174219,
            36.098079
          ],
          [
            -115.174219,
            36.098069
          ],
          [
            -115.174219,
            36.098059
          ],
          [
            -115.174219,
            36.098049
          ],
          [
            -115.174219,
            36.098039
          ],
          [
            -115.174218,
            36.098029
          ],
          [
            -115.174218,
            36.098019
          ],
          [
            -115.174218,
            36.09801
          ],
          [
            -115.174218,
            36.098001
          ],
          [
            -115.174218,
            36.097993
          ],
          [
            -115.174218,
            36.097985
          ],
          [
            -115.174218,
            36.097976
          ],
          [
            -115.174218,
            36.097968
          ],
          [
            -115.174217,
            36.09796
          ],
          [
            -115.174217,
            36.097951
          ],
          [
            -115.174217,
            36.097943
          ],
          [
            -115.174216,
            36.097935
          ],
          [
            -115.174216,
            36.097926
          ],
          [
            -115.174216,
            36.097918
          ],
          [
            -115.174215,
            36.09791
          ],
          [
            -115.174215,
            36.097901
          ],
          [
            -115.174214,
            36.097893
          ],
          [
            -115.174214,
            36.097885
          ],
          [
            -115.174213,
            36.097876
          ],
          [
            -115.174212,
            36.097868
          ],
          [
            -115.174212,
            36.09786
          ],
          [
            -115.174211,
            36.097851
          ],
          [
            -115.17421,
            36.097843
          ],
          [
            -115.174209,
            36.097828
          ],
          [
            -115.174208,
            36.097814
          ],
          [
            -115.174206,
            36.0978
          ],
          [
            -115.174205,
            36.097786
          ],
          [
            -115.174203,
            36.097773
          ],
          [
            -115.174201,
            36.097759
          ],
          [
            -115.1742,
            36.097745
          ],
          [
            -115.174198,
            36.097731
          ],
          [
            -115.174195,
            36.097718
          ],
          [
            -115.174193,
            36.097704
          ],
          [
            -115.17419,
            36.09769
          ],
          [
            -115.174188,
            36.097683
          ],
          [
            -115.174186,
            36.097676
          ],
          [
            -115.174185,
            36.097668
          ],
          [
            -115.174183,
            36.097661
          ],
          [
            -115.174181,
            36.097653
          ],
          [
            -115.174179,
            36.097646
          ],
          [
            -115.174177,
            36.097639
          ],
          [
            -115.174176,
            36.097631
          ],
          [
            -115.174174,
            36.097624
          ],
          [
            -115.174172,
            36.097616
          ],
          [
            -115.17417,
            36.097609
          ],
          [
            -115.174168,
            36.097602
          ],
          [
            -115.174166,
            36.097594
          ],
          [
            -115.174164,
            36.097587
          ],
          [
            -115.174162,
            36.09758
          ],
          [
            -115.17416,
            36.097572
          ],
          [
            -115.174158,
            36.097565
          ],
          [
            -115.174156,
            36.097558
          ],
          [
            -115.174154,
            36.09755
          ],
          [
            -115.174152,
            36.097543
          ],
          [
            -115.17415,
            36.097535
          ],
          [
            -115.174147,
            36.097523
          ],
          [
            -115.174144,
            36.097511
          ],
          [
            -115.17414,
            36.097499
          ],
          [
            -115.174137,
            36.097487
          ],
          [
            -115.174133,
            36.097475
          ],
          [
            -115.17413,
            36.097463
          ],
          [
            -115.174126,
            36.097451
          ],
          [
            -115.174123,
            36.097439
          ],
          [
            -115.174119,
            36.097427
          ],
          [
            -115.174116,
            36.097415
          ],
          [
            -115.174112,
            36.097403
          ],
          [
            -115.174109,
            36.097392
          ],
          [
            -115.174105,
            36.09738
          ],
          [
            -115.174101,
            36.097368
          ],
          [
            -115.174097,
            36.097356
          ],
          [
            -115.174094,
            36.097344
          ],
          [
            -115.17409,
            36.097332
          ],
          [
            -115.174086,
            36.09732
          ],
          [
            -115.174082,
            36.097308
          ],
          [
            -115.174079,
            36.097296
          ],
          [
            -115.174075,
            36.097284
          ],
          [
            -115.174071,
            36.097272
          ],
          [
            -115.174067,
            36.09726
          ],
          [
            -115.174063,
            36.097248
          ],
          [
            -115.174059,
            36.097236
          ],
          [
            -115.174056,
            36.097224
          ],
          [
            -115.174052,
            36.097212
          ],
          [
            -115.174048,
            36.0972
          ],
          [
            -115.174044,
            36.097188
          ],
          [
            -115.17404,
            36.097177
          ],
          [
            -115.174036,
            36.097164
          ],
          [
            -115.174032,
            36.097153
          ],
          [
            -115.174029,
            36.097141
          ],
          [
            -115.174025,
            36.097129
          ],
          [
            -115.174021,
            36.097117
          ],
          [
            -115.174017,
            36.097105
          ],
          [
            -115.174013,
            36.097093
          ],
          [
            -115.174009,
            36.097081
          ],
          [
            -115.174005,
            36.097069
          ],
          [
            -115.174001,
            36.097057
          ],
          [
            -115.173997,
            36.097045
          ],
          [
            -115.173993,
            36.097033
          ],
          [
            -115.17399,
            36.097023
          ],
          [
            -115.173987,
            36.097013
          ],
          [
            -115.173984,
            36.097003
          ],
          [
            -115.17398,
            36.096993
          ],
          [
            -115.173977,
            36.096983
          ],
          [
            -115.173974,
            36.096973
          ],
          [
            -115.17397,
            36.096963
          ],
          [
            -115.173967,
            36.096953
          ],
          [
            -115.173964,
            36.096943
          ],
          [
            -115.173961,
            36.096933
          ],
          [
            -115.173957,
            36.096923
          ],
          [
            -115.173954,
            36.096913
          ],
          [
            -115.173951,
            36.096903
          ],
          [
            -115.173947,
            36.096893
          ],
          [
            -115.173944,
            36.096883
          ],
          [
            -115.173941,
            36.096873
          ],
          [
            -115.173938,
            36.096863
          ],
          [
            -115.173934,
            36.096853
          ],
          [
            -115.173931,
            36.096843
          ],
          [
            -115.173928,
            36.096833
          ],
          [
            -115.173925,
            36.096823
          ],
          [
            -115.173922,
            36.096816
          ],
          [
            -115.17392,
            36.096809
          ],
          [
            -115.173918,
            36.096801
          ],
          [
            -115.173915,
            36.096794
          ],
          [
            -115.173913,
            36.096787
          ],
          [
            -115.173911,
            36.09678
          ],
          [
            -115.173908,
            36.096772
          ],
          [
            -115.173906,
            36.096765
          ],
          [
            -115.173903,
            36.096758
          ],
          [
            -115.173901,
            36.09675
          ],
          [
            -115.173899,
            36.096743
          ],
          [
            -115.173896,
            36.096736
          ],
          [
            -115.173894,
            36.096729
          ],
          [
            -115.173892,
            36.096721
          ],
          [
            -115.173889,
            36.096714
          ],
          [
            -115.173887,
            36.096707
          ],
          [
            -115.173884,
            36.096699
          ],
          [
            -115.173882,
            36.096692
          ],
          [
            -115.17388,
            36.096685
          ],
          [
            -115.173877,
            36.096678
          ],
          [
            -115.173875,
            36.09667
          ],
          [
            -115.173872,
            36.096662
          ],
          [
            -115.173869,
            36.096653
          ],
          [
            -115.173866,
            36.096644
          ],
          [
            -115.173864,
            36.096636
          ],
          [
            -115.173861,
            36.096627
          ],
          [
            -115.173858,
            36.096619
          ],
          [
            -115.173855,
            36.09661
          ],
          [
            -115.173853,
            36.096601
          ],
          [
            -115.17385,
            36.096593
          ],
          [
            -115.173847,
            36.096584
          ],
          [
            -115.173845,
            36.096575
          ],
          [
            -115.173842,
            36.096567
          ],
          [
            -115.173839,
            36.096558
          ],
          [
            -115.173836,
            36.096549
          ],
          [
            -115.173834,
            36.096541
          ],
          [
            -115.173831,
            36.096532
          ],
          [
            -115.173828,
            36.096523
          ],
          [
            -115.173826,
            36.096515
          ],
          [
            -115.173823,
            36.096506
          ],
          [
            -115.17382,
            36.096497
          ],
          [
            -115.173818,
            36.096489
          ],
          [
            -115.173815,
            36.096479
          ],
          [
            -115.173811,
            36.096469
          ],
          [
            -115.173808,
            36.096458
          ],
          [
            -115.173805,
            36.096448
          ],
          [
            -115.173802,
            36.096438
          ],
          [
            -115.173799,
            36.096428
          ],
          [
            -115.173796,
            36.096418
          ],
          [
            -115.173793,
            36.096408
          ],
          [
            -115.17379,
            36.096398
          ],
          [
            -115.173787,
            36.096388
          ],
          [
            -115.173783,
            36.096378
          ],
          [
            -115.17378,
            36.096367
          ],
          [
            -115.173777,
            36.096357
          ],
          [
            -115.173774,
            36.096347
          ],
          [
            -115.173771,
            36.096337
          ],
          [
            -115.173768,
            36.096327
          ],
          [
            -115.173765,
            36.096317
          ],
          [
            -115.173762,
            36.096307
          ],
          [
            -115.173759,
            36.096297
          ],
          [
            -115.173756,
            36.096286
          ],
          [
            -115.173753,
            36.096276
          ],
          [
            -115.173751,
            36.096269
          ],
          [
            -115.173749,
            36.096262
          ],
          [
            -115.173747,
            36.096254
          ],
          [
            -115.173745,
            36.096247
          ],
          [
            -115.173743,
            36.09624
          ],
          [
            -115.173741,
            36.096232
          ],
          [
            -115.173739,
            36.096225
          ],
          [
            -115.173737,
            36.096218
          ],
          [
            -115.173735,
            36.09621
          ],
          [
            -115.173733,
            36.096203
          ],
          [
            -115.173732,
            36.096196
          ],
          [
            -115.17373,
            36.096188
          ],
          [
            -115.173728,
            36.096181
          ],
          [
            -115.173726,
            36.096173
          ],
          [
            -115.173725,
            36.096166
          ],
          [
            -115.173723,
            36.096159
          ],
          [
            -115.173721,
            36.096151
          ],
          [
            -115.17372,
            36.096144
          ],
          [
            -115.173718,
            36.096136
          ],
          [
            -115.173717,
            36.096129
          ],
          [
            -115.173714,
            36.096115
          ],
          [
            -115.173711,
            36.096102
          ],
          [
            -115.173709,
            36.096089
          ],
          [
            -115.173707,
            36.096076
          ],
          [
            -115.173705,
            36.096063
          ],
          [
            -115.173703,
            36.096049
          ],
          [
            -115.173702,
            36.096036
          ],
          [
            -115.173701,
            36.096023
          ],
          [
            -115.1737,
            36.09601
          ],
          [
            -115.1737,
            36.095996
          ],
          [
            -115.1737,
            36.095983
          ],
          [
            -115.1737,
            36.095976
          ],
          [
            -115.1737,
            36.095968
          ],
          [
            -115.1737,
            36.095961
          ],
          [
            -115.1737,
            36.095954
          ],
          [
            -115.1737,
            36.095946
          ],
          [
            -115.1737,
            36.095939
          ],
          [
            -115.1737,
            36.095931
          ],
          [
            -115.173701,
            36.095924
          ],
          [
            -115.173701,
            36.095917
          ],
          [
            -115.173701,
            36.095909
          ],
          [
            -115.173701,
            36.095902
          ],
          [
            -115.173701,
            36.095894
          ],
          [
            -115.173702,
            36.095887
          ],
          [
            -115.173702,
            36.09588
          ],
          [
            -115.173702,
            36.095872
          ],
          [
            -115.173702,
            36.095865
          ],
          [
            -115.173702,
            36.095858
          ],
          [
            -115.173703,
            36.09585
          ],
          [
            -115.173703,
            36.095843
          ],
          [
            -115.173703,
            36.095835
          ],
          [
            -115.173703,
            36.095828
          ],
          [
            -115.173704,
            36.095818
          ],
          [
            -115.173704,
            36.095807
          ],
          [
            -115.173704,
            36.095797
          ],
          [
            -115.173704,
            36.095787
          ],
          [
            -115.173705,
            36.095777
          ],
          [
            -115.173705,
            36.095767
          ],
          [
            -115.173705,
            36.095756
          ],
          [
            -115.173705,
            36.095746
          ],
          [
            -115.173706,
            36.095736
          ],
          [
            -115.173706,
            36.095726
          ],
          [
            -115.173706,
            36.095716
          ],
          [
            -115.173707,
            36.095705
          ],
          [
            -115.173707,
            36.095695
          ],
          [
            -115.173707,
            36.095685
          ],
          [
            -115.173707,
            36.095675
          ],
          [
            -115.173708,
            36.095664
          ],
          [
            -115.173708,
            36.095654
          ],
          [
            -115.173708,
            36.095644
          ],
          [
            -115.173708,
            36.095634
          ],
          [
            -115.173709,
            36.095624
          ],
          [
            -115.173709,
            36.095613
          ],
          [
            -115.173709,
            36.095605
          ],
          [
            -115.173709,
            36.095596
          ],
          [
            -115.173709,
            36.095587
          ],
          [
            -115.17371,
            36.095579
          ],
          [
            -115.17371,
            36.09557
          ],
          [
            -115.17371,
            36.095561
          ],
          [
            -115.17371,
            36.095553
          ],
          [
            -115.17371,
            36.095544
          ],
          [
            -115.17371,
            36.095535
          ],
          [
            -115.17371,
            36.095527
          ],
          [
            -115.173711,
            36.095518
          ],
          [
            -115.173711,
            36.095509
          ],
          [
            -115.173711,
            36.095501
          ],
          [
            -115.173711,
            36.095492
          ],
          [
            -115.173711,
            36.095483
          ],
          [
            -115.173711,
            36.095475
          ],
          [
            -115.173711,
            36.095466
          ],
          [
            -115.173711,
            36.095457
          ],
          [
            -115.173711,
            36.095449
          ],
          [
            -115.17371,
            36.09544
          ],
          [
            -115.17371,
            36.095431
          ],
          [
            -115.17371,
            36.09542
          ],
          [
            -115.17371,
            36.095409
          ],
          [
            -115.17371,
            36.095397
          ],
          [
            -115.17371,
            36.095386
          ],
          [
            -115.173709,
            36.095375
          ],
          [
            -115.173709,
            36.095364
          ],
          [
            -115.173709,
            36.095352
          ],
          [
            -115.173709,
            36.095341
          ],
          [
            -115.173709,
            36.09533
          ],
          [
            -115.173708,
            36.095318
          ],
          [
            -115.173708,
            36.095307
          ],
          [
            -115.173708,
            36.095296
          ],
          [
            -115.173708,
            36.095284
          ],
          [
            -115.173708,
            36.095273
          ],
          [
            -115.173707,
            36.095262
          ],
          [
            -115.173707,
            36.09525
          ],
          [
            -115.173707,
            36.095239
          ],
          [
            -115.173707,
            36.095228
          ],
          [
            -115.173707,
            36.095217
          ],
          [
            -115.173706,
            36.095205
          ],
          [
            -115.173706,
            36.095194
          ],
          [
            -115.173706,
            36.095179
          ],
          [
            -115.173706,
            36.095165
          ],
          [
            -115.173705,
            36.09515
          ],
          [
            -115.173705,
            36.095135
          ],
          [
            -115.173705,
            36.095121
          ],
          [
            -115.173705,
            36.095106
          ],
          [
            -115.173704,
            36.095092
          ],
          [
            -115.173704,
            36.095077
          ],
          [
            -115.173704,
            36.095062
          ],
          [
            -115.173704,
            36.095048
          ],
          [
            -115.173703,
            36.095033
          ],
          [
            -115.173703,
            36.095019
          ],
          [
            -115.173703,
            36.095004
          ],
          [
            -115.173703,
            36.094989
          ],
          [
            -115.173702,
            36.094975
          ],
          [
            -115.173702,
            36.09496
          ],
          [
            -115.173702,
            36.094945
          ],
          [
            -115.173701,
            36.094931
          ],
          [
            -115.173701,
            36.094916
          ],
          [
            -115.1737,
            36.094901
          ],
          [
            -115.1737,
            36.094887
          ],
          [
            -115.1737,
            36.094877
          ],
          [
            -115.1737,
            36.094867
          ],
          [
            -115.173699,
            36.094857
          ],
          [
            -115.173699,
            36.094847
          ],
          [
            -115.173699,
            36.094837
          ],
          [
            -115.173699,
            36.094827
          ],
          [
            -115.173698,
            36.094817
          ],
          [
            -115.173698,
            36.094807
          ],
          [
            -115.173698,
            36.094797
          ],
          [
            -115.173698,
            36.094787
          ],
          [
            -115.173698,
            36.094777
          ],
          [
            -115.173697,
            36.094768
          ],
          [
            -115.173697,
            36.094758
          ],
          [
            -115.173697,
            36.094748
          ],
          [
            -115.173697,
            36.094738
          ],
          [
            -115.173697,
            36.094728
          ],
          [
            -115.173696,
            36.094718
          ],
          [
            -115.173696,
            36.094708
          ],
          [
            -115.173696,
            36.094698
          ],
          [
            -115.173696,
            36.094688
          ],
          [
            -115.173696,
            36.094678
          ],
          [
            -115.173696,
            36.094671
          ],
          [
            -115.173696,
            36.094663
          ],
          [
            -115.173696,
            36.094656
          ],
          [
            -115.173696,
            36.094649
          ],
          [
            -115.173696,
            36.094641
          ],
          [
            -115.173696,
            36.094634
          ],
          [
            -115.173696,
            36.094627
          ],
          [
            -115.173697,
            36.094619
          ],
          [
            -115.173697,
            36.094612
          ],
          [
            -115.173697,
            36.094605
          ],
          [
            -115.173698,
            36.094597
          ],
          [
            -115.173698,
            36.09459
          ],
          [
            -115.173699,
            36.094583
          ],
          [
            -115.173699,
            36.094575
          ],
          [
            -115.1737,
            36.094568
          ],
          [
            -115.1737,
            36.094561
          ],
          [
            -115.173701,
            36.094553
          ],
          [
            -115.173702,
            36.094546
          ],
          [
            -115.173703,
            36.094539
          ],
          [
            -115.173704,
            36.094532
          ],
          [
            -115.173704,
            36.094524
          ],
          [
            -115.173705,
            36.094516
          ],
          [
            -115.173707,
            36.094507
          ],
          [
            -115.173708,
            36.094498
          ],
          [
            -115.173709,
            36.09449
          ],
          [
            -115.173711,
            36.094481
          ],
          [
            -115.173712,
            36.094473
          ],
          [
            -115.173713,
            36.094464
          ],
          [
            -115.173715,
            36.094455
          ],
          [
            -115.173716,
            36.094447
          ],
          [
            -115.173718,
            36.094438
          ],
          [
            -115.17372,
            36.09443
          ],
          [
            -115.173721,
            36.094421
          ],
          [
            -115.173723,
            36.094412
          ],
          [
            -115.173725,
            36.094404
          ],
          [
            -115.173727,
            36.094395
          ],
          [
            -115.173729,
            36.094387
          ],
          [
            -115.173731,
            36.094378
          ],
          [
            -115.173733,
            36.09437
          ],
          [
            -115.173734,
            36.094361
          ],
          [
            -115.173737,
            36.094353
          ],
          [
            -115.173739,
            36.094344
          ],
          [
            -115.173741,
            36.094335
          ],
          [
            -115.173743,
            36.094326
          ],
          [
            -115.173746,
            36.094316
          ],
          [
            -115.173748,
            36.094307
          ],
          [
            -115.173751,
            36.094298
          ],
          [
            -115.173753,
            36.094289
          ],
          [
            -115.173756,
            36.094279
          ],
          [
            -115.173759,
            36.09427
          ],
          [
            -115.173762,
            36.094261
          ],
          [
            -115.173765,
            36.094252
          ],
          [
            -115.173768,
            36.094243
          ],
          [
            -115.173771,
            36.094234
          ],
          [
            -115.173774,
            36.094225
          ],
          [
            -115.173778,
            36.094216
          ],
          [
            -115.173781,
            36.094206
          ],
          [
            -115.173785,
            36.094197
          ],
          [
            -115.173788,
            36.094189
          ],
          [
            -115.173792,
            36.09418
          ],
          [
            -115.173796,
            36.09417
          ],
          [
            -115.1738,
            36.094162
          ],
          [
            -115.173804,
            36.094153
          ],
          [
            -115.173808,
            36.094144
          ],
          [
            -115.173812,
            36.094135
          ],
          [
            -115.173816,
            36.094126
          ],
          [
            -115.17382,
            36.094117
          ],
          [
            -115.173825,
            36.094108
          ],
          [
            -115.173829,
            36.0941
          ],
          [
            -115.173834,
            36.094091
          ],
          [
            -115.173838,
            36.094082
          ],
          [
            -115.173843,
            36.094074
          ],
          [
            -115.173848,
            36.094065
          ],
          [
            -115.173853,
            36.094056
          ],
          [
            -115.173858,
            36.094048
          ],
          [
            -115.173863,
            36.094039
          ],
          [
            -115.173868,
            36.094031
          ],
          [
            -115.173873,
            36.094022
          ],
          [
            -115.173878,
            36.094014
          ],
          [
            -115.173884,
            36.094005
          ],
          [
            -115.173889,
            36.093997
          ],
          [
            -115.173894,
            36.093989
          ],
          [
            -115.1739,
            36.09398
          ],
          [
            -115.173906,
            36.093972
          ],
          [
            -115.17391,
            36.093965
          ],
          [
            -115.173915,
            36.093958
          ],
          [
            -115.173919,
            36.093951
          ],
          [
            -115.173924,
            36.093945
          ],
          [
            -115.173929,
            36.093938
          ],
          [
            -115.173933,
            36.093931
          ],
          [
            -115.173938,
            36.093924
          ],
          [
            -115.173943,
            36.093918
          ],
          [
            -115.173948,
            36.093911
          ],
          [
            -115.173953,
            36.093904
          ],
          [
            -115.173957,
            36.093897
          ],
          [
            -115.173962,
            36.093891
          ],
          [
            -115.173967,
            36.093884
          ],
          [
            -115.173972,
            36.093878
          ],
          [
            -115.173977,
            36.093871
          ],
          [
            -115.173982,
            36.093864
          ],
          [
            -115.173988,
            36.093858
          ],
          [
            -115.173993,
            36.093851
          ],
          [
            -115.173998,
            36.093845
          ],
          [
            -115.174003,
            36.093838
          ],
          [
            -115.174009,
            36.093832
          ],
          [
            -115.174016,
            36.093823
          ],
          [
            -115.174024,
            36.093814
          ],
          [
            -115.174032,
            36.093806
          ],
          [
            -115.17404,
            36.093797
          ],
          [
            -115.174048,
            36.093788
          ],
          [
            -115.174055,
            36.093779
          ],
          [
            -115.174063,
            36.09377
          ],
          [
            -115.174071,
            36.093762
          ],
          [
            -115.174079,
            36.093753
          ],
          [
            -115.174087,
            36.093744
          ],
          [
            -115.174095,
            36.093736
          ],
          [
            -115.174103,
            36.093727
          ],
          [
            -115.174111,
            36.093719
          ],
          [
            -115.174119,
            36.09371
          ],
          [
            -115.174127,
            36.093701
          ],
          [
            -115.174135,
            36.093693
          ],
          [
            -115.174143,
            36.093684
          ],
          [
            -115.174151,
            36.093676
          ],
          [
            -115.174159,
            36.093667
          ],
          [
            -115.174167,
            36.093658
          ],
          [
            -115.174176,
            36.09365
          ],
          [
            -115.174184,
            36.093641
          ],
          [
            -115.174193,
            36.093632
          ],
          [
            -115.174201,
            36.093623
          ],
          [
            -115.17421,
            36.093613
          ],
          [
            -115.174218,
            36.093604
          ],
          [
            -115.174227,
            36.093595
          ],
          [
            -115.174235,
            36.093586
          ],
          [
            -115.174244,
            36.093577
          ],
          [
            -115.174253,
            36.093568
          ],
          [
            -115.174261,
            36.093559
          ],
          [
            -115.17427,
            36.09355
          ],
          [
            -115.174279,
            36.093541
          ],
          [
            -115.174287,
            36.093532
          ],
          [
            -115.174296,
            36.093523
          ],
          [
            -115.174305,
            36.093514
          ],
          [
            -115.174314,
            36.093505
          ],
          [
            -115.174323,
            36.093496
          ],
          [
            -115.174332,
            36.093487
          ],
          [
            -115.174341,
            36.093479
          ],
          [
            -115.17435,
            36.09347
          ],
          [
            -115.174359,
            36.093461
          ],
          [
            -115.174369,
            36.093451
          ],
          [
            -115.174379,
            36.093442
          ],
          [
            -115.174389,
            36.093432
          ],
          [
            -115.174399,
            36.093423
          ],
          [
            -115.174409,
            36.093413
          ],
          [
            -115.174419,
            36.093404
          ],
          [
            -115.174429,
            36.093394
          ],
          [
            -115.17444,
            36.093385
          ],
          [
            -115.17445,
            36.093375
          ],
          [
            -115.17446,
            36.093365
          ],
          [
            -115.174469,
            36.093357
          ],
          [
            -115.174477,
            36.09335
          ],
          [
            -115.174485,
            36.093342
          ],
          [
            -115.174492,
            36.093335
          ],
          [
            -115.1745,
            36.093327
          ],
          [
            -115.174508,
            36.09332
          ],
          [
            -115.174516,
            36.093312
          ],
          [
            -115.174523,
            36.093305
          ],
          [
            -115.174531,
            36.093297
          ],
          [
            -115.174538,
            36.093289
          ],
          [
            -115.174546,
            36.093282
          ],
          [
            -115.174553,
            36.093274
          ],
          [
            -115.17456,
            36.093266
          ],
          [
            -115.174568,
            36.093259
          ],
          [
            -115.174575,
            36.093251
          ],
          [
            -115.174582,
            36.093244
          ],
          [
            -115.174589,
            36.093236
          ],
          [
            -115.174597,
            36.093229
          ],
          [
            -115.174604,
            36.093221
          ],
          [
            -115.174611,
            36.093214
          ],
          [
            -115.174619,
            36.093206
          ],
          [
            -115.174626,
            36.093199
          ],
          [
            -115.174633,
            36.093191
          ],
          [
            -115.174641,
            36.093184
          ],
          [
            -115.174648,
            36.093176
          ],
          [
            -115.174655,
            36.093169
          ],
          [
            -115.174662,
            36.093161
          ],
          [
            -115.17467,
            36.093154
          ],
          [
            -115.174677,
            36.093147
          ],
          [
            -115.174684,
            36.093139
          ],
          [
            -115.174691,
            36.093132
          ],
          [
            -115.174699,
            36.093124
          ],
          [
            -115.174705,
            36.093118
          ],
          [
            -115.174712,
            36.093111
          ],
          [
            -115.174718,
            36.093104
          ],
          [
            -115.174725,
            36.093097
          ],
          [
            -115.174731,
            36.093091
          ],
          [
            -115.174738,
            36.093084
          ],
          [
            -115.174745,
            36.093077
          ],
          [
            -115.174757,
            36.093064
          ]
        ]
      }
    }
  ]
}