{
  "type": "FeatureCollection",
  "features": [
    {
      "type": "Feature",
      "properties": {
        "name": "Route"
      },
      "geometry": {
        "type": "LineString",
        "coordinates": [
          [
            -115.146703,
            36.171789
          ],
          [
            -115.146684,
            36.171781
          ],
          [
            -115.146664,
            36.171772
          ],
          [
            -115.146644,
            36.171764
          ],
          [
            -115.146625,
            36.171755
          ],
          [
            -115.146605,
            36.171747
          ],
          [
            -115.146585,
            36.171738
          ],
          [
            -115.146565,
            36.17173
          ],
          [
            -115.146546,
            36.171721
          ],
          [
            -115.146526,
            36.171713
          ],
          [
            -115.146506,
            36.171704
          ],
          [
            -115.146487,
            36.171696
          ],
          [
            -115.146467,
            36.171688
          ],
          [
            -115.146447,
            36.171679
          ],
          [
            -115.146428,
            36.171671
          ],
          [
            -115.146408,
            36.171662
          ],
          [
            -115.146388,
            36.171654
          ],
          [
            -115.146368,
            36.171645
          ],
          [
            -115.146349,
            36.171637
          ],
          [
            -115.146329,
            36.171628
          ],
          [
            -115.146309,
            36.17162
          ],
          [
            -115.14629,
            36.171611
          ],
          [
            -115.146244,
            36.171592
          ],
          [
            -115.146198,
            36.171572
          ],
          [
            -115.146152,
            36.171552
          ],
          [
            -115.146106,
            36.171532
          ],
          [
            -115.14606,
            36.171513
          ],
          [
            -115.146015,
            36.171493
          ],
          [
            -115.145969,
            36.171473
          ],
          [
            -115.145923,
            36.171453
          ],
          [
            -115.145877,
            36.171433
          ],
          [
            -115.145831,
            36.171413
          ],
          [
            -115.145786,
            36.171394
          ],
          [
            -115.14574,
            36.171374
          ],
          [
            -115.145694,
            36.171354
          ],
          [
            -115.145648,
            36.171334
          ],
          [
            -115.145603,
            36.171314
          ],
          [
            -115.145557,
            36.171294
          ],
          [
            -115.145511,
            36.171274
          ],
          [
            -115.145465,
            36.171254
          ],
          [
            -115.14542,
            36.171234
          ],
          [
            -115.145374,
            36.171214
          ],
          [
            -115.145328,
            36.171194
          ],
          [
            -115.145269,
            36.171168
          ],
          [
            -115.145209,
            36.171142
          ],
          [
            -115.14515,
            36.171116
          ],
          [
            -115.14509,
            36.17109
          ],
          [
            -115.14503,
            36.171064
          ],
          [
            -115.144971,
            36.171038
          ],
          [
            -115.144911,
            36.171012
          ],
          [
            -115.144852,
            36.170986
          ],
          [
            -115.144792,
            36.17096
          ],
          [
            -115.144732,
            36.170935
          ],
          [
            -115.144673,
            36.170909
          ],
          [
            -115.144613,
            36.170883
          ],
          [
            -115.144553,
            36.170857
          ],
          [
            -115.144493,
            36.170831
          ],
          [
            -115.144434,
            36.170805
          ],
          [
            -115.144374,
            36.170779
          ],
          [
            -115.144314,
            36.170754
          ],
          [
            -115.144255,
            36.170728
          ],
          [
            -115.144195,
            36.170702
          ],
          [
            -115.144135,
            36.170676
          ],
          [
            -115.144076,
            36.170651
          ],
          [
            -115.144009,
            36.170622
          ],
          [
            -115.143943,
            36.170593
          ],
          [
            -115.143876,
            36.170564
          ],
          [
            -115.14381,
            36.170536
          ],
          [
            -115.143744,
            36.170507
          ],
          [
            -115.143677,
            36.170478
          ],
          [
            -115.143611,
            36.17045
          ],
          [
            -115.143544,
            36.170421
          ],
          [
            -115.143478,
            36.170392
          ],
          [
            -115.143412,
            36.170364
          ],
          [
            -115.143345,
            36.170335
          ],
          [
            -115.143279,
            36.170306
          ],
          [
            -115.143213,
            36.170277
          ],
          [
            -115.143146,
            36.170248
          ],
          [
            -115.14308,
            36.17022
          ],
          [
            -115.143014,
            36.170191
          ],
          [
            -115.142947,
            36.170162
          ],
          [
            -115.142881,
            36.170133
          ],
          [
            -115.142815,
            36.170104
          ],
          [
            -115.142748,
            36.170076
          ],
          [
            -115.142682,
            36.170047
          ],
          [
            -115.142636,
            36.170027
          ],
          [
            -115.14259,
            36.170007
          ],
          [
            -115.142544,
            36.169987
          ],
          [
            -115.142498,
            36.169967
          ],
          [
            -115.142452,
            36.169947
          ],
          [
            -115.142406,
            36.169927
          ],
          [
            -115.14236,
            36.169907
          ],
          [
            -115.142314,
            36.169887
          ],
          [
            -115.142268,
            36.169867
          ],
          [
            -115.142222,
            36.169847
          ],
          [
            -115.142176,
            36.169827
          ],
          [
            -115.14213,
            36.169807
          ],
          [
            -115.142084,
            36.169787
          ],
          [
            -115.142038,
            36.169767
          ],
          [
            -115.141992,
            36.169747
          ],
          [
            -115.141945,
            36.169728
          ],
          [
            -115.141899,
            36.169708
          ],
          [
            -115.141853,
            36.169688
          ],
          [
            -115.141807,
            36.169668
          ],
          [
            -115.14176,
            36.169649
          ],
          [
            -115.141714,
            36.169629
          ],
          [
            -115.141692,
            36.16962
          ],
          [
            -115.14167,
            36.169611
          ],
          [
            -115.141648,
            36.169602
          ],
          [
            -115.141627,
            36.169592
          ],
          [
            -115.141605,
            36.169583
          ],
          [
            -115.141583,
            36.169574
          ],
          [
            -115.141561,
            36.169564
          ],
          [
            -115.141539,
            36.169555
          ],
          [
            -115.141518,
            36.169545
          ],
          [
            -115.141496,
            36.169536
          ],
          [
            -115.141474,
            36.169527
          ],
          [
            -115.141452,
            36.169517
          ],
          [
            -115.141431,
            36.169507
          ],
          [
            -115.141409,
            36.169498
          ],
          [
            -115.141387,
            36.169488
          ],
          [
            -115.141366,
            36.169478
          ],
          [
            -115.141344,
            36.169469
          ],
          [
            -115.141323,
            36.169459
          ],
          [
            -115.141301,
            36.169449
          ],
          [
            -115.14128,
            36.169439
          ],
          [
            -115.141259,
            36.169429
          ],
          [
            -115.141244,
            36.169422
          ],
          [
            -115.141231,
            36.169415
          ],
          [
            -115.141217,
            36.169408
          ],
          [
            -115.141204,
            36.169401
          ],
          [
            -115.14119,
            36.169393
          ],
          [
            -115.141177,
            36.169386
          ],
          [
            -115.141164,
            36.169378
          ],
          [
            -115.141152,
            36.16937
          ],
          [
            -115.14114,
            36.169361
          ],
          [
            -115.141128,
            36.169352
          ],
          [
            -115.141116,
            36.169343
          ],
          [
            -115.141105,
            36.169334
          ],
          [
            -115.141094,
            36.169325
          ],
          [
            -115.141084,
            36.169315
          ],
          [
            -115.141074,
            36.169305
          ],
          [
            -115.141065,
            36.169294
          ],
          [
            -115.141056,
            36.169283
          ],
          [
            -115.141048,
            36.169273
          ],
          [
            -115.14104,
            36.169261
          ],
          [
            -115.141032,
            36.16925
          ],
          [
            -115.141026,
            36.169238
          ],
          [
            -115.141021,
            36.169227
          ],
          [
            -115.141016,
            36.169217
          ],
          [
            -115.141011,
            36.169207
          ],
          [
            -115.141007,
            36.169196
          ],
          [
            -115.141002,
            36.169186
          ],
          [
            -115.140999,
            36.169175
          ],
          [
            -115.140995,
            36.169164
          ],
          [
            -115.140992,
            36.169154
          ],
          [
            -115.140989,
            36.169143
          ],
          [
            -115.140986,
            36.169132
          ],
          [
            -115.140984,
            36.169121
          ],
          [
            -115.140981,
            36.16911
          ],
          [
            -115.140979,
            36.169099
          ],
          [
            -115.140978,
            36.169088
          ],
          [
            -115.140976,
            36.169077
          ],
          [
            -115.140975,
            36.169066
          ],
          [
            -115.140975,
            36.169055
          ],
          [
            -115.140974,
            36.169044
          ],
          [
            -115.140974,
            36.169033
          ],
          [
            -115.140974,
            36.169022
          ],
          [
            -115.140974,
            36.169011
          ],
          [
            -115.140975,
            36.169001
          ],
          [
            -115.140976,
            36.16899
          ],
          [
            -115.140977,
            36.16898
          ],
          [
            -115.140978,
            36.16897
          ],
          [
            -115.140979,
            36.16896
          ],
          [
            -115.140981,
            36.168949
          ],
          [
            -115.140983,
            36.168939
          ],
          [
            -115.140985,
            36.168929
          ],
          [
            -115.140987,
            36.168919
          ],
          [
            -115.14099,
            36.168909
          ],
          [
            -115.140992,
            36.168899
          ],
          [
            -115.140995,
            36.168889
          ],
          [
            -115.140998,
            36.168879
          ],
          [
            -115.141002,
            36.168869
          ],
          [
            -115.141006,
            36.16886
          ],
          [
            -115.14101,
            36.16885
          ],
          [
            -115.141014,
            36.16884
          ],
          [
            -115.141018,
            36.16883
          ],
          [
            -115.141023,
            36.168821
          ],
          [
            -115.141028,
            36.168811
          ],
          [
            -115.141034,
            36.168802
          ],
          [
            -115.14104,
            36.168792
          ],
          [
            -115.141045,
            36.168782
          ],
          [
            -115.141051,
            36.168772
          ],
          [
            -115.141057,
            36.168762
          ],
          [
            -115.141064,
            36.168752
          ],
          [
            -115.14107,
            36.168743
          ],
          [
            -115.141076,
            36.168733
          ],
          [
            -115.141082,
            36.168723
          ],
          [
            -115.141088,
            36.168713
          ],
          [
            -115.141094,
            36.168703
          ],
          [
            -115.1411,
            36.168693
          ],
          [
            -115.141107,
            36.168684
          ],
          [
            -115.141113,
            36.168674
          ],
          [
            -115.141119,
            36.168664
          ],
          [
            -115.141126,
            36.168654
          ],
          [
            -115.141132,
            36.168644
          ],
          [
            -115.141139,
            36.168635
          ],
          [
            -115.141145,
            36.168625
          ],
          [
            -115.141152,
            36.168615
          ],
          [
            -115.141158,
            36.168605
          ],
          [
            -115.141164,
            36.168596
          ],
          [
            -115.141176,
            36.168579
          ],
          [
            -115.141187,
            36.168562
          ],
          [
            -115.141198,
            36.168546
          ],
          [
            -115.141209,
            36.168529
          ],
          [
            -115.14122,
            36.168512
          ],
          [
            -115.141231,
            36.168495
          ],
          [
            -115.141242,
            36.168478
          ],
          [
            -115.141253,
            36.168462
          ],
          [
            -115.141264,
            36.168445
          ],
          [
            -115.141275,
            36.168428
          ],
          [
            -115.141286,
            36.168411
          ],
          [
            -115.141297,
            36.168395
          ],
          [
            -115.141308,
            36.168378
          ],
          [
            -115.141319,
            36.168361
          ],
          [
            -115.14133,
            36.168344
          ],
          [
            -115.141341,
            36.168327
          ],
          [
            -115.141351,
            36.16831
          ],
          [
            -115.141362,
            36.168294
          ],
          [
            -115.141373,
            36.168277
          ],
          [
            -115.141384,
            36.16826
          ],
          [
            -115.141395,
            36.168243
          ],
          [
            -115.141407,
            36.168225
          ],
          [
            -115.141418,
            36.168207
          ],
          [
            -115.14143,
            36.168189
          ],
          [
            -115.141442,
            36.168171
          ],
          [
            -115.141453,
            36.168153
          ],
          [
            -115.141465,
            36.168135
          ],
          [
            -115.141476,
            36.168117
          ],
          [
            -115.141488,
            36.168099
          ],
          [
            -115.1415,
            36.168081
          ],
          [
            -115.141511,
            36.168063
          ],
          [
            -115.141523,
            36.168045
          ],
          [
            -115.141535,
            36.168027
          ],
          [
            -115.141546,
            36.168009
          ],
          [
            -115.141558,
            36.167991
          ],
          [
            -115.14157,
            36.167973
          ],
          [
            -115.141581,
            36.167955
          ],
          [
            -115.141593,
            36.167937
          ],
          [
            -115.141604,
            36.167919
          ],
          [
            -115.141616,
            36.167901
          ],
          [
            -115.141628,
            36.167883
          ],
          [
            -115.141639,
            36.167865
          ],
          [
            -115.141651,
            36.167847
          ],
          [
            -115.141663,
            36.167828
          ],
          [
            -115.141675,
            36.16781
          ],
          [
            -115.141687,
            36.167792
          ],
          [
            -115.141699,
            36.167773
          ],
          [
            -115.141711,
            36.167755
          ],
          [
            -115.141723,
            36.167736
          ],
          [
            -115.141735,
            36.167718
          ],
          [
            -115.141747,
            36.1677
          ],
          [
            -115.141759,
            36.167681
          ],
          [
            -115.141771,
            36.167663
          ],
          [
            -115.141783,
            36.167645
          ],
          [
            -115.141795,
            36.167626
          ],
          [
            -115.141807,
            36.167608
          ],
          [
            -115.14182,
            36.16759
          ],
          [
            -115.141832,
            36.167571
          ],
          [
            -115.141844,
            36.167553
          ],
          [
            -115.141856,
            36.167535
          ],
          [
            -115.141868,
            36.167516
          ],
          [
            -115.14188,
            36.167498
          ],
          [
            -115.141893,
            36.16748
          ],
          [
            -115.141915,
            36.167446
          ],
          [
            -115.141937,
            36.167413
          ],
          [
            -115.141959,
            36.16738
          ],
          [
            -115.141981,
            36.167346
          ],
          [
            -115.142003,
            36.167313
          ],
          [
            -115.142025,
            36.16728
          ],
          [
            -115.142047,
            36.167246
          ],
          [
            -115.142069,
            36.167213
          ],
          [
            -115.14209,
            36.16718
          ],
          [
            -115.142112,
            36.167146
          ],
          [
            -115.142134,
            36.167113
          ],
          [
            -115.142156,
            36.167079
          ],
          [
            -115.142178,
            36.167046
          ],
          [
            -115.142199,
            36.167012
          ],
          [
            -115.142221,
            36.166979
          ],
          [
            -115.142243,
            36.166945
          ],
          [
            -115.142265,
            36.166912
          ],
          [
            -115.142286,
            36.166878
          ],
          [
            -115.142308,
            36.166845
          ],
          [
            -115.14233,
            36.166811
          ],
          [
            -115.142351,
            36.166778
          ],
          [
            -115.14238,
            36.166734
          ],
          [
            -115.142408,
            36.166691
          ],
          [
            -115.142436,
            36.166647
          ],
          [
            -115.142464,
            36.166604
          ],
          [
            -115.142492,
            36.16656
          ],
          [
            -115.142521,
            36.166517
          ],
          [
            -115.142549,
            36.166473
          ],
          [
            -115.142577,
            36.16643
          ],
          [
            -115.142605,
            36.166386
          ],
          [
            -115.142634,
            36.166343
          ],
          [
            -115.142662,
            36.166299
          ],
          [
            -115.14269,
            36.166256
          ],
          [
            -115.142718,
            36.166212
          ],
          [
            -115.142747,
            36.166169
          ],
          [
            -115.142775,
            36.166125
          ],
          [
            -115.142803,
            36.166082
          ],
          [
            -115.142831,
            36.166038
          ],
          [
            -115.14286,
            36.165995
          ],
          [
            -115.142888,
            36.165951
          ],
          [
            -115.142916,
            36.165908
          ],
          [
            -115.142945,
            36.165864
          ],
          [
            -115.142967,
            36.16583
          ],
          [
            -115.142989,
            36.165796
          ],
          [
            -115.143012,
            36.165761
          ],
          [
            -115.143034,
            36.165727
          ],
          [
            -115.143057,
            36.165693
          ],
          [
            -115.143079,
            36.165658
          ],
          [
            -115.143101,
            36.165624
          ],
          [
            -115.143124,
            36.16559
          ],
          [
            -115.143146,
            36.165555
          ],
          [
            -115.143169,
            36.165521
          ],
          [
            -115.143191,
            36.165487
          ],
          [
            -115.143214,
            36.165453
          ],
          [
            -115.143236,
            36.165418
          ],
          [
            -115.143258,
            36.165384
          ],
          [
            -115.143281,
            36.16535
          ],
          [
            -115.143303,
            36.165315
          ],
          [
            -115.143326,
            36.165281
          ],
          [
            -115.143349,
            36.165247
          ],
          [
            -115.143371,
            36.165213
          ],
          [
            -115.143394,
            36.165178
          ],
          [
            -115.143416,
            36.165144
          ],
          [
            -115.143436,
            36.165114
          ],
          [
            -115.143456,
            36.165084
          ],
          [
            -115.143476,
            36.165054
          ],
          [
            -115.143495,
            36.165025
          ],
          [
            -115.143515,
            36.164995
          ],
          [
            -115.143535,
            36.164965
          ],
          [
            -115.143554,
            36.164935
          ],
          [
            -115.143574,
            36.164905
          ],
          [
            -115.143594,
            36.164875
          ],
          [
            -115.143614,
            36.164845
          ],
          [
            -115.143634,
            36.164815
          ],
          [
            -115.143653,
            36.164785
          ],
          [
            -115.143673,
            36.164755
          ],
          [
            -115.143693,
            36.164725
          ],
          [
            -115.143712,
            36.164696
          ],
          [
            -115.143732,
            36.164666
          ],
          [
            -115.143752,
            36.164636
          ],
          [
            -115.143771,
            36.164606
          ],
          [
            -115.143791,
            36.164576
          ],
          [
            -115.143811,
            36.164546
          ],
          [
            -115.143831,
            36.164516
          ],
          [
            -115.143847,
            36.164492
          ],
          [
            -115.143862,
            36.164467
          ],
          [
            -115.143878,
            36.164443
          ],
          [
            -115.143895,
            36.164419
          ],
          [
            -115.143911,
            36.164394
          ],
          [
            -115.143927,
            36.16437
          ],
          [
            -115.143942,
            36.164346
          ],
          [
            -115.143958,
            36.164321
          ],
          [
            -115.143974,
            36.164297
          ],
          [
            -115.143991,
            36.164273
          ],
          [
            -115.144007,
            36.164249
          ],
          [
            -115.144023,
            36.164224
          ],
          [
            -115.144039,
            36.1642
          ],
          [
            -115.144055,
            36.164176
          ],
          [
            -115.144071,
            36.164152
          ],
          [
            -115.144087,
            36.164127
          ],
          [
            -115.144103,
            36.164103
          ],
          [
            -115.144119,
            36.164079
          ],
          [
            -115.144135,
            36.164054
          ],
          [
            -115.144152,
            36.16403
          ],
          [
            -115.144168,
            36.164006
          ],
          [
            -115.144179,
            36.163989
          ],
          [
            -115.14419,
            36.163972
          ],
          [
            -115.144201,
            36.163955
          ],
          [
            -115.144213,
            36.163939
          ],
          [
            -115.144224,
            36.163922
          ],
          [
            -115.144235,
            36.163905
          ],
          [
            -115.144246,
            36.163888
          ],
          [
            -115.144257,
            36.163871
          ],
          [
            -115.144268,
            36.163854
          ],
          [
            -115.144279,
            36.163837
          ],
          [
            -115.14429,
            36.16382
          ],
          [
            -115.144301,
            36.163803
          ],
          [
            -115.144313,
            36.163786
          ],
          [
            -115.144324,
            36.163769
          ],
          [
            -115.144335,
            36.163752
          ],
          [
            -115.144346,
            36.163735
          ],
          [
            -115.144357,
            36.163718
          ],
          [
            -115.144368,
            36.163701
          ],
          [
            -115.144378,
            36.163684
          ],
          [
            -115.144389,
            36.163667
          ],
          [
            -115.1444,
            36.16365
          ],
          [
            -115.144412,
            36.163631
          ],
          [
            -115.144424,
            36.163613
          ],
          [
            -115.144435,
            36.163595
          ],
          [
            -115.144447,
            36.163577
          ],
          [
            -115.144459,
            36.163559
          ],
          [
            -115.14447,
            36.16354
          ],
          [
            -115.144482,
            36.163522
          ],
          [
            -115.144494,
            36.163504
          ],
          [
            -115.144505,
            36.163486
          ],
          [
            -115.144517,
            36.163468
          ],
          [
            -115.144529,
            36.163449
          ],
          [
            -115.144541,
            36.163431
          ],
          [
            -115.144552,
            36.163413
          ],
          [
            -115.144564,
            36.163395
          ],
          [
            -115.144576,
            36.163377
          ],
          [
            -115.144588,
            36.163359
          ],
          [
            -115.144599,
            36.16334
          ],
          [
            -115.144611,
            36.163322
          ],
          [
            -115.144623,
            36.163304
          ],
          [
            -115.144635,
            36.163286
          ],
          [
            -115.144646,
            36.163268
          ],
          [
            -115.144658,
            36.16325
          ],
          [
            -115.144669,
            36.163232
          ],
          [
            -115.144681,
            36.163215
          ],
          [
            -115.144693,
            36.163197
          ],
          [
            -115.144704,
            36.163179
          ],
          [
            -115.144716,
            36.163161
          ],
          [
            -115.144727,
            36.163144
          ],
          [
            -115.144739,
            36.163126
          ],
          [
            -115.14475,
            36.163108
          ],
          [
            -115.144762,
            36.16309
          ],
          [
            -115.144773,
            36.163073
          ],
          [
            -115.144785,
            36.163055
          ],
          [
            -115.144797,
            36.163037
          ],
          [
            -115.144808,
            36.163019
          ],
          [
            -115.14482,
            36.163002
          ],
          [
            -115.144831,
            36.162984
          ],
          [
            -115.144843,
            36.162966
          ],
          [
            -115.144855,
            36.162949
          ],
          [
            -115.144866,
            36.162931
          ],
          [
            -115.144878,
            36.162913
          ],
          [
            -115.14489,
            36.162896
          ],
          [
            -115.144909,
            36.162866
          ],
          [
            -115.144928,
            36.162837
          ],
          [
            -115.144947,
            36.162808
          ],
          [
            -115.144966,
            36.162779
          ],
          [
            -115.144985,
            36.16275
          ],
          [
            -115.145004,
            36.162721
          ],
          [
            -115.145023,
            36.162692
          ],
          [
            -115.145042,
            36.162663
          ],
          [
            -115.14506,
            36.162633
          ],
          [
            -115.145079,
            36.162604
          ],
          [
            -115.145098,
            36.162575
          ],
          [
            -115.145117,
            36.162546
          ],
          [
            -115.145136,
            36.162517
          ],
          [
            -115.145154,
            36.162487
          ],
          [
            -115.145173,
            36.162458
          ],
          [
            -115.145192,
            36.162429
          ],
          [
            -115.145211,
            36.1624
          ],
          [
            -115.145229,
            36.16237
          ],
          [
            -115.145248,
            36.162341
          ],
          [
            -115.145267,
            36.162312
          ],
          [
            -115.145285,
            36.162283
          ],
          [
            -115.145311,
            36.162242
          ],
          [
            -115.145337,
            36.162201
          ],
          [
            -115.145364,
            36.162161
          ],
          [
            -115.14539,
            36.16212
          ],
          [
            -115.145416,
            36.162079
          ],
          [
            -115.145442,
            36.162039
          ],
          [
            -115.145469,
            36.161998
          ],
          [
            -115.145495,
            36.161958
          ],
          [
            -115.145521,
            36.161917
          ],
          [
            -115.145548,
            36.161877
          ],
          [
            -115.145574,
            36.161836
          ],
          [
            -115.145601,
            36.161796
          ],
          [
            -115.145627,
            36.161755
          ],
          [
            -115.145653,
            36.161715
          ],
          [
            -115.14568,
            36.161674
          ],
          [
            -115.145707,
            36.161634
          ],
          [
            -115.145733,
            36.161593
          ],
          [
            -115.14576,
            36.161553
          ],
          [
            -115.145787,
            36.161513
          ],
          [
            -115.145813,
            36.161472
          ],
          [
            -115.14584,
            36.161432
          ],
          [
            -115.145865,
            36.161395
          ],
          [
            -115.14589,
            36.161357
          ],
          [
            -115.145914,
            36.16132
          ],
          [
            -115.145939,
            36.161282
          ],
          [
            -115.145964,
            36.161245
          ],
          [
            -115.145989,
            36.161207
          ],
          [
            -115.146013,
            36.16117
          ],
          [
            -115.146038,
            36.161133
          ],
          [
            -115.146062,
            36.161095
          ],
          [
            -115.146087,
            36.161058
          ],
          [
            -115.146112,
            36.16102
          ],
          [
            -115.146136,
            36.160983
          ],
          [
            -115.14616,
            36.160945
          ],
          [
            -115.146185,
            36.160908
          ],
          [
            -115.146209,
            36.16087
          ],
          [
            -115.146234,
            36.160832
          ],
          [
            -115.146258,
            36.160795
          ],
          [
            -115.146282,
            36.160757
          ],
          [
            -115.146306,
            36.160719
          ],
          [
            -115.146331,
            36.160682
          ],
          [
            -115.146355,
            36.160644
          ],
          [
            -115.146376,
            36.160612
          ],
          [
            -115.146396,
            36.16058
          ],
          [
            -115.146417,
            36.160547
          ],
          [
            -115.146438,
            36.160515
          ],
          [
            -115.146458,
            36.160483
          ],
          [
            -115.146479,
            36.160451
          ],
          [
            -115.1465,
            36.160418
          ],
          [
            -115.146521,
            36.160386
          ],
          [
            -115.146541,
            36.160354
          ],
          [
            -115.146562,
            36.160321
          ],
          [
            -115.146583,
            36.160289
          ],
          [
            -115.146604,
            36.160257
          ],
          [
            -115.146625,
            36.160225
          ],
          [
            -115.146646,
            36.160192
          ],
          [
            -115.146667,
            36.16016
          ],
          [
            -115.146687,
            36.160128
          ],
          [
            -115.146708,
            36.160096
          ],
          [
            -115.146729,
            36.160063
          ],
          [
            -115.14675,
            36.160031
          ],
          [
            -115.146771,
            36.159999
          ],
          [
            -115.146792,
            36.159967
          ],
          [
            -115.146809,
            36.15994
          ],
          [
            -115.146827,
            36.159914
          ],
          [
            -115.146844,
            36.159887
          ],
          [
            -115.146861,
            36.159861
          ],
          [
            -115.146878,
            36.159834
          ],
          [
            -115.146896,
            36.159808
          ],
          [
            -115.146913,
            36.159782
          ],
          [
            -115.146931,
            36.159755
          ],
          [
            -115.146948,
            36.159729
          ],
          [
            -115.146966,
            36.159702
          ],
          [
            -115.146983,
            36.159676
          ],
          [
            -115.147001,
            36.159649
          ],
          [
            -115.147018,
            36.159623
          ],
          [
            -115.147036,
            36.159597
          ],
          [
            -115.147053,
            36.15957
          ],
          [
            -115.147071,
            36.159544
          ],
          [
            -115.147089,
            36.159518
          ],
          [
            -115.147107,
            36.159492
          ],
          [
            -115.147125,
            36.159465
          ],
          [
            -115.147142,
            36.159439
          ],
          [
            -115.14716,
            36.159413
          ],
          [
            -115.147178,
            36.159387
          ],
          [
            -115.147195,
            36.159361
          ],
          [
            -115.147213,
            36.159336
          ],
          [
            -115.14723,
            36.15931
          ],
          [
            -115.147247,
            36.159284
          ],
          [
            -115.147265,
            36.159258
          ],
          [
            -115.147282,
            36.159233
          ],
          [
            -115.147299,
            36.159207
          ],
          [
            -115.147316,
            36.159181
          ],
          [
            -115.147333,
            36.159155
          ],
          [
            -115.147351,
            36.159129
          ],
          [
            -115.147368,
            36.159103
          ],
          [
            -115.147385,
            36.159077
          ],
          [
            -115.147402,
            36.159051
          ],
          [
            -115.147419,
            36.159026
          ],
          [
            -115.147435,
            36.159
          ],
          [
            -115.147452,
            36.158974
          ],
          [
            -115.147469,
            36.158948
          ],
          [
            -115.147486,
            36.158922
          ],
          [
            -115.147503,
            36.158896
          ],
          [
            -115.14752,
            36.15887
          ],
          [
            -115.147537,
            36.158843
          ],
          [
            -115.147555,
            36.158815
          ],
          [
            -115.147572,
            36.158788
          ],
          [
            -115.14759,
            36.158761
          ],
          [
            -115.147608,
            36.158734
          ],
          [
            -115.147625,
            36.158706
          ],
          [
            -115.147643,
            36.158679
          ],
          [
            -115.147661,
            36.158652
          ],
          [
            -115.147678,
            36.158625
          ],
          [
            -115.147696,
            36.158597
          ],
          [
            -115.147714,
            36.15857
          ],
          [
            -115.147731,
            36.158543
          ],
          [
            -115.147749,
            36.158516
          ],
          [
            -115.147767,
            36.158489
          ],
          [
            -115.147785,
            36.158462
          ],
          [
            -115.147802,
            36.158434
          ],
          [
            -115.14782,
            36.158407
          ],
          [
            -115.147838,
            36.15838
          ],
          [
            -115.147856,
            36.158353
          ],
          [
            -115.147873,
            36.158326
          ],
          [
            -115.147891,
            36.158299
          ],
          [
            -115.147912,
            36.158267
          ],
          [
            -115.147932,
            36.158236
          ],
          [
            -115.147953,
            36.158205
          ],
          [
            -115.147973,
            36.158173
          ],
          [
            -115.147994,
            36.158142
          ],
          [
            -115.148015,
            36.158111
          ],
          [
            -115.148035,
            36.158079
          ],
          [
            -115.148056,
            36.158048
          ],
          [
            -115.148076,
            36.158017
          ],
          [
            -115.148097,
            36.157986
          ],
          [
            -115.148117,
            36.157954
          ],
          [
            -115.148138,
            36.157923
          ],
          [
            -115.148159,
            36.157892
          ],
          [
            -115.148179,
            36.157861
          ],
          [
            -115.1482,
            36.157829
          ],
          [
            -115.14822,
            36.157798
          ],
          [
            -115.148241,
            36.157767
          ],
          [
            -115.148262,
            36.157736
          ],
          [
            -115.148282,
            36.157704
          ],
          [
            -115.148303,
            36.157673
          ],
          [
            -115.148324,
            36.157642
          ],
          [
            -115.148347,
            36.157606
          ],
          [
            -115.14837,
            36.157571
          ],
          [
            -115.148394,
            36.157535
          ],
          [
            -115.148417,
            36.1575
          ],
          [
            -115.148441,
            36.157464
          ],
          [
            -115.148464,
            36.157428
          ],
          [
            -115.148488,
            36.157393
          ],
          [
            -115.148511,
            36.157357
          ],
          [
            -115.148534,
            36.157322
          ],
          [
            -115.148558,
            36.157286
          ],
          [
            -115.148581,
            36.157251
          ],
          [
            -115.148604,
            36.157215
          ],
          [
            -115.148628,
            36.157179
          ],
          [
            -115.148651,
            36.157144
          ],
          [
            -115.148674,
            36.157108
          ],
          [
            -115.148698,
            36.157072
          ],
          [
            -115.148721,
            36.157037
          ],
          [
            -115.148745,
            36.157001
          ],
          [
            -115.148768,
            36.156966
          ],
          [
            -115.148791,
            36.15693
          ],
          [
            -115.148814,
            36.156894
          ],
          [
            -115.148837,
            36.15686
          ],
          [
            -115.148859,
            36.156826
          ],
          [
            -115.148881,
            36.156792
          ],
          [
            -115.148904,
            36.156758
          ],
          [
            -115.148926,
            36.156724
          ],
          [
            -115.148948,
            36.15669
          ],
          [
            -115.148971,
            36.156656
          ],
          [
            -115.148993,
            36.156622
          ],
          [
            -115.149015,
            36.156588
          ],
          [
            -115.149038,
            36.156554
          ],
          [
            -115.14906,
            36.15652
          ],
          [
            -115.149083,
            36.156486
          ],
          [
            -115.149105,
            36.156452
          ],
          [
            -115.149127,
            36.156418
          ],
          [
            -115.14915,
            36.156384
          ],
          [
            -115.149172,
            36.15635
          ],
          [
            -115.149195,
            36.156316
          ],
          [
            -115.149217,
            36.156282
          ],
          [
            -115.14924,
            36.156248
          ],
          [
            -115.149262,
            36.156214
          ],
          [
            -115.149285,
            36.15618
          ],
          [
            -115.149304,
            36.156151
          ],
          [
            -115.149323,
            36.156122
          ],
          [
            -115.149343,
            36.156093
          ],
          [
            -115.149362,
            36.156064
          ],
          [
            -115.149381,
            36.156034
          ],
          [
            -115.149401,
            36.156005
          ],
          [
            -115.14942,
            36.155976
          ],
          [
            -115.149439,
            36.155947
          ],
          [
            -115.149459,
            36.155918
          ],
          [
            -115.149478,
            36.155888
          ],
          [
            -115.149498,
            36.155859
          ],
          [
            -115.149517,
            36.15583
          ],
          [
            -115.149536,
            36.155801
          ],
          [
            -115.149556,
            36.155772
          ],
          [
            -115.149575,
            36.155743
          ],
          [
            -115.149595,
            36.155713
          ],
          [
            -115.149614,
            36.155684
          ],
          [
            -115.149634,
            36.155655
          ],
          [
            -115.149653,
            36.155626
          ],
          [
            -115.149673,
            36.155597
          ],
          [
            -115.149692,
            36.155568
          ],
          [
            -115.149706,
            36.155547
          ],
          [
            -115.14972,
            36.155527
          ],
          [
            -115.149734,
            36.155506
          ],
          [
            -115.149747,
            36.155485
          ],
          [
            -115.149761,
            36.155465
          ],
          [
            -115.149775,
            36.155444
          ],
          [
            -115.149788,
            36.155423
          ],
          [
            -115.149801,
            36.155402
          ],
          [
            -115.149815,
            36.155381
          ],
          [
            -115.149828,
            36.155361
          ],
          [
            -115.149842,
            36.15534
          ],
          [
            -115.149855,
            36.155319
          ],
          [
            -115.149868,
            36.155298
          ],
          [
            -115.149881,
            36.155277
          ],
          [
            -115.149894,
            36.155256
          ],
          [
            -115.149907,
            36.155235
          ],
          [
            -115.14992,
            36.155214
          ],
          [
            -115.149933,
            36.155193
          ],
          [
            -115.149946,
            36.155172
          ],
          [
            -115.149958,
            36.155151
          ],
          [
            -115.149971,
            36.15513
          ],
          [
            -115.149981,
            36.155113
          ],
          [
            -115.149991,
            36.155097
          ],
          [
            -115.150001,
            36.15508
          ],
          [
            -115.15001,
            36.155064
          ],
          [
            -115.15002,
            36.155047
          ],
          [
            -115.15003,
            36.15503
          ],
          [
            -115.15004,
            36.155014
          ],
          [
            -115.15005,
            36.154997
          ],
          [
            -115.15006,
            36.154981
          ],
          [
            -115.15007,
            36.154964
          ],
          [
            -115.15008,
            36.154948
          ],
          [
            -115.15009,
            36.154931
          ],
          [
            -115.1501,
            36.154915
          ],
          [
            -115.15011,
            36.154898
          ],
          [
            -115.15012,
            36.154882
          ],
          [
            -115.150131,
            36.154865
          ],
          [
            -115.150141,
            36.154849
          ],
          [
            -115.150151,
            36.154832
          ],
          [
            -115.150161,
            36.154816
          ],
          [
            -115.150172,
            36.154799
          ],
          [
            -115.150182,
            36.154783
          ],
          [
            -115.150193,
            36.154766
          ],
          [
            -115.150203,
            36.154749
          ],
          [
            -115.150214,
            36.154732
          ],
          [
            -115.150225,
            36.154716
          ],
          [
            -115.150235,
            36.154699
          ],
          [
            -115.150246,
            36.154682
          ],
          [
            -115.150257,
            36.154665
          ],
          [
            -115.150268,
            36.154649
          ],
          [
            -115.150279,
            36.154632
          ],
          [
            -115.150291,
            36.154615
          ],
          [
            -115.150302,
            36.154599
          ],
          [
            -115.150313,
            36.154582
          ],
          [
            -115.150324,
            36.154566
          ],
          [
            -115.150335,
            36.154549
          ],
          [
            -115.150347,
            36.154533
          ],
          [
            -115.150358,
            36.154516
          ],
          [
            -115.150369,
            36.1545
          ],
          [
            -115.150381,
            36.154483
          ],
          [
            -115.150392,
            36.154466
          ],
          [
            -115.150404,
            36.15445
          ],
          [
            -115.150415,
            36.154434
          ],
          [
            -115.15043,
            36.154412
          ],
          [
            -115.150445,
            36.154391
          ],
          [
            -115.150459,
            36.15437
          ],
          [
            -115.150474,
            36.154349
          ],
          [
            -115.150488,
            36.154328
          ],
          [
            -115.150503,
            36.154307
          ],
          [
            -115.150517,
            36.154286
          ],
          [
            -115.150531,
            36.154265
          ],
          [
            -115.150546,
            36.154243
          ],
          [
            -115.15056,
            36.154222
          ],
          [
            -115.150574,
            36.154201
          ],
          [
            -115.150588,
            36.15418
          ],
          [
            -115.150602,
            36.154158
          ],
          [
            -115.150616,
            36.154137
          ],
          [
            -115.150631,
            36.154116
          ],
          [
            -115.150644,
            36.154094
          ],
          [
            -115.150659,
            36.154073
          ],
          [
            -115.150672,
            36.154052
          ],
          [
            -115.150686,
            36.15403
          ],
          [
            -115.1507,
            36.154009
          ],
          [
            -115.150714,
            36.153987
          ],
          [
            -115.150735,
            36.153955
          ],
          [
            -115.150756,
            36.153923
          ],
          [
            -115.150777,
            36.15389
          ],
          [
            -115.150798,
            36.153858
          ],
          [
            -115.150819,
            36.153825
          ],
          [
            -115.15084,
            36.153793
          ],
          [
            -115.150861,
            36.15376
          ],
          [
            -115.150882,
            36.153727
          ],
          [
            -115.150903,
            36.153695
          ],
          [
            -115.150924,
            36.153662
          ],
          [
            -115.150945,
            36.15363
          ],
          [
            -115.150966,
            36.153597
          ],
          [
            -115.150987,
            36.153565
          ],
          [
            -115.151007,
            36.153532
          ],
          [
            -115.151028,
            36.1535
          ],
          [
            -115.151049,
            36.153467
          ],
          [
            -115.15107,
            36.153435
          ],
          [
            -115.151091,
            36.153402
          ],
          [
            -115.151112,
            36.15337
          ],
          [
            -115.151133,
            36.153337
          ],
          [
            -115.151154,
            36.153305
          ],
          [
            -115.151176,
            36.153271
          ],
          [
            -115.151198,
            36.153236
          ],
          [
            -115.15122,
            36.153202
          ],
          [
            -115.151242,
            36.153168
          ],
          [
            -115.151264,
            36.153134
          ],
          [
            -115.151286,
            36.1531
          ],
          [
            -115.151308,
            36.153066
          ],
          [
            -115.15133,
            36.153032
          ],
          [
            -115.151352,
            36.152998
          ],
          [
            -115.151374,
            36.152964
          ],
          [
            -115.151396,
            36.15293
          ],
          [
            -115.151418,
            36.152896
          ],
          [
            -115.15144,
            36.152862
          ],
          [
            -115.151462,
            36.152828
          ],
          [
            -115.151484,
            36.152794
          ],
          [
            -115.151506,
            36.15276
          ],
          [
            -115.151528,
            36.152726
          ],
          [
            -115.15155,
            36.152692
          ],
          [
            -115.151572,
            36.152658
          ],
          [
            -115.151595,
            36.152624
          ],
          [
            -115.151617,
            36.15259
          ],
          [
            -115.151633,
            36.152565
          ],
          [
            -115.151649,
            36.15254
          ],
          [
            -115.151665,
            36.152515
          ],
          [
            -115.151681,
            36.152491
          ],
          [
            -115.151698,
            36.152466
          ],
          [
            -115.151714,
            36.152441
          ],
          [
            -115.15173,
            36.152416
          ],
          [
            -115.151746,
            36.152391
          ],
          [
            -115.151762,
            36.152367
          ],
          [
            -115.151778,
            36.152342
          ],
          [
            -115.151794,
            36.152317
          ],
          [
            -115.15181,
            36.152292
          ],
          [
            -115.151826,
            36.152267
          ],
          [
            -115.151842,
            36.152242
          ],
          [
            -115.151858,
            36.152218
          ],
          [
            -115.151874,
            36.152193
          ],
          [
            -115.15189,
            36.152168
          ],
          [
            -115.151906,
            36.152143
          ],
          [
            -115.151922,
            36.152118
          ],
          [
            -115.151938,
            36.152093
          ],
          [
            -115.151954,
            36.152068
          ],
          [
            -115.15197,
            36.152043
          ],
          [
            -115.151987,
            36.152018
          ],
          [
            -115.152003,
            36.151993
          ],
          [
            -115.152019,
            36.151968
          ],
          [
            -115.152035,
            36.151943
          ],
          [
            -115.152051,
            36.151918
          ],
          [
            -115.152067,
            36.151893
          ],
          [
            -115.152083,
            36.151868
          ],
          [
            -115.1521,
            36.151843
          ],
          [
            -115.152116,
            36.151818
          ],
          [
            -115.152132,
            36.151793
          ],
          [
            -115.152148,
            36.151768
          ],
          [
            -115.152164,
            36.151743
          ],
          [
            -115.152181,
            36.151718
          ],
          [
            -115.152197,
            36.151693
          ],
          [
            -115.152213,
            36.151668
          ],
          [
            -115.15223,
            36.151643
          ],
          [
            -115.152246,
            36.151618
          ],
          [
            -115.152262,
            36.151593
          ],
          [
            -115.152278,
            36.151568
          ],
          [
            -115.152295,
            36.151543
          ],
          [
            -115.152313,
            36.151515
          ],
          [
            -115.152331,
            36.151487
          ],
          [
            -115.152349,
            36.151459
          ],
          [
            -115.152368,
            36.151431
          ],
          [
            -115.152386,
            36.151404
          ],
          [
            -115.152405,
            36.151376
          ],
          [
            -115.152423,
            36.151348
          ],
          [
            -115.152441,
            36.15132
          ],
          [
            -115.15246,
            36.151292
          ],
          [
            -115.152478,
            36.151264
          ],
          [
            -115.152497,
            36.151237
          ],
          [
            -115.152515,
            36.151209
          ],
          [
            -115.152534,
            36.151181
          ],
          [
            -115.152552,
            36.151153
          ],
          [
            -115.152571,
            36.151126
          ],
          [
            -115.15259,
            36.151098
          ],
          [
            -115.152608,
            36.15107
          ],
          [
            -115.152627,
            36.151042
          ],
          [
            -115.152645,
            36.151015
          ],
          [
            -115.152664,
            36.150987
          ],
          [
            -115.152683,
            36.150959
          ],
          [
            -115.152699,
            36.150935
          ],
          [
            -115.152716,
            36.15091
          ],
          [
            -115.152732,
            36.150886
          ],
          [
            -115.152749,
            36.150861
          ],
          [
            -115.152765,
            36.150837
          ],
          [
            -115.152782,
            36.150812
          ],
          [
            -115.152798,
            36.150788
          ],
          [
            -115.152814,
            36.150763
          ],
          [
            -115.15283,
            36.150738
          ],
          [
            -115.152847,
            36.150714
          ],
          [
            -115.152863,
            36.150689
          ],
          [
            -115.152879,
            36.150664
          ],
          [
            -115.152895,
            36.15064
          ],
          [
            -115.152911,
            36.150615
          ],
          [
            -115.152927,
            36.15059
          ],
          [
            -115.152943,
            36.150565
          ],
          [
            -115.152959,
            36.150541
          ],
          [
            -115.152975,
            36.150516
          ],
          [
            -115.15299,
            36.150491
          ],
          [
            -115.153006,
            36.150466
          ],
          [
            -115.153021,
            36.150441
          ],
          [
            -115.153042,
            36.150408
          ],
          [
            -115.153063,
            36.150375
          ],
          [
            -115.153084,
            36.150342
          ],
          [
            -115.153105,
            36.150309
          ],
          [
            -115.153126,
            36.150275
          ],
          [
            -115.153147,
            36.150242
          ],
          [
            -115.153167,
            36.150209
          ],
          [
            -115.153188,
            36.150176
          ],
          [
            -115.153209,
            36.150143
          ],
          [
            -115.15323,
            36.15011
          ],
          [
            -115.153251,
            36.150076
          ],
          [
            -115.153272,
            36.150043
          ],
          [
            -115.153293,
            36.15001
          ],
          [
            -115.153314,
            36.149977
          ],
          [
            -115.153335,
            36.149944
          ],
          [
            -115.153357,
            36.149911
          ],
          [
            -115.153378,
            36.149878
          ],
          [
            -115.153399,
            36.149845
          ],
          [
            -115.15342,
            36.149811
          ],
          [
            -115.153441,
            36.149778
          ],
          [
            -115.153462,
            36.149745
          ],
          [
            -115.153495,
            36.149693
          ],
          [
            -115.153528,
            36.149641
          ],
          [
            -115.153562,
            36.149589
          ],
          [
            -115.153595,
            36.149537
          ],
          [
            -115.153629,
            36.149485
          ],
          [
            -115.153663,
            36.149433
          ],
          [
            -115.153697,
            36.149381
          ],
          [
            -115.15373,
            36.149329
          ],
          [
            -115.153764,
            36.149277
          ],
          [
            -115.153798,
            36.149226
          ],
          [
            -115.153832,
            36.149174
          ],
          [
            -115.153867,
            36.149122
          ],
          [
            -115.153901,
            36.14907
          ],
          [
            -115.153935,
            36.149019
          ],
          [
            -115.15397,
            36.148967
          ],
          [
            -115.154004,
            36.148915
          ],
          [
            -115.154038,
            36.148864
          ],
          [
            -115.154073,
            36.148812
          ],
          [
            -115.154107,
            36.148761
          ],
          [
            -115.154142,
            36.148709
          ],
          [
            -115.154177,
            36.148657
          ],
          [
            -115.154206,
            36.148614
          ],
          [
            -115.154235,
            36.14857
          ],
          [
            -115.154265,
            36.148527
          ],
          [
            -115.154294,
            36.148483
          ],
          [
            -115.154324,
            36.148439
          ],
          [
            -115.154353,
            36.148396
          ],
          [
            -115.154382,
            36.148352
          ],
          [
            -115.154411,
            36.148308
          ],
          [
            -115.154441,
            36.148265
          ],
          [
            -115.15447,
            36.148221
          ],
          [
            -115.154499,
            36.148177
          ],
          [
            -115.154528,
            36.148134
          ],
          [
            -115.154558,
            36.14809
          ],
          [
            -115.154587,
            36.148046
          ],
          [
            -115.154616,
            36.148002
          ],
          [
            -115.154645,
            36.147959
          ],
          [
            -115.154674,
            36.147915
          ],
          [
            -115.154703,
            36.147871
          ],
          [
            -115.154732,
            36.147827
          ],
          [
            -115.154761,
            36.147784
          ],
          [
            -115.15479,
            36.14774
          ],
          [
            -115.154814,
            36.147704
          ],
          [
            -115.154837,
            36.147669
          ],
          [
            -115.15486,
            36.147633
          ],
          [
            -115.154884,
            36.147598
          ],
          [
            -115.154907,
            36.147562
          ],
          [
            -115.154931,
            36.147527
          ],
          [
            -115.154954,
            36.147491
          ],
          [
            -115.154977,
            36.147456
          ],
          [
            -115.155001,
            36.14742
          ],
          [
            -115.155024,
            36.147385
          ],
          [
            -115.155047,
            36.147349
          ],
          [
            -115.15507,
            36.147313
          ],
          [
            -115.155094,
            36.147278
          ],
          [
            -115.155117,
            36.147242
          ],
          [
            -115.15514,
            36.147207
          ],
          [
            -115.155164,
            36.147171
          ],
          [
            -115.155187,
            36.147135
          ],
          [
            -115.15521,
            36.1471
          ],
          [
            -115.155233,
            36.147064
          ],
          [
            -115.155257,
            36.147029
          ],
          [
            -115.15528,
            36.146993
          ],
          [
            -115.155311,
            36.146946
          ],
          [
            -115.155342,
            36.146898
          ],
          [
            -115.155373,
            36.146851
          ],
          [
            -115.155404,
            36.146803
          ],
          [
            -115.155435,
            36.146756
          ],
          [
            -115.155466,
            36.146709
          ],
          [
            -115.155497,
            36.146661
          ],
          [
            -115.155528,
            36.146614
          ],
          [
            -115.155559,
            36.146567
          ],
          [
            -115.155591,
            36.146519
          ],
          [
            -115.155622,
            36.146472
          ],
          [
            -115.155653,
            36.146425
          ],
          [
            -115.155684,
            36.146377
          ],
          [
            -115.155715,
            36.14633
          ],
          [
            -115.155747,
            36.146282
          ],
          [
            -115.155778,
            36.146235
          ],
          [
            -115.155809,
            36.146188
          ],
          [
            -115.15584,
            36.14614
          ],
          [
            -115.155872,
            36.146093
          ],
          [
            -115.155903,
            36.146046
          ],
          [
            -115.155934,
            36.145998
          ],
          [
            -115.155963,
            36.145955
          ],
          [
            -115.155991,
            36.145912
          ],
          [
            -115.15602,
            36.145869
          ],
          [
            -115.156048,
            36.145825
          ],
          [
            -115.156077,
            36.145782
          ],
          [
            -115.156105,
            36.145739
          ],
          [
            -115.156134,
            36.145695
          ],
          [
            -115.156162,
            36.145652
          ],
          [
            -115.15619,
            36.145609
          ],
          [
            -115.156218,
            36.145565
          ],
          [
            -115.156247,
            36.145522
          ],
          [
            -115.156275,
            36.145478
          ],
          [
            -115.156303,
            36.145435
          ],
          [
            -115.156331,
            36.145391
          ],
          [
            -115.156359,
            36.145348
          ],
          [
            -115.156386,
            36.145304
          ],
          [
            -115.156414,
            36.14526
          ],
          [
            -115.156442,
            36.145217
          ],
          [
            -115.156469,
            36.145173
          ],
          [
            -115.156497,
            36.145129
          ],
          [
            -115.156524,
            36.145086
          ],
          [
            -115.156542,
            36.145058
          ],
          [
            -115.156559,
            36.145029
          ],
          [
            -115.156577,
            36.145001
          ],
          [
            -115.156594,
            36.144973
          ],
          [
            -115.156612,
            36.144945
          ],
          [
            -115.15663,
            36.144917
          ],
          [
            -115.156647,
            36.144889
          ],
          [
            -115.156665,
            36.144861
          ],
          [
            -115.156683,
            36.144833
          ],
          [
            -115.156701,
            36.144805
          ],
          [
            -115.156718,
            36.144777
          ],
          [
            -115.156736,
            36.144749
          ],
          [
            -115.156754,
            36.144721
          ],
          [
            -115.156772,
            36.144694
          ],
          [
            -115.15679,
            36.144666
          ],
          [
            -115.156808,
            36.144638
          ],
          [
            -115.156827,
            36.14461
          ],
          [
            -115.156845,
            36.144582
          ],
          [
            -115.156863,
            36.144554
          ],
          [
            -115.156882,
            36.144527
          ],
          [
            -115.1569,
            36.144499
          ],
          [
            -115.156918,
            36.144472
          ],
          [
            -115.156937,
            36.144444
          ],
          [
            -115.156955,
            36.144417
          ],
          [
            -115.156973,
            36.14439
          ],
          [
            -115.156991,
            36.144362
          ],
          [
            -115.157009,
            36.144335
          ],
          [
            -115.157028,
            36.144308
          ],
          [
            -115.157046,
            36.14428
          ],
          [
            -115.157064,
            36.144253
          ],
          [
            -115.157082,
            36.144226
          ],
          [
            -115.1571,
            36.144198
          ],
          [
            -115.157118,
            36.144171
          ],
          [
            -115.157136,
            36.144144
          ],
          [
            -115.157155,
            36.144116
          ],
          [
            -115.157173,
            36.144089
          ],
          [
            -115.157191,
            36.144061
          ],
          [
            -115.157209,
            36.144034
          ],
          [
            -115.157227,
            36.144007
          ],
          [
            -115.157245,
            36.143979
          ],
          [
            -115.157263,
            36.143952
          ],
          [
            -115.157281,
            36.143925
          ],
          [
            -115.1573,
            36.143897
          ],
          [
            -115.157318,
            36.143869
          ],
          [
            -115.157337,
            36.143841
          ],
          [
            -115.157355,
            36.143813
          ],
          [
            -115.157374,
            36.143785
          ],
          [
            -115.157393,
            36.143757
          ],
          [
            -115.157411,
            36.143729
          ],
          [
            -115.15743,
            36.143701
          ],
          [
            -115.157448,
            36.143673
          ],
          [
            -115.157467,
            36.143646
          ],
          [
            -115.157486,
            36.143618
          ],
          [
            -115.157505,
            36.14359
          ],
          [
            -115.157523,
            36.143562
          ],
          [
            -115.157542,
            36.143534
          ],
          [
            -115.157561,
            36.143507
          ],
          [
            -115.15758,
            36.143479
          ],
          [
            -115.157599,
            36.143451
          ],
          [
            -115.157618,
            36.143423
          ],
          [
            -115.157637,
            36.143395
          ],
          [
            -115.157656,
            36.143368
          ],
          [
            -115.157675,
            36.14334
          ],
          [
            -115.157692,
            36.143315
          ],
          [
            -115.157709,
            36.143291
          ],
          [
            -115.157726,
            36.143266
          ],
          [
            -115.157743,
            36.143241
          ],
          [
            -115.15776,
            36.143217
          ],
          [
            -115.157777,
            36.143192
          ],
          [
            -115.157794,
            36.143167
          ],
          [
            -115.157811,
            36.143142
          ],
          [
            -115.157828,
            36.143118
          ],
          [
            -115.157844,
            36.143093
          ],
          [
            -115.157861,
            36.143068
          ],
          [
            -115.157878,
            36.143043
          ],
          [
            -115.157895,
            36.143019
          ],
          [
            -115.157912,
            36.142994
          ],
          [
            -115.157929,
            36.142969
          ],
          [
            -115.157946,
            36.142944
          ],
          [
            -115.157963,
            36.14292
          ],
          [
            -115.157979,
            36.142895
          ],
          [
            -115.157996,
            36.14287
          ],
          [
            -115.158013,
            36.142845
          ],
          [
            -115.15803,
            36.14282
          ],
          [
            -115.158045,
            36.142798
          ],
          [
            -115.15806,
            36.142776
          ],
          [
            -115.158075,
            36.142753
          ],
          [
            -115.158091,
            36.142731
          ],
          [
            -115.158106,
            36.142709
          ],
          [
            -115.158121,
            36.142686
          ],
          [
            -115.158136,
            36.142664
          ],
          [
            -115.158151,
            36.142641
          ],
          [
            -115.158166,
            36.142619
          ],
          [
            -115.158182,
            36.142597
          ],
          [
            -115.158197,
            36.142574
          ],
          [
            -115.158212,
            36.142552
          ],
          [
            -115.158227,
            36.142529
          ],
          [
            -115.158242,
            36.142507
          ],
          [
            -115.158257,
            36.142485
          ],
          [
            -115.158273,
            36.142462
          ],
          [
            -115.158288,
            36.14244
          ],
          [
            -115.158303,
            36.142417
          ],
          [
            -115.158318,
            36.142395
          ],
          [
            -115.158333,
            36.142373
          ],
          [
            -115.158348,
            36.14235
          ],
          [
            -115.158366,
            36.142324
          ],
          [
            -115.158383,
            36.142299
          ],
          [
            -115.1584,
            36.142273
          ],
          [
            -115.158418,
            36.142247
          ],
          [
            -115.158435,
            36.142221
          ],
          [
            -115.158452,
            36.142195
          ],
          [
            -115.158469,
            36.142169
          ],
          [
            -115.158486,
            36.142143
          ],
          [
            -115.158503,
            36.142117
          ],
          [
            -115.15852,
            36.142091
          ],
          [
            -115.158537,
            36.142065
          ],
          [
            -115.158554,
            36.142039
          ],
          [
            -115.15857,
            36.142013
          ],
          [
            -115.158587,
            36.141987
          ],
          [
            -115.158604,
            36.141961
          ],
          [
            -115.158621,
            36.141935
          ],
          [
            -115.158637,
            36.141909
          ],
          [
            -115.158654,
            36.141883
          ],
          [
            -115.158671,
            36.141857
          ],
          [
            -115.158688,
            36.141831
          ],
          [
            -115.158704,
            36.141805
          ],
          [
            -115.158731,
            36.141763
          ],
          [
            -115.158758,
            36.141721
          ],
          [
            -115.158785,
            36.141679
          ],
          [
            -115.158812,
            36.141637
          ],
          [
            -115.158839,
            36.141596
          ],
          [
            -115.158866,
            36.141554
          ],
          [
            -115.158892,
            36.141512
          ],
          [
            -115.158919,
            36.14147
          ],
          [
            -115.158946,
            36.141428
          ],
          [
            -115.158973,
            36.141386
          ],
          [
            -115.159,
            36.141345
          ],
          [
            -115.159027,
            36.141303
          ],
          [
            -115.159054,
            36.141261
          ],
          [
            -115.159081,
            36.141219
          ],
          [
            -115.159108,
            36.141177
          ],
          [
            -115.159135,
            36.141136
          ],
          [
            -115.159162,
            36.141094
          ],
          [
            -115.159189,
            36.141052
          ],
          [
            -115.159216,
            36.14101
          ],
          [
            -115.159243,
            36.140968
          ],
          [
            -115.15927,
            36.140927
          ],
          [
            -115.159298,
            36.140884
          ],
          [
            -115.159326,
            36.140841
          ],
          [
            -115.159353,
            36.140799
          ],
          [
            -115.159381,
            36.140756
          ],
          [
            -115.159409,
            36.140713
          ],
          [
            -115.159436,
            36.14067
          ],
          [
            -115.159464,
            36.140628
          ],
          [
            -115.159492,
            36.140585
          ],
          [
            -115.15952,
            36.140542
          ],
          [
            -115.159547,
            36.1405
          ],
          [
            -115.159575,
            36.140457
          ],
          [
            -115.159603,
            36.140414
          ],
          [
            -115.159631,
            36.140372
          ],
          [
            -115.159658,
            36.140329
          ],
          [
            -115.159686,
            36.140286
          ],
          [
            -115.159714,
            36.140243
          ],
          [
            -115.159741,
            36.140201
          ],
          [
            -115.159769,
            36.140158
          ],
          [
            -115.159797,
            36.140115
          ],
          [
            -115.159825,
            36.140073
          ],
          [
            -115.159853,
            36.14003
          ],
          [
            -115.159873,
            36.139998
          ],
          [
            -115.159894,
            36.139967
          ],
          [
            -115.159914,
            36.139935
          ],
          [
            -115.159935,
            36.139904
          ],
          [
            -115.159955,
            36.139872
          ],
          [
            -115.159976,
            36.13984
          ],
          [
            -115.159996,
            36.139809
          ],
          [
            -115.160017,
            36.139777
          ],
          [
            -115.160037,
            36.139745
          ],
          [
            -115.160057,
            36.139714
          ],
          [
            -115.160078,
            36.139682
          ],
          [
            -115.160098,
            36.13965
          ],
          [
            -115.160118,
            36.139619
          ],
          [
            -115.160138,
            36.139587
          ],
          [
            -115.160159,
            36.139555
          ],
          [
            -115.160179,
            36.139524
          ],
          [
            -115.160199,
            36.139492
          ],
          [
            -115.160219,
            36.13946
          ],
          [
            -115.160239,
            36.139428
          ],
          [
            -115.160259,
            36.139396
          ],
          [
            -115.160279,
            36.139364
          ],
          [
            -115.160305,
            36.139324
          ],
          [
            -115.16033,
            36.139283
          ],
          [
            -115.160356,
            36.139242
          ],
          [
            -115.160382,
            36.139201
          ],
          [
            -115.160408,
            36.139161
          ],
          [
            -115.160433,
            36.13912
          ],
          [
            -115.16046,
            36.139079
          ],
          [
            -115.160485,
            36.139039
          ],
          [
            -115.160511,
            36.138998
          ],
          [
            -115.160538,
            36.138957
          ],
          [
            -115.160564,
            36.138917
          ],
          [
            -115.16059,
            36.138876
          ],
          [
            -115.160616,
            36.138835
          ],
          [
            -115.160642,
            36.138795
          ],
          [
            -115.160668,
            36.138754
          ],
          [
            -115.160695,
            36.138714
          ],
          [
            -115.160721,
            36.138673
          ],
          [
            -115.160747,
            36.138633
          ],
          [
            -115.160773,
            36.138592
          ],
          [
            -115.1608,
            36.138552
          ],
          [
            -115.160826,
            36.138511
          ],
          [
            -115.160849,
            36.138476
          ],
          [
            -115.160872,
            36.138441
          ],
          [
            -115.160895,
            36.138405
          ],
          [
            -115.160917,
            36.13837
          ],
          [
            -115.16094,
            36.138335
          ],
          [
            -115.160963,
            36.1383
          ],
          [
            -115.160986,
            36.138264
          ],
          [
            -115.161009,
            36.138229
          ],
          [
            -115.161032,
            36.138194
          ],
          [
            -115.161055,
            36.138159
          ],
          [
            -115.161078,
            36.138123
          ],
          [
            -115.1611,
            36.138088
          ],
          [
            -115.161123,
            36.138053
          ],
          [
            -115.161146,
            36.138018
          ],
          [
            -115.161169,
            36.137982
          ],
          [
            -115.161192,
            36.137947
          ],
          [
            -115.161214,
            36.137912
          ],
          [
            -115.161237,
            36.137877
          ],
          [
            -115.16126,
            36.137841
          ],
          [
            -115.161283,
            36.137806
          ],
          [
            -115.161306,
            36.137771
          ],
          [
            -115.161321,
            36.137746
          ],
          [
            -115.161337,
            36.137722
          ],
          [
            -115.161353,
            36.137698
          ],
          [
            -115.161368,
            36.137674
          ],
          [
            -115.161384,
            36.137649
          ],
          [
            -115.1614,
            36.137625
          ],
          [
            -115.161416,
            36.137601
          ],
          [
            -115.161431,
            36.137576
          ],
          [
            -115.161447,
            36.137552
          ],
          [
            -115.161463,
            36.137528
          ],
          [
            -115.161478,
            36.137504
          ],
          [
            -115.161494,
            36.137479
          ],
          [
            -115.16151,
            36.137455
          ],
          [
            -115.161525,
            36.137431
          ],
          [
            -115.161541,
            36.137406
          ],
          [
            -115.161557,
            36.137382
          ],
          [
            -115.161573,
            36.137358
          ],
          [
            -115.161588,
            36.137334
          ],
          [
            -115.161604,
            36.137309
          ],
          [
            -115.16162,
            36.137285
          ],
          [
            -115.161636,
            36.137261
          ],
          [
            -115.161654,
            36.137232
          ],
          [
            -115.161673,
            36.137203
          ],
          [
            -115.161692,
            36.137174
          ],
          [
            -115.16171,
            36.137145
          ],
          [
            -115.161729,
            36.137116
          ],
          [
            -115.161748,
            36.137088
          ],
          [
            -115.161767,
            36.137059
          ],
          [
            -115.161786,
            36.13703
          ],
          [
            -115.161804,
            36.137001
          ],
          [
            -115.161823,
            36.136972
          ],
          [
            -115.161842,
            36.136944
          ],
          [
            -115.161861,
            36.136915
          ],
          [
            -115.16188,
            36.136886
          ],
          [
            -115.161899,
            36.136857
          ],
          [
            -115.161917,
            36.136828
          ],
          [
            -115.161936,
            36.1368
          ],
          [
            -115.161955,
            36.136771
          ],
          [
            -115.161974,
            36.136742
          ],
          [
            -115.161993,
            36.136713
          ],
          [
            -115.162012,
            36.136685
          ],
          [
            -115.162031,
            36.136656
          ],
          [
            -115.162051,
            36.136626
          ],
          [
            -115.16207,
            36.136596
          ],
          [
            -115.16209,
            36.136566
          ],
          [
            -115.16211,
            36.136536
          ],
          [
            -115.16213,
            36.136505
          ],
          [
            -115.16215,
            36.136475
          ],
          [
            -115.162169,
            36.136445
          ],
          [
            -115.162189,
            36.136415
          ],
          [
            -115.162209,
            36.136385
          ],
          [
            -115.162229,
            36.136355
          ],
          [
            -115.162248,
            36.136325
          ],
          [
            -115.162268,
            36.136295
          ],
          [
            -115.162288,
            36.136265
          ],
          [
            -115.162307,
            36.136235
          ],
          [
            -115.162327,
            36.136205
          ],
          [
            -115.162347,
            36.136175
          ],
          [
            -115.162367,
            36.136145
          ],
          [
            -115.162386,
            36.136114
          ],
          [
            -115.162406,
            36.136084
          ],
          [
            -115.162426,
            36.136054
          ],
          [
            -115.162445,
            36.136024
          ],
          [
            -115.162467,
            36.135991
          ],
          [
            -115.162489,
            36.135958
          ],
          [
            -115.162511,
            36.135924
          ],
          [
            -115.162532,
            36.135891
          ],
          [
            -115.162554,
            36.135858
          ],
          [
            -115.162576,
            36.135824
          ],
          [
            -115.162598,
            36.135791
          ],
          [
            -115.16262,
            36.135758
          ],
          [
            -115.162642,
            36.135725
          ],
          [
            -115.162664,
            36.135692
          ],
          [
            -115.162685,
            36.135658
          ],
          [
            -115.162707,
            36.135625
          ],
          [
            -115.162729,
            36.135592
          ],
          [
            -115.162751,
            36.135559
          ],
          [
            -115.162773,
            36.135525
          ],
          [
            -115.162795,
            36.135492
          ],
          [
            -115.162817,
            36.135459
          ],
          [
            -115.162839,
            36.135426
          ],
          [
            -115.162861,
            36.135393
          ],
          [
            -115.162883,
            36.135359
          ],
          [
            -115.162905,
            36.135326
          ],
          [
            -115.162926,
            36.135294
          ],
          [
            -115.162948,
            36.135262
          ],
          [
            -115.162969,
            36.13523
          ],
          [
            -115.16299,
            36.135198
          ],
          [
            -115.163012,
            36.135166
          ],
          [
            -115.163033,
            36.135134
          ],
          [
            -115.163054,
            36.135103
          ],
          [
            -115.163076,
            36.135071
          ],
          [
            -115.163097,
            36.135039
          ],
          [
            -115.163118,
            36.135007
          ],
          [
            -115.16314,
            36.134975
          ],
          [
            -115.163161,
            36.134943
          ],
          [
            -115.163183,
            36.134911
          ],
          [
            -115.163204,
            36.134879
          ],
          [
            -115.163226,
            36.134847
          ],
          [
            -115.163247,
            36.134816
          ],
          [
            -115.163269,
            36.134784
          ],
          [
            -115.16329,
            36.134752
          ],
          [
            -115.163312,
            36.13472
          ],
          [
            -115.163334,
            36.134688
          ],
          [
            -115.163355,
            36.134656
          ],
          [
            -115.163376,
            36.134626
          ],
          [
            -115.163396,
            36.134596
          ],
          [
            -115.163416,
            36.134566
          ],
          [
            -115.163437,
            36.134536
          ],
          [
            -115.163457,
            36.134506
          ],
          [
            -115.163477,
            36.134475
          ],
          [
            -115.163497,
            36.134445
          ],
          [
            -115.163517,
            36.134415
          ],
          [
            -115.163537,
            36.134385
          ],
          [
            -115.163557,
            36.134354
          ],
          [
            -115.163577,
            36.134324
          ],
          [
            -115.163597,
            36.134294
          ],
          [
            -115.163617,
            36.134263
          ],
          [
            -115.163637,
            36.134233
          ],
          [
            -115.163656,
            36.134203
          ],
          [
            -115.163676,
            36.134172
          ],
          [
            -115.163696,
            36.134142
          ],
          [
            -115.163715,
            36.134111
          ],
          [
            -115.163735,
            36.134081
          ],
          [
            -115.163754,
            36.13405
          ],
          [
            -115.163774,
            36.13402
          ],
          [
            -115.163792,
            36.133991
          ],
          [
            -115.16381,
            36.133962
          ],
          [
            -115.163829,
            36.133933
          ],
          [
            -115.163847,
            36.133904
          ],
          [
            -115.163866,
            36.133876
          ],
          [
            -115.163884,
            36.133847
          ],
          [
            -115.163903,
            36.133818
          ],
          [
            -115.163921,
            36.133789
          ],
          [
            -115.16394,
            36.133761
          ],
          [
            -115.163959,
            36.133732
          ],
          [
            -115.163978,
            36.133703
          ],
          [
            -115.163996,
            36.133675
          ],
          [
            -115.164015,
            36.133646
          ],
          [
            -115.164034,
            36.133617
          ],
          [
            -115.164053,
            36.133589
          ],
          [
            -115.164072,
            36.13356
          ],
          [
            -115.164091,
            36.133532
          ],
          [
            -115.164111,
            36.133503
          ],
          [
            -115.16413,
            36.133475
          ],
          [
            -115.164149,
            36.133446
          ],
          [
            -115.164169,
            36.133418
          ],
          [
            -115.164189,
            36.133388
          ],
          [
            -115.164209,
            36.133358
          ],
          [
            -115.16423,
            36.133328
          ],
          [
            -115.16425,
            36.133298
          ],
          [
            -115.16427,
            36.133268
          ],
          [
            -115.16429,
            36.133239
          ],
          [
            -115.164311,
            36.133209
          ],
          [
            -115.164331,
            36.133179
          ],
          [
            -115.164351,
            36.133149
          ],
          [
            -115.164371,
            36.133119
          ],
          [
            -115.164391,
            36.133089
          ],
          [
            -115.164412,
            36.133059
          ],
          [
            -115.164432,
            36.133029
          ],
          [
            -115.164452,
            36.132999
          ],
          [
            -115.164472,
            36.132969
          ],
          [
            -115.164492,
            36.132939
          ],
          [
            -115.164512,
            36.132909
          ],
          [
            -115.164532,
            36.132879
          ],
          [
            -115.164552,
            36.132849
          ],
          [
            -115.164573,
            36.132819
          ],
          [
            -115.164593,
            36.132789
          ],
          [
            -115.164608,
            36.132766
          ],
          [
            -115.164623,
            36.132744
          ],
          [
            -115.164638,
            36.132721
          ],
          [
            -115.164653,
            36.132699
          ],
          [
            -115.164668,
            36.132676
          ],
          [
            -115.164683,
            36.132654
          ],
          [
            -115.164698,
            36.132631
          ],
          [
            -115.164713,
            36.132609
          ],
          [
            -115.164728,
            36.132586
          ],
          [
            -115.164743,
            36.132563
          ],
          [
            -115.164758,
            36.132541
          ],
          [
            -115.164773,
            36.132518
          ],
          [
            -115.164788,
            36.132496
          ],
          [
            -115.164803,
            36.132473
          ],
          [
            -115.164818,
            36.13245
          ],
          [
            -115.164833,
            36.132428
          ],
          [
            -115.164847,
            36.132405
          ],
          [
            -115.164862,
            36.132382
          ],
          [
            -115.164877,
            36.13236
          ],
          [
            -115.164892,
            36.132337
          ],
          [
            -115.164906,
            36.132314
          ],
          [
            -115.164916,
            36.132299
          ],
          [
            -115.164926,
            36.132284
          ],
          [
            -115.164935,
            36.132268
          ],
          [
            -115.164945,
            36.132253
          ],
          [
            -115.164955,
            36.132238
          ],
          [
            -115.164964,
            36.132222
          ],
          [
            -115.164974,
            36.132207
          ],
          [
            -115.164984,
            36.132191
          ],
          [
            -115.164993,
            36.132176
          ],
          [
            -115.165002,
            36.132161
          ],
          [
            -115.165012,
            36.132145
          ],
          [
            -115.165021,
            36.13213
          ],
          [
            -115.165031,
            36.132114
          ],
          [
            -115.16504,
            36.132099
          ],
          [
            -115.165049,
            36.132083
          ],
          [
            -115.165059,
            36.132068
          ],
          [
            -115.165068,
            36.132052
          ],
          [
            -115.165077,
            36.132037
          ],
          [
            -115.165086,
            36.132021
          ],
          [
            -115.165095,
            36.132006
          ],
          [
            -115.165104,
            36.13199
          ],
          [
            -115.165115,
            36.131972
          ],
          [
            -115.165126,
            36.131955
          ],
          [
            -115.165136,
            36.131937
          ],
          [
            -115.165147,
            36.131919
          ],
          [
            -115.165157,
            36.131901
          ],
          [
            -115.165168,
            36.131884
          ],
          [
            -115.165178,
            36.131866
          ],
          [
            -115.165189,
            36.131848
          ],
          [
            -115.165199,
            36.131831
          ],
          [
            -115.16521,
            36.131813
          ],
          [
            -115.165221,
            36.131795
          ],
          [
            -115.165232,
            36.131778
          ],
          [
            -115.165242,
            36.13176
          ],
          [
            -115.165253,
            36.131742
          ],
          [
            -115.165264,
            36.131725
          ],
          [
            -115.165275,
            36.131707
          ],
          [
            -115.165285,
            36.13169
          ],
          [
            -115.165296,
            36.131672
          ],
          [
            -115.165307,
            36.131654
          ],
          [
            -115.165318,
            36.131637
          ],
          [
            -115.165329,
            36.131619
          ],
          [
            -115.16534,
            36.131601
          ],
          [
            -115.165352,
            36.131583
          ],
          [
            -115.165363,
            36.131564
          ],
          [
            -115.165375,
            36.131546
          ],
          [
            -115.165387,
            36.131528
          ],
          [
            -115.165398,
            36.13151
          ],
          [
            -115.16541,
            36.131492
          ],
          [
            -115.165422,
            36.131473
          ],
          [
            -115.165434,
            36.131455
          ],
          [
            -115.165446,
            36.131437
          ],
          [
            -115.165458,
            36.131419
          ],
          [
            -115.16547,
            36.131401
          ],
          [
            -115.165482,
            36.131383
          ],
          [
            -115.165494,
            36.131365
          ],
          [
            -115.165506,
            36.131347
          ],
          [
            -115.165518,
            36.131329
          ],
          [
            -115.165531,
            36.131312
          ],
          [
            -115.165543,
            36.131294
          ],
          [
            -115.165555,
            36.131276
          ],
          [
            -115.165568,
            36.131258
          ],
          [
            -115.16558,
            36.13124
          ],
          [
            -115.165597,
            36.131216
          ],
          [
            -115.165614,
            36.131192
          ],
          [
            -115.16563,
            36.131168
          ],
          [
            -115.165646,
            36.131144
          ],
          [
            -115.165662,
            36.13112
          ],
          [
            -115.165678,
            36.131096
          ],
          [
            -115.165694,
            36.131071
          ],
          [
            -115.16571,
            36.131047
          ],
          [
            -115.165726,
            36.131023
          ],
          [
            -115.165741,
            36.130998
          ],
          [
            -115.165757,
            36.130974
          ],
          [
            -115.165772,
            36.13095
          ],
          [
            -115.165788,
            36.130925
          ],
          [
            -115.165803,
            36.130901
          ],
          [
            -115.165818,
            36.130876
          ],
          [
            -115.165833,
            36.130851
          ],
          [
            -115.165848,
            36.130827
          ],
          [
            -115.165863,
            36.130802
          ],
          [
            -115.165878,
            36.130778
          ],
          [
            -115.165893,
            36.130753
          ],
          [
            -115.165908,
            36.130728
          ],
          [
            -115.165927,
            36.130697
          ],
          [
            -115.165946,
            36.130666
          ],
          [
            -115.165965,
            36.130635
          ],
          [
            -115.165983,
            36.130604
          ],
          [
            -115.166003,
            36.130573
          ],
          [
            -115.166022,
            36.130542
          ],
          [
            -115.166041,
            36.130512
          ],
          [
            -115.16606,
            36.130481
          ],
          [
            -115.166079,
            36.13045
          ],
          [
            -115.166099,
            36.130419
          ],
          [
            -115.166118,
            36.130388
          ],
          [
            -115.166138,
            36.130358
          ],
          [
            -115.166158,
            36.130327
          ],
          [
            -115.166177,
            36.130296
          ],
          [
            -115.166197,
            36.130266
          ],
          [
            -115.166217,
            36.130235
          ],
          [
            -115.166237,
            36.130205
          ],
          [
            -115.166257,
            36.130174
          ],
          [
            -115.166277,
            36.130144
          ],
          [
            -115.166297,
            36.130113
          ],
          [
            -115.166317,
            36.130083
          ],
          [
            -115.166342,
            36.130046
          ],
          [
            -115.166366,
            36.130009
          ],
          [
            -115.16639,
            36.129972
          ],
          [
            -115.166415,
            36.129936
          ],
          [
            -115.166439,
            36.129899
          ],
          [
            -115.166463,
            36.129862
          ],
          [
            -115.166487,
            36.129825
          ],
          [
            -115.166511,
            36.129788
          ],
          [
            -115.166535,
            36.129752
          ],
          [
            -115.16656,
            36.129715
          ],
          [
            -115.166584,
            36.129678
          ],
          [
            -115.166608,
            36.129641
          ],
          [
            -115.166632,
            36.129604
          ],
          [
            -115.166656,
            36.129567
          ],
          [
            -115.16668,
            36.12953
          ],
          [
            -115.166704,
            36.129494
          ],
          [
            -115.166727,
            36.129457
          ],
          [
            -115.166752,
            36.12942
          ],
          [
            -115.166775,
            36.129383
          ],
          [
            -115.166799,
            36.129346
          ],
          [
            -115.166823,
            36.129309
          ],
          [
            -115.166848,
            36.12927
          ],
          [
            -115.166874,
            36.129231
          ],
          [
            -115.166899,
            36.129191
          ],
          [
            -115.166924,
            36.129152
          ],
          [
            -115.16695,
            36.129113
          ],
          [
            -115.166975,
            36.129074
          ],
          [
            -115.167001,
            36.129035
          ],
          [
            -115.167026,
            36.128996
          ],
          [
            -115.167052,
            36.128957
          ],
          [
            -115.167077,
            36.128918
          ],
          [
            -115.167103,
            36.128879
          ],
          [
            -115.167128,
            36.12884
          ],
          [
            -115.167154,
            36.128801
          ],
          [
            -115.16718,
            36.128762
          ],
          [
            -115.167205,
            36.128723
          ],
          [
            -115.167231,
            36.128684
          ],
          [
            -115.167257,
            36.128645
          ],
          [
            -115.167283,
            36.128606
          ],
          [
            -115.167308,
            36.128567
          ],
          [
            -115.167334,
            36.128529
          ],
          [
            -115.16736,
            36.12849
          ],
          [
            -115.167395,
            36.128438
          ],
          [
            -115.167429,
            36.128386
          ],
          [
            -115.167463,
            36.128335
          ],
          [
            -115.167498,
            36.128283
          ],
          [
            -115.167532,
            36.128232
          ],
          [
            -115.167567,
            36.12818
          ],
          [
            -115.167601,
            36.128128
          ],
          [
            -115.167636,
            36.128077
          ],
          [
            -115.16767,
            36.128025
          ],
          [
            -115.167704,
            36.127974
          ],
          [
            -115.167739,
            36.127922
          ],
          [
            -115.167773,
            36.12787
          ],
          [
            -115.167808,
            36.127819
          ],
          [
            -115.167842,
            36.127767
          ],
          [
            -115.167877,
            36.127715
          ],
          [
            -115.167911,
            36.127664
          ],
          [
            -115.167946,
            36.127612
          ],
          [
            -115.16798,
            36.127561
          ],
          [
            -115.168014,
            36.127509
          ],
          [
            -115.168049,
            36.127457
          ],
          [
            -115.168083,
            36.127406
          ],
          [
            -115.168113,
            36.127362
          ],
          [
            -115.168142,
            36.127319
          ],
          [
            -115.168171,
            36.127275
          ],
          [
            -115.1682,
            36.127231
          ],
          [
            -115.168229,
            36.127188
          ],
          [
            -115.168258,
            36.127144
          ],
          [
            -115.168287,
            36.1271
          ],
          [
            -115.168316,
            36.127057
          ],
          [
            -115.168345,
            36.127013
          ],
          [
            -115.168374,
            36.12697
          ],
          [
            -115.168403,
            36.126926
          ],
          [
            -115.168432,
            36.126882
          ],
          [
            -115.168462,
            36.126839
          ],
          [
            -115.168491,
            36.126795
          ],
          [
            -115.16852,
            36.126751
          ],
          [
            -115.168548,
            36.126708
          ],
          [
            -115.168577,
            36.126664
          ],
          [
            -115.168606,
            36.12662
          ],
          [
            -115.168635,
            36.126577
          ],
          [
            -115.168664,
            36.126533
          ],
          [
            -115.168693,
            36.126489
          ],
          [
            -115.168702,
            36.126474
          ],
          [
            -115.168712,
            36.126459
          ],
          [
            -115.168722,
            36.126444
          ],
          [
            -115.168732,
            36.126429
          ],
          [
            -115.168742,
            36.126414
          ],
          [
            -115.168752,
            36.126399
          ],
          [
            -115.168762,
            36.126384
          ],
          [
            -115.168772,
            36.126368
          ],
          [
            -115.168782,
            36.126354
          ],
          [
            -115.168792,
            36.126338
          ],
          [
            -115.168802,
            36.126323
          ],
          [
            -115.168812,
            36.126308
          ],
          [
            -115.168822,
            36.126293
          ],
          [
            -115.168831,
            36.126278
          ],
          [
            -115.168841,
            36.126263
          ],
          [
            -115.168852,
            36.126248
          ],
          [
            -115.168862,
            36.126233
          ],
          [
            -115.168871,
            36.126218
          ],
          [
            -115.168881,
            36.126203
          ],
          [
            -115.168892,
            36.126188
          ],
          [
            -115.168902,
            36.126173
          ],
          [
            -115.168916,
            36.126151
          ],
          [
            -115.16893,
            36.12613
          ],
          [
            -115.168945,
            36.126108
          ],
          [
            -115.168959,
            36.126086
          ],
          [
            -115.168973,
            36.126065
          ],
          [
            -115.168987,
            36.126043
          ],
          [
            -115.169001,
            36.126022
          ],
          [
            -115.169016,
            36.126
          ],
          [
            -115.16903,
            36.125978
          ],
          [
            -115.169044,
            36.125957
          ],
          [
            -115.169058,
            36.125935
          ],
          [
            -115.169072,
            36.125913
          ],
          [
            -115.169086,
            36.125892
          ],
          [
            -115.1691,
            36.12587
          ],
          [
            -115.169114,
            36.125848
          ],
          [
            -115.169128,
            36.125827
          ],
          [
            -115.169142,
            36.125805
          ],
          [
            -115.169156,
            36.125783
          ],
          [
            -115.16917,
            36.125761
          ],
          [
            -115.169184,
            36.12574
          ],
          [
            -115.169198,
            36.125718
          ],
          [
            -115.169218,
            36.125686
          ],
          [
            -115.169239,
            36.125655
          ],
          [
            -115.169259,
            36.125623
          ],
          [
            -115.16928,
            36.125592
          ],
          [
            -115.1693,
            36.12556
          ],
          [
            -115.169321,
            36.125529
          ],
          [
            -115.169341,
            36.125497
          ],
          [
            -115.169362,
            36.125466
          ],
          [
            -115.169382,
            36.125434
          ],
          [
            -115.169403,
            36.125403
          ],
          [
            -115.169423,
            36.125371
          ],
          [
            -115.169444,
            36.12534
          ],
          [
            -115.169465,
            36.125308
          ],
          [
            -115.169485,
            36.125277
          ],
          [
            -115.169506,
            36.125245
          ],
          [
            -115.169527,
            36.125214
          ],
          [
            -115.169547,
            36.125183
          ],
          [
            -115.169568,
            36.125151
          ],
          [
            -115.169589,
            36.12512
          ],
          [
            -115.16961,
            36.125088
          ],
          [
            -115.169631,
            36.125057
          ],
          [
            -115.16966,
            36.125013
          ],
          [
            -115.169689,
            36.124969
          ],
          [
            -115.169718,
            36.124925
          ],
          [
            -115.169747,
            36.124882
          ],
          [
            -115.169776,
            36.124838
          ],
          [
            -115.169805,
            36.124794
          ],
          [
            -115.169834,
            36.12475
          ],
          [
            -115.169863,
            36.124706
          ],
          [
            -115.169892,
            36.124662
          ],
          [
            -115.169921,
            36.124619
          ],
          [
            -115.16995,
            36.124575
          ],
          [
            -115.169979,
            36.124531
          ],
          [
            -115.170008,
            36.124487
          ],
          [
            -115.170038,
            36.124443
          ],
          [
            -115.170067,
            36.1244
          ],
          [
            -115.170096,
            36.124356
          ],
          [
            -115.170125,
            36.124312
          ],
          [
            -115.170154,
            36.124268
          ],
          [
            -115.170183,
            36.124224
          ],
          [
            -115.170212,
            36.12418
          ],
          [
            -115.170241,
            36.124137
          ],
          [
            -115.170271,
            36.124092
          ],
          [
            -115.1703,
            36.124048
          ],
          [
            -115.17033,
            36.124003
          ],
          [
            -115.170359,
            36.123959
          ],
          [
            -115.170389,
            36.123914
          ],
          [
            -115.170419,
            36.123869
          ],
          [
            -115.170448,
            36.123825
          ],
          [
            -115.170478,
            36.123781
          ],
          [
            -115.170508,
            36.123736
          ],
          [
            -115.170538,
            36.123692
          ],
          [
            -115.170568,
            36.123647
          ],
          [
            -115.170598,
            36.123603
          ],
          [
            -115.170628,
            36.123559
          ],
          [
            -115.170658,
            36.123514
          ],
          [
            -115.170688,
            36.12347
          ],
          [
            -115.170719,
            36.123426
          ],
          [
            -115.170749,
            36.123382
          ],
          [
            -115.17078,
            36.123338
          ],
          [
            -115.17081,
            36.123294
          ],
          [
            -115.170841,
            36.12325
          ],
          [
            -115.170872,
            36.123206
          ],
          [
            -115.17089,
            36.12318
          ],
          [
            -115.170907,
            36.123155
          ],
          [
            -115.170925,
            36.12313
          ],
          [
            -115.170943,
            36.123105
          ],
          [
            -115.170961,
            36.12308
          ],
          [
            -115.170978,
            36.123054
          ],
          [
            -115.170996,
            36.123029
          ],
          [
            -115.171014,
            36.123004
          ],
          [
            -115.171031,
            36.122979
          ],
          [
            -115.171049,
            36.122953
          ],
          [
            -115.171067,
            36.122928
          ],
          [
            -115.171084,
            36.122903
          ],
          [
            -115.171102,
            36.122878
          ],
          [
            -115.17112,
            36.122852
          ],
          [
            -115.171137,
            36.122827
          ],
          [
            -115.171155,
            36.122802
          ],
          [
            -115.171172,
            36.122776
          ],
          [
            -115.17119,
            36.122751
          ],
          [
            -115.171207,
            36.122726
          ],
          [
            -115.171225,
            36.1227
          ],
          [
            -115.171243,
            36.122675
          ],
          [
            -115.171258,
            36.122652
          ],
          [
            -115.171274,
            36.122629
          ],
          [
            -115.17129,
            36.122606
          ],
          [
            -115.171305,
            36.122583
          ],
          [
            -115.171321,
            36.122559
          ],
          [
            -115.171336,
            36.122536
          ],
          [
            -115.171351,
            36.122513
          ],
          [
            -115.171366,
            36.12249
          ],
          [
            -115.171381,
            36.122466
          ],
          [
            -115.171397,
            36.122443
          ],
          [
            -115.171412,
            36.122419
          ],
          [
            -115.171426,
            36.122396
          ],
          [
            -115.171441,
            36.122372
          ],
          [
            -115.171456,
            36.122349
          ],
          [
            -115.171471,
            36.122325
          ],
          [
            -115.171485,
            36.122302
          ],
          [
            -115.1715,
            36.122278
          ],
          [
            -115.171514,
            36.122255
          ],
          [
            -115.171529,
            36.122231
          ],
          [
            -115.171543,
            36.122208
          ],
          [
            -115.171558,
            36.122184
          ],
          [
            -115.171572,
            36.12216
          ],
          [
            -115.171587,
            36.122136
          ],
          [
            -115.171601,
            36.122113
          ],
          [
            -115.171615,
            36.122089
          ],
          [
            -115.171629,
            36.122065
          ],
          [
            -115.171643,
            36.122041
          ],
          [
            -115.171657,
            36.122017
          ],
          [
            -115.171671,
            36.121993
          ],
          [
            -115.171685,
            36.121969
          ],
          [
            -115.171699,
            36.121945
          ],
          [
            -115.171712,
            36.121921
          ],
          [
            -115.171726,
            36.121897
          ],
          [
            -115.171739,
            36.121873
          ],
          [
            -115.171752,
            36.121849
          ],
          [
            -115.171765,
            36.121825
          ],
          [
            -115.171778,
            36.121801
          ],
          [
            -115.171791,
            36.121776
          ],
          [
            -115.171804,
            36.121752
          ],
          [
            -115.171816,
            36.121728
          ],
          [
            -115.171829,
            36.121703
          ],
          [
            -115.171841,
            36.121679
          ],
          [
            -115.171852,
            36.121656
          ],
          [
            -115.171864,
            36.121633
          ],
          [
            -115.171875,
            36.12161
          ],
          [
            -115.171886,
            36.121587
          ],
          [
            -115.171897,
            36.121564
          ],
          [
            -115.171907,
            36.121542
          ],
          [
            -115.171918,
            36.121519
          ],
          [
            -115.171929,
            36.121496
          ],
          [
            -115.171939,
            36.121473
          ],
          [
            -115.17195,
            36.12145
          ],
          [
            -115.17196,
            36.121427
          ],
          [
            -115.171971,
            36.121404
          ],
          [
            -115.171981,
            36.121381
          ],
          [
            -115.171991,
            36.121358
          ],
          [
            -115.172002,
            36.121334
          ],
          [
            -115.172012,
            36.121311
          ],
          [
            -115.172022,
            36.121288
          ],
          [
            -115.172032,
            36.121265
          ],
          [
            -115.172042,
            36.121242
          ],
          [
            -115.172052,
            36.121219
          ],
          [
            -115.172062,
            36.121195
          ],
          [
            -115.172072,
            36.121172
          ],
          [
            -115.172082,
            36.121148
          ],
          [
            -115.172092,
            36.121124
          ],
          [
            -115.172102,
            36.121101
          ],
          [
            -115.172112,
            36.121077
          ],
          [
            -115.172122,
            36.121053
          ],
          [
            -115.172132,
            36.12103
          ],
          [
            -115.172141,
            36.121006
          ],
          [
            -115.172151,
            36.120982
          ],
          [
            -115.172161,
            36.120958
          ],
          [
            -115.172171,
            36.120935
          ],
          [
            -115.172181,
            36.120911
          ],
          [
            -115.172191,
            36.120887
          ],
          [
            -115.172201,
            36.120863
          ],
          [
            -115.172211,
            36.12084
          ],
          [
            -115.17222,
            36.120816
          ],
          [
            -115.17223,
            36.120792
          ],
          [
            -115.17224,
            36.120768
          ],
          [
            -115.17225,
            36.120745
          ],
          [
            -115.172259,
            36.120721
          ],
          [
            -115.172269,
            36.120697
          ],
          [
            -115.172279,
            36.120673
          ],
          [
            -115.172288,
            36.120649
          ],
          [
            -115.172297,
            36.120626
          ],
          [
            -115.172307,
            36.120602
          ],
          [
            -115.172316,
            36.120578
          ],
          [
            -115.172325,
            36.120554
          ],
          [
            -115.172335,
            36.12053
          ],
          [
            -115.172344,
            36.120506
          ],
          [
            -115.172353,
            36.120482
          ],
          [
            -115.172362,
            36.120458
          ],
          [
            -115.172371,
            36.120434
          ],
          [
            -115.17238,
            36.12041
          ],
          [
            -115.172388,
            36.120386
          ],
          [
            -115.172397,
            36.120362
          ],
          [
            -115.172406,
            36.120338
          ],
          [
            -115.172415,
            36.120314
          ],
          [
            -115.172423,
            36.12029
          ],
          [
            -115.172432,
            36.120266
          ],
          [
            -115.17244,
            36.120242
          ],
          [
            -115.172448,
            36.120218
          ],
          [
            -115.172457,
            36.120194
          ],
          [
            -115.172464,
            36.120174
          ],
          [
            -115.172471,
            36.120154
          ],
          [
            -115.172478,
            36.120133
          ],
          [
            -115.172484,
            36.120113
          ],
          [
            -115.172491,
            36.120093
          ],
          [
            -115.172498,
            36.120073
          ],
          [
            -115.172505,
            36.120053
          ],
          [
            -115.172512,
            36.120033
          ],
          [
            -115.172519,
            36.120013
          ],
          [
            -115.172525,
            36.119992
          ],
          [
            -115.172532,
            36.119972
          ],
          [
            -115.172539,
            36.119952
          ],
          [
            -115.172545,
            36.119932
          ],
          [
            -115.172552,
            36.119912
          ],
          [
            -115.172558,
            36.119892
          ],
          [
            -115.172565,
            36.119871
          ],
          [
            -115.172571,
            36.119851
          ],
          [
            -115.172577,
            36.119831
          ],
          [
            -115.172584,
            36.11981
          ],
          [
            -115.17259,
            36.11979
          ],
          [
            -115.172596,
            36.11977
          ],
          [
            -115.1726,
            36.119756
          ],
          [
            -115.172604,
            36.119742
          ],
          [
            -115.172608,
            36.119728
          ],
          [
            -115.172612,
            36.119715
          ],
          [
            -115.172616,
            36.119701
          ],
          [
            -115.17262,
            36.119687
          ],
          [
            -115.172624,
            36.119673
          ],
          [
            -115.172628,
            36.119659
          ],
          [
            -115.172632,
            36.119645
          ],
          [
            -115.172635,
            36.119631
          ],
          [
            -115.172639,
            36.119617
          ],
          [
            -115.172643,
            36.119603
          ],
          [
            -115.172647,
            36.11959
          ],
          [
            -115.172651,
            36.119576
          ],
          [
            -115.172654,
            36.119562
          ],
          [
            -115.172658,
            36.119548
          ],
          [
            -115.172662,
            36.119534
          ],
          [
            -115.172665,
            36.11952
          ],
          [
            -115.172669,
            36.119506
          ],
          [
            -115.172672,
            36.119492
          ],
          [
            -115.172676,
            36.119478
          ],
          [
            -115.17268,
            36.119463
          ],
          [
            -115.172684,
            36.119448
          ],
          [
            -115.172687,
            36.119433
          ],
          [
            -115.172691,
            36.119418
          ],
          [
            -115.172695,
            36.119402
          ],
          [
            -115.172698,
            36.119387
          ],
          [
            -115.172702,
            36.119372
          ],
          [
            -115.172706,
            36.119357
          ],
          [
            -115.172709,
            36.119342
          ],
          [
            -115.172713,
            36.119327
          ],
          [
            -115.172716,
            36.119311
          ],
          [
            -115.17272,
            36.119296
          ],
          [
            -115.172723,
            36.119281
          ],
          [
            -115.172727,
            36.119266
          ],
          [
            -115.17273,
            36.119251
          ],
          [
            -115.172734,
            36.119236
          ],
          [
            -115.172737,
            36.11922
          ],
          [
            -115.17274,
            36.119205
          ],
          [
            -115.172744,
            36.11919
          ],
          [
            -115.172747,
            36.119175
          ],
          [
            -115.17275,
            36.119159
          ],
          [
            -115.172754,
            36.11914
          ],
          [
            -115.172759,
            36.11912
          ],
          [
            -115.172763,
            36.119101
          ],
          [
            -115.172767,
            36.119081
          ],
          [
            -115.172771,
            36.119061
          ],
          [
            -115.172775,
            36.119042
          ],
          [
            -115.172778,
            36.119022
          ],
          [
            -115.172782,
            36.119002
          ],
          [
            -115.172786,
            36.118983
          ],
          [
            -115.172789,
            36.118963
          ],
          [
            -115.172793,
            36.118943
          ],
          [
            -115.172797,
            36.118924
          ],
          [
            -115.1728,
            36.118904
          ],
          [
            -115.172804,
            36.118884
          ],
          [
            -115.172807,
            36.118865
          ],
          [
            -115.17281,
            36.118845
          ],
          [
            -115.172814,
            36.118825
          ],
          [
            -115.172817,
            36.118805
          ],
          [
            -115.17282,
            36.118786
          ],
          [
            -115.172824,
            36.118766
          ],
          [
            -115.172827,
            36.118746
          ],
          [
            -115.17283,
            36.118726
          ],
          [
            -115.172833,
            36.118706
          ],
          [
            -115.172836,
            36.118685
          ],
          [
            -115.17284,
            36.118665
          ],
          [
            -115.172843,
            36.118645
          ],
          [
            -115.172846,
            36.118625
          ],
          [
            -115.172849,
            36.118604
          ],
          [
            -115.172852,
            36.118584
          ],
          [
            -115.172855,
            36.118564
          ],
          [
            -115.172858,
            36.118543
          ],
          [
            -115.172861,
            36.118523
          ],
          [
            -115.172864,
            36.118502
          ],
          [
            -115.172867,
            36.118482
          ],
          [
            -115.17287,
            36.118462
          ],
          [
            -115.172873,
            36.118442
          ],
          [
            -115.172875,
            36.118421
          ],
          [
            -115.172878,
            36.118401
          ],
          [
            -115.172881,
            36.118381
          ],
          [
            -115.172884,
            36.11836
          ],
          [
            -115.172886,
            36.11834
          ],
          [
            -115.172889,
            36.118319
          ],
          [
            -115.172891,
            36.118302
          ],
          [
            -115.172893,
            36.118285
          ],
          [
            -115.172895,
            36.118267
          ],
          [
            -115.172897,
            36.11825
          ],
          [
            -115.172899,
            36.118232
          ],
          [
            -115.172901,
            36.118215
          ],
          [
            -115.172903,
            36.118198
          ],
          [
            -115.172905,
            36.11818
          ],
          [
            -115.172907,
            36.118163
          ],
          [
            -115.172909,
            36.118145
          ],
          [
            -115.17291,
            36.118128
          ],
          [
            -115.172912,
            36.11811
          ],
          [
            -115.172914,
            36.118093
          ],
          [
            -115.172915,
            36.118075
          ],
          [
            -115.172917,
            36.118058
          ],
          [
            -115.172918,
            36.11804
          ],
          [
            -115.17292,
            36.118023
          ],
          [
            -115.172921,
            36.118005
          ],
          [
            -115.172922,
            36.117988
          ],
          [
            -115.172923,
            36.11797
          ],
          [
            -115.172925,
            36.117953
          ],
          [
            -115.172926,
            36.117936
          ],
          [
            -115.172927,
            36.117918
          ],
          [
            -115.172928,
            36.117901
          ],
          [
            -115.172929,
            36.117884
          ],
          [
            -115.17293,
            36.117866
          ],
          [
            -115.172931,
            36.117849
          ],
          [
            -115.172932,
            36.117832
          ],
          [
            -115.172933,
            36.117815
          ],
          [
            -115.172934,
            36.117797
          ],
          [
            -115.172935,
            36.11778
          ],
          [
            -115.172936,
            36.117763
          ],
          [
            -115.172937,
            36.117745
          ],
          [
            -115.172938,
            36.117728
          ],
          [
            -115.172939,
            36.117711
          ],
          [
            -115.17294,
            36.117694
          ],
          [
            -115.172941,
            36.117676
          ],
          [
            -115.172942,
            36.117659
          ],
          [
            -115.172943,
            36.117642
          ],
          [
            -115.172944,
            36.117624
          ],
          [
            -115.172944,
            36.117607
          ],
          [
            -115.172945,
            36.11759
          ],
          [
            -115.172946,
            36.117571
          ],
          [
            -115.172947,
            36.117553
          ],
          [
            -115.172948,
            36.117534
          ],
          [
            -115.172949,
            36.117515
          ],
          [
            -115.172949,
            36.117497
          ],
          [
            -115.17295,
            36.117478
          ],
          [
            -115.172951,
            36.117459
          ],
          [
            -115.172951,
            36.117441
          ],
          [
            -115.172952,
            36.117422
          ],
          [
            -115.172953,
            36.117403
          ],
          [
            -115.172953,
            36.117385
          ],
          [
            -115.172954,
            36.117366
          ],
          [
            -115.172954,
            36.117347
          ],
          [
            -115.172955,
            36.117329
          ],
          [
            -115.172955,
            36.11731
          ],
          [
            -115.172955,
            36.117291
          ],
          [
            -115.172956,
            36.117273
          ],
          [
            -115.172956,
            36.117254
          ],
          [
            -115.172956,
            36.117235
          ],
          [
            -115.172957,
            36.117217
          ],
          [
            -115.172957,
            36.117198
          ],
          [
            -115.172957,
            36.117178
          ],
          [
            -115.172957,
            36.117158
          ],
          [
            -115.172957,
            36.117138
          ],
          [
            -115.172957,
            36.117118
          ],
          [
            -115.172957,
            36.117098
          ],
          [
            -115.172957,
            36.117078
          ],
          [
            -115.172957,
            36.117059
          ],
          [
            -115.172957,
            36.117039
          ],
          [
            -115.172957,
            36.117019
          ],
          [
            -115.172957,
            36.116999
          ],
          [
            -115.172957,
            36.116979
          ],
          [
            -115.172957,
            36.116959
          ],
          [
            -115.172957,
            36.116939
          ],
          [
            -115.172956,
            36.116919
          ],
          [
            -115.172956,
            36.116899
          ],
          [
            -115.172956,
            36.116879
          ],
          [
            -115.172955,
            36.116859
          ],
          [
            -115.172955,
            36.11684
          ],
          [
            -115.172954,
            36.11682
          ],
          [
            -115.172954,
            36.1168
          ],
          [
            -115.172953,
            36.11678
          ],
          [
            -115.172953,
            36.116758
          ],
          [
            -115.172952,
            36.116735
          ],
          [
            -115.172951,
            36.116713
          ],
          [
            -115.172951,
            36.116691
          ],
          [
            -115.17295,
            36.116669
          ],
          [
            -115.172949,
            36.116647
          ],
          [
            -115.172949,
            36.116625
          ],
          [
            -115.172948,
            36.116602
          ],
          [
            -115.172947,
            36.11658
          ],
          [
            -115.172946,
            36.116558
          ],
          [
            -115.172945,
            36.116536
          ],
          [
            -115.172945,
            36.116514
          ],
          [
            -115.172944,
            36.116491
          ],
          [
            -115.172943,
            36.116469
          ],
          [
            -115.172942,
            36.116447
          ],
          [
            -115.172941,
            36.116425
          ],
          [
            -115.17294,
            36.116402
          ],
          [
            -115.172939,
            36.11638
          ],
          [
            -115.172938,
            36.116358
          ],
          [
            -115.172937,
            36.116336
          ],
          [
            -115.172936,
            36.116314
          ],
          [
            -115.172935,
            36.116284
          ],
          [
            -115.172934,
            36.116254
          ],
          [
            -115.172933,
            36.116224
          ],
          [
            -115.172932,
            36.116194
          ],
          [
            -115.172931,
            36.116165
          ],
          [
            -115.172929,
            36.116135
          ],
          [
            -115.172928,
            36.116105
          ],
          [
            -115.172928,
            36.116075
          ],
          [
            -115.172927,
            36.116045
          ],
          [
            -115.172926,
            36.116016
          ],
          [
            -115.172925,
            36.115986
          ],
          [
            -115.172924,
            36.115956
          ],
          [
            -115.172924,
            36.115926
          ],
          [
            -115.172923,
            36.115896
          ],
          [
            -115.172922,
            36.115866
          ],
          [
            -115.172922,
            36.115837
          ],
          [
            -115.172921,
            36.115807
          ],
          [
            -115.172921,
            36.115777
          ],
          [
            -115.17292,
            36.115747
          ],
          [
            -115.17292,
            36.115717
          ],
          [
            -115.172919,
            36.115687
          ],
          [
            -115.172919,
            36.115663
          ],
          [
            -115.172918,
            36.115639
          ],
          [
            -115.172918,
            36.115614
          ],
          [
            -115.172917,
            36.11559
          ],
          [
            -115.172917,
            36.115565
          ],
          [
            -115.172917,
            36.115541
          ],
          [
            -115.172916,
            36.115517
          ],
          [
            -115.172916,
            36.115492
          ],
          [
            -115.172916,
            36.115468
          ],
          [
            -115.172915,
            36.115443
          ],
          [
            -115.172915,
            36.115419
          ],
          [
            -115.172915,
            36.115395
          ],
          [
            -115.172915,
            36.11537
          ],
          [
            -115.172915,
            36.115346
          ],
          [
            -115.172915,
            36.115322
          ],
          [
            -115.172915,
            36.115297
          ],
          [
            -115.172915,
            36.115273
          ],
          [
            -115.172916,
            36.115248
          ],
          [
            -115.172916,
            36.115224
          ],
          [
            -115.172917,
            36.1152
          ],
          [
            -115.172918,
            36.115175
          ],
          [
            -115.172918,
            36.115153
          ],
          [
            -115.172919,
            36.11513
          ],
          [
            -115.17292,
            36.115107
          ],
          [
            -115.172921,
            36.115084
          ],
          [
            -115.172922,
            36.115062
          ],
          [
            -115.172922,
            36.115039
          ],
          [
            -115.172923,
            36.115016
          ],
          [
            -115.172924,
            36.114994
          ],
          [
            -115.172925,
            36.114971
          ],
          [
            -115.172926,
            36.114948
          ],
          [
            -115.172926,
            36.114925
          ],
          [
            -115.172927,
            36.114903
          ],
          [
            -115.172928,
            36.11488
          ],
          [
            -115.172929,
            36.114857
          ],
          [
            -115.17293,
            36.114835
          ],
          [
            -115.172931,
            36.114812
          ],
          [
            -115.172932,
            36.114789
          ],
          [
            -115.172933,
            36.114767
          ],
          [
            -115.172933,
            36.114744
          ],
          [
            -115.172934,
            36.114721
          ],
          [
            -115.172935,
            36.114699
          ],
          [
            -115.172937,
            36.114662
          ],
          [
            -115.172938,
            36.114625
          ],
          [
            -115.172939,
            36.114588
          ],
          [
            -115.17294,
            36.114551
          ],
          [
            -115.172942,
            36.114514
          ],
          [
            -115.172943,
            36.114477
          ],
          [
            -115.172944,
            36.11444
          ],
          [
            -115.172945,
            36.114403
          ],
          [
            -115.172946,
            36.114366
          ],
          [
            -115.172947,
            36.114329
          ],
          [
            -115.172948,
            36.114292
          ],
          [
            -115.172949,
            36.114255
          ],
          [
            -115.17295,
            36.114219
          ],
          [
            -115.172951,
            36.114182
          ],
          [
            -115.172952,
            36.114145
          ],
          [
            -115.172953,
            36.114108
          ],
          [
            -115.172954,
            36.114071
          ],
          [
            -115.172955,
            36.114034
          ],
          [
            -115.172956,
            36.113997
          ],
          [
            -115.172956,
            36.11396
          ],
          [
            -115.172957,
            36.113923
          ],
          [
            -115.172958,
            36.113887
          ],
          [
            -115.172959,
            36.113851
          ],
          [
            -115.17296,
            36.113815
          ],
          [
            -115.17296,
            36.113779
          ],
          [
            -115.172961,
            36.113743
          ],
          [
            -115.172962,
            36.113708
          ],
          [
            -115.172963,
            36.113672
          ],
          [
            -115.172964,
            36.113636
          ],
          [
            -115.172965,
            36.1136
          ],
          [
            -115.172965,
            36.113564
          ],
          [
            -115.172966,
            36.113528
          ],
          [
            -115.172967,
            36.113492
          ],
          [
            -115.172968,
            36.113456
          ],
          [
            -115.172969,
            36.11342
          ],
          [
            -115.17297,
            36.113384
          ],
          [
            -115.172971,
            36.113348
          ],
          [
            -115.172972,
            36.113312
          ],
          [
            -115.172973,
            36.113276
          ],
          [
            -115.172974,
            36.113241
          ],
          [
            -115.172976,
            36.113205
          ],
          [
            -115.172977,
            36.113169
          ],
          [
            -115.172978,
            36.113138
          ],
          [
            -115.172979,
            36.113107
          ],
          [
            -115.17298,
            36.113076
          ],
          [
            -115.172981,
            36.113045
          ],
          [
            -115.172982,
            36.113014
          ],
          [
            -115.172983,
            36.112983
          ],
          [
            -115.172984,
            36.112952
          ],
          [
            -115.172985,
            36.112921
          ],
          [
            -115.172986,
            36.11289
          ],
          [
            -115.172987,
            36.112859
          ],
          [
            -115.172988,
            36.112828
          ],
          [
            -115.172989,
            36.112797
          ],
          [
            -115.17299,
            36.112766
          ],
          [
            -115.172991,
            36.112735
          ],
          [
            -115.172992,
            36.112704
          ],
          [
            -115.172993,
            36.112673
          ],
          [
            -115.172994,
            36.112642
          ],
          [
            -115.172995,
            36.112611
          ],
          [
            -115.172996,
            36.11258
          ],
          [
            -115.172997,
            36.112549
          ],
          [
            -115.172998,
            36.112518
          ],
          [
            -115.172999,
            36.112489
          ],
          [
            -115.173,
            36.11246
          ],
          [
            -115.173001,
            36.112431
          ],
          [
            -115.173002,
            36.112402
          ],
          [
            -115.173003,
            36.112373
          ],
          [
            -115.173004,
            36.112344
          ],
          [
            -115.173005,
            36.112316
          ],
          [
            -115.173006,
            36.112287
          ],
          [
            -115.173006,
            36.112258
          ],
          [
            -115.173007,
            36.112229
          ],
          [
            -115.173008,
            36.1122
          ],
          [
            -115.173009,
            36.112171
          ],
          [
            -115.17301,
            36.112142
          ],
          [
            -115.173011,
            36.112114
          ],
          [
            -115.173011,
            36.112085
          ],
          [
            -115.173012,
            36.112056
          ],
          [
            -115.173013,
            36.112027
          ],
          [
            -115.173013,
            36.111998
          ],
          [
            -115.173014,
            36.111969
          ],
          [
            -115.173015,
            36.11194
          ],
          [
            -115.173016,
            36.111911
          ],
          [
            -115.173016,
            36.111886
          ],
          [
            -115.173017,
            36.11186
          ],
          [
            -115.173017,
            36.111834
          ],
          [
            -115.173018,
            36.111808
          ],
          [
            -115.173018,
            36.111782
          ],
          [
            -115.173019,
            36.111757
          ],
          [
            -115.17302,
            36.111731
          ],
          [
            -115.17302,
            36.111705
          ],
          [
            -115.173021,
            36.111679
          ],
          [
            -115.173021,
            36.111654
          ],
          [
            -115.173022,
            36.111628
          ],
          [
            -115.173023,
            36.111602
          ],
          [
            -115.173023,
            36.111576
          ],
          [
            -115.173024,
            36.11155
          ],
          [
            -115.173024,
            36.111525
          ],
          [
            -115.173025,
            36.111499
          ],
          [
            -115.173025,
            36.111473
          ],
          [
            -115.173026,
            36.111447
          ],
          [
            -115.173027,
            36.111421
          ],
          [
            -115.173027,
            36.111396
          ],
          [
            -115.173028,
            36.11137
          ],
          [
            -115.173029,
            36.11133
          ],
          [
            -115.173029,
            36.111291
          ],
          [
            -115.17303,
            36.111251
          ],
          [
            -115.173031,
            36.111212
          ],
          [
            -115.173031,
            36.111172
          ],
          [
            -115.173031,
            36.111133
          ],
          [
            -115.173032,
            36.111093
          ],
          [
            -115.173032,
            36.111054
          ],
          [
            -115.173032,
            36.111014
          ],
          [
            -115.173032,
            36.110974
          ],
          [
            -115.173032,
            36.110935
          ],
          [
            -115.173032,
            36.110895
          ],
          [
            -115.173032,
            36.110856
          ],
          [
            -115.173032,
            36.110816
          ],
          [
            -115.173032,
            36.110777
          ],
          [
            -115.173032,
            36.110737
          ],
          [
            -115.173032,
            36.110698
          ],
          [
            -115.173032,
            36.110658
          ],
          [
            -115.173031,
            36.110619
          ],
          [
            -115.173031,
            36.110579
          ],
          [
            -115.173031,
            36.11054
          ],
          [
            -115.173031,
            36.110495
          ],
          [
            -115.17303,
            36.110451
          ],
          [
            -115.17303,
            36.110407
          ],
          [
            -115.17303,
            36.110363
          ],
          [
            -115.17303,
            36.110319
          ],
          [
            -115.173029,
            36.110275
          ],
          [
            -115.173029,
            36.110231
          ],
          [
            -115.173029,
            36.110187
          ],
          [
            -115.173029,
            36.110143
          ],
          [
            -115.173028,
            36.110098
          ],
          [
            -115.173028,
            36.110054
          ],
          [
            -115.173028,
            36.11001
          ],
          [
            -115.173027,
            36.109966
          ],
          [
            -115.173027,
            36.109922
          ],
          [
            -115.173026,
            36.109878
          ],
          [
            -115.173026,
            36.109834
          ],
          [
            -115.173026,
            36.10979
          ],
          [
            -115.173025,
            36.109746
          ],
          [
            -115.173025,
            36.109702
          ],
          [
            -115.173024,
            36.109657
          ],
          [
            -115.173024,
            36.109613
          ],
          [
            -115.173023,
            36.109585
          ],
          [
            -115.173023,
            36.109556
          ],
          [
            -115.173023,
            36.109527
          ],
          [
            -115.173023,
            36.109499
          ],
          [
            -115.173022,
            36.10947
          ],
          [
            -115.173022,
            36.109441
          ],
          [
            -115.173022,
            36.109412
          ],
          [
            -115.173022,
            36.109384
          ],
          [
            -115.173022,
            36.109355
          ],
          [
            -115.173022,
            36.109326
          ],
          [
            -115.173022,
            36.109298
          ],
          [
            -115.173022,
            36.109269
          ],
          [
            -115.173023,
            36.10924
          ],
          [
            -115.173023,
            36.109212
          ],
          [
            -115.173023,
            36.109183
          ],
          [
            -115.173023,
            36.109154
          ],
          [
            -115.173024,
            36.109125
          ],
          [
            -115.173024,
            36.109097
          ],
          [
            -115.173025,
            36.109068
          ],
          [
            -115.173026,
            36.109039
          ],
          [
            -115.173027,
            36.10901
          ],
          [
            -115.173028,
            36.108983
          ],
          [
            -115.173028,
            36.108955
          ],
          [
            -115.173029,
            36.108927
          ],
          [
            -115.17303,
            36.108899
          ],
          [
            -115.173031,
            36.108871
          ],
          [
            -115.173032,
            36.108843
          ],
          [
            -115.173033,
            36.108815
          ],
          [
            -115.173034,
            36.108787
          ],
          [
            -115.173035,
            36.108759
          ],
          [
            -115.173036,
            36.108731
          ],
          [
            -115.173036,
            36.108703
          ],
          [
            -115.173038,
            36.108675
          ],
          [
            -115.173038,
            36.108647
          ],
          [
            -115.173039,
            36.108619
          ],
          [
            -115.17304,
            36.108591
          ],
          [
            -115.173041,
            36.108563
          ],
          [
            -115.173042,
            36.108535
          ],
          [
            -115.173043,
            36.108507
          ],
          [
            -115.173044,
            36.108479
          ],
          [
            -115.173045,
            36.108451
          ],
          [
            -115.173046,
            36.108423
          ],
          [
            -115.173048,
            36.108387
          ],
          [
            -115.173049,
            36.108351
          ],
          [
            -115.17305,
            36.108315
          ],
          [
            -115.173051,
            36.108279
          ],
          [
            -115.173052,
            36.108243
          ],
          [
            -115.173053,
            36.108207
          ],
          [
            -115.173054,
            36.108171
          ],
          [
            -115.173054,
            36.108135
          ],
          [
            -115.173055,
            36.108099
          ],
          [
            -115.173056,
            36.108063
          ],
          [
            -115.173056,
            36.108027
          ],
          [
            -115.173056,
            36.107991
          ],
          [
            -115.173057,
            36.107955
          ],
          [
            -115.173057,
            36.107919
          ],
          [
            -115.173057,
            36.107883
          ],
          [
            -115.173057,
            36.107847
          ],
          [
            -115.173057,
            36.107811
          ],
          [
            -115.173057,
            36.107775
          ],
          [
            -115.173057,
            36.107739
          ],
          [
            -115.173057,
            36.107703
          ],
          [
            -115.173057,
            36.107667
          ],
          [
            -115.173057,
            36.10762
          ],
          [
            -115.173057,
            36.107572
          ],
          [
            -115.173056,
            36.107525
          ],
          [
            -115.173056,
            36.107478
          ],
          [
            -115.173056,
            36.10743
          ],
          [
            -115.173056,
            36.107383
          ],
          [
            -115.173055,
            36.107336
          ],
          [
            -115.173055,
            36.107289
          ],
          [
            -115.173055,
            36.107241
          ],
          [
            -115.173054,
            36.107194
          ],
          [
            -115.173054,
            36.107147
          ],
          [
            -115.173054,
            36.107099
          ],
          [
            -115.173053,
            36.107052
          ],
          [
            -115.173053,
            36.107005
          ],
          [
            -115.173052,
            36.106958
          ],
          [
            -115.173052,
            36.10691
          ],
          [
            -115.173052,
            36.106863
          ],
          [
            -115.173051,
            36.106816
          ],
          [
            -115.173051,
            36.106768
          ],
          [
            -115.173051,
            36.106721
          ],
          [
            -115.17305,
            36.106674
          ],
          [
            -115.17305,
            36.10662
          ],
          [
            -115.173049,
            36.106566
          ],
          [
            -115.173049,
            36.106512
          ],
          [
            -115.173048,
            36.106458
          ],
          [
            -115.173048,
            36.106404
          ],
          [
            -115.173047,
            36.10635
          ],
          [
            -115.173046,
            36.106296
          ],
          [
            -115.173046,
            36.106242
          ],
          [
            -115.173045,
            36.106189
          ],
          [
            -115.173045,
            36.106135
          ],
          [
            -115.173044,
            36.106081
          ],
          [
            -115.173044,
            36.106027
          ],
          [
            -115.173043,
            36.105973
          ],
          [
            -115.173042,
            36.105919
          ],
          [
            -115.173041,
            36.105865
          ],
          [
            -115.173041,
            36.105811
          ],
          [
            -115.17304,
            36.105757
          ],
          [
            -115.173039,
            36.105703
          ],
          [
            -115.173039,
            36.105649
          ],
          [
            -115.173038,
            36.105595
          ],
          [
            -115.173037,
            36.105541
          ],
          [
            -115.173036,
            36.105495
          ],
          [
            -115.173036,
            36.105449
          ],
          [
            -115.173035,
            36.105403
          ],
          [
            -115.173034,
            36.105357
          ],
          [
            -115.173034,
            36.105311
          ],
          [
            -115.173033,
            36.105266
          ],
          [
            -115.173032,
            36.105219
          ],
          [
            -115.173032,
            36.105174
          ],
          [
            -115.173031,
            36.105128
          ],
          [
            -115.17303,
            36.105082
          ],
          [
            -115.17303,
            36.105036
          ],
          [
            -115.173029,
            36.10499
          ],
          [
            -115.173028,
            36.104944
          ],
          [
            -115.173028,
            36.104898
          ],
          [
            -115.173027,
            36.104852
          ],
          [
            -115.173026,
            36.104806
          ],
          [
            -115.173026,
            36.10476
          ],
          [
            -115.173025,
            36.104714
          ],
          [
            -115.173024,
            36.104668
          ],
          [
            -115.173024,
            36.104622
          ],
          [
            -115.173023,
            36.104576
          ],
          [
            -115.173023,
            36.104545
          ],
          [
            -115.173022,
            36.104514
          ],
          [
            -115.173022,
            36.104483
          ],
          [
            -115.173021,
            36.104452
          ],
          [
            -115.173021,
            36.104421
          ],
          [
            -115.173021,
            36.10439
          ],
          [
            -115.173021,
            36.104359
          ],
          [
            -115.17302,
            36.104328
          ],
          [
            -115.17302,
            36.104297
          ],
          [
            -115.17302,
            36.104266
          ],
          [
            -115.17302,
            36.104235
          ],
          [
            -115.17302,
            36.104204
          ],
          [
            -115.17302,
            36.104173
          ],
          [
            -115.173021,
            36.104142
          ],
          [
            -115.173021,
            36.104111
          ],
          [
            -115.173022,
            36.10408
          ],
          [
            -115.173022,
            36.104049
          ],
          [
            -115.173023,
            36.104018
          ],
          [
            -115.173024,
            36.103987
          ],
          [
            -115.173025,
            36.103956
          ],
          [
            -115.173026,
            36.103925
          ],
          [
            -115.173027,
            36.103903
          ],
          [
            -115.173028,
            36.103881
          ],
          [
            -115.173028,
            36.103859
          ],
          [
            -115.173029,
            36.103837
          ],
          [
            -115.17303,
            36.103815
          ],
          [
            -115.173031,
            36.103793
          ],
          [
            -115.173031,
            36.103771
          ],
          [
            -115.173032,
            36.103749
          ],
          [
            -115.173032,
            36.103726
          ],
          [
            -115.173033,
            36.103704
          ],
          [
            -115.173034,
            36.103682
          ],
          [
            -115.173034,
            36.10366
          ],
          [
            -115.173034,
            36.103638
          ],
          [
            -115.173035,
            36.103616
          ],
          [
            -115.173035,
            36.103594
          ],
          [
            -115.173036,
            36.103572
          ],
          [
            -115.173036,
            36.10355
          ],
          [
            -115.173036,
            36.103528
          ],
          [
            -115.173037,
            36.103506
          ],
          [
            -115.173037,
            36.103484
          ],
          [
            -115.173037,
            36.103462
          ],
          [
            -115.173037,
            36.10344
          ],
          [
            -115.173037,
            36.103418
          ],
          [
            -115.173037,
            36.103396
          ],
          [
            -115.173037,
            36.103374
          ],
          [
            -115.173037,
            36.103352
          ],
          [
            -115.173037,
            36.103331
          ],
          [
            -115.173037,
            36.103309
          ],
          [
            -115.173036,
            36.103287
          ],
          [
            -115.173036,
            36.103265
          ],
          [
            -115.173036,
            36.103243
          ],
          [
            -115.173035,
            36.103221
          ],
          [
            -115.173035,
            36.1032
          ],
          [
            -115.173034,
            36.103178
          ],
          [
            -115.173034,
            36.103156
          ],
          [
            -115.173033,
            36.103134
          ],
          [
            -115.173032,
            36.103112
          ],
          [
            -115.173031,
            36.10309
          ],
          [
            -115.17303,
            36.103068
          ],
          [
            -115.173029,
            36.103047
          ],
          [
            -115.173028,
            36.103025
          ],
          [
            -115.173027,
            36.103003
          ],
          [
            -115.173026,
            36.102977
          ],
          [
            -115.173024,
            36.102952
          ],
          [
            -115.173023,
            36.102926
          ],
          [
            -115.173022,
            36.1029
          ],
          [
            -115.173021,
            36.102874
          ],
          [
            -115.173019,
            36.102849
          ],
          [
            -115.173018,
            36.102823
          ],
          [
            -115.173017,
            36.102797
          ],
          [
            -115.173016,
            36.102772
          ],
          [
            -115.173014,
            36.102746
          ],
          [
            -115.173013,
            36.10272
          ],
          [
            -115.173012,
            36.102694
          ],
          [
            -115.173011,
            36.102669
          ],
          [
            -115.17301,
            36.102643
          ],
          [
            -115.173009,
            36.102617
          ],
          [
            -115.173008,
            36.102592
          ],
          [
            -115.173007,
            36.102566
          ],
          [
            -115.173006,
            36.10254
          ],
          [
            -115.173005,
            36.102514
          ],
          [
            -115.173004,
            36.102489
          ],
          [
            -115.173003,
            36.102463
          ],
          [
            -115.173002,
            36.102437
          ],
          [
            -115.173001,
            36.10241
          ],
          [
            -115.173,
            36.102384
          ],
          [
            -115.172999,
            36.102357
          ],
          [
            -115.172998,
            36.102331
          ],
          [
            -115.172997,
            36.102305
          ],
          [
            -115.172996,
            36.102278
          ],
          [
            -115.172995,
            36.102252
          ],
          [
            -115.172995,
            36.102226
          ],
          [
            -115.172994,
            36.102199
          ],
          [
            -115.172993,
            36.102173
          ],
          [
            -115.172992,
            36.102147
          ],
          [
            -115.172991,
            36.10212
          ],
          [
            -115.172991,
            36.102094
          ],
          [
            -115.17299,
            36.102068
          ],
          [
            -115.17299,
            36.102041
          ],
          [
            -115.172989,
            36.102015
          ],
          [
            -115.172989,
            36.101988
          ],
          [
            -115.172988,
            36.101962
          ],
          [
            -115.172988,
            36.101936
          ],
          [
            -115.172987,
            36.101909
          ],
          [
            -115.172987,
            36.101889
          ],
          [
            -115.172986,
            36.101868
          ],
          [
            -115.172986,
            36.101847
          ],
          [
            -115.172986,
            36.101826
          ],
          [
            -115.172985,
            36.101805
          ],
          [
            -115.172985,
            36.101785
          ],
          [
            -115.172985,
            36.101764
          ],
          [
            -115.172984,
            36.101743
          ],
          [
            -115.172984,
            36.101722
          ],
          [
            -115.172984,
            36.101701
          ],
          [
            -115.172983,
            36.101681
          ],
          [
            -115.172983,
            36.10166
          ],
          [
            -115.172983,
            36.101639
          ],
          [
            -115.172982,
            36.101618
          ],
          [
            -115.172982,
            36.101597
          ],
          [
            -115.172982,
            36.101576
          ],
          [
            -115.172981,
            36.101556
          ],
          [
            -115.172981,
            36.101535
          ],
          [
            -115.17298,
            36.101514
          ],
          [
            -115.17298,
            36.101493
          ],
          [
            -115.17298,
            36.101472
          ],
          [
            -115.172979,
            36.101448
          ],
          [
            -115.172979,
            36.101423
          ],
          [
            -115.172979,
            36.101399
          ],
          [
            -115.17298,
            36.101374
          ],
          [
            -115.17298,
            36.10135
          ],
          [
            -115.172981,
            36.101325
          ],
          [
            -115.172982,
            36.101301
          ],
          [
            -115.172983,
            36.101276
          ],
          [
            -115.172984,
            36.101252
          ],
          [
            -115.172986,
            36.101227
          ],
          [
            -115.172987,
            36.101203
          ],
          [
            -115.172989,
            36.101178
          ],
          [
            -115.172991,
            36.101154
          ],
          [
            -115.172993,
            36.101129
          ],
          [
            -115.172995,
            36.101105
          ],
          [
            -115.172997,
            36.101081
          ],
          [
            -115.173,
            36.101056
          ],
          [
            -115.173002,
            36.101032
          ],
          [
            -115.173005,
            36.101007
          ],
          [
            -115.173007,
            36.100983
          ],
          [
            -115.17301,
            36.100958
          ],
          [
            -115.173012,
            36.100937
          ],
          [
            -115.173014,
            36.100915
          ],
          [
            -115.173017,
            36.100893
          ],
          [
            -115.173019,
            36.100872
          ],
          [
            -115.173021,
            36.10085
          ],
          [
            -115.173023,
            36.100829
          ],
          [
            -115.173025,
            36.100807
          ],
          [
            -115.173028,
            36.100785
          ],
          [
            -115.17303,
            36.100764
          ],
          [
            -115.173032,
            36.100742
          ],
          [
            -115.173033,
            36.10072
          ],
          [
            -115.173035,
            36.100699
          ],
          [
            -115.173037,
            36.100677
          ],
          [
            -115.173038,
            36.100656
          ],
          [
            -115.173039,
            36.100634
          ],
          [
            -115.17304,
            36.100612
          ],
          [
            -115.173041,
            36.100591
          ],
          [
            -115.173042,
            36.100569
          ],
          [
            -115.173042,
            36.100547
          ],
          [
            -115.173043,
            36.100525
          ],
          [
            -115.173043,
            36.100504
          ],
          [
            -115.173043,
            36.100486
          ],
          [
            -115.173043,
            36.100468
          ],
          [
            -115.173042,
            36.10045
          ],
          [
            -115.173042,
            36.100432
          ],
          [
            -115.173042,
            36.100414
          ],
          [
            -115.173042,
            36.100396
          ],
          [
            -115.173042,
            36.100379
          ],
          [
            -115.173042,
            36.100361
          ],
          [
            -115.173042,
            36.100343
          ],
          [
            -115.173042,
            36.100325
          ],
          [
            -115.173042,
            36.100307
          ],
          [
            -115.173042,
            36.100289
          ],
          [
            -115.173042,
            36.100271
          ],
          [
            -115.173042,
            36.100253
          ],
          [
            -115.173041,
            36.100235
          ],
          [
            -115.173041,
            36.100218
          ],
          [
            -115.173041,
            36.1002
          ],
          [
            -115.173041,
            36.100182
          ],
          [
            -115.173041,
            36.100164
          ],
          [
            -115.173041,
            36.100146
          ],
          [
            -115.173041,
            36.100128
          ],
          [
            -115.173041,
            36.100101
          ],
          [
            -115.173041,
            36.100074
          ],
          [
            -115.173041,
            36.100047
          ],
          [
            -115.17304,
            36.10002
          ],
          [
            -115.17304,
            36.099992
          ],
          [
            -115.17304,
            36.099965
          ],
          [
            -115.17304,
            36.099938
          ],
          [
            -115.17304,
            36.099911
          ],
          [
            -115.173039,
            36.099884
          ],
          [
            -115.173039,
            36.099857
          ],
          [
            -115.173039,
            36.09983
          ],
          [
            -115.173039,
            36.099803
          ],
          [
            -115.173039,
            36.099775
          ],
          [
            -115.173038,
            36.099748
          ],
          [
            -115.173038,
            36.099721
          ],
          [
            -115.173038,
            36.099694
          ],
          [
            -115.173037,
            36.099667
          ],
          [
            -115.173037,
            36.09964
          ],
          [
            -115.173037,
            36.099612
          ],
          [
            -115.173037,
            36.099585
          ],
          [
            -115.173036,
            36.099558
          ],
          [
            -115.173036,
            36.099525
          ],
          [
            -115.173035,
            36.099493
          ],
          [
            -115.173035,
            36.09946
          ],
          [
            -115.173035,
            36.099427
          ],
          [
            -115.173034,
            36.099395
          ],
          [
            -115.173034,
            36.099362
          ],
          [
            -115.173034,
            36.099329
          ],
          [
            -115.173033,
            36.099296
          ],
          [
            -115.173033,
            36.099264
          ],
          [
            -115.173032,
            36.099231
          ],
          [
            -115.173032,
            36.099198
          ],
          [
            -115.173032,
            36.099165
          ],
          [
            -115.173031,
            36.099133
          ],
          [
            -115.173031,
            36.0991
          ],
          [
            -115.17303,
            36.099067
          ],
          [
            -115.17303,
            36.099035
          ],
          [
            -115.173029,
            36.099002
          ],
          [
            -115.173029,
            36.098969
          ],
          [
            -115.173029,
            36.098936
          ],
          [
            -115.173028,
            36.098904
          ],
          [
            -115.173028,
            36.098871
          ],
          [
            -115.173027,
            36.098836
          ],
          [
            -115.173027,
            36.098802
          ],
          [
            -115.173026,
            36.098768
          ],
          [
            -115.173026,
            36.098733
          ],
          [
            -115.173025,
            36.098699
          ],
          [
            -115.173025,
            36.098665
          ],
          [
            -115.173024,
            36.09863
          ],
          [
            -115.173024,
            36.098596
          ],
          [
            -115.173023,
            36.098561
          ],
          [
            -115.173023,
            36.098527
          ],
          [
            -115.173023,
            36.098493
          ],
          [
            -115.173022,
            36.098458
          ],
          [
            -115.173022,
            36.098424
          ],
          [
            -115.173022,
            36.09839
          ],
          [
            -115.173021,
            36.098355
          ],
          [
            -115.173021,
            36.098321
          ],
          [
            -115.17302,
            36.098286
          ],
          [
            -115.17302,
            36.098252
          ],
          [
            -115.17302,
            36.098218
          ],
          [
            -115.173019,
            36.098183
          ],
          [
            -115.173019,
            36.098149
          ],
          [
            -115.173018,
            36.098114
          ],
          [
            -115.173018,
            36.09808
          ],
          [
            -115.173018,
            36.098045
          ],
          [
            -115.173018,
            36.098011
          ],
          [
            -115.173017,
            36.097976
          ],
          [
            -115.173017,
            36.097942
          ],
          [
            -115.173017,
            36.097907
          ],
          [
            -115.173016,
            36.097873
          ],
          [
            -115.173016,
            36.097838
          ],
          [
            -115.173016,
            36.097804
          ],
          [
            -115.173015,
            36.097769
          ],
          [
            -115.173015,
            36.097735
          ],
          [
            -115.173015,
            36.0977
          ],
          [
            -115.173014,
            36.097666
          ],
          [
            -115.173014,
            36.097631
          ],
          [
            -115.173014,
            36.097597
          ],
          [
            -115.173014,
            36.097562
          ],
          [
            -115.173013,
            36.097528
          ],
          [
            -115.173013,
            36.097493
          ],
          [
            -115.173013,
            36.097459
          ],
          [
            -115.173013,
            36.097424
          ],
          [
            -115.173012,
            36.097396
          ],
          [
            -115.173012,
            36.097368
          ],
          [
            -115.173012,
            36.09734
          ],
          [
            -115.173012,
            36.097312
          ],
          [
            -115.173012,
            36.097284
          ],
          [
            -115.173012,
            36.097256
          ],
          [
            -115.173012,
            36.097228
          ],
          [
            -115.173011,
            36.097201
          ],
          [
            -115.173011,
            36.097173
          ],
          [
            -115.173011,
            36.097145
          ],
          [
            -115.173011,
            36.097117
          ],
          [
            -115.173011,
            36.097089
          ],
          [
            -115.173011,
            36.097061
          ],
          [
            -115.173011,
            36.097033
          ],
          [
            -115.173011,
            36.097005
          ],
          [
            -115.173011,
            36.096977
          ],
          [
            -115.173011,
            36.096949
          ],
          [
            -115.173011,
            36.096921
          ],
          [
            -115.173011,
            36.096893
          ],
          [
            -115.173011,
            36.096865
          ],
          [
            -115.173012,
            36.096837
          ],
          [
            -115.173012,
            36.096809
          ],
          [
            -115.173012,
            36.096781
          ],
          [
            -115.173011,
            36.096753
          ],
          [
            -115.173011,
            36.096725
          ],
          [
            -115.173011,
            36.096697
          ],
          [
            -115.17301,
            36.096669
          ],
          [
            -115.17301,
            36.096641
          ],
          [
            -115.173009,
            36.096613
          ],
          [
            -115.173008,
            36.096585
          ],
          [
            -115.173008,
            36.096557
          ],
          [
            -115.173007,
            36.096529
          ],
          [
            -115.173006,
            36.096501
          ],
          [
            -115.173005,
            36.096473
          ],
          [
            -115.173004,
            36.096445
          ],
          [
            -115.173002,
            36.096417
          ],
          [
            -115.173001,
            36.096389
          ],
          [
            -115.173,
            36.096361
          ],
          [
            -115.172999,
            36.096333
          ],
          [
            -115.172997,
            36.096305
          ],
          [
            -115.172996,
            36.096277
          ],
          [
            -115.172995,
            36.096248
          ],
          [
            -115.172993,
            36.096212
          ],
          [
            -115.172991,
            36.096176
          ],
          [
            -115.17299,
            36.09614
          ],
          [
            -115.172988,
            36.096104
          ],
          [
            -115.172987,
            36.096067
          ],
          [
            -115.172985,
            36.096031
          ],
          [
            -115.172984,
            36.095995
          ],
          [
            -115.172983,
            36.095959
          ],
          [
            -115.172981,
            36.095923
          ],
          [
            -115.17298,
            36.095886
          ],
          [
            -115.172979,
            36.09585
          ],
          [
            -115.172978,
            36.095814
          ],
          [
            -115.172977,
            36.095778
          ],
          [
            -115.172977,
            36.095742
          ],
          [
            -115.172976,
            36.095705
          ],
          [
            -115.172975,
            36.095669
          ],
          [
            -115.172974,
            36.095633
          ],
          [
            -115.172974,
            36.095597
          ],
          [
            -115.172973,
            36.09556
          ],
          [
            -115.172973,
            36.095524
          ],
          [
            -115.172972,
            36.095488
          ],
          [
            -115.172972,
            36.095448
          ],
          [
            -115.172971,
            36.095407
          ],
          [
            -115.172971,
            36.095367
          ],
          [
            -115.172971,
            36.095326
          ],
          [
            -115.17297,
            36.095286
          ],
          [
            -115.17297,
            36.095245
          ],
          [
            -115.172969,
            36.095205
          ],
          [
            -115.172969,
            36.095165
          ],
          [
            -115.172969,
            36.095124
          ],
          [
            -115.172969,
            36.095084
          ],
          [
            -115.172969,
            36.095043
          ],
          [
            -115.172968,
            36.095003
          ],
          [
            -115.172968,
            36.094963
          ],
          [
            -115.172968,
            36.094922
          ],
          [
            -115.172968,
            36.094882
          ],
          [
            -115.172968,
            36.094841
          ],
          [
            -115.172968,
            36.094801
          ],
          [
            -115.172968,
            36.09476
          ],
          [
            -115.172968,
            36.09472
          ],
          [
            -115.172968,
            36.09468
          ],
          [
            -115.172968,
            36.094639
          ],
          [
            -115.172968,
            36.0946
          ],
          [
            -115.172968,
            36.09456
          ],
          [
            -115.172968,
            36.09452
          ],
          [
            -115.172968,
            36.094481
          ],
          [
            -115.172968,
            36.094441
          ],
          [
            -115.172968,
            36.094401
          ],
          [
            -115.172968,
            36.094362
          ],
          [
            -115.172968,
            36.094322
          ],
          [
            -115.172968,
            36.094282
          ],
          [
            -115.172968,
            36.094243
          ],
          [
            -115.172968,
            36.094203
          ],
          [
            -115.172968,
            36.094163
          ],
          [
            -115.172968,
            36.094124
          ],
          [
            -115.172968,
            36.094084
          ],
          [
            -115.172968,
            36.094045
          ],
          [
            -115.172968,
            36.094005
          ],
          [
            -115.172968,
            36.093965
          ],
          [
            -115.172968,
            36.093925
          ],
          [
            -115.172968,
            36.093886
          ],
          [
            -115.172968,
            36.093846
          ],
          [
            -115.172968,
            36.093807
          ],
          [
            -115.172968,
            36.093776
          ],
          [
            -115.172968,
            36.093746
          ],
          [
            -115.172968,
            36.093715
          ],
          [
            -115.172968,
            36.093685
          ],
          [
            -115.172967,
            36.093654
          ],
          [
            -115.172967,
            36.093624
          ],
          [
            -115.172967,
            36.093593
          ],
          [
            -115.172967,
            36.093563
          ],
          [
            -115.172967,
            36.093532
          ],
          [
            -115.172967,
            36.093502
          ],
          [
            -115.172967,
            36.093471
          ],
          [
            -115.172967,
            36.093441
          ],
          [
            -115.172967,
            36.09341
          ],
          [
            -115.172967,
            36.09338
          ],
          [
            -115.172967,
            36.093349
          ],
          [
            -115.172967,
            36.093319
          ],
          [
            -115.172967,
            36.093288
          ],
          [
            -115.172966,
            36.093258
          ],
          [
            -115.172966,
            36.093227
          ],
          [
            -115.172966,
            36.093197
          ],
          [
            -115.172966,
            36.093166
          ],
          [
            -115.172966,
            36.093137
          ],
          [
            -115.172965,
            36.093108
          ],
          [
            -115.172965,
            36.093078
          ],
          [
            -115.172965,
            36.093049
          ],
          [
            -115.172965,
            36.093019
          ],
          [
            -115.172965,
            36.09299
          ],
          [
            -115.172964,
            36.09296
          ],
          [
            -115.172964,
            36.092931
          ],
          [
            -115.172964,
            36.092901
          ],
          [
            -115.172964,
            36.092872
          ],
          [
            -115.172963,
            36.092842
          ],
          [
            -115.172963,
            36.092813
          ],
          [
            -115.172963,
            36.092783
          ],
          [
            -115.172963,
            36.092754
          ],
          [
            -115.172963,
            36.092724
          ],
          [
            -115.172963,
            36.092695
          ],
          [
            -115.172962,
            36.092665
          ],
          [
            -115.172962,
            36.092636
          ],
          [
            -115.172962,
            36.092606
          ],
          [
            -115.172962,
            36.092577
          ],
          [
            -115.172962,
            36.092548
          ],
          [
            -115.172962,
            36.092499
          ],
          [
            -115.172961,
            36.092451
          ],
          [
            -115.172961,
            36.092403
          ],
          [
            -115.172961,
            36.092355
          ],
          [
            -115.172961,
            36.092307
          ],
          [
            -115.17296,
            36.092258
          ],
          [
            -115.17296,
            36.09221
          ],
          [
            -115.17296,
            36.092162
          ],
          [
            -115.17296,
            36.092114
          ],
          [
            -115.172959,
            36.092066
          ],
          [
            -115.172959,
            36.092017
          ],
          [
            -115.172959,
            36.091969
          ],
          [
            -115.172958,
            36.091921
          ],
          [
            -115.172958,
            36.091873
          ],
          [
            -115.172958,
            36.091825
          ],
          [
            -115.172957,
            36.091777
          ],
          [
            -115.172957,
            36.091729
          ],
          [
            -115.172957,
            36.09168
          ],
          [
            -115.172957,
            36.091632
          ],
          [
            -115.172956,
            36.091584
          ],
          [
            -115.172956,
            36.091536
          ],
          [
            -115.172956,
            36.09148
          ],
          [
            -115.172956,
            36.091424
          ],
          [
            -115.172955,
            36.091368
          ],
          [
            -115.172955,
            36.091312
          ],
          [
            -115.172955,
            36.091256
          ],
          [
            -115.172954,
            36.0912
          ],
          [
            -115.172954,
            36.091144
          ],
          [
            -115.172954,
            36.091088
          ],
          [
            -115.172954,
            36.091032
          ],
          [
            -115.172954,
            36.090976
          ],
          [
            -115.172953,
            36.09092
          ],
          [
            -115.172953,
            36.090864
          ],
          [
            -115.172953,
            36.090809
          ],
          [
            -115.172953,
            36.090753
          ],
          [
            -115.172953,
            36.090697
          ],
          [
            -115.172953,
            36.090641
          ],
          [
            -115.172953,
            36.090585
          ],
          [
            -115.172953,
            36.090529
          ],
          [
            -115.172953,
            36.090473
          ],
          [
            -115.172953,
            36.090417
          ],
          [
            -115.172953,
            36.090361
          ],
          [
            -115.172953,
            36.090312
          ],
          [
            -115.172953,
            36.090263
          ],
          [
            -115.172953,
            36.090214
          ],
          [
            -115.172953,
            36.090165
          ],
          [
            -115.172953,
            36.090116
          ],
          [
            -115.172953,
            36.090067
          ],
          [
            -115.172953,
            36.090018
          ],
          [
            -115.172953,
            36.089969
          ],
          [
            -115.172953,
            36.08992
          ],
          [
            -115.172953,
            36.089871
          ],
          [
            -115.172953,
            36.089822
          ],
          [
            -115.172953,
            36.089773
          ],
          [
            -115.172953,
            36.089724
          ],
          [
            -115.172953,
            36.089675
          ],
          [
            -115.172953,
            36.089626
          ],
          [
            -115.172953,
            36.089577
          ],
          [
            -115.172953,
            36.089528
          ],
          [
            -115.172953,
            36.089479
          ],
          [
            -115.172953,
            36.08943
          ],
          [
            -115.172953,
            36.089382
          ],
          [
            -115.172953,
            36.089332
          ],
          [
            -115.172953,
            36.089287
          ],
          [
            -115.172953,
            36.089242
          ],
          [
            -115.172953,
            36.089197
          ],
          [
            -115.172953,
            36.089152
          ],
          [
            -115.172953,
            36.089107
          ],
          [
            -115.172953,
            36.089062
          ],
          [
            -115.172953,
            36.089017
          ],
          [
            -115.172953,
            36.088972
          ],
          [
            -115.172952,
            36.088926
          ],
          [
            -115.172952,
            36.088881
          ],
          [
            -115.172952,
            36.088836
          ],
          [
            -115.172952,
            36.088791
          ],
          [
            -115.172951,
            36.088746
          ],
          [
            -115.172951,
            36.088701
          ],
          [
            -115.172951,
            36.088656
          ],
          [
            -115.17295,
            36.088611
          ],
          [
            -115.17295,
            36.088566
          ],
          [
            -115.172949,
            36.088521
          ],
          [
            -115.172949,
            36.088475
          ],
          [
            -115.172949,
            36.08843
          ],
          [
            -115.172948,
            36.088385
          ],
          [
            -115.172947,
            36.088346
          ],
          [
            -115.172947,
            36.088307
          ],
          [
            -115.172946,
            36.088268
          ],
          [
            -115.172946,
            36.088228
          ],
          [
            -115.172945,
            36.088189
          ],
          [
            -115.172945,
            36.08815
          ],
          [
            -115.172944,
            36.088111
          ],
          [
            -115.172944,
            36.088072
          ],
          [
            -115.172943,
            36.088033
          ],
          [
            -115.172943,
            36.087994
          ],
          [
            -115.172942,
            36.087954
          ],
          [
            -115.172941,
            36.087915
          ],
          [
            -115.172941,
            36.087876
          ],
          [
            -115.17294,
            36.087837
          ],
          [
            -115.172939,
            36.087798
          ],
          [
            -115.172939,
            36.087759
          ],
          [
            -115.172938,
            36.087719
          ],
          [
            -115.172937,
            36.08768
          ],
          [
            -115.172937,
            36.087641
          ],
          [
            -115.172936,
            36.087602
          ],
          [
            -115.172935,
            36.087563
          ],
          [
            -115.172934,
            36.087526
          ],
          [
            -115.172934,
            36.087488
          ],
          [
            -115.172933,
            36.087451
          ],
          [
            -115.172932,
            36.087414
          ],
          [
            -115.172932,
            36.087377
          ],
          [
            -115.172931,
            36.08734
          ],
          [
            -115.172931,
            36.087302
          ],
          [
            -115.17293,
            36.087265
          ],
          [
            -115.17293,
            36.087228
          ],
          [
            -115.172929,
            36.087191
          ],
          [
            -115.172929,
            36.087154
          ],
          [
            -115.172928,
            36.087116
          ],
          [
            -115.172928,
            36.087079
          ],
          [
            -115.172928,
            36.087042
          ],
          [
            -115.172928,
            36.087005
          ],
          [
            -115.172927,
            36.086968
          ],
          [
            -115.172927,
            36.08693
          ],
          [
            -115.172927,
            36.086893
          ],
          [
            -115.172927,
            36.086856
          ],
          [
            -115.172927,
            36.086819
          ],
          [
            -115.172926,
            36.086782
          ],
          [
            -115.172926,
            36.086752
          ],
          [
            -115.172926,
            36.086722
          ],
          [
            -115.172926,
            36.086692
          ],
          [
            -115.172926,
            36.086662
          ],
          [
            -115.172926,
            36.086632
          ],
          [
            -115.172926,
            36.086602
          ],
          [
            -115.172926,
            36.086572
          ],
          [
            -115.172926,
            36.086542
          ],
          [
            -115.172926,
            36.086512
          ],
          [
            -115.172926,
            36.086482
          ],
          [
            -115.172926,
            36.086452
          ],
          [
            -115.172925,
            36.086422
          ],
          [
            -115.172925,
            36.086392
          ],
          [
            -115.172925,
            36.086362
          ],
          [
            -115.172925,
            36.086332
          ],
          [
            -115.172925,
            36.086302
          ],
          [
            -115.172925,
            36.086272
          ],
          [
            -115.172925,
            36.086242
          ],
          [
            -115.172924,
            36.086212
          ],
          [
            -115.172924,
            36.086182
          ],
          [
            -115.172924,
            36.086152
          ],
          [
            -115.172924,
            36.086122
          ],
          [
            -115.172924,
            36.086092
          ],
          [
            -115.172923,
            36.086062
          ],
          [
            -115.172923,
            36.086033
          ],
          [
            -115.172923,
            36.086003
          ],
          [
            -115.172922,
            36.085973
          ],
          [
            -115.172922,
            36.085943
          ],
          [
            -115.172921,
            36.085913
          ],
          [
            -115.172921,
            36.085883
          ],
          [
            -115.17292,
            36.085853
          ],
          [
            -115.172919,
            36.085824
          ],
          [
            -115.172918,
            36.085794
          ],
          [
            -115.172918,
            36.085764
          ],
          [
            -115.172917,
            36.085734
          ],
          [
            -115.172916,
            36.085704
          ],
          [
            -115.172915,
            36.085675
          ],
          [
            -115.172914,
            36.085645
          ],
          [
            -115.172914,
            36.085615
          ],
          [
            -115.172913,
            36.085585
          ],
          [
            -115.172912,
            36.085555
          ],
          [
            -115.172911,
            36.085526
          ],
          [
            -115.172909,
            36.085473
          ],
          [
            -115.172908,
            36.08542
          ],
          [
            -115.172906,
            36.085367
          ],
          [
            -115.172905,
            36.085315
          ],
          [
            -115.172903,
            36.085262
          ],
          [
            -115.172902,
            36.085209
          ],
          [
            -115.1729,
            36.085157
          ],
          [
            -115.172899,
            36.085104
          ],
          [
            -115.172898,
            36.085051
          ],
          [
            -115.172896,
            36.084999
          ],
          [
            -115.172895,
            36.084946
          ],
          [
            -115.172894,
            36.084894
          ],
          [
            -115.172892,
            36.084841
          ],
          [
            -115.172891,
            36.084788
          ],
          [
            -115.17289,
            36.084736
          ],
          [
            -115.172889,
            36.084683
          ],
          [
            -115.172887,
            36.08463
          ],
          [
            -115.172886,
            36.084578
          ],
          [
            -115.172885,
            36.084525
          ],
          [
            -115.172884,
            36.084472
          ],
          [
            -115.172883,
            36.08442
          ],
          [
            -115.172881,
            36.084359
          ],
          [
            -115.17288,
            36.084299
          ],
          [
            -115.172878,
            36.084238
          ],
          [
            -115.172877,
            36.084178
          ],
          [
            -115.172876,
            36.084118
          ],
          [
            -115.172875,
            36.084057
          ],
          [
            -115.172873,
            36.083997
          ],
          [
            -115.172872,
            36.083936
          ],
          [
            -115.172871,
            36.083876
          ],
          [
            -115.172869,
            36.083816
          ],
          [
            -115.172868,
            36.083755
          ],
          [
            -115.172867,
            36.083695
          ],
          [
            -115.172866,
            36.083634
          ],
          [
            -115.172865,
            36.083574
          ],
          [
            -115.172863,
            36.083514
          ],
          [
            -115.172862,
            36.083453
          ],
          [
            -115.172861,
            36.083393
          ],
          [
            -115.17286,
            36.083332
          ],
          [
            -115.172859,
            36.083272
          ],
          [
            -115.172858,
            36.083212
          ],
          [
            -115.172857,
            36.083151
          ],
          [
            -115.172856,
            36.08309
          ],
          [
            -115.172854,
            36.083028
          ],
          [
            -115.172853,
            36.082967
          ],
          [
            -115.172852,
            36.082905
          ],
          [
            -115.172851,
            36.082844
          ],
          [
            -115.17285,
            36.082782
          ],
          [
            -115.172849,
            36.08272
          ],
          [
            -115.172847,
            36.082659
          ],
          [
            -115.172846,
            36.082597
          ],
          [
            -115.172845,
            36.082536
          ],
          [
            -115.172843,
            36.082474
          ],
          [
            -115.172842,
            36.082413
          ],
          [
            -115.172841,
            36.082351
          ],
          [
            -115.172839,
            36.08229
          ],
          [
            -115.172838,
            36.082228
          ],
          [
            -115.172836,
            36.082166
          ],
          [
            -115.172835,
            36.082105
          ],
          [
            -115.172833,
            36.082043
          ],
          [
            -115.172832,
            36.081982
          ],
          [
            -115.17283,
            36.08192
          ],
          [
            -115.172829,
            36.081859
          ],
          [
            -115.172827,
            36.081793
          ],
          [
            -115.172826,
            36.081727
          ],
          [
            -115.172824,
            36.081661
          ],
          [
            -115.172822,
            36.081595
          ],
          [
            -115.172821,
            36.081529
          ],
          [
            -115.172819,
            36.081463
          ],
          [
            -115.172818,
            36.081397
          ],
          [
            -115.172816,
            36.081331
          ],
          [
            -115.172815,
            36.081265
          ],
          [
            -115.172813,
            36.081199
          ],
          [
            -115.172812,
            36.081133
          ],
          [
            -115.172811,
            36.081067
          ],
          [
            -115.172809,
            36.081001
          ],
          [
            -115.172808,
            36.080935
          ],
          [
            -115.172807,
            36.080869
          ],
          [
            -115.172805,
            36.080803
          ],
          [
            -115.172804,
            36.080737
          ],
          [
            -115.172803,
            36.080671
          ],
          [
            -115.172802,
            36.080605
          ],
          [
            -115.172801,
            36.080539
          ],
          [
            -115.172799,
            36.080473
          ],
          [
            -115.172798,
            36.080411
          ],
          [
            -115.172797,
            36.080348
          ],
          [
            -115.172796,
            36.080286
          ],
          [
            -115.172795,
            36.080224
          ],
          [
            -115.172794,
            36.080162
          ],
          [
            -115.172793,
            36.0801
          ],
          [
            -115.172792,
            36.080038
          ],
          [
            -115.172791,
            36.079976
          ],
          [
            -115.17279,
            36.079913
          ],
          [
            -115.172789,
            36.079851
          ],
          [
            -115.172788,
            36.079789
          ],
          [
            -115.172787,
            36.079727
          ],
          [
            -115.172786,
            36.079665
          ],
          [
            -115.172785,
            36.079603
          ],
          [
            -115.172784,
            36.079541
          ],
          [
            -115.172783,
            36.079478
          ],
          [
            -115.172782,
            36.079416
          ],
          [
            -115.172781,
            36.079354
          ],
          [
            -115.17278,
            36.079292
          ],
          [
            -115.172779,
            36.07923
          ],
          [
            -115.172779,
            36.079168
          ],
          [
            -115.172777,
            36.079105
          ],
          [
            -115.172776,
            36.079043
          ],
          [
            -115.172776,
            36.078981
          ],
          [
            -115.172774,
            36.078919
          ],
          [
            -115.172773,
            36.078857
          ],
          [
            -115.172772,
            36.078794
          ],
          [
            -115.172771,
            36.078732
          ],
          [
            -115.17277,
            36.07867
          ],
          [
            -115.172768,
            36.078608
          ],
          [
            -115.172767,
            36.078545
          ],
          [
            -115.172766,
            36.078483
          ],
          [
            -115.172764,
            36.078421
          ],
          [
            -115.172763,
            36.078359
          ],
          [
            -115.172761,
            36.078297
          ],
          [
            -115.17276,
            36.078235
          ],
          [
            -115.172758,
            36.078172
          ],
          [
            -115.172756,
            36.07811
          ],
          [
            -115.172755,
            36.078048
          ],
          [
            -115.172753,
            36.077986
          ],
          [
            -115.172751,
            36.077923
          ],
          [
            -115.172749,
            36.077861
          ],
          [
            -115.172747,
            36.077796
          ],
          [
            -115.172746,
            36.07773
          ],
          [
            -115.172744,
            36.077664
          ],
          [
            -115.172742,
            36.077598
          ],
          [
            -115.17274,
            36.077532
          ],
          [
            -115.172738,
            36.077467
          ],
          [
            -115.172736,
            36.077401
          ],
          [
            -115.172735,
            36.077335
          ],
          [
            -115.172733,
            36.077269
          ],
          [
            -115.172731,
            36.077204
          ],
          [
            -115.172729,
            36.077138
          ],
          [
            -115.172728,
            36.077072
          ],
          [
            -115.172726,
            36.077007
          ],
          [
            -115.172724,
            36.076941
          ],
          [
            -115.172723,
            36.076875
          ],
          [
            -115.172721,
            36.076809
          ],
          [
            -115.172719,
            36.076743
          ],
          [
            -115.172718,
            36.076678
          ],
          [
            -115.172716,
            36.076612
          ],
          [
            -115.172714,
            36.076546
          ],
          [
            -115.172713,
            36.076481
          ],
          [
            -115.172711,
            36.076423
          ],
          [
            -115.17271,
            36.076366
          ],
          [
            -115.172709,
            36.07631
          ],
          [
            -115.172707,
            36.076253
          ],
          [
            -115.172706,
            36.076196
          ],
          [
            -115.172704,
            36.076139
          ],
          [
            -115.172703,
            36.076082
          ],
          [
            -115.172702,
            36.076025
          ],
          [
            -115.1727,
            36.075968
          ],
          [
            -115.172699,
            36.075911
          ],
          [
            -115.172697,
            36.075854
          ],
          [
            -115.172696,
            36.075797
          ],
          [
            -115.172695,
            36.07574
          ],
          [
            -115.172693,
            36.075683
          ],
          [
            -115.172692,
            36.075626
          ],
          [
            -115.172691,
            36.075569
          ],
          [
            -115.172689,
            36.075512
          ],
          [
            -115.172688,
            36.075455
          ],
          [
            -115.172686,
            36.075398
          ],
          [
            -115.172685,
            36.075341
          ],
          [
            -115.172683,
            36.075284
          ],
          [
            -115.172682,
            36.075241
          ],
          [
            -115.172681,
            36.075198
          ],
          [
            -115.17268,
            36.075154
          ],
          [
            -115.172679,
            36.075111
          ],
          [
            -115.172678,
            36.075067
          ],
          [
            -115.172676,
            36.075024
          ],
          [
            -115.172675,
            36.074981
          ],
          [
            -115.172674,
            36.074937
          ],
          [
            -115.172673,
            36.074894
          ],
          [
            -115.172672,
            36.074851
          ],
          [
            -115.17267,
            36.074807
          ],
          [
            -115.172669,
            36.074764
          ],
          [
            -115.172668,
            36.074721
          ],
          [
            -115.172666,
            36.074677
          ],
          [
            -115.172665,
            36.074634
          ],
          [
            -115.172664,
            36.074591
          ],
          [
            -115.172662,
            36.074547
          ],
          [
            -115.172661,
            36.074504
          ],
          [
            -115.172659,
            36.074461
          ],
          [
            -115.172658,
            36.074417
          ],
          [
            -115.172657,
            36.074374
          ],
          [
            -115.172655,
            36.074335
          ],
          [
            -115.172654,
            36.074295
          ],
          [
            -115.172653,
            36.074256
          ],
          [
            -115.172651,
            36.074217
          ],
          [
            -115.17265,
            36.074177
          ],
          [
            -115.172649,
            36.074138
          ],
          [
            -115.172647,
            36.074099
          ],
          [
            -115.172646,
            36.07406
          ],
          [
            -115.172645,
            36.07402
          ],
          [
            -115.172644,
            36.073981
          ],
          [
            -115.172642,
            36.073942
          ],
          [
            -115.172641,
            36.073903
          ],
          [
            -115.17264,
            36.073863
          ],
          [
            -115.172639,
            36.073824
          ],
          [
            -115.172637,
            36.073785
          ],
          [
            -115.172636,
            36.073746
          ],
          [
            -115.172635,
            36.073706
          ],
          [
            -115.172634,
            36.073667
          ],
          [
            -115.172632,
            36.073628
          ],
          [
            -115.172631,
            36.073588
          ],
          [
            -115.17263,
            36.073549
          ],
          [
            -115.172629,
            36.073517
          ],
          [
            -115.172628,
            36.073485
          ],
          [
            -115.172627,
            36.073453
          ],
          [
            -115.172625,
            36.073422
          ],
          [
            -115.172624,
            36.07339
          ],
          [
            -115.172623,
            36.073358
          ],
          [
            -115.172622,
            36.073326
          ],
          [
            -115.172621,
            36.073294
          ],
          [
            -115.172619,
            36.073262
          ],
          [
            -115.172618,
            36.07323
          ],
          [
            -115.172616,
            36.073198
          ],
          [
            -115.172615,
            36.073167
          ],
          [
            -115.172613,
            36.073135
          ],
          [
            -115.172611,
            36.073103
          ],
          [
            -115.17261,
            36.073071
          ],
          [
            -115.172608,
            36.073039
          ],
          [
            -115.172606,
            36.073007
          ],
          [
            -115.172604,
            36.072975
          ],
          [
            -115.172602,
            36.072944
          ],
          [
            -115.1726,
            36.072912
          ],
          [
            -115.172597,
            36.07288
          ],
          [
            -115.172595,
            36.072853
          ],
          [
            -115.172593,
            36.072826
          ],
          [
            -115.172591,
            36.0728
          ],
          [
            -115.172589,
            36.072773
          ],
          [
            -115.172587,
            36.072746
          ],
          [
            -115.172585,
            36.072719
          ],
          [
            -115.172583,
            36.072693
          ],
          [
            -115.172581,
            36.072666
          ],
          [
            -115.172579,
            36.072639
          ],
          [
            -115.172577,
            36.072612
          ],
          [
            -115.172575,
            36.072586
          ],
          [
            -115.172573,
            36.072559
          ],
          [
            -115.172571,
            36.072532
          ],
          [
            -115.172569,
            36.072505
          ],
          [
            -115.172566,
            36.072478
          ],
          [
            -115.172564,
            36.072452
          ],
          [
            -115.172562,
            36.072425
          ],
          [
            -115.17256,
            36.072398
          ],
          [
            -115.172558,
            36.072371
          ],
          [
            -115.172556,
            36.072345
          ],
          [
            -115.172553,
            36.072318
          ],
          [
            -115.172551,
            36.072285
          ],
          [
            -115.172548,
            36.072253
          ],
          [
            -115.172545,
            36.072221
          ],
          [
            -115.172543,
            36.072188
          ],
          [
            -115.17254,
            36.072156
          ],
          [
            -115.172537,
            36.072123
          ],
          [
            -115.172534,
            36.072091
          ],
          [
            -115.172532,
            36.072059
          ],
          [
            -115.172529,
            36.072026
          ],
          [
            -115.172527,
            36.071994
          ],
          [
            -115.172524,
            36.071962
          ],
          [
            -115.172521,
            36.071929
          ],
          [
            -115.172519,
            36.071897
          ],
          [
            -115.172516,
            36.071864
          ],
          [
            -115.172513,
            36.071832
          ],
          [
            -115.172511,
            36.071799
          ],
          [
            -115.172508,
            36.071767
          ],
          [
            -115.172505,
            36.071735
          ],
          [
            -115.172503,
            36.071702
          ],
          [
            -115.1725,
            36.07167
          ],
          [
            -115.172498,
            36.071638
          ],
          [
            -115.172495,
            36.071609
          ],
          [
            -115.172493,
            36.07158
          ],
          [
            -115.172491,
            36.071552
          ],
          [
            -115.172489,
            36.071523
          ],
          [
            -115.172486,
            36.071495
          ],
          [
            -115.172484,
            36.071466
          ],
          [
            -115.172482,
            36.071438
          ],
          [
            -115.17248,
            36.071409
          ],
          [
            -115.172478,
            36.071381
          ],
          [
            -115.172476,
            36.071352
          ],
          [
            -115.172474,
            36.071323
          ],
          [
            -115.172473,
            36.071295
          ],
          [
            -115.172471,
            36.071266
          ],
          [
            -115.17247,
            36.071238
          ],
          [
            -115.172468,
            36.071209
          ],
          [
            -115.172467,
            36.071181
          ],
          [
            -115.172466,
            36.071152
          ],
          [
            -115.172466,
            36.071124
          ],
          [
            -115.172465,
            36.071095
          ],
          [
            -115.172465,
            36.071066
          ],
          [
            -115.172464,
            36.071038
          ],
          [
            -115.172464,
            36.071016
          ],
          [
            -115.172464,
            36.070995
          ],
          [
            -115.172464,
            36.070973
          ],
          [
            -115.172464,
            36.070952
          ],
          [
            -115.172464,
            36.07093
          ],
          [
            -115.172464,
            36.070909
          ],
          [
            -115.172464,
            36.070887
          ],
          [
            -115.172464,
            36.070866
          ],
          [
            -115.172463,
            36.070844
          ],
          [
            -115.172463,
            36.070823
          ],
          [
            -115.172463,
            36.070801
          ],
          [
            -115.172463,
            36.07078
          ],
          [
            -115.172463,
            36.070758
          ],
          [
            -115.172463,
            36.070737
          ],
          [
            -115.172463,
            36.070715
          ],
          [
            -115.172462,
            36.070694
          ],
          [
            -115.172462,
            36.070672
          ],
          [
            -115.172462,
            36.070651
          ],
          [
            -115.172462,
            36.070629
          ],
          [
            -115.172462,
            36.070608
          ],
          [
            -115.172462,
            36.070586
          ],
          [
            -115.172462,
            36.070559
          ],
          [
            -115.172461,
            36.070532
          ],
          [
            -115.172461,
            36.070505
          ],
          [
            -115.172461,
            36.070478
          ],
          [
            -115.172461,
            36.070451
          ],
          [
            -115.172461,
            36.070424
          ],
          [
            -115.172461,
            36.070396
          ],
          [
            -115.172461,
            36.070369
          ],
          [
            -115.172461,
            36.070342
          ],
          [
            -115.172461,
            36.070315
          ],
          [
            -115.172461,
            36.070288
          ],
          [
            -115.172461,
            36.070261
          ],
          [
            -115.172461,
            36.070234
          ],
          [
            -115.172461,
            36.070206
          ],
          [
            -115.172461,
            36.070179
          ],
          [
            -115.172461,
            36.070152
          ],
          [
            -115.172461,
            36.070125
          ],
          [
            -115.172461,
            36.070098
          ],
          [
            -115.172461,
            36.070071
          ],
          [
            -115.172461,
            36.070043
          ],
          [
            -115.172462,
            36.070016
          ],
          [
            -115.172462,
            36.069983
          ],
          [
            -115.172462,
            36.069951
          ],
          [
            -115.172462,
            36.069918
          ],
          [
            -115.172462,
            36.069885
          ],
          [
            -115.172462,
            36.069852
          ],
          [
            -115.172462,
            36.069819
          ],
          [
            -115.172462,
            36.069786
          ],
          [
            -115.172462,
            36.069753
          ],
          [
            -115.172462,
            36.069721
          ],
          [
            -115.172463,
            36.069688
          ],
          [
            -115.172463,
            36.069655
          ],
          [
            -115.172463,
            36.069622
          ],
          [
            -115.172463,
            36.069589
          ],
          [
            -115.172463,
            36.069556
          ],
          [
            -115.172463,
            36.069523
          ],
          [
            -115.172463,
            36.069491
          ],
          [
            -115.172463,
            36.069458
          ],
          [
            -115.172463,
            36.069425
          ],
          [
            -115.172463,
            36.069392
          ],
          [
            -115.172463,
            36.069359
          ],
          [
            -115.172463,
            36.069326
          ],
          [
            -115.172463,
            36.069285
          ],
          [
            -115.172463,
            36.069243
          ],
          [
            -115.172463,
            36.069202
          ],
          [
            -115.172463,
            36.069161
          ],
          [
            -115.172463,
            36.069119
          ],
          [
            -115.172463,
            36.069078
          ],
          [
            -115.172464,
            36.069037
          ],
          [
            -115.172464,
            36.068995
          ],
          [
            -115.172464,
            36.068954
          ],
          [
            -115.172464,
            36.068913
          ],
          [
            -115.172465,
            36.068871
          ],
          [
            -115.172465,
            36.06883
          ],
          [
            -115.172465,
            36.068788
          ],
          [
            -115.172466,
            36.068747
          ],
          [
            -115.172466,
            36.068706
          ],
          [
            -115.172466,
            36.068664
          ],
          [
            -115.172467,
            36.068623
          ],
          [
            -115.172467,
            36.068582
          ],
          [
            -115.172468,
            36.06854
          ],
          [
            -115.172468,
            36.068499
          ],
          [
            -115.172469,
            36.068458
          ],
          [
            -115.172469,
            36.068424
          ],
          [
            -115.17247,
            36.06839
          ],
          [
            -115.17247,
            36.068356
          ],
          [
            -115.172471,
            36.068322
          ],
          [
            -115.172471,
            36.068289
          ],
          [
            -115.172472,
            36.068255
          ],
          [
            -115.172472,
            36.068221
          ],
          [
            -115.172472,
            36.068187
          ],
          [
            -115.172473,
            36.068153
          ],
          [
            -115.172473,
            36.06812
          ],
          [
            -115.172473,
            36.068086
          ],
          [
            -115.172474,
            36.068052
          ],
          [
            -115.172474,
            36.068018
          ],
          [
            -115.172475,
            36.067984
          ],
          [
            -115.172475,
            36.067951
          ],
          [
            -115.172475,
            36.067917
          ],
          [
            -115.172476,
            36.067883
          ],
          [
            -115.172476,
            36.067849
          ],
          [
            -115.172476,
            36.067815
          ],
          [
            -115.172477,
            36.067782
          ],
          [
            -115.172477,
            36.067748
          ],
          [
            -115.172477,
            36.067728
          ],
          [
            -115.172477,
            36.067708
          ],
          [
            -115.172477,
            36.067688
          ],
          [
            -115.172477,
            36.067669
          ],
          [
            -115.172477,
            36.067649
          ],
          [
            -115.172477,
            36.067629
          ],
          [
            -115.172477,
            36.06761
          ],
          [
            -115.172478,
            36.06759
          ],
          [
            -115.172478,
            36.06757
          ],
          [
            -115.172478,
            36.06755
          ],
          [
            -115.172478,
            36.06753
          ],
          [
            -115.172478,
            36.067511
          ],
          [
            -115.172478,
            36.067491
          ],
          [
            -115.172478,
            36.067471
          ],
          [
            -115.172478,
            36.067451
          ],
          [
            -115.172478,
            36.067432
          ],
          [
            -115.172478,
            36.067412
          ],
          [
            -115.172478,
            36.067392
          ],
          [
            -115.172478,
            36.067373
          ],
          [
            -115.172478,
            36.067353
          ],
          [
            -115.172478,
            36.067333
          ],
          [
            -115.172478,
            36.067314
          ],
          [
            -115.172478,
            36.067295
          ],
          [
            -115.172478,
            36.067276
          ],
          [
            -115.172478,
            36.067257
          ],
          [
            -115.172478,
            36.067238
          ],
          [
            -115.172477,
            36.06722
          ],
          [
            -115.172477,
            36.0672
          ],
          [
            -115.172477,
            36.067182
          ],
          [
            -115.172477,
            36.067163
          ],
          [
            -115.172476,
            36.067144
          ],
          [
            -115.172476,
            36.067125
          ],
          [
            -115.172475,
            36.067106
          ],
          [
            -115.172475,
            36.067087
          ],
          [
            -115.172474,
            36.067068
          ],
          [
            -115.172474,
            36.067049
          ],
          [
            -115.172473,
            36.06703
          ],
          [
            -115.172473,
            36.067011
          ],
          [
            -115.172472,
            36.066992
          ],
          [
            -115.172471,
            36.066973
          ],
          [
            -115.17247,
            36.066955
          ],
          [
            -115.17247,
            36.066936
          ],
          [
            -115.172468,
            36.066908
          ],
          [
            -115.172467,
            36.066881
          ],
          [
            -115.172466,
            36.066854
          ],
          [
            -115.172465,
            36.066827
          ],
          [
            -115.172463,
            36.0668
          ],
          [
            -115.172462,
            36.066772
          ],
          [
            -115.17246,
            36.066745
          ],
          [
            -115.172459,
            36.066718
          ],
          [
            -115.172457,
            36.066691
          ],
          [
            -115.172456,
            36.066664
          ],
          [
            -115.172454,
            36.066637
          ],
          [
            -115.172453,
            36.066609
          ],
          [
            -115.172451,
            36.066582
          ],
          [
            -115.172449,
            36.066555
          ],
          [
            -115.172448,
            36.066528
          ],
          [
            -115.172446,
            36.0665
          ],
          [
            -115.172444,
            36.066473
          ],
          [
            -115.172443,
            36.066446
          ],
          [
            -115.172441,
            36.066419
          ],
          [
            -115.172439,
            36.066392
          ],
          [
            -115.172438,
            36.066365
          ],
          [
            -115.172436,
            36.066333
          ],
          [
            -115.172434,
            36.066302
          ],
          [
            -115.172432,
            36.06627
          ],
          [
            -115.17243,
            36.066238
          ],
          [
            -115.172429,
            36.066207
          ],
          [
            -115.172427,
            36.066175
          ],
          [
            -115.172426,
            36.066144
          ],
          [
            -115.172424,
            36.066112
          ],
          [
            -115.172423,
            36.066081
          ],
          [
            -115.172422,
            36.066049
          ],
          [
            -115.172421,
            36.066018
          ],
          [
            -115.17242,
            36.065986
          ],
          [
            -115.172419,
            36.065954
          ],
          [
            -115.172418,
            36.065923
          ],
          [
            -115.172418,
            36.065891
          ],
          [
            -115.172417,
            36.06586
          ],
          [
            -115.172417,
            36.065828
          ],
          [
            -115.172417,
            36.065797
          ],
          [
            -115.172416,
            36.065765
          ],
          [
            -115.172416,
            36.065734
          ],
          [
            -115.172417,
            36.065702
          ],
          [
            -115.172417,
            36.06567
          ],
          [
            -115.172417,
            36.065637
          ],
          [
            -115.172417,
            36.065605
          ],
          [
            -115.172418,
            36.065573
          ],
          [
            -115.172418,
            36.06554
          ],
          [
            -115.172418,
            36.065508
          ],
          [
            -115.172418,
            36.065476
          ],
          [
            -115.172419,
            36.065444
          ],
          [
            -115.172419,
            36.065411
          ],
          [
            -115.172419,
            36.065379
          ],
          [
            -115.172419,
            36.065347
          ],
          [
            -115.17242,
            36.065314
          ],
          [
            -115.17242,
            36.065282
          ],
          [
            -115.17242,
            36.06525
          ],
          [
            -115.17242,
            36.065217
          ],
          [
            -115.172421,
            36.065185
          ],
          [
            -115.172421,
            36.065153
          ],
          [
            -115.172421,
            36.06512
          ],
          [
            -115.172421,
            36.065088
          ],
          [
            -115.172421,
            36.065056
          ],
          [
            -115.172422,
            36.065024
          ],
          [
            -115.172422,
            36.06499
          ],
          [
            -115.172422,
            36.064956
          ],
          [
            -115.172422,
            36.064922
          ],
          [
            -115.172423,
            36.064888
          ],
          [
            -115.172423,
            36.064854
          ],
          [
            -115.172423,
            36.064819
          ],
          [
            -115.172423,
            36.064785
          ],
          [
            -115.172423,
            36.064751
          ],
          [
            -115.172423,
            36.064718
          ],
          [
            -115.172423,
            36.064683
          ],
          [
            -115.172423,
            36.064649
          ],
          [
            -115.172423,
            36.064615
          ],
          [
            -115.172423,
            36.064581
          ],
          [
            -115.172423,
            36.064547
          ],
          [
            -115.172423,
            36.064513
          ],
          [
            -115.172423,
            36.064479
          ],
          [
            -115.172423,
            36.064445
          ],
          [
            -115.172423,
            36.064411
          ],
          [
            -115.172422,
            36.064377
          ],
          [
            -115.172422,
            36.064343
          ],
          [
            -115.172422,
            36.064309
          ],
          [
            -115.172422,
            36.064282
          ],
          [
            -115.172421,
            36.064255
          ],
          [
            -115.172421,
            36.064227
          ],
          [
            -115.172421,
            36.0642
          ],
          [
            -115.172421,
            36.064173
          ],
          [
            -115.172421,
            36.064146
          ],
          [
            -115.17242,
            36.064118
          ],
          [
            -115.17242,
            36.064091
          ],
          [
            -115.17242,
            36.064064
          ],
          [
            -115.17242,
            36.064037
          ],
          [
            -115.172419,
            36.064009
          ],
          [
            -115.172419,
            36.063982
          ],
          [
            -115.172419,
            36.063955
          ],
          [
            -115.172419,
            36.063927
          ],
          [
            -115.172418,
            36.0639
          ],
          [
            -115.172418,
            36.063873
          ],
          [
            -115.172418,
            36.063846
          ],
          [
            -115.172417,
            36.063818
          ],
          [
            -115.172417,
            36.063791
          ],
          [
            -115.172417,
            36.063764
          ],
          [
            -115.172416,
            36.063737
          ],
          [
            -115.172416,
            36.063696
          ],
          [
            -115.172415,
            36.063655
          ],
          [
            -115.172415,
            36.063614
          ],
          [
            -115.172415,
            36.063573
          ],
          [
            -115.172415,
            36.063532
          ],
          [
            -115.172414,
            36.063491
          ],
          [
            -115.172414,
            36.06345
          ],
          [
            -115.172414,
            36.063409
          ],
          [
            -115.172414,
            36.063369
          ],
          [
            -115.172414,
            36.063328
          ],
          [
            -115.172414,
            36.063287
          ],
          [
            -115.172414,
            36.063246
          ],
          [
            -115.172414,
            36.063205
          ],
          [
            -115.172414,
            36.063164
          ],
          [
            -115.172414,
            36.063123
          ],
          [
            -115.172414,
            36.063082
          ],
          [
            -115.172414,
            36.063041
          ],
          [
            -115.172414,
            36.063001
          ],
          [
            -115.172414,
            36.06296
          ],
          [
            -115.172414,
            36.062919
          ],
          [
            -115.172414,
            36.062878
          ],
          [
            -115.172414,
            36.062824
          ],
          [
            -115.172413,
            36.062769
          ],
          [
            -115.172413,
            36.062715
          ],
          [
            -115.172413,
            36.062661
          ],
          [
            -115.172413,
            36.062606
          ],
          [
            -115.172413,
            36.062552
          ],
          [
            -115.172413,
            36.062498
          ],
          [
            -115.172412,
            36.062444
          ],
          [
            -115.172412,
            36.062389
          ],
          [
            -115.172412,
            36.062335
          ],
          [
            -115.172412,
            36.062281
          ],
          [
            -115.172411,
            36.062226
          ],
          [
            -115.172411,
            36.062172
          ],
          [
            -115.17241,
            36.062118
          ],
          [
            -115.17241,
            36.062063
          ],
          [
            -115.172409,
            36.062009
          ],
          [
            -115.172409,
            36.061955
          ],
          [
            -115.172408,
            36.061901
          ],
          [
            -115.172408,
            36.061846
          ],
          [
            -115.172407,
            36.061792
          ],
          [
            -115.172406,
            36.061738
          ],
          [
            -115.172405,
            36.061694
          ],
          [
            -115.172405,
            36.06165
          ],
          [
            -115.172404,
            36.061607
          ],
          [
            -115.172404,
            36.061563
          ],
          [
            -115.172403,
            36.061519
          ],
          [
            -115.172403,
            36.061476
          ],
          [
            -115.172402,
            36.061432
          ],
          [
            -115.172402,
            36.061388
          ],
          [
            -115.172401,
            36.061344
          ],
          [
            -115.172401,
            36.061301
          ],
          [
            -115.1724,
            36.061257
          ],
          [
            -115.1724,
            36.061213
          ],
          [
            -115.1724,
            36.06117
          ],
          [
            -115.172399,
            36.061126
          ],
          [
            -115.172399,
            36.061082
          ],
          [
            -115.172399,
            36.061039
          ],
          [
            -115.172398,
            36.060995
          ],
          [
            -115.172398,
            36.060951
          ],
          [
            -115.172398,
            36.060908
          ],
          [
            -115.172398,
            36.060864
          ],
          [
            -115.172398,
            36.06082
          ],
          [
            -115.172398,
            36.060783
          ],
          [
            -115.172398,
            36.060746
          ],
          [
            -115.172398,
            36.060709
          ],
          [
            -115.172398,
            36.060672
          ],
          [
            -115.172397,
            36.060635
          ],
          [
            -115.172397,
            36.060598
          ],
          [
            -115.172397,
            36.060561
          ],
          [
            -115.172397,
            36.060524
          ],
          [
            -115.172397,
            36.060487
          ],
          [
            -115.172397,
            36.06045
          ],
          [
            -115.172397,
            36.060413
          ],
          [
            -115.172397,
            36.060376
          ],
          [
            -115.172397,
            36.060339
          ],
          [
            -115.172397,
            36.060302
          ],
          [
            -115.172397,
            36.060265
          ],
          [
            -115.172397,
            36.060228
          ],
          [
            -115.172397,
            36.060191
          ],
          [
            -115.172397,
            36.060154
          ],
          [
            -115.172397,
            36.060117
          ],
          [
            -115.172397,
            36.06008
          ],
          [
            -115.172397,
            36.060043
          ],
          [
            -115.172397,
            36.05999
          ],
          [
            -115.172397,
            36.059938
          ],
          [
            -115.172397,
            36.059886
          ],
          [
            -115.172397,
            36.059834
          ],
          [
            -115.172397,
            36.059782
          ],
          [
            -115.172397,
            36.05973
          ],
          [
            -115.172397,
            36.059678
          ],
          [
            -115.172397,
            36.059626
          ],
          [
            -115.172397,
            36.059574
          ],
          [
            -115.172397,
            36.059522
          ],
          [
            -115.172397,
            36.05947
          ],
          [
            -115.172397,
            36.059418
          ],
          [
            -115.172397,
            36.059366
          ],
          [
            -115.172397,
            36.059314
          ],
          [
            -115.172397,
            36.059262
          ],
          [
            -115.172398,
            36.05921
          ],
          [
            -115.172398,
            36.059157
          ],
          [
            -115.172398,
            36.059106
          ],
          [
            -115.172398,
            36.059053
          ],
          [
            -115.172398,
            36.059001
          ],
          [
            -115.172398,
            36.058949
          ],
          [
            -115.172398,
            36.058893
          ],
          [
            -115.172398,
            36.058836
          ],
          [
            -115.172398,
            36.058779
          ],
          [
            -115.172398,
            36.058723
          ],
          [
            -115.172398,
            36.058666
          ],
          [
            -115.172398,
            36.05861
          ],
          [
            -115.172398,
            36.058553
          ],
          [
            -115.172399,
            36.058496
          ],
          [
            -115.172399,
            36.05844
          ],
          [
            -115.172399,
            36.058383
          ],
          [
            -115.1724,
            36.058327
          ],
          [
            -115.1724,
            36.05827
          ],
          [
            -115.172401,
            36.058214
          ],
          [
            -115.172401,
            36.058157
          ],
          [
            -115.172402,
            36.0581
          ],
          [
            -115.172402,
            36.058044
          ],
          [
            -115.172403,
            36.057987
          ],
          [
            -115.172404,
            36.057931
          ],
          [
            -115.172405,
            36.057874
          ],
          [
            -115.172406,
            36.057817
          ],
          [
            -115.172406,
            36.057761
          ],
          [
            -115.172407,
            36.057719
          ],
          [
            -115.172408,
            36.057677
          ],
          [
            -115.172409,
            36.057636
          ],
          [
            -115.172409,
            36.057594
          ],
          [
            -115.17241,
            36.057552
          ],
          [
            -115.17241,
            36.057511
          ],
          [
            -115.172411,
            36.057469
          ],
          [
            -115.172412,
            36.057427
          ],
          [
            -115.172412,
            36.057386
          ],
          [
            -115.172413,
            36.057344
          ],
          [
            -115.172413,
            36.057302
          ],
          [
            -115.172414,
            36.05726
          ],
          [
            -115.172414,
            36.057219
          ],
          [
            -115.172414,
            36.057177
          ],
          [
            -115.172415,
            36.057135
          ],
          [
            -115.172415,
            36.057094
          ],
          [
            -115.172415,
            36.057052
          ],
          [
            -115.172415,
            36.05701
          ],
          [
            -115.172415,
            36.056969
          ],
          [
            -115.172415,
            36.056927
          ],
          [
            -115.172416,
            36.056885
          ],
          [
            -115.172416,
            36.056846
          ],
          [
            -115.172416,
            36.056807
          ],
          [
            -115.172416,
            36.056767
          ],
          [
            -115.172416,
            36.056728
          ],
          [
            -115.172416,
            36.056689
          ],
          [
            -115.172416,
            36.05665
          ],
          [
            -115.172416,
            36.05661
          ],
          [
            -115.172416,
            36.056571
          ],
          [
            -115.172416,
            36.056532
          ],
          [
            -115.172416,
            36.056492
          ],
          [
            -115.172416,
            36.056453
          ],
          [
            -115.172416,
            36.056414
          ],
          [
            -115.172416,
            36.056375
          ],
          [
            -115.172416,
            36.056336
          ],
          [
            -115.172416,
            36.056296
          ],
          [
            -115.172415,
            36.056257
          ],
          [
            -115.172415,
            36.056218
          ],
          [
            -115.172415,
            36.056179
          ],
          [
            -115.172415,
            36.056139
          ],
          [
            -115.172415,
            36.0561
          ],
          [
            -115.172415,
            36.056061
          ],
          [
            -115.172415,
            36.056036
          ],
          [
            -115.172415,
            36.056011
          ],
          [
            -115.172415,
            36.055986
          ],
          [
            -115.172415,
            36.055961
          ],
          [
            -115.172415,
            36.055936
          ],
          [
            -115.172415,
            36.055911
          ],
          [
            -115.172415,
            36.055886
          ],
          [
            -115.172415,
            36.055861
          ],
          [
            -115.172415,
            36.055836
          ],
          [
            -115.172415,
            36.055811
          ],
          [
            -115.172415,
            36.055786
          ],
          [
            -115.172415,
            36.055761
          ],
          [
            -115.172414,
            36.055736
          ],
          [
            -115.172414,
            36.055711
          ],
          [
            -115.172414,
            36.055686
          ],
          [
            -115.172414,
            36.055661
          ],
          [
            -115.172414,
            36.055636
          ],
          [
            -115.172414,
            36.055611
          ],
          [
            -115.172414,
            36.055586
          ],
          [
            -115.172414,
            36.055561
          ],
          [
            -115.172414,
            36.055532
          ],
          [
            -115.172414,
            36.055523
          ],
          [
            -115.172414,
            36.055515
          ],
          [
            -115.172414,
            36.055506
          ],
          [
            -115.172414,
            36.055498
          ],
          [
            -115.172414,
            36.055489
          ],
          [
            -115.172414,
            36.055481
          ],
          [
            -115.172414,
            36.055472
          ],
          [
            -115.172414,
            36.055464
          ],
          [
            -115.172414,
            36.055455
          ],
          [
            -115.172414,
            36.055446
          ],
          [
            -115.172414,
            36.055455
          ],
          [
            -115.172414,
            36.055464
          ],
          [
            -115.172414,
            36.055472
          ],
          [
            -115.172414,
            36.055481
          ],
          [
            -115.172414,
            36.055489
          ],
          [
            -115.172414,
            36.055498
          ],
          [
            -115.172414,
            36.055506
          ],
          [
            -115.172414,
            36.055515
          ],
          [
            -115.172414,
            36.055523
          ],
          [
            -115.172414,
            36.055532
          ],
          [
            -115.172414,
            36.055561
          ],
          [
            -115.172414,
            36.055586
          ],
          [
            -115.172414,
            36.055611
          ],
          [
            -115.172414,
            36.055636
          ],
          [
            -115.172414,
            36.055661
          ],
          [
            -115.172414,
            36.055686
          ],
          [
            -115.172414,
            36.055711
          ],
          [
            -115.172414,
            36.055736
          ],
          [
            -115.172415,
            36.055761
          ],
          [
            -115.172415,
            36.055786
          ],
          [
            -115.172415,
            36.055811
          ],
          [
            -115.172415,
            36.055836
          ],
          [
            -115.172415,
            36.055861
          ],
          [
            -115.172415,
            36.055886
          ],
          [
            -115.172415,
            36.055911
          ],
          [
            -115.172415,
            36.055936
          ],
          [
            -115.172415,
            36.055961
          ],
          [
            -115.172415,
            36.055986
          ],
          [
            -115.172415,
            36.056011
          ],
          [
            -115.172415,
            36.056036
          ],
          [
            -115.172415,
            36.056061
          ],
          [
            -115.172415,
            36.0561
          ],
          [
            -115.172415,
            36.056139
          ],
          [
            -115.172415,
            36.056179
          ],
          [
            -115.172415,
            36.056218
          ],
          [
            -115.172415,
            36.056257
          ],
          [
            -115.172416,
            36.056296
          ],
          [
            -115.172416,
            36.056336
          ],
          [
            -115.172416,
            36.056375
          ],
          [
            -115.172416,
            36.056414
          ],
          [
            -115.172416,
            36.056453
          ],
          [
            -115.172416,
            36.056492
          ],
          [
            -115.172416,
            36.056532
          ],
          [
            -115.172416,
            36.056571
          ],
          [
            -115.172416,
            36.05661
          ],
          [
            -115.172416,
            36.05665
          ],
          [
            -115.172416,
            36.056689
          ],
          [
            -115.172416,
            36.056728
          ],
          [
            -115.172416,
            36.056767
          ],
          [
            -115.172416,
            36.056807
          ],
          [
            -115.172416,
            36.056846
          ],
          [
            -115.172416,
            36.056885
          ],
          [
            -115.172415,
            36.056927
          ],
          [
            -115.172415,
            36.056969
          ],
          [
            -115.172415,
            36.05701
          ],
          [
            -115.172415,
            36.057052
          ],
          [
            -115.172415,
            36.057094
          ],
          [
            -115.172415,
            36.057135
          ],
          [
            -115.172414,
            36.057177
          ],
          [
            -115.172414,
            36.057219
          ],
          [
            -115.172414,
            36.05726
          ],
          [
            -115.172413,
            36.057302
          ],
          [
            -115.172413,
            36.057344
          ],
          [
            -115.172412,
            36.057386
          ],
          [
            -115.172411,
            36.057407
          ],
          [
            -115.17241,
            36.057425
          ],
          [
            -115.172409,
            36.057443
          ],
          [
            -115.172408,
            36.057461
          ],
          [
            -115.172406,
            36.057479
          ],
          [
            -115.172404,
            36.057497
          ],
          [
            -115.172401,
            36.057515
          ],
          [
            -115.172399,
            36.057533
          ],
          [
            -115.172396,
            36.057552
          ],
          [
            -115.172393,
            36.057569
          ],
          [
            -115.172392,
            36.057579
          ],
          [
            -115.17239,
            36.057588
          ],
          [
            -115.172388,
            36.057598
          ],
          [
            -115.172387,
            36.057607
          ],
          [
            -115.172385,
            36.057617
          ],
          [
            -115.172383,
            36.057626
          ],
          [
            -115.172381,
            36.057635
          ],
          [
            -115.17238,
            36.057645
          ],
          [
            -115.172378,
            36.057654
          ],
          [
            -115.172376,
            36.057664
          ],
          [
            -115.172374,
            36.057673
          ],
          [
            -115.172372,
            36.057682
          ],
          [
            -115.17237,
            36.057692
          ],
          [
            -115.172368,
            36.057701
          ],
          [
            -115.172366,
            36.057711
          ],
          [
            -115.172364,
            36.05772
          ],
          [
            -115.172361,
            36.057729
          ],
          [
            -115.172359,
            36.057739
          ],
          [
            -115.172357,
            36.057748
          ],
          [
            -115.172355,
            36.057758
          ],
          [
            -115.172353,
            36.057767
          ],
          [
            -115.172351,
            36.057777
          ],
          [
            -115.172348,
            36.057787
          ],
          [
            -115.172346,
            36.057797
          ],
          [
            -115.172344,
            36.057808
          ],
          [
            -115.172342,
            36.057818
          ],
          [
            -115.172339,
            36.057828
          ],
          [
            -115.172337,
            36.057838
          ],
          [
            -115.172335,
            36.057848
          ],
          [
            -115.172333,
            36.057859
          ],
          [
            -115.172331,
            36.057869
          ],
          [
            -115.172329,
            36.057879
          ],
          [
            -115.172326,
            36.057889
          ],
          [
            -115.172324,
            36.0579
          ],
          [
            -115.172322,
            36.05791
          ],
          [
            -115.17232,
            36.05792
          ],
          [
            -115.172319,
            36.05793
          ],
          [
            -115.172317,
            36.057941
          ],
          [
            -115.172315,
            36.057951
          ],
          [
            -115.172313,
            36.057961
          ],
          [
            -115.172311,
            36.057971
          ],
          [
            -115.17231,
            36.057982
          ],
          [
            -115.172307,
            36.058001
          ],
          [
            -115.172304,
            36.058021
          ],
          [
            -115.172301,
            36.058041
          ],
          [
            -115.172299,
            36.05806
          ],
          [
            -115.172297,
            36.05808
          ],
          [
            -115.172295,
            36.0581
          ],
          [
            -115.17229,
            36.058156
          ],
          [
            -115.17229,
            36.058213
          ],
          [
            -115.172289,
            36.05827
          ],
          [
            -115.172289,
            36.058326
          ],
          [
            -115.172288,
            36.058383
          ],
          [
            -115.172288,
            36.058439
          ],
          [
            -115.172288,
            36.058496
          ],
          [
            -115.172287,
            36.058553
          ],
          [
            -115.172287,
            36.058609
          ],
          [
            -115.172287,
            36.058666
          ],
          [
            -115.172287,
            36.058723
          ],
          [
            -115.172287,
            36.058779
          ],
          [
            -115.172287,
            36.058836
          ],
          [
            -115.172286,
            36.058892
          ],
          [
            -115.172286,
            36.058949
          ],
          [
            -115.172286,
            36.059001
          ],
          [
            -115.172286,
            36.059053
          ],
          [
            -115.172286,
            36.059105
          ],
          [
            -115.172286,
            36.059157
          ],
          [
            -115.172286,
            36.059209
          ],
          [
            -115.172286,
            36.059261
          ],
          [
            -115.172286,
            36.059314
          ],
          [
            -115.172286,
            36.059365
          ],
          [
            -115.172286,
            36.059418
          ],
          [
            -115.172286,
            36.05947
          ],
          [
            -115.172286,
            36.059522
          ],
          [
            -115.172286,
            36.059574
          ],
          [
            -115.172286,
            36.059626
          ],
          [
            -115.172286,
            36.059678
          ],
          [
            -115.172286,
            36.05973
          ],
          [
            -115.172286,
            36.059782
          ],
          [
            -115.172286,
            36.059834
          ],
          [
            -115.172286,
            36.059886
          ],
          [
            -115.172286,
            36.059938
          ],
          [
            -115.172286,
            36.05999
          ],
          [
            -115.172286,
            36.060043
          ],
          [
            -115.172286,
            36.06008
          ],
          [
            -115.172286,
            36.060117
          ],
          [
            -115.172286,
            36.060154
          ],
          [
            -115.172286,
            36.060191
          ],
          [
            -115.172286,
            36.060228
          ],
          [
            -115.172286,
            36.060265
          ],
          [
            -115.172286,
            36.060302
          ],
          [
            -115.172286,
            36.060339
          ],
          [
            -115.172286,
            36.060376
          ],
          [
            -115.172286,
            36.060413
          ],
          [
            -115.172286,
            36.06045
          ],
          [
            -115.172286,
            36.060487
          ],
          [
            -115.172286,
            36.060524
          ],
          [
            -115.172286,
            36.060561
          ],
          [
            -115.172286,
            36.060598
          ],
          [
            -115.172286,
            36.060635
          ],
          [
            -115.172286,
            36.060672
          ],
          [
            -115.172286,
            36.06071
          ],
          [
            -115.172286,
            36.060747
          ],
          [
            -115.172286,
            36.060784
          ],
          [
            -115.172287,
            36.060821
          ],
          [
            -115.172287,
            36.060864
          ],
          [
            -115.172287,
            36.060908
          ],
          [
            -115.172287,
            36.060952
          ],
          [
            -115.172287,
            36.060995
          ],
          [
            -115.172287,
            36.061039
          ],
          [
            -115.172288,
            36.061083
          ],
          [
            -115.172288,
            36.061127
          ],
          [
            -115.172288,
            36.06117
          ],
          [
            -115.172289,
            36.061214
          ],
          [
            -115.172289,
            36.061258
          ],
          [
            -115.17229,
            36.061301
          ],
          [
            -115.17229,
            36.061345
          ],
          [
            -115.172291,
            36.061389
          ],
          [
            -115.172291,
            36.061432
          ],
          [
            -115.172292,
            36.061476
          ],
          [
            -115.172292,
            36.06152
          ],
          [
            -115.172293,
            36.061563
          ],
          [
            -115.172293,
            36.061607
          ],
          [
            -115.172294,
            36.061651
          ],
          [
            -115.172294,
            36.061694
          ],
          [
            -115.172295,
            36.061738
          ],
          [
            -115.172296,
            36.061792
          ],
          [
            -115.172296,
            36.061847
          ],
          [
            -115.172297,
            36.061901
          ],
          [
            -115.172298,
            36.061955
          ],
          [
            -115.172298,
            36.06201
          ],
          [
            -115.172299,
            36.062064
          ],
          [
            -115.172299,
            36.062118
          ],
          [
            -115.1723,
            36.062173
          ],
          [
            -115.1723,
            36.062227
          ],
          [
            -115.172301,
            36.062281
          ],
          [
            -115.172301,
            36.062335
          ],
          [
            -115.172301,
            36.06239
          ],
          [
            -115.172301,
            36.062444
          ],
          [
            -115.172302,
            36.062498
          ],
          [
            -115.172302,
            36.062553
          ],
          [
            -115.172302,
            36.062607
          ],
          [
            -115.172302,
            36.062661
          ],
          [
            -115.172302,
            36.062716
          ],
          [
            -115.172302,
            36.06277
          ],
          [
            -115.172302,
            36.062824
          ],
          [
            -115.172302,
            36.062878
          ],
          [
            -115.172302,
            36.062919
          ],
          [
            -115.172302,
            36.06296
          ],
          [
            -115.172302,
            36.063001
          ],
          [
            -115.172302,
            36.063042
          ],
          [
            -115.172302,
            36.063083
          ],
          [
            -115.172302,
            36.063124
          ],
          [
            -115.172302,
            36.063165
          ],
          [
            -115.172302,
            36.063206
          ],
          [
            -115.172302,
            36.063246
          ],
          [
            -115.172303,
            36.063287
          ],
          [
            -115.172303,
            36.063328
          ],
          [
            -115.172303,
            36.063369
          ],
          [
            -115.172303,
            36.06341
          ],
          [
            -115.172303,
            36.063451
          ],
          [
            -115.172303,
            36.063492
          ],
          [
            -115.172303,
            36.063533
          ],
          [
            -115.172304,
            36.063574
          ],
          [
            -115.172304,
            36.063615
          ],
          [
            -115.172304,
            36.063656
          ],
          [
            -115.172305,
            36.063696
          ],
          [
            -115.172305,
            36.063737
          ],
          [
            -115.172306,
            36.063764
          ],
          [
            -115.172306,
            36.063792
          ],
          [
            -115.172306,
            36.063819
          ],
          [
            -115.172307,
            36.063846
          ],
          [
            -115.172307,
            36.063873
          ],
          [
            -115.172307,
            36.063901
          ],
          [
            -115.172307,
            36.063928
          ],
          [
            -115.172308,
            36.063955
          ],
          [
            -115.172308,
            36.063983
          ],
          [
            -115.172308,
            36.06401
          ],
          [
            -115.172308,
            36.064037
          ],
          [
            -115.172309,
            36.064064
          ],
          [
            -115.172309,
            36.064092
          ],
          [
            -115.172309,
            36.064119
          ],
          [
            -115.172309,
            36.064146
          ],
          [
            -115.17231,
            36.064173
          ],
          [
            -115.17231,
            36.064201
          ],
          [
            -115.17231,
            36.064228
          ],
          [
            -115.17231,
            36.064255
          ],
          [
            -115.172311,
            36.064282
          ],
          [
            -115.172311,
            36.06431
          ],
          [
            -115.172311,
            36.064344
          ],
          [
            -115.172311,
            36.064378
          ],
          [
            -115.172312,
            36.064412
          ],
          [
            -115.172312,
            36.064446
          ],
          [
            -115.172312,
            36.064479
          ],
          [
            -115.172312,
            36.064513
          ],
          [
            -115.172312,
            36.064548
          ],
          [
            -115.172312,
            36.064582
          ],
          [
            -115.172312,
            36.064616
          ],
          [
            -115.172312,
            36.06465
          ],
          [
            -115.172312,
            36.064684
          ],
          [
            -115.172312,
            36.064718
          ],
          [
            -115.172312,
            36.064751
          ],
          [
            -115.172312,
            36.064785
          ],
          [
            -115.172312,
            36.064819
          ],
          [
            -115.172312,
            36.064853
          ],
          [
            -115.172311,
            36.064887
          ],
          [
            -115.172311,
            36.064921
          ],
          [
            -115.172311,
            36.064955
          ],
          [
            -115.172311,
            36.064989
          ],
          [
            -115.172311,
            36.065023
          ],
          [
            -115.17231,
            36.065056
          ],
          [
            -115.17231,
            36.065088
          ],
          [
            -115.17231,
            36.06512
          ],
          [
            -115.17231,
            36.065153
          ],
          [
            -115.172309,
            36.065185
          ],
          [
            -115.172309,
            36.065218
          ],
          [
            -115.172309,
            36.06525
          ],
          [
            -115.172309,
            36.065282
          ],
          [
            -115.172308,
            36.065314
          ],
          [
            -115.172308,
            36.065347
          ],
          [
            -115.172308,
            36.065379
          ],
          [
            -115.172308,
            36.065412
          ],
          [
            -115.172307,
            36.065444
          ],
          [
            -115.172307,
            36.065476
          ],
          [
            -115.172307,
            36.065509
          ],
          [
            -115.172307,
            36.065541
          ],
          [
            -115.172307,
            36.065573
          ],
          [
            -115.172306,
            36.065606
          ],
          [
            -115.172306,
            36.065638
          ],
          [
            -115.172306,
            36.06567
          ],
          [
            -115.172305,
            36.065703
          ],
          [
            -115.172305,
            36.065734
          ],
          [
            -115.172305,
            36.065766
          ],
          [
            -115.172305,
            36.065798
          ],
          [
            -115.172306,
            36.065829
          ],
          [
            -115.172306,
            36.065861
          ],
          [
            -115.172307,
            36.065893
          ],
          [
            -115.172307,
            36.065924
          ],
          [
            -115.172308,
            36.065956
          ],
          [
            -115.172309,
            36.065988
          ],
          [
            -115.17231,
            36.066019
          ],
          [
            -115.172311,
            36.066051
          ],
          [
            -115.172312,
            36.066083
          ],
          [
            -115.172313,
            36.066114
          ],
          [
            -115.172315,
            36.066146
          ],
          [
            -115.172316,
            36.066178
          ],
          [
            -115.172318,
            36.066209
          ],
          [
            -115.172319,
            36.066241
          ],
          [
            -115.172321,
            36.066273
          ],
          [
            -115.172323,
            36.066304
          ],
          [
            -115.172325,
            36.066336
          ],
          [
            -115.172327,
            36.066367
          ],
          [
            -115.172328,
            36.066395
          ],
          [
            -115.17233,
            36.066422
          ],
          [
            -115.172332,
            36.066449
          ],
          [
            -115.172333,
            36.066476
          ],
          [
            -115.172335,
            36.066503
          ],
          [
            -115.172337,
            36.066531
          ],
          [
            -115.172338,
            36.066558
          ],
          [
            -115.17234,
            36.066585
          ],
          [
            -115.172342,
            36.066612
          ],
          [
            -115.172343,
            36.066639
          ],
          [
            -115.172345,
            36.066666
          ],
          [
            -115.172346,
            36.066694
          ],
          [
            -115.172348,
            36.066721
          ],
          [
            -115.172349,
            36.066748
          ],
          [
            -115.172351,
            36.066775
          ],
          [
            -115.172352,
            36.066802
          ],
          [
            -115.172353,
            36.066829
          ],
          [
            -115.172355,
            36.066857
          ],
          [
            -115.172356,
            36.066884
          ],
          [
            -115.172357,
            36.066911
          ],
          [
            -115.172359,
            36.066938
          ],
          [
            -115.172359,
            36.066957
          ],
          [
            -115.17236,
            36.066976
          ],
          [
            -115.172361,
            36.066995
          ],
          [
            -115.172361,
            36.067014
          ],
          [
            -115.172362,
            36.067032
          ],
          [
            -115.172363,
            36.067051
          ],
          [
            -115.172363,
            36.06707
          ],
          [
            -115.172364,
            36.067089
          ],
          [
            -115.172364,
            36.067108
          ],
          [
            -115.172365,
            36.067127
          ],
          [
            -115.172365,
            36.067145
          ],
          [
            -115.172365,
            36.067164
          ],
          [
            -115.172366,
            36.067183
          ],
          [
            -115.172366,
            36.067202
          ],
          [
            -115.172366,
            36.067221
          ],
          [
            -115.172367,
            36.06724
          ],
          [
            -115.172367,
            36.067258
          ],
          [
            -115.172367,
            36.067277
          ],
          [
            -115.172367,
            36.067296
          ],
          [
            -115.172367,
            36.067315
          ],
          [
            -115.172367,
            36.067334
          ],
          [
            -115.172367,
            36.067353
          ],
          [
            -115.172367,
            36.067373
          ],
          [
            -115.172367,
            36.067393
          ],
          [
            -115.172367,
            36.067413
          ],
          [
            -115.172367,
            36.067432
          ],
          [
            -115.172367,
            36.067452
          ],
          [
            -115.172367,
            36.067472
          ],
          [
            -115.172367,
            36.067491
          ],
          [
            -115.172367,
            36.067511
          ],
          [
            -115.172367,
            36.067531
          ],
          [
            -115.172367,
            36.06755
          ],
          [
            -115.172367,
            36.06757
          ],
          [
            -115.172366,
            36.06759
          ],
          [
            -115.172366,
            36.067609
          ],
          [
            -115.172366,
            36.067629
          ],
          [
            -115.172366,
            36.067649
          ],
          [
            -115.172366,
            36.067668
          ],
          [
            -115.172366,
            36.067688
          ],
          [
            -115.172366,
            36.067708
          ],
          [
            -115.172366,
            36.067727
          ],
          [
            -115.172366,
            36.067747
          ],
          [
            -115.172365,
            36.067781
          ],
          [
            -115.172365,
            36.067815
          ],
          [
            -115.172365,
            36.067849
          ],
          [
            -115.172365,
            36.067882
          ],
          [
            -115.172364,
            36.067916
          ],
          [
            -115.172364,
            36.06795
          ],
          [
            -115.172364,
            36.067984
          ],
          [
            -115.172363,
            36.068018
          ],
          [
            -115.172363,
            36.068051
          ],
          [
            -115.172362,
            36.068085
          ],
          [
            -115.172362,
            36.068119
          ],
          [
            -115.172362,
            36.068153
          ],
          [
            -115.172361,
            36.068187
          ],
          [
            -115.172361,
            36.06822
          ],
          [
            -115.17236,
            36.068254
          ],
          [
            -115.17236,
            36.068288
          ],
          [
            -115.172359,
            36.068322
          ],
          [
            -115.172359,
            36.068356
          ],
          [
            -115.172359,
            36.068389
          ],
          [
            -115.172358,
            36.068423
          ],
          [
            -115.172358,
            36.068457
          ],
          [
            -115.172357,
            36.068498
          ],
          [
            -115.172357,
            36.06854
          ],
          [
            -115.172356,
            36.068581
          ],
          [
            -115.172356,
            36.068622
          ],
          [
            -115.172355,
            36.068664
          ],
          [
            -115.172355,
            36.068705
          ],
          [
            -115.172354,
            36.068747
          ],
          [
            -115.172354,
            36.068788
          ],
          [
            -115.172354,
            36.068829
          ],
          [
            -115.172353,
            36.068871
          ],
          [
            -115.172353,
            36.068912
          ],
          [
            -115.172353,
            36.068953
          ],
          [
            -115.172353,
            36.068995
          ],
          [
            -115.172352,
            36.069036
          ],
          [
            -115.172352,
            36.069078
          ],
          [
            -115.172352,
            36.069119
          ],
          [
            -115.172352,
            36.06916
          ],
          [
            -115.172352,
            36.069202
          ],
          [
            -115.172352,
            36.069243
          ],
          [
            -115.172352,
            36.069285
          ],
          [
            -115.172352,
            36.069326
          ],
          [
            -115.172352,
            36.069359
          ],
          [
            -115.172352,
            36.069392
          ],
          [
            -115.172352,
            36.069425
          ],
          [
            -115.172352,
            36.069457
          ],
          [
            -115.172352,
            36.06949
          ],
          [
            -115.172352,
            36.069523
          ],
          [
            -115.172352,
            36.069556
          ],
          [
            -115.172352,
            36.069589
          ],
          [
            -115.172352,
            36.069622
          ],
          [
            -115.172352,
            36.069655
          ],
          [
            -115.172351,
            36.069688
          ],
          [
            -115.172351,
            36.069721
          ],
          [
            -115.172351,
            36.069753
          ],
          [
            -115.172351,
            36.069786
          ],
          [
            -115.172351,
            36.069819
          ],
          [
            -115.172351,
            36.069852
          ],
          [
            -115.172351,
            36.069885
          ],
          [
            -115.172351,
            36.069918
          ],
          [
            -115.172351,
            36.069951
          ],
          [
            -115.172351,
            36.069983
          ],
          [
            -115.17235,
            36.070016
          ],
          [
            -115.17235,
            36.070043
          ],
          [
            -115.17235,
            36.070071
          ],
          [
            -115.17235,
            36.070098
          ],
          [
            -115.17235,
            36.070125
          ],
          [
            -115.17235,
            36.070152
          ],
          [
            -115.17235,
            36.070179
          ],
          [
            -115.17235,
            36.070206
          ],
          [
            -115.17235,
            36.070234
          ],
          [
            -115.17235,
            36.070261
          ],
          [
            -115.17235,
            36.070288
          ],
          [
            -115.17235,
            36.070315
          ],
          [
            -115.17235,
            36.070342
          ],
          [
            -115.17235,
            36.070369
          ],
          [
            -115.17235,
            36.070397
          ],
          [
            -115.17235,
            36.070424
          ],
          [
            -115.17235,
            36.070451
          ],
          [
            -115.17235,
            36.070478
          ],
          [
            -115.17235,
            36.070505
          ],
          [
            -115.17235,
            36.070532
          ],
          [
            -115.17235,
            36.07056
          ],
          [
            -115.172351,
            36.070587
          ],
          [
            -115.172351,
            36.070608
          ],
          [
            -115.172351,
            36.07063
          ],
          [
            -115.172351,
            36.070651
          ],
          [
            -115.172351,
            36.070673
          ],
          [
            -115.172351,
            36.070695
          ],
          [
            -115.172352,
            36.070716
          ],
          [
            -115.172352,
            36.070738
          ],
          [
            -115.172352,
            36.070759
          ],
          [
            -115.172352,
            36.070781
          ],
          [
            -115.172352,
            36.070802
          ],
          [
            -115.172352,
            36.070824
          ],
          [
            -115.172352,
            36.070845
          ],
          [
            -115.172352,
            36.070867
          ],
          [
            -115.172353,
            36.070889
          ],
          [
            -115.172353,
            36.07091
          ],
          [
            -115.172353,
            36.070932
          ],
          [
            -115.172353,
            36.070953
          ],
          [
            -115.172353,
            36.070975
          ],
          [
            -115.172353,
            36.070996
          ],
          [
            -115.172353,
            36.071018
          ],
          [
            -115.172353,
            36.07104
          ],
          [
            -115.172353,
            36.071068
          ],
          [
            -115.172354,
            36.071097
          ],
          [
            -115.172354,
            36.071126
          ],
          [
            -115.172355,
            36.071154
          ],
          [
            -115.172356,
            36.071183
          ],
          [
            -115.172357,
            36.071212
          ],
          [
            -115.172359,
            36.071241
          ],
          [
            -115.17236,
            36.071269
          ],
          [
            -115.172362,
            36.071298
          ],
          [
            -115.172363,
            36.071327
          ],
          [
            -115.172365,
            36.071355
          ],
          [
            -115.172367,
            36.071384
          ],
          [
            -115.172369,
            36.071413
          ],
          [
            -115.172371,
            36.071441
          ],
          [
            -115.172373,
            36.07147
          ],
          [
            -115.172375,
            36.071499
          ],
          [
            -115.172377,
            36.071527
          ],
          [
            -115.17238,
            36.071556
          ],
          [
            -115.172382,
            36.071585
          ],
          [
            -115.172384,
            36.071613
          ],
          [
            -115.172387,
            36.071642
          ],
          [
            -115.172389,
            36.071675
          ],
          [
            -115.172392,
            36.071707
          ],
          [
            -115.172394,
            36.071739
          ],
          [
            -115.172397,
            36.071772
          ],
          [
            -115.1724,
            36.071804
          ],
          [
            -115.172402,
            36.071837
          ],
          [
            -115.172405,
            36.071869
          ],
          [
            -115.172408,
            36.071902
          ],
          [
            -115.17241,
            36.071934
          ],
          [
            -115.172413,
            36.071967
          ],
          [
            -115.172416,
            36.071999
          ],
          [
            -115.172418,
            36.072032
          ],
          [
            -115.172421,
            36.072064
          ],
          [
            -115.172424,
            36.072097
          ],
          [
            -115.172426,
            36.072129
          ],
          [
            -115.172429,
            36.072161
          ],
          [
            -115.172432,
            36.072194
          ],
          [
            -115.172434,
            36.072226
          ],
          [
            -115.172437,
            36.072259
          ],
          [
            -115.17244,
            36.072291
          ],
          [
            -115.172442,
            36.072324
          ],
          [
            -115.172445,
            36.07235
          ],
          [
            -115.172447,
            36.072377
          ],
          [
            -115.172449,
            36.072404
          ],
          [
            -115.172451,
            36.072431
          ],
          [
            -115.172453,
            36.072457
          ],
          [
            -115.172455,
            36.072484
          ],
          [
            -115.172458,
            36.072511
          ],
          [
            -115.17246,
            36.072537
          ],
          [
            -115.172462,
            36.072564
          ],
          [
            -115.172464,
            36.072591
          ],
          [
            -115.172466,
            36.072617
          ],
          [
            -115.172468,
            36.072644
          ],
          [
            -115.17247,
            36.072671
          ],
          [
            -115.172472,
            36.072698
          ],
          [
            -115.172474,
            36.072724
          ],
          [
            -115.172476,
            36.072751
          ],
          [
            -115.172478,
            36.072778
          ],
          [
            -115.17248,
            36.072804
          ],
          [
            -115.172482,
            36.072831
          ],
          [
            -115.172484,
            36.072858
          ],
          [
            -115.172486,
            36.072885
          ],
          [
            -115.172489,
            36.072916
          ],
          [
            -115.172491,
            36.072948
          ],
          [
            -115.172493,
            36.07298
          ],
          [
            -115.172495,
            36.073012
          ],
          [
            -115.172497,
            36.073043
          ],
          [
            -115.172499,
            36.073075
          ],
          [
            -115.1725,
            36.073107
          ],
          [
            -115.172502,
            36.073139
          ],
          [
            -115.172504,
            36.073171
          ],
          [
            -115.172505,
            36.073202
          ],
          [
            -115.172507,
            36.073234
          ],
          [
            -115.172508,
            36.073266
          ],
          [
            -115.17251,
            36.073298
          ],
          [
            -115.172511,
            36.07333
          ],
          [
            -115.172512,
            36.073361
          ],
          [
            -115.172513,
            36.073393
          ],
          [
            -115.172515,
            36.073425
          ],
          [
            -115.172516,
            36.073457
          ],
          [
            -115.172517,
            36.073489
          ],
          [
            -115.172518,
            36.07352
          ],
          [
            -115.172519,
            36.073552
          ],
          [
            -115.17252,
            36.073591
          ],
          [
            -115.172521,
            36.073631
          ],
          [
            -115.172522,
            36.07367
          ],
          [
            -115.172524,
            36.073709
          ],
          [
            -115.172525,
            36.073748
          ],
          [
            -115.172526,
            36.073788
          ],
          [
            -115.172527,
            36.073827
          ],
          [
            -115.172529,
            36.073866
          ],
          [
            -115.17253,
            36.073905
          ],
          [
            -115.172531,
            36.073945
          ],
          [
            -115.172533,
            36.073984
          ],
          [
            -115.172534,
            36.074023
          ],
          [
            -115.172535,
            36.074062
          ],
          [
            -115.172536,
            36.074101
          ],
          [
            -115.172538,
            36.074141
          ],
          [
            -115.172539,
            36.07418
          ],
          [
            -115.17254,
            36.074219
          ],
          [
            -115.172541,
            36.074258
          ],
          [
            -115.172543,
            36.074298
          ],
          [
            -115.172544,
            36.074337
          ],
          [
            -115.172545,
            36.074376
          ],
          [
            -115.172547,
            36.074419
          ],
          [
            -115.172548,
            36.074463
          ],
          [
            -115.17255,
            36.074506
          ],
          [
            -115.172551,
            36.07455
          ],
          [
            -115.172552,
            36.074593
          ],
          [
            -115.172554,
            36.074636
          ],
          [
            -115.172555,
            36.07468
          ],
          [
            -115.172556,
            36.074723
          ],
          [
            -115.172558,
            36.074766
          ],
          [
            -115.172559,
            36.07481
          ],
          [
            -115.17256,
            36.074853
          ],
          [
            -115.172562,
            36.074896
          ],
          [
            -115.172563,
            36.074939
          ],
          [
            -115.172564,
            36.074983
          ],
          [
            -115.172565,
            36.075026
          ],
          [
            -115.172567,
            36.075069
          ],
          [
            -115.172568,
            36.075113
          ],
          [
            -115.172569,
            36.075156
          ],
          [
            -115.17257,
            36.075199
          ],
          [
            -115.172571,
            36.075243
          ],
          [
            -115.172572,
            36.075286
          ],
          [
            -115.172574,
            36.075343
          ],
          [
            -115.172575,
            36.0754
          ],
          [
            -115.172577,
            36.075457
          ],
          [
            -115.172578,
            36.075514
          ],
          [
            -115.172579,
            36.075571
          ],
          [
            -115.172581,
            36.075628
          ],
          [
            -115.172582,
            36.075685
          ],
          [
            -115.172584,
            36.075742
          ],
          [
            -115.172585,
            36.075799
          ],
          [
            -115.172586,
            36.075856
          ],
          [
            -115.172588,
            36.075913
          ],
          [
            -115.172589,
            36.07597
          ],
          [
            -115.172591,
            36.076027
          ],
          [
            -115.172592,
            36.076084
          ],
          [
            -115.172593,
            36.076141
          ],
          [
            -115.172595,
            36.076197
          ],
          [
            -115.172596,
            36.076254
          ],
          [
            -115.172597,
            36.076312
          ],
          [
            -115.172599,
            36.076368
          ],
          [
            -115.1726,
            36.076425
          ],
          [
            -115.172602,
            36.076482
          ],
          [
            -115.172603,
            36.076548
          ],
          [
            -115.172605,
            36.076614
          ],
          [
            -115.172607,
            36.07668
          ],
          [
            -115.172608,
            36.076745
          ],
          [
            -115.17261,
            36.076811
          ],
          [
            -115.172611,
            36.076877
          ],
          [
            -115.172613,
            36.076943
          ],
          [
            -115.172615,
            36.077008
          ],
          [
            -115.172617,
            36.077074
          ],
          [
            -115.172618,
            36.07714
          ],
          [
            -115.17262,
            36.077206
          ],
          [
            -115.172622,
            36.077271
          ],
          [
            -115.172624,
            36.077337
          ],
          [
            -115.172625,
            36.077403
          ],
          [
            -115.172627,
            36.077469
          ],
          [
            -115.172629,
            36.077534
          ],
          [
            -115.172631,
            36.0776
          ],
          [
            -115.172633,
            36.077666
          ],
          [
            -115.172635,
            36.077731
          ],
          [
            -115.172636,
            36.077797
          ],
          [
            -115.172638,
            36.077863
          ],
          [
            -115.17264,
            36.077925
          ],
          [
            -115.172642,
            36.077987
          ],
          [
            -115.172644,
            36.07805
          ],
          [
            -115.172645,
            36.078112
          ],
          [
            -115.172647,
            36.078174
          ],
          [
            -115.172648,
            36.078236
          ],
          [
            -115.17265,
            36.078298
          ],
          [
            -115.172652,
            36.078361
          ],
          [
            -115.172653,
            36.078423
          ],
          [
            -115.172654,
            36.078485
          ],
          [
            -115.172656,
            36.078547
          ],
          [
            -115.172657,
            36.078609
          ],
          [
            -115.172658,
            36.078671
          ],
          [
            -115.17266,
            36.078734
          ],
          [
            -115.172661,
            36.078796
          ],
          [
            -115.172662,
            36.078858
          ],
          [
            -115.172663,
            36.07892
          ],
          [
            -115.172664,
            36.078982
          ],
          [
            -115.172665,
            36.079045
          ],
          [
            -115.172666,
            36.079107
          ],
          [
            -115.172667,
            36.079169
          ],
          [
            -115.172668,
            36.079231
          ],
          [
            -115.172669,
            36.079293
          ],
          [
            -115.17267,
            36.079355
          ],
          [
            -115.172671,
            36.079418
          ],
          [
            -115.172672,
            36.07948
          ],
          [
            -115.172673,
            36.079542
          ],
          [
            -115.172674,
            36.079604
          ],
          [
            -115.172675,
            36.079666
          ],
          [
            -115.172676,
            36.079728
          ],
          [
            -115.172677,
            36.079791
          ],
          [
            -115.172678,
            36.079853
          ],
          [
            -115.172679,
            36.079915
          ],
          [
            -115.17268,
            36.079977
          ],
          [
            -115.172681,
            36.080039
          ],
          [
            -115.172682,
            36.080101
          ],
          [
            -115.172683,
            36.080163
          ],
          [
            -115.172684,
            36.080225
          ],
          [
            -115.172685,
            36.080288
          ],
          [
            -115.172686,
            36.08035
          ],
          [
            -115.172687,
            36.080412
          ],
          [
            -115.172688,
            36.080474
          ],
          [
            -115.172689,
            36.08054
          ],
          [
            -115.172691,
            36.080606
          ],
          [
            -115.172692,
            36.080672
          ],
          [
            -115.172693,
            36.080738
          ],
          [
            -115.172694,
            36.080804
          ],
          [
            -115.172696,
            36.08087
          ],
          [
            -115.172697,
            36.080936
          ],
          [
            -115.172698,
            36.081002
          ],
          [
            -115.172699,
            36.081068
          ],
          [
            -115.172701,
            36.081134
          ],
          [
            -115.172702,
            36.0812
          ],
          [
            -115.172704,
            36.081266
          ],
          [
            -115.172705,
            36.081332
          ],
          [
            -115.172707,
            36.081398
          ],
          [
            -115.172708,
            36.081464
          ],
          [
            -115.17271,
            36.08153
          ],
          [
            -115.172711,
            36.081596
          ],
          [
            -115.172713,
            36.081662
          ],
          [
            -115.172714,
            36.081728
          ],
          [
            -115.172716,
            36.081794
          ],
          [
            -115.172718,
            36.08186
          ],
          [
            -115.172719,
            36.081922
          ],
          [
            -115.172721,
            36.081983
          ],
          [
            -115.172722,
            36.082045
          ],
          [
            -115.172724,
            36.082107
          ],
          [
            -115.172725,
            36.082168
          ],
          [
            -115.172726,
            36.08223
          ],
          [
            -115.172728,
            36.082291
          ],
          [
            -115.172729,
            36.082353
          ],
          [
            -115.172731,
            36.082414
          ],
          [
            -115.172732,
            36.082476
          ],
          [
            -115.172734,
            36.082537
          ],
          [
            -115.172735,
            36.082599
          ],
          [
            -115.172736,
            36.08266
          ],
          [
            -115.172737,
            36.082722
          ],
          [
            -115.172739,
            36.082783
          ],
          [
            -115.17274,
            36.082845
          ],
          [
            -115.172741,
            36.082906
          ],
          [
            -115.172742,
            36.082968
          ],
          [
            -115.172743,
            36.08303
          ],
          [
            -115.172744,
            36.083091
          ],
          [
            -115.172746,
            36.083153
          ],
          [
            -115.172747,
            36.083213
          ],
          [
            -115.172748,
            36.083274
          ],
          [
            -115.172749,
            36.083334
          ],
          [
            -115.17275,
            36.083394
          ],
          [
            -115.172751,
            36.083455
          ],
          [
            -115.172752,
            36.083515
          ],
          [
            -115.172753,
            36.083576
          ],
          [
            -115.172755,
            36.083636
          ],
          [
            -115.172756,
            36.083696
          ],
          [
            -115.172757,
            36.083757
          ],
          [
            -115.172758,
            36.083817
          ],
          [
            -115.172759,
            36.083878
          ],
          [
            -115.172761,
            36.083938
          ],
          [
            -115.172762,
            36.083998
          ],
          [
            -115.172763,
            36.084059
          ],
          [
            -115.172765,
            36.084119
          ],
          [
            -115.172766,
            36.08418
          ],
          [
            -115.172767,
            36.08424
          ],
          [
            -115.172769,
            36.0843
          ],
          [
            -115.17277,
            36.084361
          ],
          [
            -115.172771,
            36.084421
          ],
          [
            -115.172773,
            36.084474
          ],
          [
            -115.172774,
            36.084527
          ],
          [
            -115.172775,
            36.084579
          ],
          [
            -115.172776,
            36.084632
          ],
          [
            -115.172777,
            36.084685
          ],
          [
            -115.172779,
            36.084737
          ],
          [
            -115.17278,
            36.08479
          ],
          [
            -115.172781,
            36.084843
          ],
          [
            -115.172782,
            36.084895
          ],
          [
            -115.172784,
            36.084948
          ],
          [
            -115.172785,
            36.085
          ],
          [
            -115.172787,
            36.085053
          ],
          [
            -115.172788,
            36.085106
          ],
          [
            -115.172789,
            36.085158
          ],
          [
            -115.172791,
            36.085211
          ],
          [
            -115.172792,
            36.085264
          ],
          [
            -115.172793,
            36.085316
          ],
          [
            -115.172795,
            36.085369
          ],
          [
            -115.172797,
            36.085422
          ],
          [
            -115.172798,
            36.085474
          ],
          [
            -115.1728,
            36.085527
          ],
          [
            -115.172801,
            36.085557
          ],
          [
            -115.172802,
            36.085587
          ],
          [
            -115.172802,
            36.085616
          ],
          [
            -115.172803,
            36.085646
          ],
          [
            -115.172804,
            36.085676
          ],
          [
            -115.172805,
            36.085706
          ],
          [
            -115.172806,
            36.085736
          ],
          [
            -115.172806,
            36.085765
          ],
          [
            -115.172807,
            36.085795
          ],
          [
            -115.172808,
            36.085825
          ],
          [
            -115.172809,
            36.085855
          ],
          [
            -115.172809,
            36.085884
          ],
          [
            -115.17281,
            36.085914
          ],
          [
            -115.17281,
            36.085944
          ],
          [
            -115.172811,
            36.085974
          ],
          [
            -115.172811,
            36.086004
          ],
          [
            -115.172812,
            36.086033
          ],
          [
            -115.172812,
            36.086063
          ],
          [
            -115.172813,
            36.086093
          ],
          [
            -115.172813,
            36.086123
          ],
          [
            -115.172813,
            36.086153
          ],
          [
            -115.172813,
            36.086182
          ],
          [
            -115.172813,
            36.086213
          ],
          [
            -115.172814,
            36.086242
          ],
          [
            -115.172814,
            36.086272
          ],
          [
            -115.172814,
            36.086303
          ],
          [
            -115.172814,
            36.086332
          ],
          [
            -115.172814,
            36.086362
          ],
          [
            -115.172814,
            36.086392
          ],
          [
            -115.172814,
            36.086422
          ],
          [
            -115.172814,
            36.086452
          ],
          [
            -115.172814,
            36.086482
          ],
          [
            -115.172815,
            36.086512
          ],
          [
            -115.172815,
            36.086542
          ],
          [
            -115.172815,
            36.086572
          ],
          [
            -115.172815,
            36.086602
          ],
          [
            -115.172815,
            36.086632
          ],
          [
            -115.172815,
            36.086662
          ],
          [
            -115.172815,
            36.086692
          ],
          [
            -115.172815,
            36.086722
          ],
          [
            -115.172815,
            36.086752
          ],
          [
            -115.172815,
            36.086782
          ],
          [
            -115.172815,
            36.086819
          ],
          [
            -115.172815,
            36.086857
          ],
          [
            -115.172816,
            36.086894
          ],
          [
            -115.172816,
            36.086931
          ],
          [
            -115.172816,
            36.086968
          ],
          [
            -115.172816,
            36.087005
          ],
          [
            -115.172817,
            36.087043
          ],
          [
            -115.172817,
            36.08708
          ],
          [
            -115.172817,
            36.087117
          ],
          [
            -115.172818,
            36.087154
          ],
          [
            -115.172818,
            36.087192
          ],
          [
            -115.172819,
            36.087229
          ],
          [
            -115.172819,
            36.087266
          ],
          [
            -115.17282,
            36.087303
          ],
          [
            -115.17282,
            36.087341
          ],
          [
            -115.172821,
            36.087378
          ],
          [
            -115.172821,
            36.087415
          ],
          [
            -115.172822,
            36.087452
          ],
          [
            -115.172822,
            36.087489
          ],
          [
            -115.172823,
            36.087527
          ],
          [
            -115.172824,
            36.087564
          ],
          [
            -115.172825,
            36.087603
          ],
          [
            -115.172825,
            36.087642
          ],
          [
            -115.172826,
            36.087681
          ],
          [
            -115.172827,
            36.08772
          ],
          [
            -115.172828,
            36.08776
          ],
          [
            -115.172828,
            36.087799
          ],
          [
            -115.172829,
            36.087838
          ],
          [
            -115.17283,
            36.087877
          ],
          [
            -115.17283,
            36.087916
          ],
          [
            -115.172831,
            36.087955
          ],
          [
            -115.172831,
            36.087995
          ],
          [
            -115.172832,
            36.088034
          ],
          [
            -115.172833,
            36.088073
          ],
          [
            -115.172833,
            36.088112
          ],
          [
            -115.172834,
            36.088151
          ],
          [
            -115.172834,
            36.08819
          ],
          [
            -115.172835,
            36.088229
          ],
          [
            -115.172835,
            36.088268
          ],
          [
            -115.172836,
            36.088308
          ],
          [
            -115.172836,
            36.088347
          ],
          [
            -115.172837,
            36.088386
          ],
          [
            -115.172837,
            36.088431
          ],
          [
            -115.172838,
            36.088476
          ],
          [
            -115.172838,
            36.088521
          ],
          [
            -115.172839,
            36.088566
          ],
          [
            -115.172839,
            36.088611
          ],
          [
            -115.172839,
            36.088656
          ],
          [
            -115.17284,
            36.088701
          ],
          [
            -115.17284,
            36.088747
          ],
          [
            -115.172841,
            36.088792
          ],
          [
            -115.172841,
            36.088837
          ],
          [
            -115.172841,
            36.088882
          ],
          [
            -115.172841,
            36.088927
          ],
          [
            -115.172841,
            36.088972
          ],
          [
            -115.172842,
            36.089017
          ],
          [
            -115.172842,
            36.089062
          ],
          [
            -115.172842,
            36.089107
          ],
          [
            -115.172842,
            36.089152
          ],
          [
            -115.172842,
            36.089197
          ],
          [
            -115.172842,
            36.089242
          ],
          [
            -115.172842,
            36.089288
          ],
          [
            -115.172842,
            36.089333
          ],
          [
            -115.172842,
            36.089382
          ],
          [
            -115.172842,
            36.089431
          ],
          [
            -115.172842,
            36.08948
          ],
          [
            -115.172842,
            36.089529
          ],
          [
            -115.172842,
            36.089577
          ],
          [
            -115.172842,
            36.089627
          ],
          [
            -115.172842,
            36.089675
          ],
          [
            -115.172842,
            36.089724
          ],
          [
            -115.172842,
            36.089773
          ],
          [
            -115.172842,
            36.089822
          ],
          [
            -115.172842,
            36.089871
          ],
          [
            -115.172842,
            36.08992
          ],
          [
            -115.172842,
            36.089969
          ],
          [
            -115.172842,
            36.090018
          ],
          [
            -115.172842,
            36.090067
          ],
          [
            -115.172842,
            36.090116
          ],
          [
            -115.172842,
            36.090165
          ],
          [
            -115.172842,
            36.090214
          ],
          [
            -115.172842,
            36.090263
          ],
          [
            -115.172842,
            36.090312
          ],
          [
            -115.172842,
            36.090361
          ],
          [
            -115.172842,
            36.090417
          ],
          [
            -115.172842,
            36.090473
          ],
          [
            -115.172842,
            36.090529
          ],
          [
            -115.172842,
            36.090585
          ],
          [
            -115.172842,
            36.090641
          ],
          [
            -115.172842,
            36.090697
          ],
          [
            -115.172842,
            36.090753
          ],
          [
            -115.172842,
            36.090809
          ],
          [
            -115.172842,
            36.090865
          ],
          [
            -115.172842,
            36.090921
          ],
          [
            -115.172842,
            36.090976
          ],
          [
            -115.172843,
            36.091032
          ],
          [
            -115.172843,
            36.091088
          ],
          [
            -115.172843,
            36.091144
          ],
          [
            -115.172843,
            36.0912
          ],
          [
            -115.172843,
            36.091256
          ],
          [
            -115.172844,
            36.091312
          ],
          [
            -115.172844,
            36.091368
          ],
          [
            -115.172844,
            36.091424
          ],
          [
            -115.172845,
            36.09148
          ],
          [
            -115.172845,
            36.091536
          ],
          [
            -115.172845,
            36.091584
          ],
          [
            -115.172845,
            36.091632
          ],
          [
            -115.172846,
            36.091681
          ],
          [
            -115.172846,
            36.091729
          ],
          [
            -115.172846,
            36.091777
          ],
          [
            -115.172847,
            36.091825
          ],
          [
            -115.172847,
            36.091873
          ],
          [
            -115.172847,
            36.091921
          ],
          [
            -115.172848,
            36.09197
          ],
          [
            -115.172848,
            36.092018
          ],
          [
            -115.172848,
            36.092066
          ],
          [
            -115.172848,
            36.092114
          ],
          [
            -115.172849,
            36.092162
          ],
          [
            -115.172849,
            36.092211
          ],
          [
            -115.172849,
            36.092259
          ],
          [
            -115.172849,
            36.092307
          ],
          [
            -115.17285,
            36.092355
          ],
          [
            -115.17285,
            36.092403
          ],
          [
            -115.17285,
            36.092452
          ],
          [
            -115.17285,
            36.0925
          ],
          [
            -115.172851,
            36.092548
          ],
          [
            -115.172851,
            36.092577
          ],
          [
            -115.172851,
            36.092607
          ],
          [
            -115.172851,
            36.092636
          ],
          [
            -115.172851,
            36.092666
          ],
          [
            -115.172851,
            36.092695
          ],
          [
            -115.172852,
            36.092725
          ],
          [
            -115.172852,
            36.092754
          ],
          [
            -115.172852,
            36.092784
          ],
          [
            -115.172852,
            36.092813
          ],
          [
            -115.172852,
            36.092843
          ],
          [
            -115.172853,
            36.092872
          ],
          [
            -115.172853,
            36.092902
          ],
          [
            -115.172853,
            36.092931
          ],
          [
            -115.172853,
            36.09296
          ],
          [
            -115.172853,
            36.09299
          ],
          [
            -115.172854,
            36.093019
          ],
          [
            -115.172854,
            36.093049
          ],
          [
            -115.172854,
            36.093078
          ],
          [
            -115.172854,
            36.093108
          ],
          [
            -115.172854,
            36.093137
          ],
          [
            -115.172854,
            36.093167
          ],
          [
            -115.172855,
            36.093197
          ],
          [
            -115.172855,
            36.093228
          ],
          [
            -115.172855,
            36.093258
          ],
          [
            -115.172855,
            36.093289
          ],
          [
            -115.172855,
            36.093319
          ],
          [
            -115.172856,
            36.09335
          ],
          [
            -115.172856,
            36.09338
          ],
          [
            -115.172856,
            36.093411
          ],
          [
            -115.172856,
            36.093441
          ],
          [
            -115.172856,
            36.093471
          ],
          [
            -115.172856,
            36.093502
          ],
          [
            -115.172856,
            36.093533
          ],
          [
            -115.172856,
            36.093563
          ],
          [
            -115.172856,
            36.093593
          ],
          [
            -115.172856,
            36.093624
          ],
          [
            -115.172856,
            36.093654
          ],
          [
            -115.172856,
            36.093685
          ],
          [
            -115.172856,
            36.093715
          ],
          [
            -115.172856,
            36.093746
          ],
          [
            -115.172856,
            36.093776
          ],
          [
            -115.172856,
            36.093807
          ],
          [
            -115.172856,
            36.093846
          ],
          [
            -115.172856,
            36.093886
          ],
          [
            -115.172856,
            36.093926
          ],
          [
            -115.172856,
            36.093965
          ],
          [
            -115.172856,
            36.094005
          ],
          [
            -115.172856,
            36.094045
          ],
          [
            -115.172856,
            36.094084
          ],
          [
            -115.172856,
            36.094124
          ],
          [
            -115.172856,
            36.094164
          ],
          [
            -115.172856,
            36.094203
          ],
          [
            -115.172856,
            36.094243
          ],
          [
            -115.172856,
            36.094283
          ],
          [
            -115.172856,
            36.094322
          ],
          [
            -115.172856,
            36.094362
          ],
          [
            -115.172856,
            36.094401
          ],
          [
            -115.172856,
            36.094441
          ],
          [
            -115.172856,
            36.094481
          ],
          [
            -115.172856,
            36.094521
          ],
          [
            -115.172856,
            36.09456
          ],
          [
            -115.172856,
            36.0946
          ],
          [
            -115.172856,
            36.094639
          ],
          [
            -115.172856,
            36.09468
          ],
          [
            -115.172856,
            36.09472
          ],
          [
            -115.172856,
            36.094761
          ],
          [
            -115.172857,
            36.094801
          ],
          [
            -115.172857,
            36.094842
          ],
          [
            -115.172857,
            36.094882
          ],
          [
            -115.172857,
            36.094923
          ],
          [
            -115.172857,
            36.094963
          ],
          [
            -115.172857,
            36.095004
          ],
          [
            -115.172857,
            36.095044
          ],
          [
            -115.172858,
            36.095085
          ],
          [
            -115.172858,
            36.095125
          ],
          [
            -115.172858,
            36.095166
          ],
          [
            -115.172858,
            36.095206
          ],
          [
            -115.172859,
            36.095247
          ],
          [
            -115.172859,
            36.095287
          ],
          [
            -115.172859,
            36.095327
          ],
          [
            -115.17286,
            36.095368
          ],
          [
            -115.17286,
            36.095408
          ],
          [
            -115.172861,
            36.095449
          ],
          [
            -115.172861,
            36.095489
          ],
          [
            -115.172861,
            36.095526
          ],
          [
            -115.172862,
            36.095562
          ],
          [
            -115.172862,
            36.095598
          ],
          [
            -115.172863,
            36.095634
          ],
          [
            -115.172864,
            36.09567
          ],
          [
            -115.172865,
            36.095707
          ],
          [
            -115.172865,
            36.095743
          ],
          [
            -115.172866,
            36.095779
          ],
          [
            -115.172867,
            36.095816
          ],
          [
            -115.172868,
            36.095852
          ],
          [
            -115.172869,
            36.095888
          ],
          [
            -115.17287,
            36.095924
          ],
          [
            -115.172871,
            36.09596
          ],
          [
            -115.172873,
            36.095997
          ],
          [
            -115.172874,
            36.096033
          ],
          [
            -115.172875,
            36.096069
          ],
          [
            -115.172877,
            36.096105
          ],
          [
            -115.172878,
            36.096142
          ],
          [
            -115.17288,
            36.096178
          ],
          [
            -115.172882,
            36.096214
          ],
          [
            -115.172883,
            36.09625
          ],
          [
            -115.172885,
            36.096278
          ],
          [
            -115.172886,
            36.096306
          ],
          [
            -115.172888,
            36.096334
          ],
          [
            -115.172889,
            36.096362
          ],
          [
            -115.17289,
            36.09639
          ],
          [
            -115.172891,
            36.096418
          ],
          [
            -115.172893,
            36.096446
          ],
          [
            -115.172894,
            36.096474
          ],
          [
            -115.172895,
            36.096502
          ],
          [
            -115.172895,
            36.09653
          ],
          [
            -115.172896,
            36.096558
          ],
          [
            -115.172897,
            36.096586
          ],
          [
            -115.172898,
            36.096614
          ],
          [
            -115.172899,
            36.096642
          ],
          [
            -115.172899,
            36.09667
          ],
          [
            -115.1729,
            36.096698
          ],
          [
            -115.1729,
            36.096726
          ],
          [
            -115.1729,
            36.096754
          ],
          [
            -115.1729,
            36.096782
          ],
          [
            -115.1729,
            36.09681
          ],
          [
            -115.1729,
            36.096838
          ],
          [
            -115.1729,
            36.096866
          ],
          [
            -115.1729,
            36.096894
          ],
          [
            -115.1729,
            36.096922
          ],
          [
            -115.1729,
            36.09695
          ],
          [
            -115.1729,
            36.096978
          ],
          [
            -115.1729,
            36.097006
          ],
          [
            -115.1729,
            36.097034
          ],
          [
            -115.1729,
            36.097062
          ],
          [
            -115.1729,
            36.097089
          ],
          [
            -115.1729,
            36.097117
          ],
          [
            -115.1729,
            36.097145
          ],
          [
            -115.1729,
            36.097173
          ],
          [
            -115.1729,
            36.097201
          ],
          [
            -115.1729,
            36.097229
          ],
          [
            -115.1729,
            36.097257
          ],
          [
            -115.172901,
            36.097285
          ],
          [
            -115.172901,
            36.097313
          ],
          [
            -115.172901,
            36.097341
          ],
          [
            -115.172901,
            36.097369
          ],
          [
            -115.172901,
            36.097397
          ],
          [
            -115.172901,
            36.097424
          ],
          [
            -115.172902,
            36.097459
          ],
          [
            -115.172902,
            36.097493
          ],
          [
            -115.172902,
            36.097528
          ],
          [
            -115.172903,
            36.097563
          ],
          [
            -115.172903,
            36.097597
          ],
          [
            -115.172903,
            36.097632
          ],
          [
            -115.172903,
            36.097666
          ],
          [
            -115.172904,
            36.097701
          ],
          [
            -115.172904,
            36.097735
          ],
          [
            -115.172904,
            36.09777
          ],
          [
            -115.172904,
            36.097804
          ],
          [
            -115.172905,
            36.097839
          ],
          [
            -115.172905,
            36.097873
          ],
          [
            -115.172905,
            36.097908
          ],
          [
            -115.172906,
            36.097942
          ],
          [
            -115.172906,
            36.097977
          ],
          [
            -115.172906,
            36.098011
          ],
          [
            -115.172907,
            36.098046
          ],
          [
            -115.172907,
            36.098081
          ],
          [
            -115.172907,
            36.098115
          ],
          [
            -115.172908,
            36.09815
          ],
          [
            -115.172908,
            36.098184
          ],
          [
            -115.172908,
            36.098218
          ],
          [
            -115.172909,
            36.098253
          ],
          [
            -115.172909,
            36.098287
          ],
          [
            -115.17291,
            36.098322
          ],
          [
            -115.17291,
            36.098356
          ],
          [
            -115.17291,
            36.09839
          ],
          [
            -115.172911,
            36.098425
          ],
          [
            -115.172911,
            36.098459
          ],
          [
            -115.172911,
            36.098493
          ],
          [
            -115.172912,
            36.098528
          ],
          [
            -115.172912,
            36.098562
          ],
          [
            -115.172913,
            36.098597
          ],
          [
            -115.172913,
            36.098631
          ],
          [
            -115.172914,
            36.098665
          ],
          [
            -115.172914,
            36.0987
          ],
          [
            -115.172915,
            36.098734
          ],
          [
            -115.172915,
            36.098769
          ],
          [
            -115.172916,
            36.098803
          ],
          [
            -115.172916,
            36.098837
          ],
          [
            -115.172916,
            36.098872
          ],
          [
            -115.172917,
            36.098905
          ],
          [
            -115.172917,
            36.098937
          ],
          [
            -115.172918,
            36.09897
          ],
          [
            -115.172918,
            36.099003
          ],
          [
            -115.172919,
            36.099035
          ],
          [
            -115.172919,
            36.099068
          ],
          [
            -115.17292,
            36.099101
          ],
          [
            -115.17292,
            36.099134
          ],
          [
            -115.17292,
            36.099166
          ],
          [
            -115.172921,
            36.099199
          ],
          [
            -115.172921,
            36.099232
          ],
          [
            -115.172922,
            36.099264
          ],
          [
            -115.172922,
            36.099297
          ],
          [
            -115.172922,
            36.09933
          ],
          [
            -115.172923,
            36.099363
          ],
          [
            -115.172923,
            36.099395
          ],
          [
            -115.172924,
            36.099428
          ],
          [
            -115.172924,
            36.099461
          ],
          [
            -115.172924,
            36.099494
          ],
          [
            -115.172925,
            36.099526
          ],
          [
            -115.172925,
            36.099559
          ],
          [
            -115.172925,
            36.099586
          ],
          [
            -115.172926,
            36.099613
          ],
          [
            -115.172926,
            36.09964
          ],
          [
            -115.172926,
            36.099668
          ],
          [
            -115.172927,
            36.099695
          ],
          [
            -115.172927,
            36.099722
          ],
          [
            -115.172927,
            36.099749
          ],
          [
            -115.172927,
            36.099776
          ],
          [
            -115.172928,
            36.099803
          ],
          [
            -115.172928,
            36.09983
          ],
          [
            -115.172928,
            36.099857
          ],
          [
            -115.172928,
            36.099885
          ],
          [
            -115.172928,
            36.099912
          ],
          [
            -115.172929,
            36.099939
          ],
          [
            -115.172929,
            36.099966
          ],
          [
            -115.172929,
            36.099993
          ],
          [
            -115.172929,
            36.10002
          ],
          [
            -115.172929,
            36.100047
          ],
          [
            -115.17293,
            36.100074
          ],
          [
            -115.17293,
            36.100102
          ],
          [
            -115.17293,
            36.100129
          ],
          [
            -115.17293,
            36.100147
          ],
          [
            -115.17293,
            36.100164
          ],
          [
            -115.17293,
            36.100182
          ],
          [
            -115.17293,
            36.1002
          ],
          [
            -115.17293,
            36.100218
          ],
          [
            -115.17293,
            36.100235
          ],
          [
            -115.17293,
            36.100253
          ],
          [
            -115.172931,
            36.100271
          ],
          [
            -115.172931,
            36.100289
          ],
          [
            -115.172931,
            36.100307
          ],
          [
            -115.172931,
            36.100324
          ],
          [
            -115.172931,
            36.100342
          ],
          [
            -115.172931,
            36.10036
          ],
          [
            -115.172931,
            36.100378
          ],
          [
            -115.172931,
            36.100395
          ],
          [
            -115.172931,
            36.100413
          ],
          [
            -115.172931,
            36.100431
          ],
          [
            -115.172931,
            36.100449
          ],
          [
            -115.172932,
            36.100467
          ],
          [
            -115.172932,
            36.100484
          ],
          [
            -115.172932,
            36.100502
          ],
          [
            -115.172932,
            36.100524
          ],
          [
            -115.172931,
            36.100545
          ],
          [
            -115.172931,
            36.100567
          ],
          [
            -115.17293,
            36.100589
          ],
          [
            -115.172929,
            36.10061
          ],
          [
            -115.172928,
            36.100632
          ],
          [
            -115.172927,
            36.100653
          ],
          [
            -115.172926,
            36.100675
          ],
          [
            -115.172924,
            36.100696
          ],
          [
            -115.172922,
            36.100718
          ],
          [
            -115.172921,
            36.10074
          ],
          [
            -115.172918,
            36.100761
          ],
          [
            -115.172916,
            36.100783
          ],
          [
            -115.172914,
            36.100804
          ],
          [
            -115.172912,
            36.100826
          ],
          [
            -115.17291,
            36.100847
          ],
          [
            -115.172908,
            36.100869
          ],
          [
            -115.172905,
            36.10089
          ],
          [
            -115.172903,
            36.100912
          ],
          [
            -115.172901,
            36.100933
          ],
          [
            -115.172899,
            36.100955
          ],
          [
            -115.172896,
            36.100979
          ],
          [
            -115.172893,
            36.101004
          ],
          [
            -115.172891,
            36.101028
          ],
          [
            -115.172889,
            36.101053
          ],
          [
            -115.172886,
            36.101078
          ],
          [
            -115.172884,
            36.101102
          ],
          [
            -115.172882,
            36.101127
          ],
          [
            -115.17288,
            36.101151
          ],
          [
            -115.172878,
            36.101176
          ],
          [
            -115.172876,
            36.101201
          ],
          [
            -115.172875,
            36.101225
          ],
          [
            -115.172873,
            36.10125
          ],
          [
            -115.172872,
            36.101274
          ],
          [
            -115.172871,
            36.101299
          ],
          [
            -115.17287,
            36.101324
          ],
          [
            -115.172869,
            36.101348
          ],
          [
            -115.172869,
            36.101373
          ],
          [
            -115.172868,
            36.101397
          ],
          [
            -115.172868,
            36.101422
          ],
          [
            -115.172868,
            36.101447
          ],
          [
            -115.172869,
            36.101471
          ],
          [
            -115.172869,
            36.101492
          ],
          [
            -115.172869,
            36.101513
          ],
          [
            -115.17287,
            36.101534
          ],
          [
            -115.17287,
            36.101555
          ],
          [
            -115.172871,
            36.101576
          ],
          [
            -115.172871,
            36.101597
          ],
          [
            -115.172871,
            36.101618
          ],
          [
            -115.172871,
            36.101639
          ],
          [
            -115.172872,
            36.10166
          ],
          [
            -115.172872,
            36.101681
          ],
          [
            -115.172873,
            36.101702
          ],
          [
            -115.172873,
            36.101723
          ],
          [
            -115.172873,
            36.101744
          ],
          [
            -115.172874,
            36.101765
          ],
          [
            -115.172874,
            36.101785
          ],
          [
            -115.172874,
            36.101806
          ],
          [
            -115.172875,
            36.101827
          ],
          [
            -115.172875,
            36.101848
          ],
          [
            -115.172875,
            36.101869
          ],
          [
            -115.172876,
            36.10189
          ],
          [
            -115.172876,
            36.101911
          ],
          [
            -115.172876,
            36.101937
          ],
          [
            -115.172877,
            36.101964
          ],
          [
            -115.172877,
            36.10199
          ],
          [
            -115.172878,
            36.102017
          ],
          [
            -115.172878,
            36.102043
          ],
          [
            -115.172879,
            36.102069
          ],
          [
            -115.17288,
            36.102096
          ],
          [
            -115.17288,
            36.102122
          ],
          [
            -115.172881,
            36.102149
          ],
          [
            -115.172882,
            36.102175
          ],
          [
            -115.172883,
            36.102201
          ],
          [
            -115.172883,
            36.102228
          ],
          [
            -115.172884,
            36.102254
          ],
          [
            -115.172885,
            36.102281
          ],
          [
            -115.172886,
            36.102307
          ],
          [
            -115.172887,
            36.102334
          ],
          [
            -115.172888,
            36.10236
          ],
          [
            -115.172889,
            36.102386
          ],
          [
            -115.17289,
            36.102413
          ],
          [
            -115.172891,
            36.102439
          ],
          [
            -115.172892,
            36.102466
          ],
          [
            -115.172893,
            36.102491
          ],
          [
            -115.172894,
            36.102517
          ],
          [
            -115.172895,
            36.102543
          ],
          [
            -115.172896,
            36.102568
          ],
          [
            -115.172897,
            36.102594
          ],
          [
            -115.172898,
            36.10262
          ],
          [
            -115.172899,
            36.102646
          ],
          [
            -115.1729,
            36.102671
          ],
          [
            -115.172901,
            36.102697
          ],
          [
            -115.172902,
            36.102723
          ],
          [
            -115.172903,
            36.102748
          ],
          [
            -115.172905,
            36.102774
          ],
          [
            -115.172906,
            36.1028
          ],
          [
            -115.172907,
            36.102826
          ],
          [
            -115.172908,
            36.102851
          ],
          [
            -115.172909,
            36.102877
          ],
          [
            -115.172911,
            36.102903
          ],
          [
            -115.172912,
            36.102928
          ],
          [
            -115.172913,
            36.102954
          ],
          [
            -115.172915,
            36.10298
          ],
          [
            -115.172916,
            36.103005
          ],
          [
            -115.172917,
            36.103027
          ],
          [
            -115.172918,
            36.103049
          ],
          [
            -115.172919,
            36.103071
          ],
          [
            -115.17292,
            36.103092
          ],
          [
            -115.172921,
            36.103114
          ],
          [
            -115.172922,
            36.103136
          ],
          [
            -115.172922,
            36.103157
          ],
          [
            -115.172923,
            36.103179
          ],
          [
            -115.172924,
            36.103201
          ],
          [
            -115.172924,
            36.103223
          ],
          [
            -115.172925,
            36.103244
          ],
          [
            -115.172925,
            36.103266
          ],
          [
            -115.172925,
            36.103288
          ],
          [
            -115.172926,
            36.10331
          ],
          [
            -115.172926,
            36.103331
          ],
          [
            -115.172926,
            36.103353
          ],
          [
            -115.172926,
            36.103375
          ],
          [
            -115.172926,
            36.103396
          ],
          [
            -115.172926,
            36.103418
          ],
          [
            -115.172926,
            36.10344
          ],
          [
            -115.172926,
            36.103462
          ],
          [
            -115.172926,
            36.103484
          ],
          [
            -115.172925,
            36.103506
          ],
          [
            -115.172925,
            36.103528
          ],
          [
            -115.172925,
            36.10355
          ],
          [
            -115.172924,
            36.103572
          ],
          [
            -115.172924,
            36.103594
          ],
          [
            -115.172924,
            36.103616
          ],
          [
            -115.172923,
            36.103638
          ],
          [
            -115.172923,
            36.10366
          ],
          [
            -115.172922,
            36.103682
          ],
          [
            -115.172922,
            36.103704
          ],
          [
            -115.172921,
            36.103726
          ],
          [
            -115.172921,
            36.103748
          ],
          [
            -115.17292,
            36.10377
          ],
          [
            -115.172919,
            36.103792
          ],
          [
            -115.172919,
            36.103814
          ],
          [
            -115.172918,
            36.103836
          ],
          [
            -115.172917,
            36.103858
          ],
          [
            -115.172916,
            36.10388
          ],
          [
            -115.172916,
            36.103902
          ],
          [
            -115.172915,
            36.103924
          ],
          [
            -115.172914,
            36.103955
          ],
          [
            -115.172913,
            36.103986
          ],
          [
            -115.172912,
            36.104017
          ],
          [
            -115.172911,
            36.104048
          ],
          [
            -115.172911,
            36.104079
          ],
          [
            -115.17291,
            36.10411
          ],
          [
            -115.17291,
            36.104141
          ],
          [
            -115.172909,
            36.104172
          ],
          [
            -115.172909,
            36.104203
          ],
          [
            -115.172909,
            36.104234
          ],
          [
            -115.172909,
            36.104265
          ],
          [
            -115.172909,
            36.104296
          ],
          [
            -115.172909,
            36.104327
          ],
          [
            -115.172909,
            36.104358
          ],
          [
            -115.17291,
            36.10439
          ],
          [
            -115.17291,
            36.104421
          ],
          [
            -115.17291,
            36.104452
          ],
          [
            -115.172911,
            36.104483
          ],
          [
            -115.172911,
            36.104514
          ],
          [
            -115.172911,
            36.104545
          ],
          [
            -115.172912,
            36.104576
          ],
          [
            -115.172912,
            36.104622
          ],
          [
            -115.172913,
            36.104668
          ],
          [
            -115.172914,
            36.104714
          ],
          [
            -115.172914,
            36.10476
          ],
          [
            -115.172915,
            36.104806
          ],
          [
            -115.172916,
            36.104852
          ],
          [
            -115.172916,
            36.104898
          ],
          [
            -115.172917,
            36.104944
          ],
          [
            -115.172918,
            36.10499
          ],
          [
            -115.172918,
            36.105036
          ],
          [
            -115.172919,
            36.105082
          ],
          [
            -115.17292,
            36.105128
          ],
          [
            -115.172921,
            36.105174
          ],
          [
            -115.172921,
            36.10522
          ],
          [
            -115.172922,
            36.105266
          ],
          [
            -115.172922,
            36.105312
          ],
          [
            -115.172923,
            36.105358
          ],
          [
            -115.172924,
            36.105404
          ],
          [
            -115.172924,
            36.10545
          ],
          [
            -115.172925,
            36.105496
          ],
          [
            -115.172926,
            36.105542
          ],
          [
            -115.172927,
            36.105596
          ],
          [
            -115.172927,
            36.10565
          ],
          [
            -115.172928,
            36.105704
          ],
          [
            -115.172929,
            36.105758
          ],
          [
            -115.17293,
            36.105812
          ],
          [
            -115.17293,
            36.105866
          ],
          [
            -115.172931,
            36.10592
          ],
          [
            -115.172932,
            36.105974
          ],
          [
            -115.172932,
            36.106028
          ],
          [
            -115.172933,
            36.106081
          ],
          [
            -115.172934,
            36.106135
          ],
          [
            -115.172934,
            36.106189
          ],
          [
            -115.172935,
            36.106243
          ],
          [
            -115.172935,
            36.106297
          ],
          [
            -115.172936,
            36.106351
          ],
          [
            -115.172936,
            36.106405
          ],
          [
            -115.172937,
            36.106459
          ],
          [
            -115.172938,
            36.106513
          ],
          [
            -115.172938,
            36.106567
          ],
          [
            -115.172939,
            36.106621
          ],
          [
            -115.172939,
            36.106674
          ],
          [
            -115.172939,
            36.106722
          ],
          [
            -115.17294,
            36.106769
          ],
          [
            -115.17294,
            36.106816
          ],
          [
            -115.17294,
            36.106864
          ],
          [
            -115.172941,
            36.106911
          ],
          [
            -115.172941,
            36.106958
          ],
          [
            -115.172942,
            36.107005
          ],
          [
            -115.172942,
            36.107052
          ],
          [
            -115.172942,
            36.1071
          ],
          [
            -115.172943,
            36.107147
          ],
          [
            -115.172943,
            36.107194
          ],
          [
            -115.172943,
            36.107241
          ],
          [
            -115.172944,
            36.107289
          ],
          [
            -115.172944,
            36.107336
          ],
          [
            -115.172944,
            36.107383
          ],
          [
            -115.172945,
            36.10743
          ],
          [
            -115.172945,
            36.107478
          ],
          [
            -115.172945,
            36.107525
          ],
          [
            -115.172945,
            36.107572
          ],
          [
            -115.172946,
            36.107619
          ],
          [
            -115.172946,
            36.107667
          ],
          [
            -115.172946,
            36.107703
          ],
          [
            -115.172946,
            36.107738
          ],
          [
            -115.172946,
            36.107774
          ],
          [
            -115.172946,
            36.10781
          ],
          [
            -115.172946,
            36.107846
          ],
          [
            -115.172946,
            36.107882
          ],
          [
            -115.172946,
            36.107918
          ],
          [
            -115.172945,
            36.107954
          ],
          [
            -115.172945,
            36.10799
          ],
          [
            -115.172945,
            36.108026
          ],
          [
            -115.172944,
            36.108062
          ],
          [
            -115.172944,
            36.108098
          ],
          [
            -115.172943,
            36.108134
          ],
          [
            -115.172942,
            36.10817
          ],
          [
            -115.172942,
            36.108205
          ],
          [
            -115.172941,
            36.108241
          ],
          [
            -115.17294,
            36.108277
          ],
          [
            -115.172939,
            36.108313
          ],
          [
            -115.172938,
            36.108349
          ],
          [
            -115.172937,
            36.108385
          ],
          [
            -115.172935,
            36.108421
          ],
          [
            -115.172934,
            36.108449
          ],
          [
            -115.172933,
            36.108477
          ],
          [
            -115.172932,
            36.108505
          ],
          [
            -115.172931,
            36.108533
          ],
          [
            -115.17293,
            36.108561
          ],
          [
            -115.172929,
            36.108589
          ],
          [
            -115.172928,
            36.108617
          ],
          [
            -115.172927,
            36.108645
          ],
          [
            -115.172926,
            36.108673
          ],
          [
            -115.172925,
            36.108701
          ],
          [
            -115.172924,
            36.108729
          ],
          [
            -115.172923,
            36.108757
          ],
          [
            -115.172922,
            36.108785
          ],
          [
            -115.172922,
            36.108813
          ],
          [
            -115.172921,
            36.108841
          ],
          [
            -115.17292,
            36.108869
          ],
          [
            -115.172919,
            36.108897
          ],
          [
            -115.172918,
            36.108925
          ],
          [
            -115.172917,
            36.108953
          ],
          [
            -115.172916,
            36.108981
          ],
          [
            -115.172916,
            36.109009
          ],
          [
            -115.172915,
            36.109038
          ],
          [
            -115.172914,
            36.109066
          ],
          [
            -115.172913,
            36.109095
          ],
          [
            -115.172913,
            36.109124
          ],
          [
            -115.172912,
            36.109153
          ],
          [
            -115.172912,
            36.109182
          ],
          [
            -115.172912,
            36.10921
          ],
          [
            -115.172911,
            36.109239
          ],
          [
            -115.172911,
            36.109268
          ],
          [
            -115.172911,
            36.109297
          ],
          [
            -115.172911,
            36.109326
          ],
          [
            -115.172911,
            36.109354
          ],
          [
            -115.172911,
            36.109383
          ],
          [
            -115.172911,
            36.109412
          ],
          [
            -115.172911,
            36.109441
          ],
          [
            -115.172911,
            36.10947
          ],
          [
            -115.172911,
            36.109498
          ],
          [
            -115.172912,
            36.109527
          ],
          [
            -115.172912,
            36.109556
          ],
          [
            -115.172912,
            36.109585
          ],
          [
            -115.172912,
            36.109613
          ],
          [
            -115.172913,
            36.109657
          ],
          [
            -115.172914,
            36.109702
          ],
          [
            -115.172914,
            36.109746
          ],
          [
            -115.172914,
            36.10979
          ],
          [
            -115.172915,
            36.109834
          ],
          [
            -115.172915,
            36.109878
          ],
          [
            -115.172916,
            36.109922
          ],
          [
            -115.172916,
            36.109966
          ],
          [
            -115.172916,
            36.11001
          ],
          [
            -115.172917,
            36.110054
          ],
          [
            -115.172917,
            36.110098
          ],
          [
            -115.172917,
            36.110143
          ],
          [
            -115.172918,
            36.110187
          ],
          [
            -115.172918,
            36.110231
          ],
          [
            -115.172918,
            36.110275
          ],
          [
            -115.172918,
            36.110319
          ],
          [
            -115.172919,
            36.110363
          ],
          [
            -115.172919,
            36.110407
          ],
          [
            -115.172919,
            36.110451
          ],
          [
            -115.17292,
            36.110495
          ],
          [
            -115.17292,
            36.11054
          ],
          [
            -115.17292,
            36.110579
          ],
          [
            -115.17292,
            36.110619
          ],
          [
            -115.17292,
            36.110658
          ],
          [
            -115.172921,
            36.110698
          ],
          [
            -115.172921,
            36.110737
          ],
          [
            -115.172921,
            36.110777
          ],
          [
            -115.172921,
            36.110816
          ],
          [
            -115.172921,
            36.110855
          ],
          [
            -115.172921,
            36.110895
          ],
          [
            -115.172921,
            36.110934
          ],
          [
            -115.172921,
            36.110974
          ],
          [
            -115.172921,
            36.111013
          ],
          [
            -115.172921,
            36.111053
          ],
          [
            -115.172921,
            36.111092
          ],
          [
            -115.17292,
            36.111132
          ],
          [
            -115.17292,
            36.111171
          ],
          [
            -115.17292,
            36.111211
          ],
          [
            -115.172919,
            36.11125
          ],
          [
            -115.172918,
            36.11129
          ],
          [
            -115.172917,
            36.111329
          ],
          [
            -115.172917,
            36.111369
          ],
          [
            -115.172916,
            36.111395
          ],
          [
            -115.172916,
            36.11142
          ],
          [
            -115.172915,
            36.111446
          ],
          [
            -115.172914,
            36.111472
          ],
          [
            -115.172914,
            36.111498
          ],
          [
            -115.172913,
            36.111523
          ],
          [
            -115.172912,
            36.111549
          ],
          [
            -115.172912,
            36.111575
          ],
          [
            -115.172911,
            36.111601
          ],
          [
            -115.172911,
            36.111626
          ],
          [
            -115.17291,
            36.111652
          ],
          [
            -115.17291,
            36.111678
          ],
          [
            -115.172909,
            36.111704
          ],
          [
            -115.172908,
            36.111729
          ],
          [
            -115.172908,
            36.111755
          ],
          [
            -115.172907,
            36.111781
          ],
          [
            -115.172907,
            36.111807
          ],
          [
            -115.172906,
            36.111832
          ],
          [
            -115.172905,
            36.111858
          ],
          [
            -115.172905,
            36.111884
          ],
          [
            -115.172904,
            36.11191
          ],
          [
            -115.172904,
            36.111939
          ],
          [
            -115.172903,
            36.111967
          ],
          [
            -115.172902,
            36.111996
          ],
          [
            -115.172902,
            36.112025
          ],
          [
            -115.172901,
            36.112054
          ],
          [
            -115.1729,
            36.112083
          ],
          [
            -115.172899,
            36.112112
          ],
          [
            -115.172899,
            36.11214
          ],
          [
            -115.172898,
            36.112169
          ],
          [
            -115.172897,
            36.112198
          ],
          [
            -115.172896,
            36.112227
          ],
          [
            -115.172895,
            36.112256
          ],
          [
            -115.172894,
            36.112285
          ],
          [
            -115.172894,
            36.112313
          ],
          [
            -115.172893,
            36.112342
          ],
          [
            -115.172892,
            36.112371
          ],
          [
            -115.172891,
            36.1124
          ],
          [
            -115.17289,
            36.112429
          ],
          [
            -115.172889,
            36.112458
          ],
          [
            -115.172888,
            36.112487
          ],
          [
            -115.172887,
            36.112515
          ],
          [
            -115.172886,
            36.112546
          ],
          [
            -115.172885,
            36.112578
          ],
          [
            -115.172884,
            36.112609
          ],
          [
            -115.172883,
            36.11264
          ],
          [
            -115.172882,
            36.112671
          ],
          [
            -115.172881,
            36.112702
          ],
          [
            -115.17288,
            36.112732
          ],
          [
            -115.172879,
            36.112763
          ],
          [
            -115.172878,
            36.112794
          ],
          [
            -115.172877,
            36.112825
          ],
          [
            -115.172876,
            36.112856
          ],
          [
            -115.172875,
            36.112887
          ],
          [
            -115.172874,
            36.112918
          ],
          [
            -115.172873,
            36.11295
          ],
          [
            -115.172871,
            36.112981
          ],
          [
            -115.172871,
            36.113012
          ],
          [
            -115.17287,
            36.113043
          ],
          [
            -115.172869,
            36.113074
          ],
          [
            -115.172867,
            36.113105
          ],
          [
            -115.172866,
            36.113136
          ],
          [
            -115.172866,
            36.113167
          ],
          [
            -115.172864,
            36.113202
          ],
          [
            -115.172863,
            36.113239
          ],
          [
            -115.172862,
            36.113274
          ],
          [
            -115.172861,
            36.11331
          ],
          [
            -115.17286,
            36.113346
          ],
          [
            -115.172859,
            36.113382
          ],
          [
            -115.172858,
            36.113418
          ],
          [
            -115.172857,
            36.113454
          ],
          [
            -115.172856,
            36.11349
          ],
          [
            -115.172855,
            36.113526
          ],
          [
            -115.172854,
            36.113562
          ],
          [
            -115.172853,
            36.113598
          ],
          [
            -115.172853,
            36.113634
          ],
          [
            -115.172852,
            36.11367
          ],
          [
            -115.172851,
            36.113706
          ],
          [
            -115.17285,
            36.113741
          ],
          [
            -115.172849,
            36.113777
          ],
          [
            -115.172848,
            36.113813
          ],
          [
            -115.172848,
            36.113849
          ],
          [
            -115.172847,
            36.113885
          ],
          [
            -115.172846,
            36.113921
          ],
          [
            -115.172845,
            36.113958
          ],
          [
            -115.172844,
            36.113995
          ],
          [
            -115.172844,
            36.114032
          ],
          [
            -115.172843,
            36.114069
          ],
          [
            -115.172842,
            36.114106
          ],
          [
            -115.172841,
            36.114143
          ],
          [
            -115.17284,
            36.114179
          ],
          [
            -115.172839,
            36.114216
          ],
          [
            -115.172838,
            36.114253
          ],
          [
            -115.172837,
            36.11429
          ],
          [
            -115.172836,
            36.114327
          ],
          [
            -115.172835,
            36.114364
          ],
          [
            -115.172834,
            36.114401
          ],
          [
            -115.172833,
            36.114438
          ],
          [
            -115.172832,
            36.114475
          ],
          [
            -115.172831,
            36.114512
          ],
          [
            -115.172829,
            36.114549
          ],
          [
            -115.172828,
            36.114585
          ],
          [
            -115.172827,
            36.114622
          ],
          [
            -115.172825,
            36.114659
          ],
          [
            -115.172824,
            36.114696
          ],
          [
            -115.172823,
            36.114719
          ],
          [
            -115.172822,
            36.114742
          ],
          [
            -115.172821,
            36.114764
          ],
          [
            -115.172821,
            36.114787
          ],
          [
            -115.17282,
            36.11481
          ],
          [
            -115.172819,
            36.114833
          ],
          [
            -115.172818,
            36.114855
          ],
          [
            -115.172817,
            36.114878
          ],
          [
            -115.172816,
            36.114901
          ],
          [
            -115.172815,
            36.114924
          ],
          [
            -115.172814,
            36.114946
          ],
          [
            -115.172814,
            36.114969
          ],
          [
            -115.172813,
            36.114992
          ],
          [
            -115.172812,
            36.115015
          ],
          [
            -115.172811,
            36.115037
          ],
          [
            -115.17281,
            36.11506
          ],
          [
            -115.172809,
            36.115083
          ],
          [
            -115.172809,
            36.115105
          ],
          [
            -115.172808,
            36.115128
          ],
          [
            -115.172807,
            36.115151
          ],
          [
            -115.172806,
            36.115174
          ],
          [
            -115.172806,
            36.115198
          ],
          [
            -115.172805,
            36.115223
          ],
          [
            -115.172805,
            36.115247
          ],
          [
            -115.172804,
            36.115272
          ],
          [
            -115.172804,
            36.115296
          ],
          [
            -115.172804,
            36.115321
          ],
          [
            -115.172804,
            36.115345
          ],
          [
            -115.172804,
            36.11537
          ],
          [
            -115.172804,
            36.115394
          ],
          [
            -115.172804,
            36.115419
          ],
          [
            -115.172804,
            36.115443
          ],
          [
            -115.172804,
            36.115468
          ],
          [
            -115.172805,
            36.115492
          ],
          [
            -115.172805,
            36.115517
          ],
          [
            -115.172805,
            36.115541
          ],
          [
            -115.172806,
            36.115566
          ],
          [
            -115.172806,
            36.11559
          ],
          [
            -115.172807,
            36.115615
          ],
          [
            -115.172807,
            36.115639
          ],
          [
            -115.172808,
            36.115664
          ],
          [
            -115.172808,
            36.115688
          ],
          [
            -115.172809,
            36.115718
          ],
          [
            -115.172809,
            36.115748
          ],
          [
            -115.172809,
            36.115778
          ],
          [
            -115.17281,
            36.115808
          ],
          [
            -115.172811,
            36.115838
          ],
          [
            -115.172811,
            36.115868
          ],
          [
            -115.172812,
            36.115898
          ],
          [
            -115.172813,
            36.115927
          ],
          [
            -115.172813,
            36.115957
          ],
          [
            -115.172814,
            36.115987
          ],
          [
            -115.172815,
            36.116017
          ],
          [
            -115.172816,
            36.116047
          ],
          [
            -115.172816,
            36.116077
          ],
          [
            -115.172817,
            36.116107
          ],
          [
            -115.172818,
            36.116137
          ],
          [
            -115.172819,
            36.116167
          ],
          [
            -115.17282,
            36.116197
          ],
          [
            -115.172821,
            36.116226
          ],
          [
            -115.172823,
            36.116256
          ],
          [
            -115.172824,
            36.116286
          ],
          [
            -115.172825,
            36.116316
          ],
          [
            -115.172826,
            36.116338
          ],
          [
            -115.172827,
            36.11636
          ],
          [
            -115.172828,
            36.116383
          ],
          [
            -115.172829,
            36.116405
          ],
          [
            -115.17283,
            36.116427
          ],
          [
            -115.172831,
            36.116449
          ],
          [
            -115.172832,
            36.116471
          ],
          [
            -115.172833,
            36.116493
          ],
          [
            -115.172833,
            36.116515
          ],
          [
            -115.172834,
            36.116538
          ],
          [
            -115.172835,
            36.11656
          ],
          [
            -115.172836,
            36.116582
          ],
          [
            -115.172837,
            36.116604
          ],
          [
            -115.172837,
            36.116626
          ],
          [
            -115.172838,
            36.116648
          ],
          [
            -115.172839,
            36.116671
          ],
          [
            -115.17284,
            36.116693
          ],
          [
            -115.17284,
            36.116715
          ],
          [
            -115.172841,
            36.116737
          ],
          [
            -115.172842,
            36.116759
          ],
          [
            -115.172842,
            36.116782
          ],
          [
            -115.172843,
            36.116801
          ],
          [
            -115.172843,
            36.116821
          ],
          [
            -115.172844,
            36.116841
          ],
          [
            -115.172844,
            36.116861
          ],
          [
            -115.172844,
            36.11688
          ],
          [
            -115.172845,
            36.1169
          ],
          [
            -115.172845,
            36.11692
          ],
          [
            -115.172845,
            36.11694
          ],
          [
            -115.172846,
            36.11696
          ],
          [
            -115.172846,
            36.116979
          ],
          [
            -115.172846,
            36.116999
          ],
          [
            -115.172846,
            36.117019
          ],
          [
            -115.172846,
            36.117039
          ],
          [
            -115.172846,
            36.117058
          ],
          [
            -115.172846,
            36.117078
          ],
          [
            -115.172846,
            36.117098
          ],
          [
            -115.172846,
            36.117118
          ],
          [
            -115.172846,
            36.117138
          ],
          [
            -115.172846,
            36.117157
          ],
          [
            -115.172846,
            36.117177
          ],
          [
            -115.172846,
            36.117197
          ],
          [
            -115.172845,
            36.117216
          ],
          [
            -115.172845,
            36.117234
          ],
          [
            -115.172845,
            36.117253
          ],
          [
            -115.172845,
            36.117271
          ],
          [
            -115.172844,
            36.11729
          ],
          [
            -115.172844,
            36.117308
          ],
          [
            -115.172843,
            36.117327
          ],
          [
            -115.172843,
            36.117345
          ],
          [
            -115.172843,
            36.117364
          ],
          [
            -115.172842,
            36.117383
          ],
          [
            -115.172842,
            36.117401
          ],
          [
            -115.172841,
            36.11742
          ],
          [
            -115.17284,
            36.117438
          ],
          [
            -115.17284,
            36.117457
          ],
          [
            -115.172839,
            36.117475
          ],
          [
            -115.172838,
            36.117494
          ],
          [
            -115.172838,
            36.117512
          ],
          [
            -115.172837,
            36.117531
          ],
          [
            -115.172836,
            36.11755
          ],
          [
            -115.172835,
            36.117568
          ],
          [
            -115.172834,
            36.117587
          ],
          [
            -115.172833,
            36.117604
          ],
          [
            -115.172832,
            36.117621
          ],
          [
            -115.172832,
            36.117638
          ],
          [
            -115.172831,
            36.117655
          ],
          [
            -115.17283,
            36.117673
          ],
          [
            -115.172829,
            36.11769
          ],
          [
            -115.172828,
            36.117707
          ],
          [
            -115.172827,
            36.117724
          ],
          [
            -115.172826,
            36.117741
          ],
          [
            -115.172825,
            36.117759
          ],
          [
            -115.172824,
            36.117776
          ],
          [
            -115.172823,
            36.117793
          ],
          [
            -115.172822,
            36.11781
          ],
          [
            -115.172821,
            36.117827
          ],
          [
            -115.17282,
            36.117844
          ],
          [
            -115.172819,
            36.117861
          ],
          [
            -115.172818,
            36.117879
          ],
          [
            -115.172817,
            36.117896
          ],
          [
            -115.172816,
            36.117913
          ],
          [
            -115.172815,
            36.11793
          ],
          [
            -115.172814,
            36.117947
          ],
          [
            -115.172813,
            36.117965
          ],
          [
            -115.172811,
            36.117982
          ],
          [
            -115.17281,
            36.117999
          ],
          [
            -115.172809,
            36.118017
          ],
          [
            -115.172807,
            36.118034
          ],
          [
            -115.172806,
            36.118051
          ],
          [
            -115.172804,
            36.118069
          ],
          [
            -115.172803,
            36.118086
          ],
          [
            -115.172801,
            36.118103
          ],
          [
            -115.172799,
            36.118121
          ],
          [
            -115.172798,
            36.118138
          ],
          [
            -115.172796,
            36.118155
          ],
          [
            -115.172794,
            36.118173
          ],
          [
            -115.172792,
            36.11819
          ],
          [
            -115.172791,
            36.118207
          ],
          [
            -115.172789,
            36.118224
          ],
          [
            -115.172787,
            36.118242
          ],
          [
            -115.172785,
            36.118259
          ],
          [
            -115.172782,
            36.118276
          ],
          [
            -115.17278,
            36.118294
          ],
          [
            -115.172778,
            36.118311
          ],
          [
            -115.172776,
            36.118331
          ],
          [
            -115.172773,
            36.118351
          ],
          [
            -115.17277,
            36.118371
          ],
          [
            -115.172768,
            36.118392
          ],
          [
            -115.172765,
            36.118412
          ],
          [
            -115.172762,
            36.118432
          ],
          [
            -115.172759,
            36.118452
          ],
          [
            -115.172756,
            36.118472
          ],
          [
            -115.172753,
            36.118493
          ],
          [
            -115.172751,
            36.118513
          ],
          [
            -115.172748,
            36.118533
          ],
          [
            -115.172745,
            36.118553
          ],
          [
            -115.172742,
            36.118573
          ],
          [
            -115.172739,
            36.118593
          ],
          [
            -115.172736,
            36.118613
          ],
          [
            -115.172732,
            36.118634
          ],
          [
            -115.172729,
            36.118654
          ],
          [
            -115.172726,
            36.118674
          ],
          [
            -115.172723,
            36.118694
          ],
          [
            -115.17272,
            36.118714
          ],
          [
            -115.172717,
            36.118734
          ],
          [
            -115.172713,
            36.118754
          ],
          [
            -115.17271,
            36.118774
          ],
          [
            -115.172707,
            36.118793
          ],
          [
            -115.172704,
            36.118813
          ],
          [
            -115.1727,
            36.118832
          ],
          [
            -115.172697,
            36.118852
          ],
          [
            -115.172694,
            36.118871
          ],
          [
            -115.17269,
            36.118891
          ],
          [
            -115.172687,
            36.11891
          ],
          [
            -115.172683,
            36.11893
          ],
          [
            -115.17268,
            36.118949
          ],
          [
            -115.172676,
            36.118969
          ],
          [
            -115.172672,
            36.118988
          ],
          [
            -115.172669,
            36.119008
          ],
          [
            -115.172665,
            36.119027
          ],
          [
            -115.172661,
            36.119047
          ],
          [
            -115.172657,
            36.119066
          ],
          [
            -115.172653,
            36.119086
          ],
          [
            -115.172649,
            36.119105
          ],
          [
            -115.172645,
            36.119125
          ],
          [
            -115.172641,
            36.119144
          ],
          [
            -115.172637,
            36.119159
          ],
          [
            -115.172634,
            36.119174
          ],
          [
            -115.172631,
            36.119189
          ],
          [
            -115.172627,
            36.119205
          ],
          [
            -115.172624,
            36.11922
          ],
          [
            -115.172621,
            36.119235
          ],
          [
            -115.172617,
            36.11925
          ],
          [
            -115.172614,
            36.119265
          ],
          [
            -115.17261,
            36.11928
          ],
          [
            -115.172607,
            36.119295
          ],
          [
            -115.172603,
            36.11931
          ],
          [
            -115.1726,
            36.119325
          ],
          [
            -115.172596,
            36.11934
          ],
          [
            -115.172593,
            36.119355
          ],
          [
            -115.172589,
            36.11937
          ],
          [
            -115.172586,
            36.119385
          ],
          [
            -115.172582,
            36.1194
          ],
          [
            -115.172578,
            36.119415
          ],
          [
            -115.172575,
            36.11943
          ],
          [
            -115.172571,
            36.119445
          ],
          [
            -115.172567,
            36.11946
          ],
          [
            -115.172563,
            36.119474
          ],
          [
            -115.17256,
            36.119488
          ],
          [
            -115.172556,
            36.119501
          ],
          [
            -115.172553,
            36.119515
          ],
          [
            -115.172549,
            36.119529
          ],
          [
            -115.172546,
            36.119543
          ],
          [
            -115.172542,
            36.119557
          ],
          [
            -115.172538,
            36.11957
          ],
          [
            -115.172534,
            36.119584
          ],
          [
            -115.172531,
            36.119598
          ],
          [
            -115.172527,
            36.119612
          ],
          [
            -115.172523,
            36.119625
          ],
          [
            -115.172519,
            36.119639
          ],
          [
            -115.172515,
            36.119653
          ],
          [
            -115.172511,
            36.119667
          ],
          [
            -115.172508,
            36.11968
          ],
          [
            -115.172504,
            36.119694
          ],
          [
            -115.1725,
            36.119708
          ],
          [
            -115.172496,
            36.119721
          ],
          [
            -115.172492,
            36.119735
          ],
          [
            -115.172488,
            36.119749
          ],
          [
            -115.172482,
            36.119769
          ],
          [
            -115.172476,
            36.119789
          ],
          [
            -115.172469,
            36.119809
          ],
          [
            -115.172463,
            36.119829
          ],
          [
            -115.172457,
            36.11985
          ],
          [
            -115.17245,
            36.11987
          ],
          [
            -115.172444,
            36.11989
          ],
          [
            -115.172438,
            36.11991
          ],
          [
            -115.172431,
            36.11993
          ],
          [
            -115.172424,
            36.11995
          ],
          [
            -115.172418,
            36.11997
          ],
          [
            -115.172411,
            36.11999
          ],
          [
            -115.172404,
            36.12001
          ],
          [
            -115.172398,
            36.12003
          ],
          [
            -115.172391,
            36.12005
          ],
          [
            -115.172384,
            36.12007
          ],
          [
            -115.172377,
            36.12009
          ],
          [
            -115.17237,
            36.12011
          ],
          [
            -115.172364,
            36.120129
          ],
          [
            -115.172357,
            36.120149
          ],
          [
            -115.17235,
            36.120169
          ],
          [
            -115.172341,
            36.120193
          ],
          [
            -115.172333,
            36.120217
          ],
          [
            -115.172325,
            36.120241
          ],
          [
            -115.172316,
            36.120265
          ],
          [
            -115.172308,
            36.120289
          ],
          [
            -115.172299,
            36.120313
          ],
          [
            -115.172291,
            36.120337
          ],
          [
            -115.172282,
            36.120361
          ],
          [
            -115.172273,
            36.120385
          ],
          [
            -115.172264,
            36.120409
          ],
          [
            -115.172255,
            36.120432
          ],
          [
            -115.172246,
            36.120456
          ],
          [
            -115.172237,
            36.12048
          ],
          [
            -115.172228,
            36.120504
          ],
          [
            -115.172219,
            36.120528
          ],
          [
            -115.17221,
            36.120551
          ],
          [
            -115.172201,
            36.120575
          ],
          [
            -115.172191,
            36.120599
          ],
          [
            -115.172182,
            36.120623
          ],
          [
            -115.172173,
            36.120646
          ],
          [
            -115.172163,
            36.12067
          ],
          [
            -115.172153,
            36.120694
          ],
          [
            -115.172144,
            36.120717
          ],
          [
            -115.172134,
            36.120741
          ],
          [
            -115.172124,
            36.120764
          ],
          [
            -115.172115,
            36.120788
          ],
          [
            -115.172105,
            36.120812
          ],
          [
            -115.172095,
            36.120835
          ],
          [
            -115.172085,
            36.120859
          ],
          [
            -115.172076,
            36.120883
          ],
          [
            -115.172066,
            36.120906
          ],
          [
            -115.172056,
            36.12093
          ],
          [
            -115.172046,
            36.120953
          ],
          [
            -115.172036,
            36.120977
          ],
          [
            -115.172026,
            36.121001
          ],
          [
            -115.172016,
            36.121024
          ],
          [
            -115.172006,
            36.121048
          ],
          [
            -115.171997,
            36.121071
          ],
          [
            -115.171987,
            36.121095
          ],
          [
            -115.171977,
            36.121118
          ],
          [
            -115.171967,
            36.121142
          ],
          [
            -115.171957,
            36.121166
          ],
          [
            -115.171947,
            36.121189
          ],
          [
            -115.171937,
            36.121212
          ],
          [
            -115.171927,
            36.121234
          ],
          [
            -115.171917,
            36.121257
          ],
          [
            -115.171907,
            36.12128
          ],
          [
            -115.171897,
            36.121303
          ],
          [
            -115.171887,
            36.121326
          ],
          [
            -115.171877,
            36.121349
          ],
          [
            -115.171867,
            36.121372
          ],
          [
            -115.171857,
            36.121395
          ],
          [
            -115.171846,
            36.121418
          ],
          [
            -115.171836,
            36.12144
          ],
          [
            -115.171825,
            36.121463
          ],
          [
            -115.171814,
            36.121486
          ],
          [
            -115.171804,
            36.121509
          ],
          [
            -115.171793,
            36.121532
          ],
          [
            -115.171782,
            36.121554
          ],
          [
            -115.171771,
            36.121577
          ],
          [
            -115.17176,
            36.1216
          ],
          [
            -115.171749,
            36.121622
          ],
          [
            -115.171738,
            36.121645
          ],
          [
            -115.171726,
            36.121669
          ],
          [
            -115.171714,
            36.121693
          ],
          [
            -115.171701,
            36.121717
          ],
          [
            -115.171689,
            36.121741
          ],
          [
            -115.171676,
            36.121765
          ],
          [
            -115.171663,
            36.121789
          ],
          [
            -115.17165,
            36.121813
          ],
          [
            -115.171637,
            36.121837
          ],
          [
            -115.171624,
            36.121861
          ],
          [
            -115.17161,
            36.121885
          ],
          [
            -115.171597,
            36.121909
          ],
          [
            -115.171583,
            36.121932
          ],
          [
            -115.17157,
            36.121956
          ],
          [
            -115.171556,
            36.12198
          ],
          [
            -115.171542,
            36.122003
          ],
          [
            -115.171528,
            36.122027
          ],
          [
            -115.171514,
            36.122051
          ],
          [
            -115.1715,
            36.122074
          ],
          [
            -115.171486,
            36.122098
          ],
          [
            -115.171472,
            36.122121
          ],
          [
            -115.171458,
            36.122145
          ],
          [
            -115.171443,
            36.122168
          ],
          [
            -115.171429,
            36.122192
          ],
          [
            -115.171415,
            36.122215
          ],
          [
            -115.1714,
            36.122238
          ],
          [
            -115.171386,
            36.122262
          ],
          [
            -115.171371,
            36.122285
          ],
          [
            -115.171357,
            36.122309
          ],
          [
            -115.171342,
            36.122332
          ],
          [
            -115.171327,
            36.122355
          ],
          [
            -115.171312,
            36.122378
          ],
          [
            -115.171298,
            36.122402
          ],
          [
            -115.171283,
            36.122425
          ],
          [
            -115.171268,
            36.122448
          ],
          [
            -115.171253,
            36.122471
          ],
          [
            -115.171238,
            36.122494
          ],
          [
            -115.171222,
            36.122517
          ],
          [
            -115.171207,
            36.12254
          ],
          [
            -115.171192,
            36.122563
          ],
          [
            -115.171176,
            36.122586
          ],
          [
            -115.17116,
            36.122609
          ],
          [
            -115.171145,
            36.122632
          ],
          [
            -115.171127,
            36.122657
          ],
          [
            -115.17111,
            36.122683
          ],
          [
            -115.171092,
            36.122708
          ],
          [
            -115.171075,
            36.122733
          ],
          [
            -115.171057,
            36.122759
          ],
          [
            -115.17104,
            36.122784
          ],
          [
            -115.171022,
            36.122809
          ],
          [
            -115.171004,
            36.122834
          ],
          [
            -115.170987,
            36.12286
          ],
          [
            -115.170969,
            36.122885
          ],
          [
            -115.170952,
            36.12291
          ],
          [
            -115.170934,
            36.122935
          ],
          [
            -115.170916,
            36.12296
          ],
          [
            -115.170899,
            36.122986
          ],
          [
            -115.170881,
            36.123011
          ],
          [
            -115.170863,
            36.123036
          ],
          [
            -115.170846,
            36.123061
          ],
          [
            -115.170828,
            36.123086
          ],
          [
            -115.17081,
            36.123112
          ],
          [
            -115.170792,
            36.123137
          ],
          [
            -115.170775,
            36.123162
          ],
          [
            -115.170744,
            36.123206
          ],
          [
            -115.170713,
            36.12325
          ],
          [
            -115.170682,
            36.123294
          ],
          [
            -115.170652,
            36.123338
          ],
          [
            -115.170621,
            36.123382
          ],
          [
            -115.170591,
            36.123427
          ],
          [
            -115.170561,
            36.123471
          ],
          [
            -115.17053,
            36.123515
          ],
          [
            -115.1705,
            36.12356
          ],
          [
            -115.17047,
            36.123604
          ],
          [
            -115.17044,
            36.123649
          ],
          [
            -115.170411,
            36.123693
          ],
          [
            -115.170381,
            36.123737
          ],
          [
            -115.170351,
            36.123782
          ],
          [
            -115.170321,
            36.123826
          ],
          [
            -115.170291,
            36.123871
          ],
          [
            -115.170262,
            36.123915
          ],
          [
            -115.170232,
            36.12396
          ],
          [
            -115.170203,
            36.124004
          ],
          [
            -115.170173,
            36.124049
          ],
          [
            -115.170143,
            36.124094
          ],
          [
            -115.170114,
            36.124138
          ],
          [
            -115.170085,
            36.124181
          ],
          [
            -115.170056,
            36.124225
          ],
          [
            -115.170027,
            36.124269
          ],
          [
            -115.169998,
            36.124313
          ],
          [
            -115.169969,
            36.124357
          ],
          [
            -115.16994,
            36.124401
          ],
          [
            -115.169911,
            36.124445
          ],
          [
            -115.169882,
            36.124488
          ],
          [
            -115.169852,
            36.124532
          ],
          [
            -115.169823,
            36.124576
          ],
          [
            -115.169794,
            36.12462
          ],
          [
            -115.169765,
            36.124664
          ],
          [
            -115.169736,
            36.124708
          ],
          [
            -115.169707,
            36.124752
          ],
          [
            -115.169678,
            36.124795
          ],
          [
            -115.169649,
            36.124839
          ],
          [
            -115.16962,
            36.124883
          ],
          [
            -115.169591,
            36.124927
          ],
          [
            -115.169562,
            36.124971
          ],
          [
            -115.169532,
            36.125015
          ],
          [
            -115.169512,
            36.125046
          ],
          [
            -115.169491,
            36.125078
          ],
          [
            -115.16947,
            36.125109
          ],
          [
            -115.169449,
            36.12514
          ],
          [
            -115.169429,
            36.125172
          ],
          [
            -115.169408,
            36.125203
          ],
          [
            -115.169387,
            36.125235
          ],
          [
            -115.169366,
            36.125266
          ],
          [
            -115.169346,
            36.125298
          ],
          [
            -115.169325,
            36.125329
          ],
          [
            -115.169305,
            36.125361
          ],
          [
            -115.169284,
            36.125392
          ],
          [
            -115.169263,
            36.125424
          ],
          [
            -115.169243,
            36.125455
          ],
          [
            -115.169222,
            36.125487
          ],
          [
            -115.169202,
            36.125518
          ],
          [
            -115.169181,
            36.12555
          ],
          [
            -115.169161,
            36.125581
          ],
          [
            -115.169141,
            36.125613
          ],
          [
            -115.16912,
            36.125644
          ],
          [
            -115.1691,
            36.125676
          ],
          [
            -115.169086,
            36.125698
          ],
          [
            -115.169072,
            36.125719
          ],
          [
            -115.169058,
            36.125741
          ],
          [
            -115.169044,
            36.125763
          ],
          [
            -115.16903,
            36.125784
          ],
          [
            -115.169016,
            36.125806
          ],
          [
            -115.169002,
            36.125828
          ],
          [
            -115.168988,
            36.12585
          ],
          [
            -115.168974,
            36.125871
          ],
          [
            -115.16896,
            36.125893
          ],
          [
            -115.168946,
            36.125915
          ],
          [
            -115.168931,
            36.125936
          ],
          [
            -115.168917,
            36.125958
          ],
          [
            -115.168903,
            36.125979
          ],
          [
            -115.168889,
            36.126001
          ],
          [
            -115.168875,
            36.126023
          ],
          [
            -115.168861,
            36.126044
          ],
          [
            -115.168847,
            36.126066
          ],
          [
            -115.168832,
            36.126087
          ],
          [
            -115.168818,
            36.126109
          ],
          [
            -115.168803,
            36.126131
          ],
          [
            -115.168793,
            36.126146
          ],
          [
            -115.168783,
            36.126161
          ],
          [
            -115.168773,
            36.126176
          ],
          [
            -115.168763,
            36.126191
          ],
          [
            -115.168753,
            36.126206
          ],
          [
            -115.168743,
            36.126221
          ],
          [
            -115.168733,
            36.126236
          ],
          [
            -115.168723,
            36.126251
          ],
          [
            -115.168713,
            36.126266
          ],
          [
            -115.168704,
            36.126281
          ],
          [
            -115.168694,
            36.126296
          ],
          [
            -115.168684,
            36.126311
          ],
          [
            -115.168674,
            36.126326
          ],
          [
            -115.168664,
            36.126341
          ],
          [
            -115.168654,
            36.126356
          ],
          [
            -115.168644,
            36.126371
          ],
          [
            -115.168634,
            36.126387
          ],
          [
            -115.168624,
            36.126402
          ],
          [
            -115.168614,
            36.126417
          ],
          [
            -115.168604,
            36.126432
          ],
          [
            -115.168594,
            36.126447
          ],
          [
            -115.168566,
            36.126491
          ],
          [
            -115.168537,
            36.126534
          ],
          [
            -115.168508,
            36.126578
          ],
          [
            -115.168479,
            36.126622
          ],
          [
            -115.16845,
            36.126665
          ],
          [
            -115.168421,
            36.126709
          ],
          [
            -115.168392,
            36.126753
          ],
          [
            -115.168363,
            36.126796
          ],
          [
            -115.168334,
            36.12684
          ],
          [
            -115.168305,
            36.126884
          ],
          [
            -115.168276,
            36.126927
          ],
          [
            -115.168247,
            36.126971
          ],
          [
            -115.168218,
            36.127015
          ],
          [
            -115.168189,
            36.127058
          ],
          [
            -115.16816,
            36.127102
          ],
          [
            -115.168131,
            36.127145
          ],
          [
            -115.168102,
            36.127189
          ],
          [
            -115.168073,
            36.127232
          ],
          [
            -115.168044,
            36.127276
          ],
          [
            -115.168014,
            36.12732
          ],
          [
            -115.167985,
            36.127363
          ],
          [
            -115.167951,
            36.127415
          ],
          [
            -115.167917,
            36.127466
          ],
          [
            -115.167882,
            36.127518
          ],
          [
            -115.167848,
            36.12757
          ],
          [
            -115.167813,
            36.127621
          ],
          [
            -115.167779,
            36.127673
          ],
          [
            -115.167744,
            36.127725
          ],
          [
            -115.16771,
            36.127776
          ],
          [
            -115.167675,
            36.127828
          ],
          [
            -115.167641,
            36.127879
          ],
          [
            -115.167607,
            36.127931
          ],
          [
            -115.167572,
            36.127983
          ],
          [
            -115.167538,
            36.128034
          ],
          [
            -115.167503,
            36.128086
          ],
          [
            -115.167469,
            36.128138
          ],
          [
            -115.167434,
            36.128189
          ],
          [
            -115.1674,
            36.128241
          ],
          [
            -115.167365,
            36.128292
          ],
          [
            -115.167331,
            36.128344
          ],
          [
            -115.167297,
            36.128396
          ],
          [
            -115.167262,
            36.128447
          ],
          [
            -115.167236,
            36.128486
          ],
          [
            -115.16721,
            36.128525
          ],
          [
            -115.167184,
            36.128564
          ],
          [
            -115.167159,
            36.128603
          ],
          [
            -115.167133,
            36.128642
          ],
          [
            -115.167107,
            36.128681
          ],
          [
            -115.167081,
            36.12872
          ],
          [
            -115.167056,
            36.128759
          ],
          [
            -115.16703,
            36.128798
          ],
          [
            -115.167005,
            36.128837
          ],
          [
            -115.166979,
            36.128876
          ],
          [
            -115.166953,
            36.128915
          ],
          [
            -115.166928,
            36.128954
          ],
          [
            -115.166902,
            36.128993
          ],
          [
            -115.166877,
            36.129032
          ],
          [
            -115.166852,
            36.129071
          ],
          [
            -115.166826,
            36.12911
          ],
          [
            -115.166801,
            36.129149
          ],
          [
            -115.166775,
            36.129189
          ],
          [
            -115.16675,
            36.129228
          ],
          [
            -115.166725,
            36.129267
          ],
          [
            -115.166701,
            36.129304
          ],
          [
            -115.166677,
            36.129341
          ],
          [
            -115.166653,
            36.129378
          ],
          [
            -115.166629,
            36.129415
          ],
          [
            -115.166605,
            36.129452
          ],
          [
            -115.166581,
            36.129489
          ],
          [
            -115.166557,
            36.129525
          ],
          [
            -115.166533,
            36.129562
          ],
          [
            -115.166509,
            36.129599
          ],
          [
            -115.166485,
            36.129636
          ],
          [
            -115.166461,
            36.129673
          ],
          [
            -115.166437,
            36.12971
          ],
          [
            -115.166413,
            36.129747
          ],
          [
            -115.166389,
            36.129784
          ],
          [
            -115.166364,
            36.129821
          ],
          [
            -115.16634,
            36.129857
          ],
          [
            -115.166316,
            36.129894
          ],
          [
            -115.166292,
            36.129931
          ],
          [
            -115.166267,
            36.129968
          ],
          [
            -115.166243,
            36.130004
          ],
          [
            -115.166219,
            36.130041
          ],
          [
            -115.166198,
            36.130072
          ],
          [
            -115.166178,
            36.130102
          ],
          [
            -115.166158,
            36.130133
          ],
          [
            -115.166138,
            36.130163
          ],
          [
            -115.166118,
            36.130194
          ],
          [
            -115.166098,
            36.130224
          ],
          [
            -115.166079,
            36.130255
          ],
          [
            -115.166059,
            36.130286
          ],
          [
            -115.166039,
            36.130316
          ],
          [
            -115.16602,
            36.130347
          ],
          [
            -115.166,
            36.130378
          ],
          [
            -115.165981,
            36.130409
          ],
          [
            -115.165961,
            36.130439
          ],
          [
            -115.165942,
            36.13047
          ],
          [
            -115.165923,
            36.130501
          ],
          [
            -115.165904,
            36.130532
          ],
          [
            -115.165885,
            36.130563
          ],
          [
            -115.165866,
            36.130594
          ],
          [
            -115.165847,
            36.130625
          ],
          [
            -115.165828,
            36.130656
          ],
          [
            -115.165809,
            36.130687
          ],
          [
            -115.165795,
            36.130711
          ],
          [
            -115.16578,
            36.130736
          ],
          [
            -115.165765,
            36.130761
          ],
          [
            -115.16575,
            36.130785
          ],
          [
            -115.165735,
            36.13081
          ],
          [
            -115.165719,
            36.130834
          ],
          [
            -115.165704,
            36.130859
          ],
          [
            -115.165689,
            36.130884
          ],
          [
            -115.165674,
            36.130908
          ],
          [
            -115.165659,
            36.130932
          ],
          [
            -115.165643,
            36.130957
          ],
          [
            -115.165627,
            36.130981
          ],
          [
            -115.165612,
            36.131005
          ],
          [
            -115.165596,
            36.13103
          ],
          [
            -115.16558,
            36.131054
          ],
          [
            -115.165564,
            36.131078
          ],
          [
            -115.165548,
            36.131102
          ],
          [
            -115.165532,
            36.131126
          ],
          [
            -115.165515,
            36.13115
          ],
          [
            -115.165499,
            36.131174
          ],
          [
            -115.165482,
            36.131198
          ],
          [
            -115.16547,
            36.131216
          ],
          [
            -115.165457,
            36.131234
          ],
          [
            -115.165445,
            36.131252
          ],
          [
            -115.165432,
            36.13127
          ],
          [
            -115.16542,
            36.131288
          ],
          [
            -115.165408,
            36.131306
          ],
          [
            -115.165395,
            36.131324
          ],
          [
            -115.165383,
            36.131342
          ],
          [
            -115.165371,
            36.13136
          ],
          [
            -115.165359,
            36.131378
          ],
          [
            -115.165347,
            36.131396
          ],
          [
            -115.165335,
            36.131414
          ],
          [
            -115.165323,
            36.131432
          ],
          [
            -115.165311,
            36.13145
          ],
          [
            -115.1653,
            36.131469
          ],
          [
            -115.165288,
            36.131487
          ],
          [
            -115.165276,
            36.131505
          ],
          [
            -115.165265,
            36.131523
          ],
          [
            -115.165253,
            36.131542
          ],
          [
            -115.165241,
            36.13156
          ],
          [
            -115.16523,
            36.131578
          ],
          [
            -115.165219,
            36.131596
          ],
          [
            -115.165208,
            36.131614
          ],
          [
            -115.165197,
            36.131631
          ],
          [
            -115.165186,
            36.131649
          ],
          [
            -115.165175,
            36.131667
          ],
          [
            -115.165165,
            36.131684
          ],
          [
            -115.165154,
            36.131702
          ],
          [
            -115.165143,
            36.13172
          ],
          [
            -115.165132,
            36.131737
          ],
          [
            -115.165121,
            36.131755
          ],
          [
            -115.165111,
            36.131773
          ],
          [
            -115.1651,
            36.13179
          ],
          [
            -115.165089,
            36.131808
          ],
          [
            -115.165079,
            36.131826
          ],
          [
            -115.165068,
            36.131844
          ],
          [
            -115.165057,
            36.131861
          ],
          [
            -115.165047,
            36.131879
          ],
          [
            -115.165036,
            36.131897
          ],
          [
            -115.165026,
            36.131915
          ],
          [
            -115.165015,
            36.131933
          ],
          [
            -115.165005,
            36.13195
          ],
          [
            -115.164996,
            36.131966
          ],
          [
            -115.164986,
            36.131981
          ],
          [
            -115.164977,
            36.131997
          ],
          [
            -115.164968,
            36.132012
          ],
          [
            -115.164959,
            36.132028
          ],
          [
            -115.16495,
            36.132043
          ],
          [
            -115.16494,
            36.132059
          ],
          [
            -115.164931,
            36.132074
          ],
          [
            -115.164922,
            36.132089
          ],
          [
            -115.164912,
            36.132105
          ],
          [
            -115.164903,
            36.13212
          ],
          [
            -115.164894,
            36.132136
          ],
          [
            -115.164884,
            36.132151
          ],
          [
            -115.164875,
            36.132166
          ],
          [
            -115.164865,
            36.132182
          ],
          [
            -115.164856,
            36.132197
          ],
          [
            -115.164846,
            36.132212
          ],
          [
            -115.164836,
            36.132227
          ],
          [
            -115.164827,
            36.132243
          ],
          [
            -115.164817,
            36.132258
          ],
          [
            -115.164807,
            36.132273
          ],
          [
            -115.164793,
            36.132296
          ],
          [
            -115.164778,
            36.132318
          ],
          [
            -115.164763,
            36.132341
          ],
          [
            -115.164749,
            36.132364
          ],
          [
            -115.164734,
            36.132386
          ],
          [
            -115.164719,
            36.132409
          ],
          [
            -115.164704,
            36.132432
          ],
          [
            -115.164689,
            36.132454
          ],
          [
            -115.164675,
            36.132477
          ],
          [
            -115.16466,
            36.132499
          ],
          [
            -115.164645,
            36.132522
          ],
          [
            -115.16463,
            36.132544
          ],
          [
            -115.164615,
            36.132567
          ],
          [
            -115.1646,
            36.132589
          ],
          [
            -115.164585,
            36.132612
          ],
          [
            -115.16457,
            36.132634
          ],
          [
            -115.164555,
            36.132657
          ],
          [
            -115.16454,
            36.132679
          ],
          [
            -115.164525,
            36.132701
          ],
          [
            -115.16451,
            36.132724
          ],
          [
            -115.164495,
            36.132746
          ],
          [
            -115.164475,
            36.132776
          ],
          [
            -115.164455,
            36.132806
          ],
          [
            -115.164434,
            36.132836
          ],
          [
            -115.164414,
            36.132866
          ],
          [
            -115.164394,
            36.132896
          ],
          [
            -115.164374,
            36.132926
          ],
          [
            -115.164354,
            36.132956
          ],
          [
            -115.164334,
            36.132986
          ],
          [
            -115.164314,
            36.133016
          ],
          [
            -115.164293,
            36.133046
          ],
          [
            -115.164273,
            36.133076
          ],
          [
            -115.164253,
            36.133106
          ],
          [
            -115.164233,
            36.133136
          ],
          [
            -115.164213,
            36.133166
          ],
          [
            -115.164192,
            36.133196
          ],
          [
            -115.164172,
            36.133226
          ],
          [
            -115.164152,
            36.133256
          ],
          [
            -115.164131,
            36.133286
          ],
          [
            -115.164111,
            36.133316
          ],
          [
            -115.164091,
            36.133346
          ],
          [
            -115.16407,
            36.133375
          ],
          [
            -115.164051,
            36.133404
          ],
          [
            -115.164032,
            36.133432
          ],
          [
            -115.164013,
            36.133461
          ],
          [
            -115.163994,
            36.133489
          ],
          [
            -115.163974,
            36.133518
          ],
          [
            -115.163955,
            36.133547
          ],
          [
            -115.163936,
            36.133575
          ],
          [
            -115.163917,
            36.133604
          ],
          [
            -115.163898,
            36.133632
          ],
          [
            -115.163879,
            36.133661
          ],
          [
            -115.163861,
            36.13369
          ],
          [
            -115.163842,
            36.133718
          ],
          [
            -115.163823,
            36.133747
          ],
          [
            -115.163805,
            36.133776
          ],
          [
            -115.163786,
            36.133805
          ],
          [
            -115.163767,
            36.133833
          ],
          [
            -115.163749,
            36.133862
          ],
          [
            -115.16373,
            36.133891
          ],
          [
            -115.163712,
            36.13392
          ],
          [
            -115.163694,
            36.133949
          ],
          [
            -115.163675,
            36.133978
          ],
          [
            -115.163656,
            36.134008
          ],
          [
            -115.163636,
            36.134039
          ],
          [
            -115.163617,
            36.134069
          ],
          [
            -115.163597,
            36.134099
          ],
          [
            -115.163578,
            36.13413
          ],
          [
            -115.163558,
            36.13416
          ],
          [
            -115.163539,
            36.134191
          ],
          [
            -115.163519,
            36.134221
          ],
          [
            -115.163499,
            36.134251
          ],
          [
            -115.163479,
            36.134282
          ],
          [
            -115.163459,
            36.134312
          ],
          [
            -115.163439,
            36.134342
          ],
          [
            -115.163419,
            36.134373
          ],
          [
            -115.163399,
            36.134403
          ],
          [
            -115.163379,
            36.134433
          ],
          [
            -115.163359,
            36.134463
          ],
          [
            -115.163339,
            36.134493
          ],
          [
            -115.163318,
            36.134524
          ],
          [
            -115.163298,
            36.134554
          ],
          [
            -115.163278,
            36.134584
          ],
          [
            -115.163257,
            36.134614
          ],
          [
            -115.163236,
            36.134646
          ],
          [
            -115.163214,
            36.134678
          ],
          [
            -115.163192,
            36.134709
          ],
          [
            -115.163171,
            36.134741
          ],
          [
            -115.163149,
            36.134773
          ],
          [
            -115.163128,
            36.134805
          ],
          [
            -115.163106,
            36.134837
          ],
          [
            -115.163085,
            36.134869
          ],
          [
            -115.163063,
            36.134901
          ],
          [
            -115.163042,
            36.134932
          ],
          [
            -115.163021,
            36.134964
          ],
          [
            -115.162999,
            36.134996
          ],
          [
            -115.162978,
            36.135028
          ],
          [
            -115.162956,
            36.13506
          ],
          [
            -115.162935,
            36.135092
          ],
          [
            -115.162914,
            36.135124
          ],
          [
            -115.162892,
            36.135156
          ],
          [
            -115.162871,
            36.135188
          ],
          [
            -115.16285,
            36.13522
          ],
          [
            -115.162828,
            36.135252
          ],
          [
            -115.162807,
            36.135284
          ],
          [
            -115.162785,
            36.135317
          ],
          [
            -115.162763,
            36.13535
          ],
          [
            -115.162741,
            36.135383
          ],
          [
            -115.162719,
            36.135417
          ],
          [
            -115.162697,
            36.13545
          ],
          [
            -115.162675,
            36.135483
          ],
          [
            -115.162653,
            36.135516
          ],
          [
            -115.162631,
            36.135549
          ],
          [
            -115.162609,
            36.135583
          ],
          [
            -115.162587,
            36.135616
          ],
          [
            -115.162565,
            36.135649
          ],
          [
            -115.162544,
            36.135682
          ],
          [
            -115.162522,
            36.135716
          ],
          [
            -115.1625,
            36.135749
          ],
          [
            -115.162478,
            36.135782
          ],
          [
            -115.162456,
            36.135815
          ],
          [
            -115.162434,
            36.135849
          ],
          [
            -115.162413,
            36.135882
          ],
          [
            -115.162391,
            36.135915
          ],
          [
            -115.162369,
            36.135949
          ],
          [
            -115.162347,
            36.135982
          ],
          [
            -115.162328,
            36.136012
          ],
          [
            -115.162308,
            36.136042
          ],
          [
            -115.162288,
            36.136072
          ],
          [
            -115.162268,
            36.136102
          ],
          [
            -115.162249,
            36.136133
          ],
          [
            -115.162229,
            36.136163
          ],
          [
            -115.162209,
            36.136193
          ],
          [
            -115.16219,
            36.136223
          ],
          [
            -115.16217,
            36.136253
          ],
          [
            -115.16215,
            36.136283
          ],
          [
            -115.16213,
            36.136313
          ],
          [
            -115.162111,
            36.136343
          ],
          [
            -115.162091,
            36.136373
          ],
          [
            -115.162071,
            36.136403
          ],
          [
            -115.162051,
            36.136433
          ],
          [
            -115.162031,
            36.136463
          ],
          [
            -115.162012,
            36.136494
          ],
          [
            -115.161992,
            36.136524
          ],
          [
            -115.161972,
            36.136554
          ],
          [
            -115.161952,
            36.136584
          ],
          [
            -115.161933,
            36.136614
          ],
          [
            -115.161914,
            36.136643
          ],
          [
            -115.161895,
            36.136671
          ],
          [
            -115.161876,
            36.1367
          ],
          [
            -115.161857,
            36.136729
          ],
          [
            -115.161838,
            36.136758
          ],
          [
            -115.161819,
            36.136786
          ],
          [
            -115.1618,
            36.136815
          ],
          [
            -115.161781,
            36.136844
          ],
          [
            -115.161762,
            36.136873
          ],
          [
            -115.161744,
            36.136902
          ],
          [
            -115.161725,
            36.13693
          ],
          [
            -115.161706,
            36.136959
          ],
          [
            -115.161687,
            36.136988
          ],
          [
            -115.161668,
            36.137017
          ],
          [
            -115.16165,
            36.137046
          ],
          [
            -115.161631,
            36.137075
          ],
          [
            -115.161612,
            36.137104
          ],
          [
            -115.161593,
            36.137132
          ],
          [
            -115.161575,
            36.137161
          ],
          [
            -115.161556,
            36.13719
          ],
          [
            -115.161537,
            36.137219
          ],
          [
            -115.161521,
            36.137243
          ],
          [
            -115.161506,
            36.137268
          ],
          [
            -115.16149,
            36.137292
          ],
          [
            -115.161474,
            36.137316
          ],
          [
            -115.161458,
            36.13734
          ],
          [
            -115.161443,
            36.137365
          ],
          [
            -115.161427,
            36.137389
          ],
          [
            -115.161411,
            36.137413
          ],
          [
            -115.161396,
            36.137438
          ],
          [
            -115.16138,
            36.137462
          ],
          [
            -115.161364,
            36.137486
          ],
          [
            -115.161348,
            36.13751
          ],
          [
            -115.161333,
            36.137535
          ],
          [
            -115.161317,
            36.137559
          ],
          [
            -115.161301,
            36.137583
          ],
          [
            -115.161286,
            36.137608
          ],
          [
            -115.16127,
            36.137632
          ],
          [
            -115.161254,
            36.137656
          ],
          [
            -115.161238,
            36.137681
          ],
          [
            -115.161223,
            36.137705
          ],
          [
            -115.161207,
            36.137729
          ],
          [
            -115.161184,
            36.137765
          ],
          [
            -115.161161,
            36.1378
          ],
          [
            -115.161139,
            36.137835
          ],
          [
            -115.161116,
            36.13787
          ],
          [
            -115.161093,
            36.137906
          ],
          [
            -115.16107,
            36.137941
          ],
          [
            -115.161047,
            36.137976
          ],
          [
            -115.161024,
            36.138011
          ],
          [
            -115.161002,
            36.138047
          ],
          [
            -115.160979,
            36.138082
          ],
          [
            -115.160956,
            36.138117
          ],
          [
            -115.160933,
            36.138152
          ],
          [
            -115.16091,
            36.138188
          ],
          [
            -115.160887,
            36.138223
          ],
          [
            -115.160865,
            36.138258
          ],
          [
            -115.160842,
            36.138294
          ],
          [
            -115.160819,
            36.138329
          ],
          [
            -115.160796,
            36.138364
          ],
          [
            -115.160773,
            36.138399
          ],
          [
            -115.16075,
            36.138435
          ],
          [
            -115.160727,
            36.13847
          ],
          [
            -115.160701,
            36.13851
          ],
          [
            -115.160675,
            36.138551
          ],
          [
            -115.160648,
            36.138591
          ],
          [
            -115.160622,
            36.138632
          ],
          [
            -115.160596,
            36.138672
          ],
          [
            -115.16057,
            36.138713
          ],
          [
            -115.160543,
            36.138754
          ],
          [
            -115.160517,
            36.138794
          ],
          [
            -115.160491,
            36.138835
          ],
          [
            -115.160465,
            36.138875
          ],
          [
            -115.160439,
            36.138916
          ],
          [
            -115.160413,
            36.138957
          ],
          [
            -115.160387,
            36.138997
          ],
          [
            -115.160361,
            36.139038
          ],
          [
            -115.160335,
            36.139079
          ],
          [
            -115.160309,
            36.139119
          ],
          [
            -115.160283,
            36.13916
          ],
          [
            -115.160257,
            36.139201
          ],
          [
            -115.160231,
            36.139242
          ],
          [
            -115.160206,
            36.139283
          ],
          [
            -115.16018,
            36.139323
          ],
          [
            -115.16016,
            36.139355
          ],
          [
            -115.16014,
            36.139387
          ],
          [
            -115.16012,
            36.139419
          ],
          [
            -115.1601,
            36.139451
          ],
          [
            -115.16008,
            36.139482
          ],
          [
            -115.16006,
            36.139514
          ],
          [
            -115.16004,
            36.139546
          ],
          [
            -115.160019,
            36.139577
          ],
          [
            -115.159999,
            36.139609
          ],
          [
            -115.159979,
            36.139641
          ],
          [
            -115.159959,
            36.139673
          ],
          [
            -115.159938,
            36.139704
          ],
          [
            -115.159918,
            36.139736
          ],
          [
            -115.159897,
            36.139767
          ],
          [
            -115.159877,
            36.139799
          ],
          [
            -115.159857,
            36.139831
          ],
          [
            -115.159836,
            36.139862
          ],
          [
            -115.159816,
            36.139894
          ],
          [
            -115.159795,
            36.139925
          ],
          [
            -115.159774,
            36.139957
          ],
          [
            -115.159754,
            36.139989
          ],
          [
            -115.159726,
            36.140031
          ],
          [
            -115.159698,
            36.140074
          ],
          [
            -115.159671,
            36.140117
          ],
          [
            -115.159643,
            36.140159
          ],
          [
            -115.159615,
            36.140202
          ],
          [
            -115.159587,
            36.140245
          ],
          [
            -115.15956,
            36.140287
          ],
          [
            -115.159532,
            36.14033
          ],
          [
            -115.159504,
            36.140373
          ],
          [
            -115.159476,
            36.140415
          ],
          [
            -115.159449,
            36.140458
          ],
          [
            -115.159421,
            36.140501
          ],
          [
            -115.159393,
            36.140543
          ],
          [
            -115.159366,
            36.140586
          ],
          [
            -115.159338,
            36.140629
          ],
          [
            -115.15931,
            36.140672
          ],
          [
            -115.159283,
            36.140714
          ],
          [
            -115.159255,
            36.140757
          ],
          [
            -115.159227,
            36.1408
          ],
          [
            -115.159199,
            36.140842
          ],
          [
            -115.159172,
            36.140885
          ],
          [
            -115.159145,
            36.140927
          ],
          [
            -115.159118,
            36.140969
          ],
          [
            -115.159091,
            36.141011
          ],
          [
            -115.159064,
            36.141052
          ],
          [
            -115.159037,
            36.141094
          ],
          [
            -115.15901,
            36.141136
          ],
          [
            -115.158983,
            36.141178
          ],
          [
            -115.158956,
            36.141219
          ],
          [
            -115.158929,
            36.141261
          ],
          [
            -115.158902,
            36.141303
          ],
          [
            -115.158875,
            36.141345
          ],
          [
            -115.158848,
            36.141387
          ],
          [
            -115.158821,
            36.141428
          ],
          [
            -115.158794,
            36.14147
          ],
          [
            -115.158767,
            36.141512
          ],
          [
            -115.15874,
            36.141554
          ],
          [
            -115.158713,
            36.141596
          ],
          [
            -115.158686,
            36.141638
          ],
          [
            -115.158659,
            36.141679
          ],
          [
            -115.158633,
            36.141721
          ],
          [
            -115.158606,
            36.141763
          ],
          [
            -115.158589,
            36.141789
          ],
          [
            -115.158573,
            36.141815
          ],
          [
            -115.158556,
            36.141841
          ],
          [
            -115.158539,
            36.141867
          ],
          [
            -115.158522,
            36.141893
          ],
          [
            -115.158506,
            36.141919
          ],
          [
            -115.158489,
            36.141945
          ],
          [
            -115.158472,
            36.141971
          ],
          [
            -115.158455,
            36.141997
          ],
          [
            -115.158439,
            36.142023
          ],
          [
            -115.158422,
            36.142049
          ],
          [
            -115.158405,
            36.142075
          ],
          [
            -115.158388,
            36.142101
          ],
          [
            -115.158371,
            36.142127
          ],
          [
            -115.158354,
            36.142153
          ],
          [
            -115.158337,
            36.142179
          ],
          [
            -115.15832,
            36.142204
          ],
          [
            -115.158302,
            36.14223
          ],
          [
            -115.158285,
            36.142256
          ],
          [
            -115.158268,
            36.142282
          ],
          [
            -115.15825,
            36.142308
          ],
          [
            -115.158235,
            36.14233
          ],
          [
            -115.15822,
            36.142352
          ],
          [
            -115.158205,
            36.142375
          ],
          [
            -115.15819,
            36.142397
          ],
          [
            -115.158175,
            36.142419
          ],
          [
            -115.15816,
            36.142442
          ],
          [
            -115.158145,
            36.142464
          ],
          [
            -115.158129,
            36.142486
          ],
          [
            -115.158114,
            36.142509
          ],
          [
            -115.158099,
            36.142531
          ],
          [
            -115.158084,
            36.142554
          ],
          [
            -115.158069,
            36.142576
          ],
          [
            -115.158054,
            36.142598
          ],
          [
            -115.158039,
            36.142621
          ],
          [
            -115.158023,
            36.142643
          ],
          [
            -115.158008,
            36.142665
          ],
          [
            -115.157993,
            36.142688
          ],
          [
            -115.157978,
            36.14271
          ],
          [
            -115.157963,
            36.142733
          ],
          [
            -115.157948,
            36.142755
          ],
          [
            -115.157932,
            36.142777
          ],
          [
            -115.157916,
            36.142802
          ],
          [
            -115.157899,
            36.142827
          ],
          [
            -115.157882,
            36.142852
          ],
          [
            -115.157865,
            36.142876
          ],
          [
            -115.157848,
            36.142901
          ],
          [
            -115.157831,
            36.142926
          ],
          [
            -115.157815,
            36.142951
          ],
          [
            -115.157798,
            36.142975
          ],
          [
            -115.157781,
            36.143
          ],
          [
            -115.157764,
            36.143025
          ],
          [
            -115.157747,
            36.14305
          ],
          [
            -115.15773,
            36.143074
          ],
          [
            -115.157713,
            36.143099
          ],
          [
            -115.157696,
            36.143124
          ],
          [
            -115.157679,
            36.143149
          ],
          [
            -115.157662,
            36.143173
          ],
          [
            -115.157645,
            36.143198
          ],
          [
            -115.157628,
            36.143223
          ],
          [
            -115.157611,
            36.143248
          ],
          [
            -115.157594,
            36.143272
          ],
          [
            -115.157577,
            36.143297
          ],
          [
            -115.157558,
            36.143325
          ],
          [
            -115.157539,
            36.143352
          ],
          [
            -115.15752,
            36.14338
          ],
          [
            -115.157501,
            36.143408
          ],
          [
            -115.157482,
            36.143436
          ],
          [
            -115.157463,
            36.143463
          ],
          [
            -115.157444,
            36.143491
          ],
          [
            -115.157426,
            36.143519
          ],
          [
            -115.157407,
            36.143547
          ],
          [
            -115.157388,
            36.143575
          ],
          [
            -115.157369,
            36.143603
          ],
          [
            -115.157351,
            36.143631
          ],
          [
            -115.157332,
            36.143658
          ],
          [
            -115.157313,
            36.143686
          ],
          [
            -115.157295,
            36.143714
          ],
          [
            -115.157276,
            36.143742
          ],
          [
            -115.157258,
            36.14377
          ],
          [
            -115.157239,
            36.143798
          ],
          [
            -115.157221,
            36.143826
          ],
          [
            -115.157202,
            36.143854
          ],
          [
            -115.157184,
            36.143882
          ],
          [
            -115.157166,
            36.143909
          ],
          [
            -115.157147,
            36.143937
          ],
          [
            -115.157129,
            36.143964
          ],
          [
            -115.157111,
            36.143991
          ],
          [
            -115.157093,
            36.144019
          ],
          [
            -115.157075,
            36.144046
          ],
          [
            -115.157057,
            36.144074
          ],
          [
            -115.157038,
            36.144101
          ],
          [
            -115.15702,
            36.144129
          ],
          [
            -115.157002,
            36.144156
          ],
          [
            -115.156984,
            36.144183
          ],
          [
            -115.156966,
            36.144211
          ],
          [
            -115.156948,
            36.144238
          ],
          [
            -115.15693,
            36.144266
          ],
          [
            -115.156911,
            36.144293
          ],
          [
            -115.156893,
            36.14432
          ],
          [
            -115.156875,
            36.144348
          ],
          [
            -115.156857,
            36.144375
          ],
          [
            -115.156838,
            36.144402
          ],
          [
            -115.15682,
            36.14443
          ],
          [
            -115.156802,
            36.144457
          ],
          [
            -115.156783,
            36.144485
          ],
          [
            -115.156765,
            36.144512
          ],
          [
            -115.156747,
            36.14454
          ],
          [
            -115.156728,
            36.144568
          ],
          [
            -115.15671,
            36.144596
          ],
          [
            -115.156692,
            36.144624
          ],
          [
            -115.156674,
            36.144652
          ],
          [
            -115.156656,
            36.14468
          ],
          [
            -115.156638,
            36.144708
          ],
          [
            -115.15662,
            36.144736
          ],
          [
            -115.156602,
            36.144764
          ],
          [
            -115.156584,
            36.144791
          ],
          [
            -115.156566,
            36.144819
          ],
          [
            -115.156549,
            36.144848
          ],
          [
            -115.156531,
            36.144876
          ],
          [
            -115.156513,
            36.144904
          ],
          [
            -115.156496,
            36.144932
          ],
          [
            -115.156478,
            36.14496
          ],
          [
            -115.15646,
            36.144988
          ],
          [
            -115.156443,
            36.145016
          ],
          [
            -115.156425,
            36.145044
          ],
          [
            -115.156398,
            36.145088
          ],
          [
            -115.156371,
            36.145132
          ],
          [
            -115.156343,
            36.145175
          ],
          [
            -115.156316,
            36.145219
          ],
          [
            -115.156288,
            36.145263
          ],
          [
            -115.15626,
            36.145306
          ],
          [
            -115.156232,
            36.14535
          ],
          [
            -115.156204,
            36.145393
          ],
          [
            -115.156176,
            36.145437
          ],
          [
            -115.156148,
            36.14548
          ],
          [
            -115.15612,
            36.145524
          ],
          [
            -115.156092,
            36.145567
          ],
          [
            -115.156063,
            36.14561
          ],
          [
            -115.156035,
            36.145654
          ],
          [
            -115.156007,
            36.145697
          ],
          [
            -115.155978,
            36.14574
          ],
          [
            -115.15595,
            36.145784
          ],
          [
            -115.155921,
            36.145827
          ],
          [
            -115.155893,
            36.14587
          ],
          [
            -115.155864,
            36.145913
          ],
          [
            -115.155836,
            36.145957
          ],
          [
            -115.155804,
            36.146004
          ],
          [
            -115.155773,
            36.146051
          ],
          [
            -115.155742,
            36.146099
          ],
          [
            -115.155711,
            36.146146
          ],
          [
            -115.155679,
            36.146193
          ],
          [
            -115.155648,
            36.146241
          ],
          [
            -115.155617,
            36.146288
          ],
          [
            -115.155586,
            36.146335
          ],
          [
            -115.155555,
            36.146383
          ],
          [
            -115.155523,
            36.14643
          ],
          [
            -115.155492,
            36.146477
          ],
          [
            -115.155461,
            36.146525
          ],
          [
            -115.15543,
            36.146572
          ],
          [
            -115.155399,
            36.146619
          ],
          [
            -115.155368,
            36.146667
          ],
          [
            -115.155337,
            36.146714
          ],
          [
            -115.155306,
            36.146761
          ],
          [
            -115.155275,
            36.146809
          ],
          [
            -115.155244,
            36.146856
          ],
          [
            -115.155213,
            36.146904
          ],
          [
            -115.155182,
            36.146951
          ],
          [
            -115.155158,
            36.146987
          ],
          [
            -115.155135,
            36.147022
          ],
          [
            -115.155112,
            36.147058
          ],
          [
            -115.155089,
            36.147093
          ],
          [
            -115.155065,
            36.147129
          ],
          [
            -115.155042,
            36.147165
          ],
          [
            -115.155019,
            36.1472
          ],
          [
            -115.154996,
            36.147236
          ],
          [
            -115.154972,
            36.147271
          ],
          [
            -115.154949,
            36.147307
          ],
          [
            -115.154926,
            36.147342
          ],
          [
            -115.154902,
            36.147378
          ],
          [
            -115.154879,
            36.147413
          ],
          [
            -115.154856,
            36.147449
          ],
          [
            -115.154832,
            36.147484
          ],
          [
            -115.154809,
            36.14752
          ],
          [
            -115.154786,
            36.147555
          ],
          [
            -115.154762,
            36.147591
          ],
          [
            -115.154739,
            36.147626
          ],
          [
            -115.154716,
            36.147662
          ],
          [
            -115.154692,
            36.147697
          ],
          [
            -115.154663,
            36.147741
          ],
          [
            -115.154634,
            36.147785
          ],
          [
            -115.154605,
            36.147829
          ],
          [
            -115.154576,
            36.147873
          ],
          [
            -115.154547,
            36.147916
          ],
          [
            -115.154518,
            36.14796
          ],
          [
            -115.154489,
            36.148004
          ],
          [
            -115.15446,
            36.148048
          ],
          [
            -115.15443,
            36.148091
          ],
          [
            -115.154401,
            36.148135
          ],
          [
            -115.154372,
            36.148179
          ],
          [
            -115.154343,
            36.148222
          ],
          [
            -115.154313,
            36.148266
          ],
          [
            -115.154284,
            36.14831
          ],
          [
            -115.154255,
            36.148353
          ],
          [
            -115.154225,
            36.148397
          ],
          [
            -115.154196,
            36.148441
          ],
          [
            -115.154167,
            36.148484
          ],
          [
            -115.154137,
            36.148528
          ],
          [
            -115.154108,
            36.148572
          ],
          [
            -115.154078,
            36.148615
          ],
          [
            -115.154044,
            36.148667
          ],
          [
            -115.154009,
            36.148718
          ],
          [
            -115.153975,
            36.14877
          ],
          [
            -115.15394,
            36.148822
          ],
          [
            -115.153906,
            36.148873
          ],
          [
            -115.153871,
            36.148925
          ],
          [
            -115.153837,
            36.148977
          ],
          [
            -115.153802,
            36.149029
          ],
          [
            -115.153768,
            36.14908
          ],
          [
            -115.153734,
            36.149132
          ],
          [
            -115.1537,
            36.149184
          ],
          [
            -115.153666,
            36.149236
          ],
          [
            -115.153632,
            36.149288
          ],
          [
            -115.153598,
            36.14934
          ],
          [
            -115.153564,
            36.149392
          ],
          [
            -115.153531,
            36.149443
          ],
          [
            -115.153497,
            36.149496
          ],
          [
            -115.153463,
            36.149547
          ],
          [
            -115.15343,
            36.1496
          ],
          [
            -115.153396,
            36.149652
          ],
          [
            -115.153363,
            36.149704
          ],
          [
            -115.153342,
            36.149737
          ],
          [
            -115.153321,
            36.14977
          ],
          [
            -115.1533,
            36.149803
          ],
          [
            -115.153279,
            36.149836
          ],
          [
            -115.153258,
            36.14987
          ],
          [
            -115.153237,
            36.149903
          ],
          [
            -115.153216,
            36.149936
          ],
          [
            -115.153195,
            36.149969
          ],
          [
            -115.153174,
            36.150002
          ],
          [
            -115.153153,
            36.150035
          ],
          [
            -115.153132,
            36.150068
          ],
          [
            -115.153111,
            36.150101
          ],
          [
            -115.15309,
            36.150135
          ],
          [
            -115.153069,
            36.150168
          ],
          [
            -115.153048,
            36.150201
          ],
          [
            -115.153027,
            36.150234
          ],
          [
            -115.153006,
            36.150267
          ],
          [
            -115.152985,
            36.150301
          ],
          [
            -115.152964,
            36.150334
          ],
          [
            -115.152944,
            36.150367
          ],
          [
            -115.152923,
            36.1504
          ],
          [
            -115.152907,
            36.150425
          ],
          [
            -115.152891,
            36.15045
          ],
          [
            -115.152876,
            36.150475
          ],
          [
            -115.15286,
            36.150499
          ],
          [
            -115.152844,
            36.150524
          ],
          [
            -115.152828,
            36.150549
          ],
          [
            -115.152812,
            36.150574
          ],
          [
            -115.152796,
            36.150598
          ],
          [
            -115.15278,
            36.150623
          ],
          [
            -115.152764,
            36.150647
          ],
          [
            -115.152748,
            36.150672
          ],
          [
            -115.152732,
            36.150697
          ],
          [
            -115.152716,
            36.150721
          ],
          [
            -115.152699,
            36.150746
          ],
          [
            -115.152683,
            36.15077
          ],
          [
            -115.152667,
            36.150795
          ],
          [
            -115.15265,
            36.150819
          ],
          [
            -115.152634,
            36.150844
          ],
          [
            -115.152618,
            36.150868
          ],
          [
            -115.152601,
            36.150893
          ],
          [
            -115.152585,
            36.150917
          ],
          [
            -115.152566,
            36.150945
          ],
          [
            -115.152547,
            36.150973
          ],
          [
            -115.152528,
            36.151
          ],
          [
            -115.15251,
            36.151028
          ],
          [
            -115.152491,
            36.151056
          ],
          [
            -115.152473,
            36.151083
          ],
          [
            -115.152454,
            36.151111
          ],
          [
            -115.152435,
            36.151139
          ],
          [
            -115.152417,
            36.151167
          ],
          [
            -115.152398,
            36.151195
          ],
          [
            -115.15238,
            36.151222
          ],
          [
            -115.152361,
            36.15125
          ],
          [
            -115.152343,
            36.151278
          ],
          [
            -115.152325,
            36.151306
          ],
          [
            -115.152306,
            36.151334
          ],
          [
            -115.152288,
            36.151362
          ],
          [
            -115.15227,
            36.151389
          ],
          [
            -115.152251,
            36.151417
          ],
          [
            -115.152233,
            36.151445
          ],
          [
            -115.152215,
            36.151473
          ],
          [
            -115.152196,
            36.151501
          ],
          [
            -115.15218,
            36.151526
          ],
          [
            -115.152164,
            36.151551
          ],
          [
            -115.152147,
            36.151576
          ],
          [
            -115.152131,
            36.151601
          ],
          [
            -115.152115,
            36.151626
          ],
          [
            -115.152099,
            36.151651
          ],
          [
            -115.152082,
            36.151676
          ],
          [
            -115.152066,
            36.151701
          ],
          [
            -115.15205,
            36.151726
          ],
          [
            -115.152034,
            36.151751
          ],
          [
            -115.152017,
            36.151776
          ],
          [
            -115.152001,
            36.151801
          ],
          [
            -115.151985,
            36.151826
          ],
          [
            -115.151969,
            36.151851
          ],
          [
            -115.151952,
            36.151876
          ],
          [
            -115.151936,
            36.151901
          ],
          [
            -115.15192,
            36.151927
          ],
          [
            -115.151904,
            36.151952
          ],
          [
            -115.151888,
            36.151977
          ],
          [
            -115.151872,
            36.152002
          ],
          [
            -115.151856,
            36.152027
          ],
          [
            -115.15184,
            36.152052
          ],
          [
            -115.151824,
            36.152077
          ],
          [
            -115.151808,
            36.152101
          ],
          [
            -115.151792,
            36.152126
          ],
          [
            -115.151776,
            36.152151
          ],
          [
            -115.15176,
            36.152176
          ],
          [
            -115.151744,
            36.152201
          ],
          [
            -115.151728,
            36.152226
          ],
          [
            -115.151712,
            36.152251
          ],
          [
            -115.151696,
            36.152275
          ],
          [
            -115.15168,
            36.1523
          ],
          [
            -115.151663,
            36.152325
          ],
          [
            -115.151647,
            36.15235
          ],
          [
            -115.151631,
            36.152375
          ],
          [
            -115.151615,
            36.152399
          ],
          [
            -115.151599,
            36.152424
          ],
          [
            -115.151583,
            36.152449
          ],
          [
            -115.151567,
            36.152474
          ],
          [
            -115.15155,
            36.152499
          ],
          [
            -115.151534,
            36.152523
          ],
          [
            -115.151518,
            36.152548
          ],
          [
            -115.151496,
            36.152582
          ],
          [
            -115.151474,
            36.152616
          ],
          [
            -115.151452,
            36.15265
          ],
          [
            -115.15143,
            36.152684
          ],
          [
            -115.151407,
            36.152718
          ],
          [
            -115.151385,
            36.152752
          ],
          [
            -115.151363,
            36.152786
          ],
          [
            -115.151341,
            36.15282
          ],
          [
            -115.151319,
            36.152854
          ],
          [
            -115.151297,
            36.152888
          ],
          [
            -115.151275,
            36.152922
          ],
          [
            -115.151253,
            36.152957
          ],
          [
            -115.151231,
            36.152991
          ],
          [
            -115.151209,
            36.153025
          ],
          [
            -115.151187,
            36.153059
          ],
          [
            -115.151165,
            36.153093
          ],
          [
            -115.151143,
            36.153127
          ],
          [
            -115.151121,
            36.153161
          ],
          [
            -115.151099,
            36.153195
          ],
          [
            -115.151077,
            36.153229
          ],
          [
            -115.151055,
            36.153263
          ],
          [
            -115.151034,
            36.153296
          ],
          [
            -115.151014,
            36.153328
          ],
          [
            -115.150993,
            36.153361
          ],
          [
            -115.150972,
            36.153393
          ],
          [
            -115.150951,
            36.153426
          ],
          [
            -115.15093,
            36.153458
          ],
          [
            -115.150909,
            36.153491
          ],
          [
            -115.150888,
            36.153523
          ],
          [
            -115.150867,
            36.153556
          ],
          [
            -115.150846,
            36.153588
          ],
          [
            -115.150825,
            36.153621
          ],
          [
            -115.150804,
            36.153653
          ],
          [
            -115.150783,
            36.153686
          ],
          [
            -115.150762,
            36.153718
          ],
          [
            -115.150741,
            36.153751
          ],
          [
            -115.150721,
            36.153783
          ],
          [
            -115.1507,
            36.153815
          ],
          [
            -115.150679,
            36.153848
          ],
          [
            -115.150658,
            36.15388
          ],
          [
            -115.150637,
            36.153913
          ],
          [
            -115.150616,
            36.153945
          ],
          [
            -115.150602,
            36.153967
          ],
          [
            -115.150588,
            36.153988
          ],
          [
            -115.150574,
            36.154009
          ],
          [
            -115.15056,
            36.154031
          ],
          [
            -115.150546,
            36.154052
          ],
          [
            -115.150532,
            36.154073
          ],
          [
            -115.150518,
            36.154095
          ],
          [
            -115.150504,
            36.154116
          ],
          [
            -115.15049,
            36.154137
          ],
          [
            -115.150476,
            36.154159
          ],
          [
            -115.150462,
            36.15418
          ],
          [
            -115.150448,
            36.154201
          ],
          [
            -115.150433,
            36.154222
          ],
          [
            -115.150419,
            36.154243
          ],
          [
            -115.150405,
            36.154264
          ],
          [
            -115.15039,
            36.154286
          ],
          [
            -115.150376,
            36.154307
          ],
          [
            -115.150361,
            36.154328
          ],
          [
            -115.150347,
            36.154349
          ],
          [
            -115.150332,
            36.15437
          ],
          [
            -115.150317,
            36.154391
          ],
          [
            -115.150306,
            36.154407
          ],
          [
            -115.150294,
            36.154424
          ],
          [
            -115.150283,
            36.154441
          ],
          [
            -115.150271,
            36.154457
          ],
          [
            -115.15026,
            36.154474
          ],
          [
            -115.150249,
            36.15449
          ],
          [
            -115.150237,
            36.154507
          ],
          [
            -115.150226,
            36.154524
          ],
          [
            -115.150215,
            36.15454
          ],
          [
            -115.150203,
            36.154557
          ],
          [
            -115.150192,
            36.154574
          ],
          [
            -115.150181,
            36.15459
          ],
          [
            -115.15017,
            36.154607
          ],
          [
            -115.150159,
            36.154624
          ],
          [
            -115.150148,
            36.154641
          ],
          [
            -115.150137,
            36.154657
          ],
          [
            -115.150126,
            36.154674
          ],
          [
            -115.150115,
            36.154691
          ],
          [
            -115.150104,
            36.154708
          ],
          [
            -115.150094,
            36.154725
          ],
          [
            -115.150083,
            36.154742
          ],
          [
            -115.150073,
            36.154758
          ],
          [
            -115.150062,
            36.154775
          ],
          [
            -115.150052,
            36.154791
          ],
          [
            -115.150042,
            36.154808
          ],
          [
            -115.150032,
            36.154824
          ],
          [
            -115.150021,
            36.154841
          ],
          [
            -115.150011,
            36.154857
          ],
          [
            -115.150001,
            36.154874
          ],
          [
            -115.149991,
            36.15489
          ],
          [
            -115.149981,
            36.154907
          ],
          [
            -115.149971,
            36.154924
          ],
          [
            -115.149961,
            36.15494
          ],
          [
            -115.149951,
            36.154957
          ],
          [
            -115.149941,
            36.154973
          ],
          [
            -115.149931,
            36.15499
          ],
          [
            -115.149921,
            36.155006
          ],
          [
            -115.149911,
            36.155023
          ],
          [
            -115.149901,
            36.15504
          ],
          [
            -115.149891,
            36.155056
          ],
          [
            -115.149881,
            36.155073
          ],
          [
            -115.149871,
            36.15509
          ],
          [
            -115.149859,
            36.155111
          ],
          [
            -115.149846,
            36.155132
          ],
          [
            -115.149833,
            36.155153
          ],
          [
            -115.149821,
            36.155174
          ],
          [
            -115.149808,
            36.155195
          ],
          [
            -115.149795,
            36.155216
          ],
          [
            -115.149782,
            36.155236
          ],
          [
            -115.149769,
            36.155257
          ],
          [
            -115.149756,
            36.155278
          ],
          [
            -115.149743,
            36.155299
          ],
          [
            -115.149729,
            36.15532
          ],
          [
            -115.149716,
            36.15534
          ],
          [
            -115.149703,
            36.155361
          ],
          [
            -115.149689,
            36.155382
          ],
          [
            -115.149676,
            36.155403
          ],
          [
            -115.149662,
            36.155423
          ],
          [
            -115.149649,
            36.155444
          ],
          [
            -115.149635,
            36.155464
          ],
          [
            -115.149621,
            36.155485
          ],
          [
            -115.149608,
            36.155506
          ],
          [
            -115.149594,
            36.155526
          ],
          [
            -115.149574,
            36.155555
          ],
          [
            -115.149555,
            36.155584
          ],
          [
            -115.149535,
            36.155613
          ],
          [
            -115.149516,
            36.155642
          ],
          [
            -115.149496,
            36.155672
          ],
          [
            -115.149477,
            36.155701
          ],
          [
            -115.149457,
            36.15573
          ],
          [
            -115.149438,
            36.155759
          ],
          [
            -115.149419,
            36.155788
          ],
          [
            -115.149399,
            36.155817
          ],
          [
            -115.14938,
            36.155846
          ],
          [
            -115.149361,
            36.155876
          ],
          [
            -115.149341,
            36.155905
          ],
          [
            -115.149322,
            36.155934
          ],
          [
            -115.149303,
            36.155963
          ],
          [
            -115.149283,
            36.155992
          ],
          [
            -115.149264,
            36.156021
          ],
          [
            -115.149244,
            36.15605
          ],
          [
            -115.149225,
            36.15608
          ],
          [
            -115.149206,
            36.156109
          ],
          [
            -115.149186,
            36.156138
          ],
          [
            -115.149164,
            36.156172
          ],
          [
            -115.149141,
            36.156206
          ],
          [
            -115.149119,
            36.15624
          ],
          [
            -115.149096,
            36.156274
          ],
          [
            -115.149074,
            36.156308
          ],
          [
            -115.149052,
            36.156342
          ],
          [
            -115.149029,
            36.156376
          ],
          [
            -115.149007,
            36.15641
          ],
          [
            -115.148984,
            36.156444
          ],
          [
            -115.148962,
            36.156478
          ],
          [
            -115.148939,
            36.156512
          ],
          [
            -115.148917,
            36.156546
          ],
          [
            -115.148895,
            36.15658
          ],
          [
            -115.148872,
            36.156614
          ],
          [
            -115.14885,
            36.156648
          ],
          [
            -115.148828,
            36.156682
          ],
          [
            -115.148805,
            36.156716
          ],
          [
            -115.148783,
            36.15675
          ],
          [
            -115.148761,
            36.156784
          ],
          [
            -115.148738,
            36.156818
          ],
          [
            -115.148716,
            36.156852
          ],
          [
            -115.148693,
            36.156888
          ],
          [
            -115.148669,
            36.156924
          ],
          [
            -115.148646,
            36.156959
          ],
          [
            -115.148623,
            36.156995
          ],
          [
            -115.1486,
            36.15703
          ],
          [
            -115.148576,
            36.157066
          ],
          [
            -115.148553,
            36.157102
          ],
          [
            -115.148529,
            36.157137
          ],
          [
            -115.148506,
            36.157173
          ],
          [
            -115.148483,
            36.157208
          ],
          [
            -115.148459,
            36.157244
          ],
          [
            -115.148436,
            36.15728
          ],
          [
            -115.148413,
            36.157315
          ],
          [
            -115.148389,
            36.157351
          ],
          [
            -115.148366,
            36.157386
          ],
          [
            -115.148342,
            36.157422
          ],
          [
            -115.148319,
            36.157457
          ],
          [
            -115.148296,
            36.157493
          ],
          [
            -115.148272,
            36.157529
          ],
          [
            -115.148249,
            36.157564
          ],
          [
            -115.148225,
            36.1576
          ],
          [
            -115.148205,
            36.157631
          ],
          [
            -115.148184,
            36.157662
          ],
          [
            -115.148163,
            36.157694
          ],
          [
            -115.148143,
            36.157725
          ],
          [
            -115.148122,
            36.157756
          ],
          [
            -115.148101,
            36.157787
          ],
          [
            -115.148081,
            36.157819
          ],
          [
            -115.14806,
            36.15785
          ],
          [
            -115.14804,
            36.157881
          ],
          [
            -115.148019,
            36.157912
          ],
          [
            -115.147998,
            36.157944
          ],
          [
            -115.147978,
            36.157975
          ],
          [
            -115.147957,
            36.158006
          ],
          [
            -115.147937,
            36.158037
          ],
          [
            -115.147916,
            36.158069
          ],
          [
            -115.147896,
            36.1581
          ],
          [
            -115.147875,
            36.158131
          ],
          [
            -115.147854,
            36.158163
          ],
          [
            -115.147834,
            36.158194
          ],
          [
            -115.147813,
            36.158225
          ],
          [
            -115.147793,
            36.158257
          ],
          [
            -115.147775,
            36.158284
          ],
          [
            -115.147757,
            36.158311
          ],
          [
            -115.14774,
            36.158338
          ],
          [
            -115.147722,
            36.158365
          ],
          [
            -115.147704,
            36.158392
          ],
          [
            -115.147686,
            36.15842
          ],
          [
            -115.147668,
            36.158447
          ],
          [
            -115.147651,
            36.158474
          ],
          [
            -115.147633,
            36.158501
          ],
          [
            -115.147615,
            36.158528
          ],
          [
            -115.147598,
            36.158555
          ],
          [
            -115.14758,
            36.158583
          ],
          [
            -115.147562,
            36.15861
          ],
          [
            -115.147545,
            36.158637
          ],
          [
            -115.147527,
            36.158664
          ],
          [
            -115.147509,
            36.158692
          ],
          [
            -115.147492,
            36.158719
          ],
          [
            -115.147474,
            36.158746
          ],
          [
            -115.147457,
            36.158773
          ],
          [
            -115.147439,
            36.1588
          ],
          [
            -115.147421,
            36.158828
          ],
          [
            -115.147405,
            36.158854
          ],
          [
            -115.147388,
            36.15888
          ],
          [
            -115.147371,
            36.158906
          ],
          [
            -115.147354,
            36.158932
          ],
          [
            -115.147337,
            36.158957
          ],
          [
            -115.14732,
            36.158983
          ],
          [
            -115.147303,
            36.159009
          ],
          [
            -115.147286,
            36.159035
          ],
          [
            -115.147269,
            36.159061
          ],
          [
            -115.147252,
            36.159087
          ],
          [
            -115.147235,
            36.159113
          ],
          [
            -115.147218,
            36.159139
          ],
          [
            -115.147201,
            36.159164
          ],
          [
            -115.147184,
            36.15919
          ],
          [
            -115.147167,
            36.159216
          ],
          [
            -115.147149,
            36.159242
          ],
          [
            -115.147132,
            36.159267
          ],
          [
            -115.147115,
            36.159293
          ],
          [
            -115.147097,
            36.159319
          ],
          [
            -115.14708,
            36.159345
          ],
          [
            -115.147062,
            36.15937
          ],
          [
            -115.147044,
            36.159396
          ],
          [
            -115.147026,
            36.159423
          ],
          [
            -115.147009,
            36.159449
          ],
          [
            -115.146991,
            36.159475
          ],
          [
            -115.146973,
            36.159502
          ],
          [
            -115.146955,
            36.159528
          ],
          [
            -115.146938,
            36.159554
          ],
          [
            -115.14692,
            36.159581
          ],
          [
            -115.146902,
            36.159607
          ],
          [
            -115.146885,
            36.159633
          ],
          [
            -115.146867,
            36.15966
          ],
          [
            -115.14685,
            36.159686
          ],
          [
            -115.146833,
            36.159713
          ],
          [
            -115.146815,
            36.159739
          ],
          [
            -115.146798,
            36.159766
          ],
          [
            -115.14678,
            36.159792
          ],
          [
            -115.146763,
            36.159819
          ],
          [
            -115.146746,
            36.159845
          ],
          [
            -115.146728,
            36.159872
          ],
          [
            -115.146711,
            36.159898
          ],
          [
            -115.146694,
            36.159925
          ],
          [
            -115.146673,
            36.159957
          ],
          [
            -115.146652,
            36.159989
          ],
          [
            -115.146631,
            36.160021
          ],
          [
            -115.14661,
            36.160054
          ],
          [
            -115.146589,
            36.160086
          ],
          [
            -115.146568,
            36.160118
          ],
          [
            -115.146547,
            36.16015
          ],
          [
            -115.146526,
            36.160183
          ],
          [
            -115.146506,
            36.160215
          ],
          [
            -115.146485,
            36.160247
          ],
          [
            -115.146464,
            36.16028
          ],
          [
            -115.146443,
            36.160312
          ],
          [
            -115.146422,
            36.160344
          ],
          [
            -115.146401,
            36.160376
          ],
          [
            -115.146381,
            36.160409
          ],
          [
            -115.14636,
            36.160441
          ],
          [
            -115.146339,
            36.160473
          ],
          [
            -115.146318,
            36.160506
          ],
          [
            -115.146298,
            36.160538
          ],
          [
            -115.146277,
            36.16057
          ],
          [
            -115.146256,
            36.160603
          ],
          [
            -115.146232,
            36.16064
          ],
          [
            -115.146208,
            36.160678
          ],
          [
            -115.146184,
            36.160716
          ],
          [
            -115.146159,
            36.160753
          ],
          [
            -115.146135,
            36.160791
          ],
          [
            -115.146111,
            36.160828
          ],
          [
            -115.146086,
            36.160866
          ],
          [
            -115.146062,
            36.160903
          ],
          [
            -115.146037,
            36.160941
          ],
          [
            -115.146013,
            36.160978
          ],
          [
            -115.145988,
            36.161016
          ],
          [
            -115.145964,
            36.161053
          ],
          [
            -115.145939,
            36.161091
          ],
          [
            -115.145915,
            36.161128
          ],
          [
            -115.14589,
            36.161166
          ],
          [
            -115.145865,
            36.161203
          ],
          [
            -115.145841,
            36.16124
          ],
          [
            -115.145816,
            36.161278
          ],
          [
            -115.145791,
            36.161315
          ],
          [
            -115.145766,
            36.161353
          ],
          [
            -115.145742,
            36.16139
          ],
          [
            -115.145715,
            36.16143
          ],
          [
            -115.145688,
            36.161471
          ],
          [
            -115.145662,
            36.161511
          ],
          [
            -115.145635,
            36.161552
          ],
          [
            -115.145608,
            36.161592
          ],
          [
            -115.145582,
            36.161633
          ],
          [
            -115.145555,
            36.161673
          ],
          [
            -115.145528,
            36.161713
          ],
          [
            -115.145502,
            36.161754
          ],
          [
            -115.145476,
            36.161794
          ],
          [
            -115.145449,
            36.161835
          ],
          [
            -115.145423,
            36.161875
          ],
          [
            -115.145396,
            36.161916
          ],
          [
            -115.14537,
            36.161957
          ],
          [
            -115.145344,
            36.161997
          ],
          [
            -115.145318,
            36.162038
          ],
          [
            -115.145291,
            36.162078
          ],
          [
            -115.145265,
            36.162119
          ],
          [
            -115.145239,
            36.16216
          ],
          [
            -115.145213,
            36.1622
          ],
          [
            -115.145187,
            36.162241
          ],
          [
            -115.145168,
            36.16227
          ],
          [
            -115.14515,
            36.162299
          ],
          [
            -115.145131,
            36.162329
          ],
          [
            -115.145112,
            36.162358
          ],
          [
            -115.145093,
            36.162387
          ],
          [
            -115.145075,
            36.162416
          ],
          [
            -115.145056,
            36.162446
          ],
          [
            -115.145037,
            36.162475
          ],
          [
            -115.145018,
            36.162504
          ],
          [
            -115.144999,
            36.162533
          ],
          [
            -115.144981,
            36.162562
          ],
          [
            -115.144962,
            36.162592
          ],
          [
            -115.144943,
            36.162621
          ],
          [
            -115.144924,
            36.16265
          ],
          [
            -115.144905,
            36.162679
          ],
          [
            -115.144886,
            36.162708
          ],
          [
            -115.144867,
            36.162737
          ],
          [
            -115.144848,
            36.162766
          ],
          [
            -115.144829,
            36.162796
          ],
          [
            -115.14481,
            36.162825
          ],
          [
            -115.144791,
            36.162854
          ],
          [
            -115.144779,
            36.162872
          ],
          [
            -115.144768,
            36.162889
          ],
          [
            -115.144756,
            36.162907
          ],
          [
            -115.144745,
            36.162925
          ],
          [
            -115.144733,
            36.162942
          ],
          [
            -115.144721,
            36.16296
          ],
          [
            -115.14471,
            36.162978
          ],
          [
            -115.144698,
            36.162996
          ],
          [
            -115.144687,
            36.163013
          ],
          [
            -115.144675,
            36.163031
          ],
          [
            -115.144663,
            36.163049
          ],
          [
            -115.144652,
            36.163066
          ],
          [
            -115.14464,
            36.163084
          ],
          [
            -115.144629,
            36.163102
          ],
          [
            -115.144617,
            36.16312
          ],
          [
            -115.144605,
            36.163137
          ],
          [
            -115.144594,
            36.163155
          ],
          [
            -115.144582,
            36.163173
          ],
          [
            -115.144571,
            36.163191
          ],
          [
            -115.144559,
            36.163208
          ],
          [
            -115.144548,
            36.163226
          ],
          [
            -115.144536,
            36.163244
          ],
          [
            -115.144524,
            36.163262
          ],
          [
            -115.144513,
            36.163281
          ],
          [
            -115.144501,
            36.163299
          ],
          [
            -115.144489,
            36.163317
          ],
          [
            -115.144477,
            36.163335
          ],
          [
            -115.144466,
            36.163353
          ],
          [
            -115.144454,
            36.163371
          ],
          [
            -115.144442,
            36.16339
          ],
          [
            -115.14443,
            36.163408
          ],
          [
            -115.144419,
            36.163426
          ],
          [
            -115.144407,
            36.163444
          ],
          [
            -115.144395,
            36.163462
          ],
          [
            -115.144384,
            36.16348
          ],
          [
            -115.144372,
            36.163499
          ],
          [
            -115.14436,
            36.163517
          ],
          [
            -115.144349,
            36.163535
          ],
          [
            -115.144337,
            36.163553
          ],
          [
            -115.144325,
            36.163572
          ],
          [
            -115.144313,
            36.16359
          ],
          [
            -115.144302,
            36.163608
          ],
          [
            -115.144291,
            36.163625
          ],
          [
            -115.14428,
            36.163642
          ],
          [
            -115.144269,
            36.163659
          ],
          [
            -115.144258,
            36.163676
          ],
          [
            -115.144247,
            36.163693
          ],
          [
            -115.144236,
            36.16371
          ],
          [
            -115.144225,
            36.163727
          ],
          [
            -115.144214,
            36.163744
          ],
          [
            -115.144203,
            36.163761
          ],
          [
            -115.144192,
            36.163778
          ],
          [
            -115.144181,
            36.163795
          ],
          [
            -115.14417,
            36.163812
          ],
          [
            -115.144159,
            36.163829
          ],
          [
            -115.144148,
            36.163846
          ],
          [
            -115.144137,
            36.163863
          ],
          [
            -115.144126,
            36.163879
          ],
          [
            -115.144114,
            36.163896
          ],
          [
            -115.144103,
            36.163913
          ],
          [
            -115.144092,
            36.16393
          ],
          [
            -115.144081,
            36.163947
          ],
          [
            -115.14407,
            36.163964
          ],
          [
            -115.144053,
            36.163988
          ],
          [
            -115.144037,
            36.164012
          ],
          [
            -115.144021,
            36.164037
          ],
          [
            -115.144005,
            36.164061
          ],
          [
            -115.143989,
            36.164085
          ],
          [
            -115.143973,
            36.164109
          ],
          [
            -115.143957,
            36.164133
          ],
          [
            -115.14394,
            36.164158
          ],
          [
            -115.143924,
            36.164182
          ],
          [
            -115.143908,
            36.164206
          ],
          [
            -115.143892,
            36.164231
          ],
          [
            -115.143876,
            36.164255
          ],
          [
            -115.14386,
            36.164279
          ],
          [
            -115.143844,
            36.164304
          ],
          [
            -115.143828,
            36.164328
          ],
          [
            -115.143812,
            36.164352
          ],
          [
            -115.143796,
            36.164376
          ],
          [
            -115.14378,
            36.164401
          ],
          [
            -115.143764,
            36.164425
          ],
          [
            -115.143748,
            36.164449
          ],
          [
            -115.143732,
            36.164474
          ],
          [
            -115.143713,
            36.164504
          ],
          [
            -115.143693,
            36.164533
          ],
          [
            -115.143673,
            36.164563
          ],
          [
            -115.143654,
            36.164593
          ],
          [
            -115.143634,
            36.164623
          ],
          [
            -115.143614,
            36.164653
          ],
          [
            -115.143594,
            36.164683
          ],
          [
            -115.143575,
            36.164713
          ],
          [
            -115.143555,
            36.164743
          ],
          [
            -115.143535,
            36.164773
          ],
          [
            -115.143516,
            36.164803
          ],
          [
            -115.143496,
            36.164833
          ],
          [
            -115.143476,
            36.164863
          ],
          [
            -115.143456,
            36.164893
          ],
          [
            -115.143437,
            36.164923
          ],
          [
            -115.143417,
            36.164952
          ],
          [
            -115.143397,
            36.164982
          ],
          [
            -115.143377,
            36.165012
          ],
          [
            -115.143358,
            36.165042
          ],
          [
            -115.143338,
            36.165072
          ],
          [
            -115.143318,
            36.165102
          ],
          [
            -115.143295,
            36.165136
          ],
          [
            -115.143273,
            36.165171
          ],
          [
            -115.14325,
            36.165205
          ],
          [
            -115.143228,
            36.165239
          ],
          [
            -115.143205,
            36.165273
          ],
          [
            -115.143183,
            36.165308
          ],
          [
            -115.14316,
            36.165342
          ],
          [
            -115.143138,
            36.165376
          ],
          [
            -115.143115,
            36.165411
          ],
          [
            -115.143093,
            36.165445
          ],
          [
            -115.14307,
            36.165479
          ],
          [
            -115.143048,
            36.165514
          ],
          [
            -115.143025,
            36.165548
          ],
          [
            -115.143003,
            36.165582
          ],
          [
            -115.14298,
            36.165616
          ],
          [
            -115.142958,
            36.165651
          ],
          [
            -115.142936,
            36.165685
          ],
          [
            -115.142913,
            36.16572
          ],
          [
            -115.142891,
            36.165754
          ],
          [
            -115.142869,
            36.165788
          ],
          [
            -115.142846,
            36.165822
          ],
          [
            -115.142818,
            36.165866
          ],
          [
            -115.14279,
            36.165909
          ],
          [
            -115.142761,
            36.165953
          ],
          [
            -115.142733,
            36.165996
          ],
          [
            -115.142705,
            36.16604
          ],
          [
            -115.142676,
            36.166083
          ],
          [
            -115.142648,
            36.166127
          ],
          [
            -115.14262,
            36.16617
          ],
          [
            -115.142592,
            36.166214
          ],
          [
            -115.142563,
            36.166257
          ],
          [
            -115.142535,
            36.166301
          ],
          [
            -115.142507,
            36.166344
          ],
          [
            -115.142479,
            36.166388
          ],
          [
            -115.14245,
            36.166431
          ],
          [
            -115.142422,
            36.166475
          ],
          [
            -115.142394,
            36.166519
          ],
          [
            -115.142366,
            36.166562
          ],
          [
            -115.142337,
            36.166606
          ],
          [
            -115.142309,
            36.166649
          ],
          [
            -115.142281,
            36.166693
          ],
          [
            -115.142253,
            36.166736
          ],
          [
            -115.142231,
            36.16677
          ],
          [
            -115.14221,
            36.166803
          ],
          [
            -115.142188,
            36.166837
          ],
          [
            -115.142166,
            36.16687
          ],
          [
            -115.142145,
            36.166903
          ],
          [
            -115.142123,
            36.166937
          ],
          [
            -115.142101,
            36.16697
          ],
          [
            -115.142079,
            36.167004
          ],
          [
            -115.142058,
            36.167037
          ],
          [
            -115.142036,
            36.167071
          ],
          [
            -115.142014,
            36.167104
          ],
          [
            -115.141992,
            36.167138
          ],
          [
            -115.14197,
            36.167171
          ],
          [
            -115.141948,
            36.167204
          ],
          [
            -115.141926,
            36.167238
          ],
          [
            -115.141904,
            36.167271
          ],
          [
            -115.141883,
            36.167304
          ],
          [
            -115.141861,
            36.167338
          ],
          [
            -115.141839,
            36.167371
          ],
          [
            -115.141817,
            36.167404
          ],
          [
            -115.141794,
            36.167438
          ],
          [
            -115.141782,
            36.167456
          ],
          [
            -115.14177,
            36.167474
          ],
          [
            -115.141758,
            36.167493
          ],
          [
            -115.141746,
            36.167511
          ],
          [
            -115.141733,
            36.167529
          ],
          [
            -115.141721,
            36.167548
          ],
          [
            -115.141709,
            36.167566
          ],
          [
            -115.141697,
            36.167584
          ],
          [
            -115.141685,
            36.167603
          ],
          [
            -115.141673,
            36.167621
          ],
          [
            -115.141661,
            36.167639
          ],
          [
            -115.141649,
            36.167658
          ],
          [
            -115.141637,
            36.167676
          ],
          [
            -115.141624,
            36.167695
          ],
          [
            -115.141612,
            36.167713
          ],
          [
            -115.1416,
            36.167731
          ],
          [
            -115.141588,
            36.16775
          ],
          [
            -115.141576,
            36.167768
          ],
          [
            -115.141565,
            36.167787
          ],
          [
            -115.141553,
            36.167805
          ],
          [
            -115.141541,
            36.167823
          ],
          [
            -115.141529,
            36.167842
          ],
          [
            -115.141517,
            36.167859
          ],
          [
            -115.141506,
            36.167878
          ],
          [
            -115.141494,
            36.167896
          ],
          [
            -115.141483,
            36.167914
          ],
          [
            -115.141471,
            36.167932
          ],
          [
            -115.141459,
            36.16795
          ],
          [
            -115.141448,
            36.167968
          ],
          [
            -115.141436,
            36.167986
          ],
          [
            -115.141424,
            36.168003
          ],
          [
            -115.141413,
            36.168022
          ],
          [
            -115.141401,
            36.168039
          ],
          [
            -115.14139,
            36.168058
          ],
          [
            -115.141378,
            36.168076
          ],
          [
            -115.141366,
            36.168093
          ],
          [
            -115.141355,
            36.168112
          ],
          [
            -115.141343,
            36.168129
          ],
          [
            -115.141332,
            36.168148
          ],
          [
            -115.14132,
            36.168166
          ],
          [
            -115.141308,
            36.168183
          ],
          [
            -115.141297,
            36.168201
          ],
          [
            -115.141286,
            36.168218
          ],
          [
            -115.141275,
            36.168235
          ],
          [
            -115.141264,
            36.168252
          ],
          [
            -115.141253,
            36.168269
          ],
          [
            -115.141242,
            36.168286
          ],
          [
            -115.141231,
            36.168303
          ],
          [
            -115.14122,
            36.168319
          ],
          [
            -115.141209,
            36.168336
          ],
          [
            -115.141198,
            36.168353
          ],
          [
            -115.141187,
            36.16837
          ],
          [
            -115.141176,
            36.168387
          ],
          [
            -115.141165,
            36.168403
          ],
          [
            -115.141154,
            36.16842
          ],
          [
            -115.141143,
            36.168437
          ],
          [
            -115.141132,
            36.168454
          ],
          [
            -115.141121,
            36.168471
          ],
          [
            -115.14111,
            36.168487
          ],
          [
            -115.141099,
            36.168504
          ],
          [
            -115.141088,
            36.168521
          ],
          [
            -115.141077,
            36.168538
          ],
          [
            -115.141066,
            36.168554
          ],
          [
            -115.141059,
            36.168565
          ],
          [
            -115.141052,
            36.168575
          ],
          [
            -115.141045,
            36.168585
          ],
          [
            -115.141039,
            36.168595
          ],
          [
            -115.141032,
            36.168605
          ],
          [
            -115.141025,
            36.168616
          ],
          [
            -115.141019,
            36.168626
          ],
          [
            -115.141012,
            36.168636
          ],
          [
            -115.141006,
            36.168646
          ],
          [
            -115.140999,
            36.168657
          ],
          [
            -115.140993,
            36.168667
          ],
          [
            -115.140986,
            36.168677
          ],
          [
            -115.14098,
            36.168688
          ],
          [
            -115.140973,
            36.168698
          ],
          [
            -115.140967,
            36.168709
          ],
          [
            -115.140961,
            36.168719
          ],
          [
            -115.140955,
            36.168729
          ],
          [
            -115.140948,
            36.16874
          ],
          [
            -115.140942,
            36.16875
          ],
          [
            -115.140936,
            36.168761
          ],
          [
            -115.14093,
            36.168771
          ],
          [
            -115.140924,
            36.168782
          ],
          [
            -115.140918,
            36.168793
          ],
          [
            -115.140913,
            36.168803
          ],
          [
            -115.140908,
            36.168814
          ],
          [
            -115.140903,
            36.168825
          ],
          [
            -115.140899,
            36.168836
          ],
          [
            -115.140895,
            36.168847
          ],
          [
            -115.140891,
            36.168859
          ],
          [
            -115.140888,
            36.16887
          ],
          [
            -115.140885,
            36.168881
          ],
          [
            -115.140882,
            36.168893
          ],
          [
            -115.140879,
            36.168904
          ],
          [
            -115.140877,
            36.168915
          ],
          [
            -115.140874,
            36.168927
          ],
          [
            -115.140873,
            36.168939
          ],
          [
            -115.140871,
            36.16895
          ],
          [
            -115.140869,
            36.168962
          ],
          [
            -115.140868,
            36.168973
          ],
          [
            -115.140867,
            36.168985
          ],
          [
            -115.140866,
            36.168997
          ],
          [
            -115.140866,
            36.169008
          ],
          [
            -115.140865,
            36.169021
          ],
          [
            -115.140865,
            36.169035
          ],
          [
            -115.140866,
            36.169048
          ],
          [
            -115.140866,
            36.169061
          ],
          [
            -115.140867,
            36.169074
          ],
          [
            -115.140868,
            36.169087
          ],
          [
            -115.14087,
            36.1691
          ],
          [
            -115.140872,
            36.169113
          ],
          [
            -115.140875,
            36.169125
          ],
          [
            -115.140878,
            36.169138
          ],
          [
            -115.140881,
            36.169151
          ],
          [
            -115.140884,
            36.169164
          ],
          [
            -115.140888,
            36.169177
          ],
          [
            -115.140892,
            36.169189
          ],
          [
            -115.140896,
            36.169202
          ],
          [
            -115.140901,
            36.169214
          ],
          [
            -115.140906,
            36.169227
          ],
          [
            -115.140911,
            36.169239
          ],
          [
            -115.140917,
            36.169251
          ],
          [
            -115.140923,
            36.169263
          ],
          [
            -115.140929,
            36.169275
          ],
          [
            -115.140937,
            36.169289
          ],
          [
            -115.140945,
            36.169302
          ],
          [
            -115.140954,
            36.169315
          ],
          [
            -115.140964,
            36.169328
          ],
          [
            -115.140974,
            36.16934
          ],
          [
            -115.140984,
            36.169352
          ],
          [
            -115.140995,
            36.169364
          ],
          [
            -115.141007,
            36.169375
          ],
          [
            -115.141019,
            36.169387
          ],
          [
            -115.141031,
            36.169397
          ],
          [
            -115.141044,
            36.169408
          ],
          [
            -115.141057,
            36.169418
          ],
          [
            -115.14107,
            36.169428
          ],
          [
            -115.141084,
            36.169438
          ],
          [
            -115.141099,
            36.169447
          ],
          [
            -115.141113,
            36.169456
          ],
          [
            -115.141128,
            36.169465
          ],
          [
            -115.141143,
            36.169474
          ],
          [
            -115.141159,
            36.169482
          ],
          [
            -115.141174,
            36.16949
          ],
          [
            -115.14119,
            36.169498
          ],
          [
            -115.141212,
            36.169509
          ],
          [
            -115.141234,
            36.169519
          ],
          [
            -115.141256,
            36.16953
          ],
          [
            -115.141278,
            36.16954
          ],
          [
            -115.141301,
            36.16955
          ],
          [
            -115.141323,
            36.169561
          ],
          [
            -115.141345,
            36.169571
          ],
          [
            -115.141368,
            36.169581
          ],
          [
            -115.14139,
            36.169591
          ],
          [
            -115.141412,
            36.169601
          ],
          [
            -115.141435,
            36.169611
          ],
          [
            -115.141457,
            36.169621
          ],
          [
            -115.14148,
            36.169631
          ],
          [
            -115.141503,
            36.169641
          ],
          [
            -115.141525,
            36.16965
          ],
          [
            -115.141548,
            36.16966
          ],
          [
            -115.14157,
            36.16967
          ],
          [
            -115.141593,
            36.16968
          ],
          [
            -115.141616,
            36.169689
          ],
          [
            -115.141638,
            36.169699
          ],
          [
            -115.141661,
            36.169708
          ],
          [
            -115.141707,
            36.169728
          ],
          [
            -115.141754,
            36.169747
          ],
          [
            -115.1418,
            36.169767
          ],
          [
            -115.141846,
            36.169787
          ],
          [
            -115.141892,
            36.169807
          ],
          [
            -115.141939,
            36.169826
          ],
          [
            -115.141985,
            36.169846
          ],
          [
            -115.142031,
            36.169866
          ],
          [
            -115.142077,
            36.169886
          ],
          [
            -115.142123,
            36.169906
          ],
          [
            -115.142169,
            36.169926
          ],
          [
            -115.142216,
            36.169946
          ],
          [
            -115.142262,
            36.169966
          ],
          [
            -115.142308,
            36.169986
          ],
          [
            -115.142354,
            36.170006
          ],
          [
            -115.1424,
            36.170026
          ],
          [
            -115.142446,
            36.170046
          ],
          [
            -115.142492,
            36.170066
          ],
          [
            -115.142538,
            36.170086
          ],
          [
            -115.142584,
            36.170106
          ],
          [
            -115.14263,
            36.170126
          ],
          [
            -115.142696,
            36.170155
          ],
          [
            -115.142762,
            36.170184
          ],
          [
            -115.142829,
            36.170212
          ],
          [
            -115.142895,
            36.170241
          ],
          [
            -115.142961,
            36.17027
          ],
          [
            -115.143028,
            36.170299
          ],
          [
            -115.143094,
            36.170328
          ],
          [
            -115.14316,
            36.170356
          ],
          [
            -115.143226,
            36.170385
          ],
          [
            -115.143293,
            36.170414
          ],
          [
            -115.143359,
            36.170443
          ],
          [
            -115.143426,
            36.170471
          ],
          [
            -115.143492,
            36.1705
          ],
          [
            -115.143558,
            36.170529
          ],
          [
            -115.143625,
            36.170558
          ],
          [
            -115.143691,
            36.170586
          ],
          [
            -115.143757,
            36.170615
          ],
          [
            -115.143824,
            36.170644
          ],
          [
            -115.14389,
            36.170672
          ],
          [
            -115.143957,
            36.170701
          ],
          [
            -115.144023,
            36.17073
          ],
          [
            -115.144083,
            36.170755
          ],
          [
            -115.144142,
            36.170781
          ],
          [
            -115.144202,
            36.170807
          ],
          [
            -115.144262,
            36.170833
          ],
          [
            -115.144322,
            36.170859
          ],
          [
            -115.144381,
            36.170884
          ],
          [
            -115.144441,
            36.17091
          ],
          [
            -115.144501,
            36.170936
          ],
          [
            -115.14456,
            36.170962
          ],
          [
            -115.14462,
            36.170988
          ],
          [
            -115.144679,
            36.171014
          ],
          [
            -115.144739,
            36.17104
          ],
          [
            -115.144799,
            36.171065
          ],
          [
            -115.144858,
            36.171091
          ],
          [
            -115.144918,
            36.171117
          ],
          [
            -115.144978,
            36.171143
          ],
          [
            -115.145037,
            36.171169
          ],
          [
            -115.145097,
            36.171195
          ],
          [
            -115.145156,
            36.171221
          ],
          [
            -115.145216,
            36.171247
          ],
          [
            -115.145276,
            36.171273
          ],
          [
            -115.145321,
            36.171293
          ],
          [
            -115.145367,
            36.171313
          ],
          [
            -115.145413,
            36.171333
          ],
          [
            -115.145459,
            36.171353
          ],
          [
            -115.145504,
            36.171373
          ],
          [
            -115.14555,
            36.171393
          ],
          [
            -115.145596,
            36.171413
          ],
          [
            -115.145641,
            36.171433
          ],
          [
            -115.145687,
            36.171453
          ],
          [
            -115.145733,
            36.171473
          ],
          [
            -115.145779,
            36.171493
          ],
          [
            -115.145825,
            36.171512
          ],
          [
            -115.14587,
            36.171532
          ],
          [
            -115.145916,
            36.171552
          ],
          [
            -115.145962,
            36.171572
          ],
          [
            -115.146008,
            36.171592
          ],
          [
            -115.146054,
            36.171612
          ],
          [
            -115.1461,
            36.171631
          ],
          [
            -115.146145,
            36.171651
          ],
          [
            -115.146191,
            36.171671
          ],
          [
            -115.146237,
            36.171691
          ],
          [
            -115.146257,
            36.171699
          ],
          [
            -115.146276,
            36.171707
          ],
          [
            -115.146296,
            36.171716
          ],
          [
            -115.146316,
            36.171725
          ],
          [
            -115.146336,
            36.171733
          ],
          [
            -115.146355,
            36.171741
          ],
          [
            -115.146375,
            36.17175
          ],
          [
            -115.146395,
            36.171758
          ],
          [
            -115.146415,
            36.171767
          ],
          [
            -115.146434,
            36.171775
          ],
          [
            -115.146454,
            36.171784
          ],
          [
            -115.146474,
            36.171792
          ],
          [
            -115.146493,
            36.171801
          ],
          [
            -115.146513,
            36.171809
          ],
          [
            -115.146533,
            36.171818
          ],
          [
            -115.146553,
            36.171826
          ],
          [
            -115.146572,
            36.171835
          ],
          [
            -115.146592,
            36.171843
          ],
          [
            -115.146612,
            36.171852
          ],
          [
            -115.146631,
            36.17186
          ],
          [
            -115.146651,
            36.171869
          ]
        ]
      }
    }
  ]
}